move_id,name,ref,payment_reference,company_id,sii_state,src_state,aeat_send_error
15845,S/FRA/2023/1013,OO/2023/013,,1,sent,sent,
16640,S/FRA/2024/0081,FV21747,Mantenimiento Odoo,1,sent,sent,
18376,S/FRA/2024/0286,FV21838,Mantenimiento Odoo,1,sent,sent,
25444,/,,,1,not_sent,not_sent,
16085,S/FRA/2024/0011,FV21714,Mantenimiento Odoo,1,sent,sent,
18941,S/FRA/2024/0344,FV21894,Mantenimiento Odoo,1,sent,sent,
18889,S/FRA/2024/0353,FV21864,Mantenimiento Odoo,1,sent,sent,
23789,S/FRA/2025/0234,OVIE-250067,,1,sent,sent,
21148,S/FRA/2024/0800,FV21971,Mantenimiento Odoo,1,sent,sent,
19352,S/FRA/2024/0572,FV21919,Mantenimiento Odoo,1,sent,sent,
21125,S/FRA/2024/0775,1122-2024,,1,sent,sent,
19720,S/FRA/2024/0573,FV21945,Mantenimiento Odoo,1,sent,sent,
11387,S/FRA/2023/0267,211140030,,1,sent,sent,
11397,S/FRA/2023/0277,301210019,,1,sent,sent,
16546,S/FRA/2024/0108,2024000782,,1,sent,sent,
4034,S/FRA/2022/0151,BL7/2021/1/41650,,1,sent,sent,
4035,S/FRA/2022/0139,BL7/2021/1/40984,,1,sent,sent,
21446,S/FRA/2024/0900,FV22029,Mantenimiento Odoo,1,sent,sent,
21514,S/FRA/2024/0880,FA2400474,,1,sent,sent,
16013,S/FRA/2023/1133,BL7/2023/1/27196,,1,sent,sent,
16030,S/FRA/2023/1069,BL7/2023/19976,,1,sent,sent,
16011,S/FRA/2023/1074,BL7/2023/2/24344,,1,sent,sent,
19507,S/FRA/2024/0434,TB-2024-F 41,,1,sent,sent,
21642,S/FRA/2024/0919,F000101-658,,1,sent,sent,
21149,S/FRA/2024/0799,FV22000,Mantenimiento Odoo,1,sent,sent,
6387,S/FRA/2022/0377,000177,,1,sent,sent,
21672,S/FRA/2024/0909,6.891,,1,sent,sent,
19957,S/FRA/2024/0535,040/325993,,1,sent,sent,
23837,S/FRA/2025/0246,2025112,,1,sent,sent,
19786,S/FRA/2024/0481,24-78,,1,sent,sent,
20603,S/FRA/2024/0742,05/2024,,1,sent,sent,
20081,S/FRA/2024/0748,FA 242212,,1,sent,sent,
6396,S/FRA/2022/0370,30-0,,1,sent,sent,
22048,S/FRA/2024/0982,15/2024,,1,sent,sent,
19790,S/FRA/2024/0485,006/2024,,1,sent,sent,
20329,S/FRA/2024/0699,F139-2024,,1,sent,sent,
20672,S/FRA/2024/0733,A-V2024-00004747259,,1,sent,sent,
6401,S/FRA/2022/0374,I513502F0000065,,1,sent,sent,
19907,S/FRA/2024/0471,AF/2982/01,,1,sent,sent,
19673,S/FRA/2024/0464,1TSN240900061033,,1,sent,sent,
21515,S/FRA/2024/0879,FA2400475,,1,sent,sent,
319,S/FRA/2021/0237,1NSN210600037867,,1,not_sent,not_sent,
459,S/FRA/2021/0292,1NSN210700244183,,1,not_sent,not_sent,
17140,S/FRA/2024/0168,000038,,1,sent,sent,
20281,S/FRA/2024/0566,OO/2024/011,,1,sent,sent,
21516,S/FRA/2024/0876,FA2410806,,1,sent,sent,
19984,S/FRA/2024/0515,000223,,1,sent,sent,
18426,S/FRA/2024/0320,OO/2024/006,,1,sent,sent,
20400,S/FRA/2024/0661,A 240550,,1,sent,sent,
2893,S/FRA/2021/0553,RI 21000306,,1,sent,sent,
6372,S/FRA/2022/0403,A/2595/2022,,1,sent,sent,
19985,S/FRA/2024/0516,000224,,1,sent,sent,
16560,S/FRA/2024/0094,1TSN240100416616,,1,sent,sent,
21123,S/FRA/2024/0809,13-2024,,1,sent,sent,
25328,/,,,1,not_sent,not_sent,
20682,S/FRA/2024/0723,A-1554,,1,sent,sent,
22390,S/FRA/2024/1041,A10019352282-1224,,1,sent,sent,
6373,S/FRA/2022/0400,01/2022,,1,sent,sent,
19955,S/FRA/2024/0537,95-223304,,1,sent,sent,
86,S/FRA/2021/0064,N200255946,,1,not_sent,not_sent,
22119,S/FRA/2025/0004,ES546AABEY,,1,sent,sent,
2492,S/FRA/2021/0591,1NSN211000050878,,1,sent,sent,
21670,S/FRA/2024/0911,19-2024,,1,sent,sent,
22019,S/FRA/2024/0983,4,,1,sent,sent,
6376,S/FRA/2022/0409,7,,1,sent,sent,
20108,S/FRA/2024/0553,7/2024,,1,sent,sent,
20119,S/FRA/2024/0543,ES44FAUABEY,,1,sent,sent,
21517,S/FRA/2024/0875,FA2410807,,1,sent,sent,
6402,S/FRA/2022/0376,193,,1,sent,sent,
21539,S/FRA/2024/0872,5.402/F,,1,sent,sent,
21893,S/FRA/2024/0995,1/2024,,1,sent,sent,
20279,S/FRA/2024/0564,OO/2024/009,,1,sent,sent,
18994,S/FRA/2024/0342,1TSN240600240911,,1,sent,sent,
20570,S/FRA/2024/0709,312-KF24-11861,,1,sent,sent,
20569,S/FRA/2024/0708,A10019238361-1024,,1,sent,sent,
20280,S/FRA/2024/0565,OO/2024/010,,1,sent,sent,
20568,S/FRA/2024/0707,A10019201739-1024,,1,sent,sent,
17216,S/FRA/2024/0150,FMI/364,,1,sent,sent,
19934,S/FRA/2024/0493,26,,1,sent,sent,
17212,S/FRA/2024/0153,20953/2024,,1,sent,sent,
17217,S/FRA/2024/0149,L9550 / 1931,,1,sent,sent,
17221,S/FRA/2024/0147,L9700 / 14847,,1,sent,sent,
6365,S/FRA/2022/0387,FAC-1159,,1,sent,sent,
16535,S/FRA/2024/0119,157,,1,sent,sent,
22073,S/FRA/2024/1011,2024-387,,1,sent,sent,
19956,S/FRA/2024/0536,95-223619,,1,sent,sent,
6377,S/FRA/2022/0410,1 22 0005 0000507251,,1,sent,sent,
20669,S/FRA/2024/0736,95-224998,,1,sent,sent,
19880,S/FRA/2024/0500,F120-2024,,1,sent,sent,
21727,S/FRA/2024/0938,1,,1,sent,sent,
21461,S/FRA/2024/0890,000321,,1,sent,sent,
19808,S/FRA/2024/0503,ES44248ABEY,,1,sent,sent,
21460,S/FRA/2024/0891,000320,,1,sent,sent,
19569,S/FRA/2024/0446,ES43R2WABEY,,1,sent,sent,
22072,S/FRA/2024/1012,2024-408,,1,sent,sent,
23126,S/FRA/2025/0029,01/2025,,1,sent,sent,
23201,S/FRA/2025/0143,25/345,,1,sent,sent,
20408,S/FRA/2024/0675,2024-276,,1,sent,sent,
19636,S/FRA/2024/0466,B00054367,,1,sent,sent,
19620,S/FRA/2024/0441,A-1291,,1,sent,sent,
18295,S/FRA/2024/0268,1TSN240300408921,,1,sent,sent,
20022,S/FRA/2024/0662,A-1397,,1,sent,sent,
19521,S/FRA/2024/0448,A-1257,,1,sent,sent,
8438,S/FRA/2022/0758,FAC-1204,,1,sent,sent,
19313,S/FRA/2024/0436,1TSN240800070036,,1,sent,sent,
19218,S/FRA/2024/0397,A-1107,,1,sent,sent,
18205,S/FRA/2024/0288,A-485,,1,sent_modified,sent_modified,
21487,S/FRA/2024/0883,8.414,,1,sent,sent,
19597,S/FRA/2024/0450,FRO20241493539,,1,sent,sent,
19087,S/FRA/2024/0379,A-948,,1,sent,sent,
20214,S/FRA/2024/0548,1TSN241000069177,,1,sent,sent,
17317,S/FRA/2024/0183,A-328,,1,sent_modified,sent_modified,
8444,S/FRA/2022/0752,052-0008-774421,,1,sent,sent,
17307,S/FRA/2024/0184,1TSN240200381744,,1,sent,sent,
18668,S/FRA/2024/0346,A-796,,1,sent_modified,sent_modified,
13527,S/FRA/2023/0553,66/23,,1,sent,sent,
20073,S/FRA/2024/0560,24/560,,1,sent,sent,
16597,S/FRA/2024/0087,A-190,,1,sent_modified,sent_modified,
14450,S/FRA/2023/0791,AU20230323ZKY000198,NEXT,1,not_sent,not_sent,3000 | Factura duplicada
18858,S/FRA/2024/0321,OO/2024/007,,1,sent,sent,
21453,S/FRA/2024/0898,FRO20242021721,,1,sent,sent,
15963,S/FRA/2024/0003,A-33,,1,sent_modified,sent_modified,
18857,S/FRA/2024/0319,OO/2024/005,,1,sent,sent,
19007,S/FRA/2024/0373,A10018899833-0624,,1,sent,sent,
18459,S/FRA/2024/0305,1TSN240500057228,,1,sent,sent,
23792,S/FRA/2025/0233,164709,,1,sent,sent,
8445,S/FRA/2022/0751,220006231,,1,sent,sent,
19431,S/FRA/2024/0409,14/2024,,1,sent,sent,
3885,S/FRA/2022/0180,4TM113549,,1,sent,sent,
18242,S/FRA/2024/0256,OO/2024/003,,1,sent,sent,
4090,/,,,1,not_sent,not_sent,
9322,/,A2209307,,1,sent_modified,sent_modified,
17492,/,AF/0001/01,,1,sent_w_errors,sent_w_errors,2024 | El valor de ImporteTotal no coincide con el sumatorio de Bas
19599,S/FRA/2024/0439,2024000608,,1,sent,sent,
9473,S/FRA/2023/0037,4TM00116076,,1,sent,sent,
10551,S/FRA/2023/0123,10206,,1,sent,sent,
3934,S/FRA/2022/0025,2567,,1,sent,sent,
18996,S/FRA/2024/0340,1TSN240600426783,,1,sent,sent,
19351,S/FRA/2024/0426,1TSN240800080166,,1,sent,sent,
18364,S/FRA/2024/0291,A-643,,1,sent_modified,sent_modified,
18727,S/FRA/2024/0313,90-2024,,1,sent,sent,
21964,S/FRA/2024/0975,FO4/2097,,1,sent,sent,
23477,S/FRA/2025/0203,024-022,,1,sent,sent,
21480,S/FRA/2024/0885,124,,1,sent,sent,
19860,S/FRA/2024/0507,312-KF24-10581,,1,sent,sent,
14408,S/FRA/2023/0794,FA-08182023-2,NEXT,1,not_sent,not_sent,3000 | Factura duplicada
18241,S/FRA/2024/0255,OO/2024/002,,1,sent,sent,
6748,S/FRA/2022/0514,61134525,,1,sent,sent,
21384,S/FRA/2024/0835,24-0043,,1,sent,sent,
9082,S/FRA/2022/0955,TRK-22-0695,,1,sent,sent,
18278,/,33112023002878,,1,sent_w_errors,sent_w_errors,2024 | El valor de ImporteTotal no coincide con el sumatorio de Bas
19081,S/FRA/2024/0385,A2404287,,1,sent,sent,
21812,S/FRA/2024/0942,02 2024 FGL,,1,sent,sent,
21424,S/FRA/2024/0836,8.348,,1,sent,sent,
19807,S/FRA/2024/0474,03/2024,,1,sent,sent,
18186,S/FRA/2024/0247,M240022148,,1,sent,sent,
17241,S/FRA/2024/0193,F240034814,,1,sent,sent,
19617,S/FRA/2024/0440,2024000836,,1,sent,sent,
23820,S/FRA/2025/0245,4/2025,,1,sent,sent,
9480,S/FRA/2023/0047,TRK-23-0044,,1,sent,sent,
21481,S/FRA/2024/0884,1,,1,sent,sent,
19990,S/FRA/2024/0518,S240103624,,1,sent,sent,
19008,S/FRA/2024/0372,A10018937272-0624,,1,sent,sent,
21451,S/FRA/2024/0860,107/EST,,1,sent,sent,
21512,S/FRA/2024/0979,FA 242822,,1,sent,sent,
9251,S/FRA/2022/1018,CIND/66760,,1,sent,sent,
9253,S/FRA/2022/1016,244,,1,sent,sent,
19567,S/FRA/2024/0443,3.519 / F,,1,sent,sent,
21399,S/FRA/2024/0980,240187,,1,sent_modified,sent_modified,
9255,S/FRA/2022/1014,4728,,1,sent,sent,
23311,S/FRA/2025/0138,25/1,,1,sent,sent,
9481,S/FRA/2023/0050,TRK-23-0045,,1,sent,sent,
9482,S/FRA/2023/0048,TRK-23-0046,,1,sent,sent,
21425,S/FRA/2024/0931,A-1724,,1,sent,sent,
21917,S/FRA/2024/0961,2024001156,,1,sent,sent,
24441,S/FRA/2025/0322,T/884/2025,,1,sent,sent,
21967,S/FRA/2024/0959,AF/1363/02,,1,sent,sent,
23990,S/FRA/2025/0295,000121,,1,sent,sent,
9483,S/FRA/2023/0043,TRK-23-0047,,1,sent,sent,
19469,S/FRA/2024/0428,G240057083,,1,sent,sent,
21357,S/FRA/2024/0824,AF/1423/01,,1,sent,sent,
23196,S/FRA/2025/0110,84-2025,,1,sent,sent,
22010,S/FRA/2024/0989,09,,1,sent,sent,
21879,S/FRA/2024/1002,05/2024,,1,sent,sent,
21329,S/FRA/2024/0852,8.256,,1,sent,sent,
21886,S/FRA/2024/0997,2076,,1,sent,sent,
6392,S/FRA/2022/0364,A/14323,,1,sent,sent,
143,S/FRA/2021/0191,FF21C00074,,1,not_sent,not_sent,
9484,S/FRA/2023/0046,TRK-23-0048,,1,sent,sent,
1611,S/FRA/2021/0589,I0-000003,,1,sent,sent,
16505,S/FRA/2024/0134,E240045783,,1,sent,sent,
19184,S/FRA/2024/0391,L240057852,,1,sent,sent,
22196,S/FRA/2025/0016,20250016,,1,sent,sent,
18997,S/FRA/2024/0352,J240070428,,1,sent,sent,
7026,S/FRA/2022/0600,FRO20221600895,,1,sent,sent,
14436,S/FRA/2023/0779,FRO20221588426,,1,not_sent,not_sent,3000 | Factura duplicada
9119,S/FRA/2022/0962,529950,,1,sent,sent,
188,S/FRA/2021/0171,21/13,,1,not_sent,not_sent,
24354,S/FRA/2025/0336,FM25-1093,,1,sent,sent,
190,S/FRA/2021/0173,21/11,,1,not_sent,not_sent,
5912,S/FRA/2022/0292,000018,,1,sent,sent,
5885,S/FRA/2022/0296,000164,,1,sent,sent,
5948,S/FRA/2022/0304,I830-02-00082,,1,sent,sent,
23321,S/FRA/2025/0136,2025000095,,1,sent,sent,
20678,S/FRA/2024/0727,TB081920,,1,sent,sent,
17380,S/FRA/2024/0199,A10018674075-0324,,1,sent,sent,
5926,S/FRA/2022/0344,000422,,1,sent,sent,
191,S/FRA/2021/0169,21/17,,1,not_sent,not_sent,
22049,S/FRA/2024/0981,1/2024,,1,sent,sent,
20075,S/FRA/2024/0563,24/562,,1,sent,sent,
18331,S/FRA/2024/0277,A240102987,,1,sent,sent,
19078,S/FRA/2024/0387,Y240102804,,1,sent,sent,
19858,S/FRA/2024/0508,A10019163455-0924,,1,sent,sent,
25238,S/FRA/2025/0463,14/2025,,1,not_sent,not_sent,
19404,S/FRA/2024/0421,312-KF24-9305,,1,sent,sent,
19011,S/FRA/2024/0359,A10019012678-0724,,1,sent,sent,
25237,S/FRA/2025/0464,13/2025,,1,not_sent,not_sent,
19402,S/FRA/2024/0419,A10019088217-0824,,1,sent,sent,
19403,S/FRA/2024/0420,A10019051455-0824,,1,sent,sent,
19010,S/FRA/2024/0360,A10018976064-0724,,1,sent,sent,
19145,S/FRA/2024/0392,312-KF24-8074,,1,sent,sent,
19002,S/FRA/2024/0364,A10018786535-0424,,1,sent,sent,
19009,S/FRA/2024/0361,312-KF24-6780,,1,sent,sent,
19004,S/FRA/2024/0362,A10018824298-0524,,1,sent,sent,
17142,S/FRA/2024/0167,312-KF24-1629,,1,sent,sent,
19006,S/FRA/2024/0374,312-KF24-5538,,1,sent,sent,
19005,S/FRA/2024/0375,A10018861470-0524,,1,sent,sent,
19003,S/FRA/2024/0363,312-KF24-4233,,1,sent,sent,
18888,S/FRA/2024/0345,202406162,,1,sent,sent,
23084,S/FRA/2025/0048,F012-2025,,1,sent,sent,
19001,S/FRA/2024/0365,A10018749049-0424,,1,sent,sent,
24376,S/FRA/2025/0333,635-2025,,1,sent,sent,
17497,S/FRA/2024/0216,312-KF24-2850,,1,sent,sent,
18243,S/FRA/2024/0257,OO/2024/004,,1,sent,sent,
16207,S/FRA/2024/0010,A10018559142-0124,,1,sent,sent,
17381,S/FRA/2024/0198,A10018710694-0324,,1,sent,sent,
16206,S/FRA/2024/0012,A10018522218-0124,,1,sent,sent,
16682,S/FRA/2024/0057,A10018635418-0224,,1,sent,sent,
16681,S/FRA/2024/0058,A10018597272-0224,,1,sent,sent,
82,S/FRA/2021/0059,H2247/0001,,1,not_sent,not_sent,
20505,S/FRA/2024/0701,2024-298,,1,sent,sent,
180,S/FRA/2021/0112,21/161,,1,not_sent,not_sent,
223,S/FRA/2021/0120,A2102092,,1,not_sent,not_sent,
261,S/FRA/2021/0159,2021 - 001,,1,not_sent,not_sent,
328,S/FRA/2021/0246,FAO211220,,1,not_sent,not_sent,
19596,S/FRA/2024/0451,A2406120,,1,sent,sent,
18815,S/FRA/2024/0326,A2404048,,1,sent,sent,
19237,S/FRA/2024/0404,A2405111,,1,sent,sent,
18197,S/FRA/2024/0244,A2401896,,1,sent,sent,
22,S/FRA/2021/0002,20004853,,1,not_sent,not_sent,
32,S/FRA/2021/0013,74/00316130,,1,not_sent,not_sent,
92,S/FRA/2021/0069,A000028724,,1,not_sent,not_sent,
18776,S/FRA/2024/0314,A2403988,,1,sent,sent,
109,S/FRA/2021/0086,21/86,,1,not_sent,not_sent,
110,S/FRA/2021/0085,21/87,,1,not_sent,not_sent,
18657,S/FRA/2024/0351,A24037378,,1,sent,sent,
111,S/FRA/2021/0087,21/85,,1,not_sent,not_sent,
119,S/FRA/2021/0094,A-118,,1,not_sent,not_sent,
120,S/FRA/2021/0095,INV67001075,,1,not_sent,not_sent,
128,S/FRA/2021/0117,A000028786,,1,not_sent,not_sent,
130,S/FRA/2021/0124,A-208,,1,not_sent,not_sent,
139,S/FRA/2021/0186,1HSN210400043330,,1,not_sent,not_sent,
17379,S/FRA/2024/0200,A2401381,,1,sent,sent,
23847,S/FRA/2025/0241,2025-19,,1,sent,sent,
16724,S/FRA/2024/0145,A2400719,,1,sent,sent,
146,S/FRA/2021/0194,1HSN210400085987,,1,not_sent,not_sent,
150,S/FRA/2021/0199,21/225,,1,not_sent,not_sent,
20679,S/FRA/2024/0726,00001TB221376,,1,sent,sent,
151,S/FRA/2021/0200,21/266,,1,not_sent,not_sent,
192,S/FRA/2021/0170,21/18,,1,not_sent,not_sent,
154,S/FRA/2021/0208,005-A21-003838,,1,not_sent,not_sent,
157,S/FRA/2021/0211,A-440,,1,not_sent,not_sent,
5901,S/FRA/2022/0299,129,,1,sent,sent,
167,S/FRA/2021/0223,21/00437,NEXT,1,not_sent,not_sent,
162,S/FRA/2021/0217,1HSN210500411886,,1,not_sent,not_sent,
171,S/FRA/2021/0227,21/298,,1,not_sent,not_sent,
173,S/FRA/2021/0229,21/297,,1,not_sent,not_sent,
175,S/FRA/2021/0231,21/299,,1,not_sent,not_sent,
181,S/FRA/2021/0113,21/160,,1,not_sent,not_sent,
182,S/FRA/2021/0114,21/159,,1,not_sent,not_sent,
183,S/FRA/2021/0140,21/19,,1,not_sent,not_sent,
5966,S/FRA/2022/0315,20210550,,1,sent,sent,
184,S/FRA/2021/0141,21/16,,1,not_sent,not_sent,
185,S/FRA/2021/0142,21/15,,1,not_sent,not_sent,
186,S/FRA/2021/0174,21/10,,1,not_sent,not_sent,
187,S/FRA/2021/0168,21/14,,1,not_sent,not_sent,
193,S/FRA/2021/0175,21/9,,1,not_sent,not_sent,
219,S/FRA/2021/0111,621/F,,1,not_sent,not_sent,
239,S/FRA/2021/0149,A-73,,1,not_sent,not_sent,
19632,S/FRA/2024/0438,1114,,1,sent,sent,
282,S/FRA/2021/0172,21/12 (CORREGIR),,1,not_sent,not_sent,
327,S/FRA/2021/0245,INV91794032,,1,not_sent,not_sent,
317,S/FRA/2021/0235,1HSN210600086216,,1,not_sent,not_sent,
335,S/FRA/2021/0253,21/368,,1,not_sent,not_sent,
336,S/FRA/2021/0254,21/366,,1,not_sent,not_sent,
337,S/FRA/2021/0255,21/365,,1,not_sent,not_sent,
21365,S/FRA/2024/0932,102,,1,sent,sent,
18448,S/FRA/2024/0287,68/2024,,1,sent,sent,
21055,S/FRA/2024/0771,28/2024,,1,sent,sent,
338,S/FRA/2021/0256,21/364,,1,not_sent,not_sent,
21909,S/FRA/2024/0994,1,,1,sent,sent,
5954,S/FRA/2022/0324,11-21-600-00041,,1,sent,sent,
431,S/FRA/2021/0264,191/2021,,1,not_sent,not_sent,
5969,S/FRA/2022/0321,00001TB168622,,1,sent,sent,
437,S/FRA/2021/0270,A-684,,1,not_sent,not_sent,
18277,S/FRA/2024/0265,57/2024,,1,sent,sent,
438,S/FRA/2021/0271,A-775,,1,not_sent,not_sent,
5949,S/FRA/2022/0308,V.8 211022/4,,1,sent,sent,
439,S/FRA/2021/0272,A-825,,1,not_sent,not_sent,
460,S/FRA/2021/0293,A000029277,,1,not_sent,not_sent,
5951,S/FRA/2022/0306,V.3 211018-270,,1,sent,sent,
25452,/,,,1,not_sent,not_sent,
16658,S/FRA/2024/0062,153816,,1,sent,sent,
16628,S/FRA/2024/0073,000G004933,,1,sent,sent,
21884,S/FRA/2024/0998,MV-35472,,1,sent,sent,
16409,S/FRA/2024/0124,INV-071177,,1,sent,sent,
9485,S/FRA/2023/0044,TRK-23-0049,,1,sent,sent,
9486,S/FRA/2023/0045,TRK-23-0050,,1,sent,sent,
18660,S/FRA/2024/0349,2612313,,1,sent,sent,
18462,S/FRA/2024/0302,2558258,,1,sent,sent,
18275,S/FRA/2024/0263,16/2024,,1,sent,sent,
20624,S/FRA/2024/0750,24-0038,,1,sent,sent,
16558,S/FRA/2024/0096,18742401P0017329,,1,sent,sent,
18240,S/FRA/2024/0254,OO/2024/001,,1,sent,sent,
18995,S/FRA/2024/0341,2665897,,1,sent,sent,
18173,S/FRA/2024/0252,Q240014708,,1,sent,sent,
18855,S/FRA/2024/0317,97/2024,,1,sent,sent,
16465,S/FRA/2024/0135,ES49DOABEY,,1,sent_modified,sent_modified,
16617,S/FRA/2024/0085,79-2024,,1,sent,sent,
19254,S/FRA/2024/0401,2723543,,1,sent,sent,
18840,S/FRA/2024/0316,84/2024,,1,sent,sent,
18276,S/FRA/2024/0264,34/2024,,1,sent,sent,
18261,S/FRA/2024/0259,224199,,1,sent,sent,
16594,S/FRA/2024/0090,FM24-50,,1,sent,sent,
19701,S/FRA/2024/0462,2779783,,1,sent,sent,
16624,S/FRA/2024/0077,24/10,,1,sent_modified,sent_modified,
16625,S/FRA/2024/0076,24/11,,1,sent_modified,sent_modified,
9487,S/FRA/2023/0049,TRK-23-0051,,1,sent,sent,
20093,S/FRA/2024/0555,FRO20241655707,,1,sent,sent,
4264,S/FRA/2022/0236,A000030375,,1,sent,sent,
16627,S/FRA/2024/0074,000G004932,,1,sent,sent,
19062,S/FRA/2024/0386,Q240029312,,1,sent,sent,
18203,S/FRA/2024/0241,18742401P0064493,,1,sent,sent,
20002,S/FRA/2024/0539,18742401P0226262,,1,sent,sent,
18445,S/FRA/2024/0284,2/2024,,1,sent_modified,sent_modified,
5896,S/FRA/2022/0288,4675F21,,1,sent,sent,
21157,S/FRA/2024/0817,7.011,,1,sent,sent,
20068,S/FRA/2024/0749,FO4/1675,,1,sent,sent,
20076,S/FRA/2024/0559,24/563,,1,sent,sent,
21254,S/FRA/2024/0830,2894329,,1,sent,sent,
149,S/FRA/2021/0198,A-316,,1,not_sent,not_sent,
169,S/FRA/2021/0225,001G000122,,1,not_sent,not_sent,
170,S/FRA/2021/0226,001D000083,,1,not_sent,not_sent,
177,S/FRA/2021/0136,282/F,,1,not_sent,not_sent,
203,S/FRA/2021/0102,A000028701,,1,not_sent,not_sent,
196,S/FRA/2021/0154,3.082/F,,1,not_sent,not_sent,
21666,S/FRA/2024/0914,A2408605,,1,sent,sent,
23984,S/FRA/2025/0315,10/25,,1,sent,sent,
19072,S/FRA/2024/0388,24-001,,1,sent,sent,
11483,S/FRA/2023/0248,A000031309,,1,sent,sent,
19649,S/FRA/2024/0505,FM24-1968,,1,sent,sent,
6397,S/FRA/2022/0372,31-0,,1,sent,sent,
3060,S/FRA/2021/0630,A000029953,,1,sent,sent,
283,S/FRA/2021/0178,420,,1,not_sent,not_sent,
21107,S/FRA/2024/0780,FM24-2554,,1,sent,sent,
3901,S/FRA/2022/0051,A000030174,,1,sent,sent,
6359,S/FRA/2022/0397,09422000581,,1,sent,sent,
19491,S/FRA/2024/0432,18742401P0210025,,1,sent,sent,
329,S/FRA/2021/0247,652210100,,1,not_sent,not_sent,
19400,S/FRA/2024/0414,A/FA00416,,1,sent,sent,
16677,S/FRA/2024/0034,02/2024,,1,sent,sent,
483,S/FRA/2021/0316,142/2021,,1,not_sent,not_sent,
485,S/FRA/2021/0318,5211,,1,not_sent,not_sent,
484,S/FRA/2021/0317,A000029465,,1,not_sent,not_sent,
23913,S/FRA/2025/0247,25-030241,,1,sent,sent,
18658,S/FRA/2024/0339,2.244/F,,1,sent,sent,
19144,S/FRA/2024/0393,110-2024,,1,sent,sent,
23877,S/FRA/2025/0248,3229640,,1,sent,sent,
496,S/FRA/2021/0328,AF/1369/01,,1,not_sent,not_sent,
19952,S/FRA/2024/0524,119-2024,,1,sent,sent,
21726,S/FRA/2024/0940,17-2024,,1,sent,sent,
5905,S/FRA/2022/0276,11184,,1,sent,sent,
21810,S/FRA/2024/0949,24/333,,1,sent,sent,
21811,S/FRA/2024/0948,24/334,,1,sent_modified,sent_modified,
19030,S/FRA/2024/0358,24/288,,1,sent,sent,
18577,S/FRA/2024/0311,OVIE-240247,,1,sent,sent,
22396,S/FRA/2024/1038,11426/24,,1,sent,sent,
18854,S/FRA/2024/0322,15/2024,,1,sent,sent,
23854,S/FRA/2025/0251,ES52DDTABEY,,1,sent,sent,
20444,S/FRA/2024/0677,AF/1756/03,,1,sent,sent,
23171,S/FRA/2025/0129,FO5/179,,1,sent,sent,
21966,S/FRA/2024/0958,AF/3074/01,,1,sent,sent,
14213,S/FRA/2023/0873,FA2300308,,1,not_sent,not_sent,3000 | Factura duplicada
19505,S/FRA/2024/0433,4TM00124112,,1,sent,sent,
14216,S/FRA/2023/0870,FA2310634,,1,not_sent,not_sent,3000 | Factura duplicada
19463,S/FRA/2024/0416,5/2024,,1,sent,sent,
14218,S/FRA/2023/0867,FA2310635,,1,not_sent,not_sent,3000 | Factura duplicada
14215,S/FRA/2023/0871,FA2300316,,1,not_sent,not_sent,3000 | Factura duplicada
6355,S/FRA/2022/0395,119152,,1,sent,sent,
6352,S/FRA/2022/0398,0187-02-22006798,,1,sent,sent,
23271,S/FRA/2025/0081,FA 250097,,1,sent,sent,
6379,S/FRA/2022/0389,906,,1,sent,sent,
5892,S/FRA/2022/0278,00001TB166657,,1,sent,sent,
14266,S/FRA/2023/0600,ES1AISKAEUI,,1,sent,sent,
5902,S/FRA/2022/0267,011T/84.873,,1,sent,sent,
24184,S/FRA/2025/0319,6/2025,,1,sent,sent,
23496,S/FRA/2025/0201,0781880106074,,1,sent,sent,
23279,S/FRA/2025/0073,FM25-43,,1,sent,sent,
19787,S/FRA/2024/0479,092024,,1,sent,sent,
22672,S/FRA/2025/0043,2024000918,,1,sent,sent,
14258,S/FRA/2023/0723,INV-ES-999004995-2022-646,,1,not_sent,not_sent,3000 | Factura duplicada
22418,S/FRA/2024/1055,FA 243191,,1,sent,sent,
19461,S/FRA/2024/0417,ES43LRWABEY,,1,sent,sent,
19506,S/FRA/2024/0435,TB-2024-F 26,,1,sent,sent,
23280,S/FRA/2025/0072,FM25-108,,1,sent,sent,
18260,S/FRA/2024/0260,240401,,1,sent,sent,
20078,S/FRA/2024/0557,24/565,,1,sent,sent,
23281,S/FRA/2025/0071,530/25,,1,sent,sent,
21316,S/FRA/2024/0847,D24 502,,1,sent,sent,
20503,S/FRA/2024/0711,8-2024,,1,sent,sent,
20282,S/FRA/2024/0567,OO/2024/012,,1,sent,sent,
21177,S/FRA/2024/0821,A324621,,1,sent,sent,
21122,S/FRA/2024/0810,11-2024,,1,sent,sent,
23819,S/FRA/2025/0244,2025-35,,1,sent,sent,
18666,S/FRA/2024/0335,T/848/2024,,1,sent,sent,
18446,S/FRA/2024/0285,1/2024,,1,sent_modified,sent_modified,
22032,S/FRA/2024/0973,TB-2024-F 59,,1,sent,sent,
21596,S/FRA/2024/0869,012-24/25,,1,sent,sent,
21133,S/FRA/2024/0774,2024/006,,1,sent,sent,
20072,S/FRA/2024/0546,24/559,,1,sent,sent,
18600,S/FRA/2024/0310,2401246,,1,sent,sent,
287,S/FRA/2021/0182,3.757,,1,not_sent,not_sent,
20023,S/FRA/2024/0540,24/19,,1,sent,sent,
22430,S/FRA/2024/1050,2370010245,,1,sent,sent,
14211,S/FRA/2023/0628,ES31SYTABEY,,1,sent,sent,
18181,S/FRA/2024/0249,T/424/2024,,1,sent,sent,
18363,S/FRA/2024/0274,24401,,1,sent,sent,
17331,S/FRA/2024/0180,FM24-297,,1,sent,sent,
19719,S/FRA/2024/0456,24901,,1,sent,sent,
18356,S/FRA/2024/0292,18742401P0104473,,1,sent,sent,
17398,S/FRA/2024/0234,18742401P0016261,,1,sent,sent,
18460,S/FRA/2024/0303,FM24-787,,1,sent,sent,
18667,S/FRA/2024/0334,18742401P0120818,,1,sent,sent,
18766,S/FRA/2024/0312,2024/041,,1,sent,sent,
22403,S/FRA/2024/1067,170-24,,1,sent,sent,
18661,S/FRA/2024/0348,FM24-1055,,1,sent,sent,
23982,S/FRA/2025/0314,000D008705,,1,sent_w_errors,sent_w_errors,2024 | El valor de ImporteTotal no coincide con el sumatorio de Bas
21084,S/FRA/2024/0786,000D006949,,1,sent,sent,
19951,S/FRA/2024/0523,2024/060,,1,sent,sent,
19042,S/FRA/2024/0356,FM24-1325,,1,sent,sent,
19252,S/FRA/2024/0403,FM24-1606,,1,sent,sent,
20582,S/FRA/2024/0721,18742401P0261782,,1,sent,sent,
19650,S/FRA/2024/0467,FM24-1897,,1,sent,sent,
20285,S/FRA/2024/0591,07/2024,,1,sent,sent,
19784,S/FRA/2024/0472,06/2024,,1,sent,sent,
21274,S/FRA/2024/1009,8D330CF5-0001,,1,not_sent,not_sent,
23981,S/FRA/2025/0313,000G008960,,1,sent_w_errors,sent_w_errors,2024 | El valor de ImporteTotal no coincide con el sumatorio de Bas
14394,S/FRA/2023/0783,06/23,,1,not_sent,not_sent,3000 | Factura duplicada
19468,S/FRA/2024/0412,24-0016,,1,sent,sent,
23980,S/FRA/2025/0312,FM25-800,,1,sent,sent,
2849,S/FRA/2021/0565,06/21,,1,sent,sent,
22391,S/FRA/2024/1040,A10019389271-1224,,1,sent,sent,
9494,S/FRA/2023/0053,06/22,,1,sent,sent,
23767,S/FRA/2025/0239,2024-459,,1,sent,sent,
22388,S/FRA/2024/1043,A10019313874-1124,,1,sent,sent,
22406,S/FRA/2024/1064,175-24,,1,sent,sent,
22757,S/FRA/2025/0051,10-2025,,1,sent,sent,
21362,S/FRA/2024/0841,25/2024,,1,sent,sent,
20105,S/FRA/2024/0551,000G007181,,1,sent,sent,
23879,S/FRA/2025/0252,R-11155,,1,sent,sent,
22410,S/FRA/2024/1033,15,,1,sent,sent,
21639,S/FRA/2024/0922,20241,,1,sent,sent,
20074,S/FRA/2024/0550,24/561,,1,sent,sent,
21729,S/FRA/2024/0939,436,,1,sent,sent,
19219,S/FRA/2024/0396,24/411,,1,sent,sent,
23794,S/FRA/2025/0231,00002978,,1,sent,sent,
23987,S/FRA/2025/0298,10-2025,,1,sent,sent,
19398,S/FRA/2024/0413,14/2024,,1,sent,sent,
23977,S/FRA/2025/0309,A10019679948-0425,,1,sent,sent,
23809,S/FRA/2025/0230,25087,,1,sent,sent,
21325,S/FRA/2024/0848,09/2024,,1,sent,sent,
22800,S/FRA/2025/0035,0225,,1,sent,sent,
20278,S/FRA/2024/0568,31,,1,sent,sent,
21511,S/FRA/2024/0882,VARIOS2400025595,,1,sent,sent,
21638,S/FRA/2024/0923,2411003,,1,sent,sent,
23976,S/FRA/2025/0308,A10019645972-0425,,1,sent,sent,
20677,S/FRA/2024/0728,A/000188/24,,1,sent,sent,
19253,S/FRA/2024/0402,3.249/F,,1,sent,sent,
20104,S/FRA/2024/0552,000G007182,,1,sent,sent,
20077,S/FRA/2024/0561,24/564,,1,sent,sent,
19430,S/FRA/2024/0411,F20241102,,1,sent,sent,
21643,S/FRA/2024/1006,10538/24,,1,sent,sent,
22424,S/FRA/2024/1028,3030575,,1,sent,sent,
23547,S/FRA/2025/0222,F.224/25,,1,sent,sent,
23943,S/FRA/2025/0305,A2502437,,1,sent,sent,
2619,S/FRA/2021/0529,A2107105,,1,sent,sent,
16621,S/FRA/2024/0080,422,,1,sent_modified,sent_modified,
16622,S/FRA/2024/0079,018-0001-154504,,1,sent_modified,sent_modified,
21039,S/FRA/2024/0765,24-0040,,1,sent,sent,
21158,S/FRA/2024/0816,7.012,,1,sent,sent,
20149,S/FRA/2024/0746,8526/24,,1,sent,sent,
19537,S/FRA/2024/0437,24/482,,1,sent,sent,
20466,S/FRA/2024/0689,A2/2024,,1,sent,sent,
19071,S/FRA/2024/0390,FRO20241212422,,1,sent,sent,
20403,S/FRA/2024/0694,118/2024,,1,sent,sent,
20405,S/FRA/2024/0686,120/2024,,1,sent,sent,
20402,S/FRA/2024/0692,117/2024,,1,sent,sent,
22118,S/FRA/2024/1013,21241111010357342,,1,sent,sent,
14251,S/FRA/2023/0753,INV-ES-149065261-2022-55,,1,not_sent,not_sent,3000 | Factura duplicada
20404,S/FRA/2024/0693,119/2024,,1,sent,sent,
23940,S/FRA/2025/0302,18742501P0103986,,1,sent,sent,
20401,S/FRA/2024/0691,116/2024,,1,sent,sent,
19255,S/FRA/2024/0400,1891889,,1,sent,sent,
20537,S/FRA/2024/0705,130 - 10 / 24,,1,sent,sent,
19399,S/FRA/2024/0410,64,,1,sent,sent,
14120,S/FRA/2023/0643,ES315HZABEY,,1,sent,sent,
14121,S/FRA/2023/0635,ES3TCGABEY,,1,sent,sent,
14117,S/FRA/2023/0626,ES31CZJABEY,,1,sent,sent,
19082,S/FRA/2024/0384,828-2024,,1,sent,sent,
19084,S/FRA/2024/0382,24/344,,1,sent,sent,
23986,S/FRA/2025/0299,8-2025,,1,sent,sent,
19236,S/FRA/2024/0394,E2024-00235,,1,sent,sent,
23988,S/FRA/2025/0297,14-2025,,1,sent,sent,
599,S/FRA/2021/0343,A-927,,1,sent,sent,
23989,S/FRA/2025/0296,A2543,,1,sent,sent,
14147,S/FRA/2023/0597,ES23MX8UAEUI,,1,sent,sent,
23939,S/FRA/2025/0270,B/2901,,1,sent,sent,
20103,S/FRA/2024/0554,000D006459,,1,sent,sent,
24475,S/FRA/2025/0364,40,,1,sent,sent,
23997,S/FRA/2025/0294,15-2025,,1,sent,sent,
17208,S/FRA/2024/0156,FRO20240119360,,1,sent,sent,
23409,S/FRA/2025/0166,R31000779394,,1,sent,sent,
16539,S/FRA/2024/0115,5571,,1,sent,sent,
16117,S/FRA/2024/0008,C4/100068,,1,sent,sent,
16554,S/FRA/2024/0100,FO8145010000015,,1,sent,sent,
16018,S/FRA/2023/1072,042170,,1,sent,sent,
12318,S/FRA/2023/0419,ESINV23000001220200,,1,not_sent,not_sent,3000 | Factura duplicada
6398,S/FRA/2022/0369,FS5901.21.003657,,1,sent,sent,
17414,S/FRA/2024/0226,CU023566,,1,sent,sent,
24122,S/FRA/2025/0293,18742501P0078993,,1,sent,sent,
17225,S/FRA/2024/0196,SH7202300097644,,1,sent,sent,
8439,S/FRA/2022/0757,FAC-1207,,1,sent,sent,
9506,S/FRA/2023/0040,CJ2/2023,,1,sent,sent,
554,S/FRA/2021/0386,2570,,1,sent,sent,
19200,S/FRA/2024/0405,18742401P0174259,,1,sent,sent,
21151,S/FRA/2024/0804,167/2024,,1,sent,sent,
21725,S/FRA/2024/0937,184/2024,,1,sent,sent,
19954,S/FRA/2024/0511,152/2024,,1,sent,sent,
19752,S/FRA/2024/0469,139/2024,,1,sent,sent,
19751,S/FRA/2024/0468,121/2024,,1,sent,sent,
23942,S/FRA/2025/0304,FRO20250722581,,1,sent,sent,
24123,S/FRA/2025/0301,1TSN250500058829,,1,sent,sent,
23983,S/FRA/2025/0300,25F0053857,,1,sent,sent,
22742,S/FRA/2025/0040,02/25,,1,sent,sent,
24125,S/FRA/2025/0291,21250211010073701,,1,sent,sent,
9470,S/FRA/2023/0023,2391,,1,sent,sent,
24126,S/FRA/2025/0290,21250219010493839,,1,sent,sent,
24127,S/FRA/2025/0289,21250305010374375,,1,sent,sent,
24128,S/FRA/2025/0288,21250313010352011,,1,sent,sent,
3130,S/FRA/2021/0635,257/2021,,1,sent,sent,
24129,S/FRA/2025/0287,21250320010331962,,1,sent,sent,
16205,S/FRA/2024/0023,312-KF24-267,,1,sent,sent,
9250,S/FRA/2023/0001,0003-2023,,1,sent,sent,
5906,S/FRA/2022/0265,111422,,1,sent,sent,
6393,S/FRA/2022/0365,20210611,,1,sent,sent,
5889,S/FRA/2022/0297,95-188088,,1,sent,sent,
6399,S/FRA/2022/0379,71/21,,1,sent,sent,
5927,S/FRA/2022/0348,000390,,1,sent,sent,
6400,S/FRA/2022/0373,351,,1,sent,sent,
5894,S/FRA/2022/0284,2021/00200/00000335,,1,sent,sent,
6347,S/FRA/2022/0339,2021017666,,1,sent,sent,
6380,S/FRA/2022/0399,A/2596/2022,,1,sent,sent,
6664,S/FRA/2022/0490,03/2021/05,,1,sent,sent,
6721,/, ,,1,not_sent,not_sent,
19086,S/FRA/2024/0380,24/346,,1,sent,sent,
61,S/FRA/2021/0035,2021-12,,1,not_sent,not_sent,
3477,S/FRA/2021/0736,21/721,,1,sent,sent,
4271,S/FRA/2022/0173,1NSN220100469732,,1,sent,sent,
3478,S/FRA/2021/0733,21/720,,1,sent,sent,
19083,S/FRA/2024/0383,FRO20241189051,,1,sent,sent,
3479,S/FRA/2021/0732,21/719,,1,sent,sent,
28,S/FRA/2021/0009,3.860/F,,1,not_sent,not_sent,
4272,S/FRA/2022/0170,1NSN211200063964,,1,sent,sent,
57,S/FRA/2021/0033,06/2021,,1,not_sent,not_sent,
59,S/FRA/2021/0031,4/2021,,1,not_sent,not_sent,
11423,S/FRA/2022/1136,A2209307,,1,not_sent,not_sent,
23906,S/FRA/2025/0263,B/2828,,1,sent,sent,
3689,S/FRA/2021/0809,280/2021,,1,sent,sent,
35,S/FRA/2021/0016,5.043,,1,not_sent,not_sent,
36,S/FRA/2021/0017,5.041,,1,not_sent,not_sent,
97,S/FRA/2021/0072,1/2021,,1,not_sent,not_sent,
231,S/FRA/2021/0132,75/03771573,,1,not_sent,not_sent,
24131,S/FRA/2025/0285,A10019716183-0525,,1,sent,sent,
18344,S/FRA/2024/0275,EV/24000067,,1,sent,sent,
237,S/FRA/2021/0147,48,,1,not_sent,not_sent,
51,S/FRA/2021/0023,02/2021,,1,not_sent,not_sent,
52,S/FRA/2021/0027,06/2021,,1,not_sent,not_sent,
6871,S/FRA/2022/0552,22/390,,1,sent,sent,
53,S/FRA/2021/0026,05/2021,,1,not_sent,not_sent,
33,S/FRA/2021/0014,695/20,,1,not_sent,not_sent,
34,S/FRA/2021/0015,A/20-0176,,1,not_sent,not_sent,
176,S/FRA/2021/0137,281/ F,,1,not_sent,not_sent,
20409,S/FRA/2024/0674,6.740 A,,1,sent,sent,
23129,S/FRA/2025/0026,04/2025,,1,sent,sent,
429,S/FRA/2021/0262,187/2021,,1,not_sent,not_sent,
24133,S/FRA/2025/0283,312-KF25-4881,,1,sent,sent,
19788,S/FRA/2024/0488,06/2024,,1,sent,sent,
9287,/,FA-221838,,1,sent_modified,sent_modified,
23907,S/FRA/2025/0262,424-2025,,1,sent,sent,
19882,S/FRA/2024/0496,TB-2024-F 43,,1,sent,sent,
19800,S/FRA/2024/0487,3/2024,,1,sent,sent,
19834,S/FRA/2024/0491,6,,1,sent,sent,
9326,/,FA-222885,,1,sent_modified,sent_modified,
21,S/FRA/2021/0003,20005072,,1,not_sent,not_sent,
38,S/FRA/2021/0019,21-0005,,1,not_sent,not_sent,
39,S/FRA/2021/0020,21-0001,,1,not_sent,not_sent,
240,S/FRA/2021/0150,A-18,,1,not_sent,not_sent,
54,S/FRA/2021/0025,04/2021,,1,not_sent,not_sent,
6382,S/FRA/2022/0391,011T/120.539,,1,sent,sent,
19859,S/FRA/2024/0509,A10019126556-0924,,1,sent,sent,
6635,S/FRA/2022/0463,1NSN220300417713,,1,sent,sent,
24177,S/FRA/2025/0282,1NSN250200014636,,1,sent,sent,
24476,S/FRA/2025/0363,9/2025,,1,sent,sent,
21885,S/FRA/2024/0953,14/2024,,1,sent,sent,
22082,S/FRA/2024/1016,21241211010436651,,1,sent,sent,
6371,S/FRA/2022/0402,A/2594/2022,,1,sent,sent,
23159,S/FRA/2025/0133,01/2025,,1,sent,sent,
440,S/FRA/2021/0273,21/490,,1,not_sent,not_sent,
23,S/FRA/2021/0004,2020 A 0000164,,1,not_sent,not_sent,
24,S/FRA/2021/0005,NN-20-05235,,1,not_sent,not_sent,
25,S/FRA/2021/0006,001331,,1,not_sent,not_sent,
26,S/FRA/2021/0007,FD2054930,,1,not_sent,not_sent,
27,S/FRA/2021/0008,A2008207,,1,not_sent,not_sent,
29,S/FRA/2021/0010,3.861/F,,1,not_sent,not_sent,
30,S/FRA/2021/0011,A000028289,,1,not_sent,not_sent,
37,S/FRA/2021/0018,5.042,,1,not_sent,not_sent,
40,S/FRA/2021/0021,21-0003,,1,not_sent,not_sent,
50,S/FRA/2021/0022,01/2021,,1,not_sent,not_sent,
55,S/FRA/2021/0024,03/2021,,1,not_sent,not_sent,
56,S/FRA/2021/0030,830,,1,not_sent,not_sent,
58,S/FRA/2021/0032,5/2021,,1,not_sent,not_sent,
63,S/FRA/2021/0036,5.089,,1,not_sent,not_sent,
64,S/FRA/2021/0039,1,,1,not_sent,not_sent,
65,S/FRA/2021/0038,2,,1,not_sent,not_sent,
66,S/FRA/2021/0040,210092,,1,not_sent,not_sent,
67,S/FRA/2021/0041,FD21-2628,,1,not_sent,not_sent,
68,S/FRA/2021/0042,FD21-1771,,1,not_sent,not_sent,
326,S/FRA/2021/0244,21/367,,1,not_sent,not_sent,
69,S/FRA/2021/0043,FD21-383,,1,not_sent,not_sent,
70,S/FRA/2021/0044,001389,,1,not_sent,not_sent,
71,S/FRA/2021/0045,FO1/131,,1,not_sent,not_sent,
72,S/FRA/2021/0046,2021-0017,,1,not_sent,not_sent,
73,S/FRA/2021/0047,108,,1,not_sent,not_sent,
74,S/FRA/2021/0048,82,,1,not_sent,not_sent,
75,S/FRA/2021/0049,4,,1,not_sent,not_sent,
76,S/FRA/2021/0050,01/2021,,1,not_sent,not_sent,
77,S/FRA/2021/0051,2021/09800/00000002,,1,not_sent,not_sent,
78,S/FRA/2021/0055,H2251/0001,,1,not_sent,not_sent,
79,S/FRA/2021/0056,H2253/0001,,1,not_sent,not_sent,
80,S/FRA/2021/0057,H1754/0001,,1,not_sent,not_sent,
81,S/FRA/2021/0058,H1828/0001,,1,not_sent,not_sent,
83,S/FRA/2021/0060,H2252/0001,,1,not_sent,not_sent,
84,S/FRA/2021/0061,H2248/0001,,1,not_sent,not_sent,
85,S/FRA/2021/0062,H1827/0001,,1,not_sent,not_sent,
87,S/FRA/2021/0065,D200101678,,1,not_sent,not_sent,
88,S/FRA/2021/0066,210221,,1,not_sent,not_sent,
89,S/FRA/2021/0067,3,,1,not_sent,not_sent,
90,S/FRA/2021/0068,102/21,,1,not_sent,not_sent,
95,S/FRA/2021/0070,F202100013,,1,not_sent,not_sent,
96,S/FRA/2021/0071,21-0008,,1,not_sent,not_sent,
98,S/FRA/2021/0074,05/2021,,1,not_sent,not_sent,
99,S/FRA/2021/0075,001/2021,,1,not_sent,not_sent,
100,S/FRA/2021/0076,001,,1,not_sent,not_sent,
101,S/FRA/2021/0077,21118,,1,not_sent,not_sent,
102,S/FRA/2021/0078,FD21-3855,,1,not_sent,not_sent,
103,S/FRA/2021/0079,1/2021,,1,not_sent,not_sent,
104,S/FRA/2021/0080,SER-20-0489,,1,not_sent,not_sent,
105,S/FRA/2021/0081,SER-21-0040,,1,not_sent,not_sent,
106,S/FRA/2021/0083,28,,1,not_sent,not_sent,
107,S/FRA/2021/0082,27,,1,not_sent,not_sent,
108,S/FRA/2021/0084,1360/2020,,1,not_sent,not_sent,
113,S/FRA/2021/0089,E210000322,,1,not_sent,not_sent,
114,S/FRA/2021/0090,F210103909,,1,not_sent,not_sent,
115,S/FRA/2021/0091,A2101107,,1,not_sent,not_sent,
121,S/FRA/2021/0096,FD21-4562,,1,not_sent,not_sent,
122,S/FRA/2021/0097,VF21-02-0097,,1,not_sent,not_sent,
123,S/FRA/2021/0098,49,,1,not_sent,not_sent,
124,S/FRA/2021/0105,21126,,1,not_sent,not_sent,
125,S/FRA/2021/0203,460-2021,,1,not_sent,not_sent,
126,S/FRA/2021/0108,T/589/2021,,1,not_sent,not_sent,
19738,S/FRA/2024/0455,A2/2023/012,,1,sent,sent,
23909,S/FRA/2025/0260,000D008454,,1,sent,sent,
129,S/FRA/2021/0123,N-166/21,,1,not_sent,not_sent,
131,S/FRA/2021/0125,50,,1,not_sent,not_sent,
132,S/FRA/2021/0127,FD21-9321,,1,not_sent,not_sent,
133,S/FRA/2021/0144,FD21-1239,,1,not_sent,not_sent,
134,S/FRA/2021/0155,A10015632455-0121,,1,not_sent,not_sent,
135,S/FRA/2021/0164,21121,,1,not_sent,not_sent,
136,S/FRA/2021/0176,D21 008,,1,not_sent,not_sent,
137,S/FRA/2021/0177,FV21/0018,,1,not_sent,not_sent,
138,S/FRA/2021/0185,51,,1,not_sent,not_sent,
140,S/FRA/2021/0188,GD-21-0003,,1,not_sent,not_sent,
141,S/FRA/2021/0189,F20210446,,1,not_sent,not_sent,
23910,S/FRA/2025/0259,000G008784,,1,sent,sent,
142,S/FRA/2021/0190,11/2021,,1,not_sent,not_sent,
144,S/FRA/2021/0192,A10015909962-0421,,1,not_sent,not_sent,
145,S/FRA/2021/0193,FD21-14334,,1,not_sent,not_sent,
23185,S/FRA/2025/0119,A2500362,,1,sent,sent,
147,S/FRA/2021/0195,1.092/F,,1,not_sent,not_sent,
148,S/FRA/2021/0197,A2102654,,1,not_sent,not_sent,
152,S/FRA/2021/0201,001D000029,,1,not_sent,not_sent,
153,S/FRA/2021/0202,001G000043,,1,not_sent,not_sent,
155,S/FRA/2021/0209,VF21-05-0076,,1,not_sent,not_sent,
156,S/FRA/2021/0210,04/2021/05,,1,not_sent,not_sent,
158,S/FRA/2021/0212,21/088,,1,not_sent,not_sent,
159,S/FRA/2021/0213,T/959/2021,,1,not_sent,not_sent,
161,S/FRA/2021/0215,D20 288,,1,not_sent,not_sent,
163,S/FRA/2021/0219,1.401/F,,1,not_sent,not_sent,
164,S/FRA/2021/0221,1.437/F,,1,not_sent,not_sent,
165,S/FRA/2021/0220,1.474/F,,1,not_sent,not_sent,
166,S/FRA/2021/0222,057*05/21,,1,not_sent,not_sent,
168,S/FRA/2021/0224,224/21,,1,not_sent,not_sent,
172,S/FRA/2021/0228,2370003450,,1,not_sent,not_sent,
174,S/FRA/2021/0230,2021/02,,1,not_sent,not_sent,
178,S/FRA/2021/0138,297/F,,1,not_sent,not_sent,
179,S/FRA/2021/0139,310/F,,1,not_sent,not_sent,
198,S/FRA/2021/0103,2021-46,,1,not_sent,not_sent,
199,S/FRA/2021/0104,021.017,,1,not_sent,not_sent,
205,S/FRA/2021/0037,RECTIFICATIVA,,1,not_sent,not_sent,
206,S/FRA/2021/0052,260121,,1,not_sent,not_sent,
207,S/FRA/2021/0053,11/2021,,1,not_sent,not_sent,
23911,S/FRA/2025/0258,1.133/F,,1,sent,sent,
208,S/FRA/2021/0054,H0663/0001,,1,not_sent,not_sent,
209,S/FRA/2021/0063,H2246/0001,,1,not_sent,not_sent,
211,S/FRA/2021/0073,RECTIFICATIVA,,1,not_sent,not_sent,
212,S/FRA/2021/0099,24/2021,,1,not_sent,not_sent,
213,S/FRA/2021/0100,H0663/0002,,1,not_sent,not_sent,
214,S/FRA/2021/0101,H0663/0003,,1,not_sent,not_sent,
241,S/FRA/2021/0151,VF21-01-0174,,1,not_sent,not_sent,
215,S/FRA/2021/0106,386-2021,,1,not_sent,not_sent,
216,S/FRA/2021/0107,5.263,,1,not_sent,not_sent,
23912,S/FRA/2025/0257,FM25-554,,1,sent,sent,
217,S/FRA/2021/0109,Q210015366,,1,not_sent,not_sent,
218,S/FRA/2021/0110,655/ F,,1,not_sent,not_sent,
220,S/FRA/2021/0116,18742101P0071254,,1,not_sent,not_sent,
221,S/FRA/2021/0118,RECTIFICATIVA,,1,not_sent,not_sent,
23220,S/FRA/2025/0101,02,,1,sent,sent,
222,S/FRA/2021/0119,692/ F,,1,not_sent,not_sent,
23567,S/FRA/2025/0219,164035,,1,sent,sent,
224,S/FRA/2021/0121,VF21-03-0080,,1,not_sent,not_sent,
225,S/FRA/2021/0122,05/2021/03,,1,not_sent,not_sent,
226,S/FRA/2021/0126,A2100454,,1,not_sent,not_sent,
227,S/FRA/2021/0128,000598/21,,1,not_sent,not_sent,
228,S/FRA/2021/0129,101/2021,,1,not_sent,not_sent,
232,S/FRA/2021/0134,H2254/0001,,1,not_sent,not_sent,
233,S/FRA/2021/0135,A/21-0023,,1,not_sent,not_sent,
234,S/FRA/2021/0143,5.091,,1,not_sent,not_sent,
235,S/FRA/2021/0145,18742101P0018624,,1,not_sent,not_sent,
236,S/FRA/2021/0146,INV-053013,,1,not_sent,not_sent,
242,S/FRA/2021/0156,H2080/0001,,1,not_sent,not_sent,
243,S/FRA/2021/0157,H2255/0001,,1,not_sent,not_sent,
244,S/FRA/2021/0158,H2250/0001,,1,not_sent,not_sent,
262,S/FRA/2021/0160,F202100012,,1,not_sent,not_sent,
264,S/FRA/2021/0161,A/21-0024,,1,not_sent,not_sent,
21253,S/FRA/2024/0818,A/154,,1,sent,sent,
266,S/FRA/2021/0162,21-0009,,1,not_sent,not_sent,
267,S/FRA/2021/0163,323795,,1,not_sent,not_sent,
271,S/FRA/2021/0165,21-0004,,1,not_sent,not_sent,
274,S/FRA/2021/0166,155,,1,not_sent,not_sent,
275,S/FRA/2021/0167,156,,1,not_sent,not_sent,
284,S/FRA/2021/0179,H2206/0001,,1,not_sent,not_sent,
285,S/FRA/2021/0180,3.732,,1,not_sent,not_sent,
286,S/FRA/2021/0181,65,,1,not_sent,not_sent,
288,S/FRA/2021/0183,VF21-04-0065,,1,not_sent,not_sent,
289,S/FRA/2021/0184,04/2021/04,,1,not_sent,not_sent,
290,S/FRA/2021/0187,120/2021,,1,not_sent,not_sent,
292,S/FRA/2021/0196,RECTIFICATIVA,,1,not_sent,not_sent,
293,S/FRA/2021/0204,H0663/0004,,1,not_sent,not_sent,
294,S/FRA/2021/0205,20ES00204530131393,,1,not_sent,not_sent,
295,S/FRA/2021/0206,20ES00204530130835,,1,not_sent,not_sent,
296,S/FRA/2021/0207,20ES00204530129820,,1,not_sent,not_sent,
297,S/FRA/2021/0214,RECTIFICATIVA,,1,not_sent,not_sent,
299,S/FRA/2021/0216,18742101P0123716,,1,not_sent,not_sent,
300,S/FRA/2021/0218,F21/16,,1,not_sent,not_sent,
301,S/FRA/2021/0232,141/2021,,1,not_sent,not_sent,
302,S/FRA/2021/0233,H0663/0005,,1,not_sent,not_sent,
303,S/FRA/2021/0234,FD21-25079,,1,not_sent,not_sent,
318,S/FRA/2021/0236,S210436,,1,not_sent,not_sent,
320,S/FRA/2021/0238,A2103737,,1,not_sent,not_sent,
321,S/FRA/2021/0239,VF21-06-0081,,1,not_sent,not_sent,
322,S/FRA/2021/0240,F210156483,,1,not_sent,not_sent,
323,S/FRA/2021/0241,F210156473,,1,not_sent,not_sent,
324,S/FRA/2021/0242,1.754/F,,1,not_sent,not_sent,
325,S/FRA/2021/0243,4/2021,,1,not_sent,not_sent,
330,S/FRA/2021/0248,A10016088398-0621,,1,not_sent,not_sent,
331,S/FRA/2021/0249,J210000311,,1,not_sent,not_sent,
333,S/FRA/2021/0251,001D000140,,1,not_sent,not_sent,
334,S/FRA/2021/0252,001G000202,,1,not_sent,not_sent,
339,S/FRA/2021/0257,147/2021,,1,not_sent,not_sent,
340,S/FRA/2021/0258,H0663/0006,,1,not_sent,not_sent,
426,S/FRA/2021/0259,52,,1,not_sent,not_sent,
428,S/FRA/2021/0261,21/25,,1,not_sent,not_sent,
430,S/FRA/2021/0263,H0663/0007,,1,not_sent,not_sent,
432,S/FRA/2021/0265,H0663/0008,,1,not_sent,not_sent,
433,S/FRA/2021/0266,2.209/F,,1,not_sent,not_sent,
434,S/FRA/2021/0267,VF21-07-0114,,1,not_sent,not_sent,
435,S/FRA/2021/0268,A2104759,,1,not_sent,not_sent,
436,S/FRA/2021/0269,A2103972,,1,not_sent,not_sent,
441,S/FRA/2021/0274,2.190/F,,1,not_sent,not_sent,
442,S/FRA/2021/0275,001D000174,,1,not_sent,not_sent,
443,S/FRA/2021/0276,001D000175,,1,not_sent,not_sent,
444,S/FRA/2021/0277,001D000176,,1,not_sent,not_sent,
445,S/FRA/2021/0278,001D000177,,1,not_sent,not_sent,
446,S/FRA/2021/0279,210728,,1,not_sent,not_sent,
447,S/FRA/2021/0280,21-0002,,1,not_sent,not_sent,
448,S/FRA/2021/0281,243,,1,not_sent,not_sent,
449,S/FRA/2021/0282,21/422,,1,not_sent,not_sent,
450,S/FRA/2021/0283,FD21-33180,,1,not_sent,not_sent,
451,S/FRA/2021/0284,04/2021/07,,1,not_sent,not_sent,
452,S/FRA/2021/0285,21233,,1,not_sent,not_sent,
453,S/FRA/2021/0286,18742101P0175837,,1,not_sent,not_sent,
454,S/FRA/2021/0287,933-2021,,1,not_sent,not_sent,
455,S/FRA/2021/0288,4,,1,not_sent,not_sent,
456,S/FRA/2021/0289,L210060815,,1,not_sent,not_sent,
457,S/FRA/2021/0290,RI 21000188,,1,not_sent,not_sent,
458,S/FRA/2021/0291,312-KF21-10898,,1,not_sent,not_sent,
461,S/FRA/2021/0294,A10016176860-0721,,1,not_sent,not_sent,
462,S/FRA/2021/0295,861,,1,not_sent,not_sent,
463,S/FRA/2021/0296,860,,1,not_sent,not_sent,
464,S/FRA/2021/0297,1066-2021,,1,not_sent,not_sent,
466,S/FRA/2021/0299,2021-246,,1,not_sent,not_sent,
467,S/FRA/2021/0300,A2105424,,1,not_sent,not_sent,
468,S/FRA/2021/0301,21-0009,,1,not_sent,not_sent,
469,S/FRA/2021/0302,21-0010,,1,not_sent,not_sent,
470,S/FRA/2021/0303,21-0011,,1,not_sent,not_sent,
471,S/FRA/2021/0304,001D000210,,1,not_sent,not_sent,
472,S/FRA/2021/0305,001058,,1,not_sent,not_sent,
473,S/FRA/2021/0306,FD21-41520,,1,not_sent,not_sent,
474,S/FRA/2021/0307,T/1630/2021,,1,not_sent,not_sent,
475,S/FRA/2021/0308,21/28,,1,not_sent,not_sent,
477,S/FRA/2021/0310,2021/09800/00000008,,1,not_sent,not_sent,
478,S/FRA/2021/0311,2021/09800/00000007,,1,not_sent,not_sent,
479,S/FRA/2021/0312,138/2021,,1,not_sent,not_sent,
480,S/FRA/2021/0313,139/2021,,1,not_sent,not_sent,
481,S/FRA/2021/0314,140/2021,,1,not_sent,not_sent,
482,S/FRA/2021/0315,141/2021,,1,not_sent,not_sent,
19113,S/FRA/2024/0377,55/2024,,1,sent,sent,
19785,S/FRA/2024/0480,00003,,1,sent,sent,
19906,S/FRA/2024/0470,AF/1006/01,,1,sent,sent,
11100,S/FRA/2023/0270,T000103-3108,,1,not_sent,not_sent,
494,S/FRA/2021/0326,AF/0735/01,,1,sent,sent,
497,S/FRA/2021/0329,AF/1370/01,,1,sent,sent,
508,S/FRA/2021/0417,21/636,,1,sent,sent,
539,S/FRA/2021/0401,21/520,,1,sent,sent,
540,S/FRA/2021/0400,21/521,,1,sent,sent,
541,S/FRA/2021/0399,21/522,,1,sent,sent,
542,S/FRA/2021/0398,21/524,,1,sent,sent,
543,S/FRA/2021/0397,21/525,,1,sent,sent,
544,S/FRA/2021/0396,21/526,,1,sent,sent,
6659,S/FRA/2022/0487,VF22-04-0855,,1,sent,sent,
560,S/FRA/2021/0381,21/523,,1,sent,sent,
564,S/FRA/2021/0378,21/637,,1,sent,sent,
565,S/FRA/2021/0377,21/638,,1,sent,sent,
566,S/FRA/2021/0376,21/640,,1,sent,sent,
567,S/FRA/2021/0375,21/639,,1,sent,sent,
568,S/FRA/2021/0374,21/643,,1,sent,sent,
569,S/FRA/2021/0373,21/644,,1,sent,sent,
570,S/FRA/2021/0372,21/645,,1,sent,sent,
571,S/FRA/2021/0371,21/642,,1,sent,sent,
572,S/FRA/2021/0370,21/641,,1,sent,sent,
577,S/FRA/2021/0365,A000029659,,1,sent,sent,
606,S/FRA/2021/0421,I0-000032,,1,sent,sent,
611,S/FRA/2021/0422,H0663/0009,,1,sent,sent,
688,S/FRA/2021/0443,AF/1400/01,,1,sent,sent,
695,S/FRA/2021/0444,A-560,,1,sent,sent,
696,S/FRA/2021/0449,A-1074,,1,sent,sent,
697,S/FRA/2021/0587,A-1198,,1,sent,sent,
698,S/FRA/2021/0586,INV116190685,,1,sent,sent,
1580,S/FRA/2021/0488,H0663/0010,,1,sent,sent,
1581,S/FRA/2021/0489,208/2021,,1,sent,sent,
1582,S/FRA/2021/0490,222/2021,,1,sent,sent,
2329,S/FRA/2021/0729,8742101P0056342,,1,sent,sent,
6663,S/FRA/2022/0489,VF22-05-0099,,1,sent,sent,
22247,S/FRA/2025/0007,250101,,1,sent,sent,
2495,S/FRA/2021/0524,FV21031,NEXT,1,sent,sent,
2994,S/FRA/2021/0544,AF/0809/01,,1,sent,sent,
3016,S/FRA/2021/0689,A-1321,,1,sent,sent,
18825,S/FRA/2024/0325,5/2024,,1,sent,sent,
3058,S/FRA/2021/0608,A000028916,,1,sent,sent,
3059,S/FRA/2021/0620,A000029725,,1,sent,sent,
19085,S/FRA/2024/0381,24/345,,1,sent,sent,
3128,S/FRA/2021/0633,R-H0663/0002,,1,sent,sent,
3129,S/FRA/2021/0634,H0663/0011,,1,sent,sent,
3247,S/FRA/2021/0701,FV21140,NEXT,1,sent,sent,
3428,S/FRA/2021/0725,2021/19093,,1,sent,sent,
23886,S/FRA/2025/0256,OVIE-250080,,1,sent,sent,
3480,S/FRA/2021/0734,21/718,,1,sent,sent,
3481,S/FRA/2021/0735,21/722,,1,sent,sent,
3482,S/FRA/2021/0742,21/748,,1,sent,sent,
3483,S/FRA/2021/0740,21/746,,1,sent,sent,
3492,S/FRA/2021/0741,21/747,,1,sent,sent,
3523,S/FRA/2021/0796,21/911,,1,sent,sent,
3524,S/FRA/2021/0797,21/910,,1,sent,sent,
3525,S/FRA/2021/0798,21/909,,1,sent,sent,
3526,S/FRA/2021/0799,21/908,,1,sent,sent,
3527,S/FRA/2021/0787,21/912,,1,sent,sent,
3582,S/FRA/2021/0779,A-1460,,1,sent,sent,
3583,S/FRA/2022/0075,A-10,,1,sent,sent,
3586,S/FRA/2021/0791,DCGNN8BV82,,1,sent,sent,
3587,S/FRA/2021/0745,BSBGC8KV82,,1,sent,sent,
3588,S/FRA/2021/0730,BQSMG6PV82,,1,sent,sent,
3589,S/FRA/2021/0728,2RSJ75XU82,,1,sent,sent,
3601,S/FRA/2021/0718,000168/O/21,,1,sent,sent,
3683,S/FRA/2021/0803,202903,,1,sent,sent,
3684,S/FRA/2021/0804,203175,,1,sent,sent,
3685,S/FRA/2021/0805,2020/0507,,1,sent,sent,
3686,S/FRA/2021/0806,62,,1,sent,sent,
3688,S/FRA/2021/0808,20/856,,1,sent,sent,
3690,S/FRA/2021/0810,H0663/0012,,1,sent,sent,
22047,S/FRA/2024/1004,05-04-2024,,1,sent,sent,
3912,S/FRA/2022/0176,A-116,,1,sent,sent,
3917,S/FRA/2022/0039,21/811,,1,sent,sent,
3918,S/FRA/2022/0038,21/812,,1,sent,sent,
3919,S/FRA/2022/0037,21/813,,1,sent,sent,
3920,S/FRA/2022/0036,21/814,,1,sent,sent,
3921,S/FRA/2022/0035,21/815,,1,sent,sent,
3922,S/FRA/2022/0034,21/816,,1,sent,sent,
3923,S/FRA/2022/0083,21/817,,1,sent,sent,
3924,S/FRA/2022/0033,21/818,,1,sent,sent,
3925,S/FRA/2022/0032,22/14,,1,sent,sent,
3926,S/FRA/2022/0031,22/15,,1,sent,sent,
3927,S/FRA/2022/0030,22/16,,1,sent,sent,
3938,S/FRA/2022/0082,1.043/F,,1,sent,sent,
3939,S/FRA/2022/0022,1.046/F,,1,sent,sent,
3940,S/FRA/2022/0021,1.091/F,,1,sent,sent,
23869,S/FRA/2025/0255,18742501P0055341,,1,sent,sent,
7102,S/FRA/2022/0596,000D000700,,1,sent,sent,
3945,S/FRA/2022/0016,CF/0000078942-2021,,1,sent,sent,
3946,S/FRA/2022/0015,INV82868364,,1,sent,sent,
3971,S/FRA/2022/0011,AF/1515/01,,1,sent,sent,
3997,S/FRA/2022/0096,ORD-260401-8-2021-1,,1,sent_modified,sent_modified,
4075,S/FRA/2022/0242,75/03787891,,1,sent_modified,sent_modified,
4117,S/FRA/2022/0238,22/74,,1,sent,sent,
4118,S/FRA/2022/0239,22/76,,1,sent,sent,
4119,S/FRA/2022/0228,22/73,,1,sent,sent,
4120,S/FRA/2022/0237,22/75,,1,sent,sent,
4263,S/FRA/2022/0418,A-237,,1,sent,sent,
23495,S/FRA/2025/0199,18742501P0048219,,1,sent,sent,
604,S/FRA/2021/0338,210109,,1,sent,sent,
2182,S/FRA/2021/0527,210148,,1,sent,sent,
2187,S/FRA/2021/0578,210173,,1,sent,sent,
2883,S/FRA/2021/0558,210180,,1,sent,sent,
23846,S/FRA/2025/0242,FV22162,Mantenimiento Odoo,1,sent,sent,
24178,S/FRA/2025/0281,1NSN250200165655,,1,sent,sent,
5871,S/FRA/2022/0257,FN-21-02855,,1,sent,sent,
5872,S/FRA/2022/0263,FN-21-03028,,1,sent,sent,
23042,S/FRA/2025/0033,ES5N3PABEY,,1,sent,sent,
23177,S/FRA/2025/0123,SI254,,1,sent,sent,
6847,S/FRA/2022/0531,1NSN220500419553,,1,sent,sent,
21252,S/FRA/2024/0819,24334,,1,sent,sent,
21219,S/FRA/2024/0813,147 - 11 / 24,,1,sent,sent,
21449,S/FRA/2024/0861,24/27,,1,sent,sent,
20668,S/FRA/2024/0737,A-V2024-00004617024,,1,sent,sent,
19088,S/FRA/2024/0378,B00054197,,1,sent,sent,
21880,S/FRA/2024/1001,06/2024,,1,sent,sent,
21641,S/FRA/2024/0920,1574/24,,1,sent,sent,
5918,S/FRA/2022/0354,A/13382,,1,sent,sent,
5919,S/FRA/2022/0338,A/12571,,1,sent,sent,
5920,S/FRA/2022/0341,A/12706,,1,sent,sent,
5921,S/FRA/2022/0346,A/12928,,1,sent,sent,
5922,S/FRA/2022/0347,A/13027,,1,sent,sent,
5923,S/FRA/2022/0353,A/13254,,1,sent,sent,
5924,S/FRA/2022/0355,A/13476,,1,sent,sent,
5963,S/FRA/2022/0310,FN-21-03827,,1,sent,sent,
5964,S/FRA/2022/0331,FN-21-03912,,1,sent,sent,
5968,S/FRA/2022/0313,0070/02/2021/0000029,,1,sent,sent,
6384,S/FRA/2022/0311,2021/4120/00000011,,1,sent,sent,
6385,S/FRA/2022/0329,2021/4120/00000016,,1,sent,sent,
6386,S/FRA/2022/0314,2021/4120/00000012,,1,sent,sent,
6494,S/FRA/2022/0448,A000030538,,1,sent,sent,
6496,S/FRA/2022/0440,22/159,,1,sent,sent,
6619,S/FRA/2022/0442,22/160,,1,sent,sent,
6631,S/FRA/2022/0469,22-0018,,1,sent,sent,
7711,S/FRA/2022/0632,220186,,1,sent,sent,
7787,S/FRA/2022/0715,220197,,1,sent,sent,
6644,S/FRA/2022/0464,A-347,,1,sent,sent,
6657,S/FRA/2022/0479,OO/2022/005,,1,sent,sent,
6658,S/FRA/2022/0488,A-485,,1,sent,sent,
6662,S/FRA/2022/0483,A000030642,,1,sent,sent,
21289,S/FRA/2024/0832,2024A/0001,,1,sent,sent,
6665,S/FRA/2022/0486,22/234,,1,sent,sent,
6666,S/FRA/2022/0485,22/235,,1,sent,sent,
6667,S/FRA/2022/0484,22/236,,1,sent,sent,
6670,S/FRA/2022/0492,22-0025,,1,sent,sent,
6672,S/FRA/2022/0511,A-610,,1,sent,sent,
21815,S/FRA/2024/0947,A240000632,,1,sent,sent,
6683,S/FRA/2022/0495,OO/2022/006,,1,sent,sent,
6712,S/FRA/2022/0503,A000030819,,1,sent,sent,
6713,S/FRA/2022/0504,22/308,,1,sent,sent,
6714,S/FRA/2022/0505,22/309,,1,sent,sent,
6715,S/FRA/2022/0501,22/310,,1,sent,sent,
6716,S/FRA/2022/0502,22/311,,1,sent,sent,
6732,S/FRA/2022/0521,3170003417,,1,sent,sent,
6775,S/FRA/2022/0525,OO/2022/007,,1,sent,sent,
6844,S/FRA/2022/0572,CF/0000045548-2022,,1,sent,sent,
9083,S/FRA/2022/1054,220250,,1,sent,sent,
9329,S/FRA/2023/0009,230005,,1,sent,sent,
6862,S/FRA/2022/0543,A000030947,,1,sent,sent,
6865,S/FRA/2022/0570,A-765,,1,sent,sent,
6866,S/FRA/2022/0556,22/391,,1,sent,sent,
6867,S/FRA/2022/0544,22/392,,1,sent,sent,
6868,S/FRA/2022/0548,22/387,,1,sent,sent,
6869,S/FRA/2022/0549,22/388,,1,sent,sent,
6870,S/FRA/2022/0550,22/389,,1,sent,sent,
6872,S/FRA/2022/0553,000G000733,,1,sent,sent,
6873,S/FRA/2022/0554,000D000576,,1,sent,sent,
6874,S/FRA/2022/0555,000D000575,,1,sent,sent,
6895,S/FRA/2022/0603,I0-000058,,1,sent,sent,
7077,S/FRA/2022/0598,22006CA,,1,sent,sent,
7101,S/FRA/2022/0597,000G000894,,1,sent,sent,
7103,S/FRA/2022/0606,2698,,1,sent,sent,
7693,S/FRA/2022/0592,A000031007,,1,sent,sent,
7694,S/FRA/2022/0618,589,,1,sent,sent,
7696,S/FRA/2022/0590,22/465,,1,sent,sent,
7697,S/FRA/2022/0589,22/466,,1,sent_modified,sent_modified,
7699,S/FRA/2022/0615,A-918,,1,sent,sent,
7714,S/FRA/2022/0631,159,,1,sent,sent,
7727,S/FRA/2022/0701,A-1034,,1,sent,sent,
7737,S/FRA/2022/0710,000D000769,,1,sent,sent,
7739,S/FRA/2022/0708,22/530,,1,sent,sent,
7740,S/FRA/2022/0702,22/529,,1,sent,sent,
7741,S/FRA/2022/0705,22/528,,1,sent,sent,
7742,S/FRA/2022/0700,22/527,,1,sent,sent,
7743,S/FRA/2022/0704,22/526,,1,sent,sent,
7774,S/FRA/2022/0667,1220448731,,1,sent,sent,
7784,S/FRA/2022/0640,OO/2022/009,,1,sent,sent,
7861,S/FRA/2022/0661,C5/2022,,1,sent,sent,
8224,S/FRA/2022/0673,06/2022,,1,sent,sent,
8250,S/FRA/2022/0682,OO/2022/010,,1,sent,sent,
8268,S/FRA/2022/0740,22/621,,1,sent_modified,sent_modified,
8269,S/FRA/2022/0739,22/622,,1,sent,sent,
8270,S/FRA/2022/0738,22/623,,1,sent,sent,
8271,S/FRA/2022/0737,22/624,,1,sent,sent,
8272,S/FRA/2022/0729,22/625,,1,sent,sent,
8273,S/FRA/2022/0736,22/626,,1,sent,sent,
8274,S/FRA/2022/0735,22/627,,1,sent,sent,
8275,S/FRA/2022/0770,22/628,,1,sent,sent,
8276,S/FRA/2022/0734,22/630,,1,sent,sent,
8277,S/FRA/2022/0733,22/631,,1,sent,sent,
8278,S/FRA/2022/0732,22/632,,1,sent,sent,
8279,S/FRA/2022/0731,22/705,,1,sent,sent,
8283,S/FRA/2022/0773,A-1164,,1,sent,sent,
8307,S/FRA/2022/0769,22/629,,1,sent,sent,
8428,S/FRA/2022/0765,22-0044,,1,sent,sent,
8490,S/FRA/2022/0814,FNLC193220003017,,1,sent,sent,
8507,S/FRA/2022/0803,F084-2022,,1,sent,sent,
24179,S/FRA/2025/0280,1NSN250300515223,,1,sent,sent,
8521,S/FRA/2022/0794,139-2020,,1,sent,sent,
8869,S/FRA/2022/0834,AF75891140,,1,not_sent,not_sent,1104 | Valor del campo ID incorrecto
8905,S/FRA/2022/0876,22/734,,1,sent,sent,
8906,S/FRA/2022/0877,22/733,,1,sent,sent,
8907,S/FRA/2022/0888,22/732,,1,sent,sent,
8908,S/FRA/2022/0887,22/731,,1,sent,sent,
8909,S/FRA/2022/0886,22/735,,1,sent,sent,
8918,S/FRA/2022/0885,000D001096,,1,sent,sent,
8919,S/FRA/2022/0884,000G001455,,1,sent,sent,
8920,S/FRA/2022/0883,000D001097,,1,sent,sent,
8921,S/FRA/2022/0882,000D001098,,1,sent,sent,
8922,S/FRA/2022/0881,000G001456,,1,sent,sent,
8923,S/FRA/2022/0880,000G001457,,1,sent,sent,
8924,S/FRA/2022/0855,000D000926,,1,sent,sent,
8925,S/FRA/2022/0856,000D000927,,1,sent,sent,
8926,S/FRA/2022/0854,000D000928,,1,sent,sent,
8927,S/FRA/2022/0848,000D000771,,1,sent,sent,
8928,S/FRA/2022/0846,000D000770,,1,sent,sent,
8954,S/FRA/2022/0890,OO/2022/011,,1,sent,sent,
9012,S/FRA/2022/0940,A000031160,,1,sent,sent,
9013,S/FRA/2022/0939,A000031382,,1,sent,sent,
13574,S/FRA/2023/0491,230140,,1,sent,sent,
13611,S/FRA/2023/0484,230152,,1,sent,sent,
14653,S/FRA/2023/0984,230179,,1,sent,sent,
16165,S/FRA/2024/0007,240002,,1,sent,sent,
9052,S/FRA/2022/0924,8/2022,,1,sent,sent,
9067,S/FRA/2022/0912,154/2022,,1,sent,sent,
9081,S/FRA/2022/0956,2022-00018,,1,sent,sent,
9108,S/FRA/2022/0967,154-2022,,1,sent,sent,
9133,S/FRA/2022/0978,022.056.,,1,sent,sent,
9148,S/FRA/2022/0982,OO/2022/012,,1,sent,sent,
94,S/FRA/2021/0492,312-KF19-17058,,1,sent,sent,
504,S/FRA/2021/0420,S/05 -21,,1,sent,sent,
505,S/FRA/2021/0419,40,,1,sent,sent,
506,S/FRA/2021/0457,41,,1,sent,sent,
507,S/FRA/2021/0418,4/2021,,1,sent,sent,
509,S/FRA/2021/0416,21-0020,,1,sent,sent,
512,S/FRA/2021/0415,12/21,,1,sent,sent,
513,S/FRA/2021/0414,6,,1,sent,sent,
514,S/FRA/2021/0413,OO01/2021,,1,sent,sent,
515,S/FRA/2021/0412,007,,1,sent,sent,
516,S/FRA/2021/0411,LD12/21,,1,sent,sent,
517,S/FRA/2021/0410,OO2021-1,,1,sent,sent,
518,S/FRA/2021/0409,6/2021,,1,sent,sent,
519,S/FRA/2021/0408,D21 353,,1,sent,sent,
520,S/FRA/2021/0407,867,,1,sent,sent,
521,S/FRA/2021/0406,864,,1,sent,sent,
522,S/FRA/2021/0405,865,,1,sent,sent,
536,S/FRA/2021/0404,573/21,,1,sent,sent,
537,S/FRA/2021/0403,547/21,,1,sent,sent,
538,S/FRA/2021/0402,1.211.570,,1,sent,sent,
545,S/FRA/2021/0395,2.754/F,,1,sent,sent,
546,S/FRA/2021/0394,2.620/F,,1,sent,sent,
547,S/FRA/2021/0393,2.621/F,,1,sent,sent,
548,S/FRA/2021/0392,2.596/F,,1,sent,sent,
549,S/FRA/2021/0391,2.570/F,,1,sent,sent,
550,S/FRA/2021/0390,2.572/F,,1,sent,sent,
551,S/FRA/2021/0389,2.536/F,,1,sent,sent,
552,S/FRA/2021/0388,2.535/F,,1,sent_modified,sent_modified,
553,S/FRA/2021/0387,2.571/F,,1,sent,sent,
558,S/FRA/2021/0383,A10016263688-0821,,1,sent,sent,
559,S/FRA/2021/0382,312-KF21-12580,,1,sent,sent,
616,S/FRA/2021/0461,008,,1,sent,sent,
617,S/FRA/2021/0474,5/2021,,1,sent,sent,
619,S/FRA/2021/0470,870,,1,sent,sent,
626,S/FRA/2021/0460,LD14/21,,1,sent,sent,
627,S/FRA/2021/0456,OO02/2021,,1,sent,sent,
628,S/FRA/2021/0588,42,,1,sent,sent,
629,S/FRA/2021/0462,7/2021,,1,sent,sent,
630,S/FRA/2021/0453,OO2021-2,,1,sent,sent,
631,S/FRA/2021/0445,21-0015,,1,sent,sent,
632,S/FRA/2021/0469,21-0023,,1,sent,sent,
633,S/FRA/2021/0482,21-0025,,1,sent,sent,
634,S/FRA/2021/0468,42/2021,,1,sent,sent,
635,S/FRA/2021/0463,1/2021,,1,sent,sent,
636,S/FRA/2021/0446,28/2021,,1,sent,sent,
637,S/FRA/2021/0467,D21 402,,1,sent,sent,
638,S/FRA/2021/0450,60-21,,1,sent,sent,
639,S/FRA/2021/0451,61-21,,1,sent,sent,
640,S/FRA/2021/0464,SER-21-0354,,1,sent,sent,
641,S/FRA/2021/0436,2021-001,,1,sent,sent,
642,S/FRA/2021/0438,4/2021,,1,sent,sent,
643,S/FRA/2021/0431, ,,1,sent,sent,
646,S/FRA/2021/0487,2.573/F,,1,sent_modified,sent_modified,
661,S/FRA/2021/0493,312-KF20-4237,,1,sent,sent,
662,S/FRA/2021/0452,A10016435736-1021,,1,sent,sent,
665,S/FRA/2021/0494,312-KF20-9071,,1,sent,sent,
666,S/FRA/2021/0475,3.362/F,,1,sent,sent,
667,S/FRA/2021/0473,3.353/F,,1,sent,sent,
668,S/FRA/2021/0423,AF/1386/01,,1,sent,sent,
669,S/FRA/2021/0424,AF/1387/01,,1,sent,sent,
670,S/FRA/2021/0425,AF/1388/01,,1,sent,sent,
671,S/FRA/2021/0426,AF/1389/01,,1,sent,sent,
672,S/FRA/2021/0427,AF/0917/01,,1,sent,sent,
673,S/FRA/2021/0455,006/2021,,1,sent,sent,
674,S/FRA/2021/0484,21159,,1,sent,sent,
675,S/FRA/2021/0428,AF/1390/01,,1,sent,sent,
676,S/FRA/2021/0429,AF/1391/01,,1,sent_modified,sent_modified,
677,S/FRA/2021/0430,AF/1009/01,,1,sent,sent,
678,S/FRA/2021/0483,21160,,1,sent,sent,
679,S/FRA/2021/0432,AF/1392/01,,1,sent,sent,
680,S/FRA/2021/0433,AF/1393/01,,1,sent,sent,
681,S/FRA/2021/0434,2021-0002,,1,sent,sent,
682,S/FRA/2021/0435,AF/1394/01,,1,sent,sent,
683,S/FRA/2021/0437,AF/1395/01,,1,sent,sent,
684,S/FRA/2021/0439,AF/1396/01,,1,sent,sent,
685,S/FRA/2021/0440,AF/1397/01,,1,sent,sent,
686,S/FRA/2021/0441,AF/1398/01,,1,sent,sent,
687,S/FRA/2021/0442,AF/1399/01,,1,sent,sent,
691,S/FRA/2021/0472,A21000378,,1,sent,sent,
693,S/FRA/2021/0481,110*10/21,,1,sent,sent,
694,S/FRA/2021/0485,FRO20212325617,,1,sent,sent,
699,S/FRA/2021/0531,80-21,,1,sent,sent,
751,S/FRA/2021/0447,2.900F,,1,sent,sent,
752,S/FRA/2021/0454,3.293F,,1,sent,sent,
753,S/FRA/2021/0458,3.309F,,1,sent,sent,
754,S/FRA/2021/0466,3.332F,,1,sent,sent,
755,S/FRA/2021/0465,3.333/F,,1,sent_modified,sent_modified,
756,S/FRA/2021/0459,3.311F,,1,sent,sent,
757,S/FRA/2021/0477,3.380/F,,1,sent,sent,
758,S/FRA/2021/0480,3.381F,,1,sent,sent,
759,S/FRA/2021/0479,3.382F,,1,sent,sent,
760,S/FRA/2021/0478,3.383F,,1,sent,sent,
761,S/FRA/2021/0476,RD/002/21,,1,sent,sent,
790,S/FRA/2021/0448,6/2021,,1,sent,sent,
791,S/FRA/2021/0585,OO2021-3,,1,sent,sent,
800,S/FRA/2021/0471,MTA2101925,,1,sent,sent,
1579,S/FRA/2021/0584,FV21/0364,,1,sent,sent,
1607,S/FRA/2021/0599,03/2021/10,,1,sent,sent,
1608,S/FRA/2021/0583,03/2021/11,,1,sent,sent,
1610,S/FRA/2021/0598,VF21-10-0074,,1,sent,sent,
2060,S/FRA/2021/0597,21289,,1,sent,sent,
2061,S/FRA/2021/0534,FO1/1690,,1,sent,sent,
2062,S/FRA/2021/0582,5156A,,1,sent,sent,
2063,S/FRA/2021/0581,5181A,,1,sent,sent,
2064,S/FRA/2021/0596,6/2021,,1,sent_modified,sent_modified,
2066,S/FRA/2021/0532,10/2021,,1,sent,sent,
2070,S/FRA/2021/0580,001527,,1,sent_modified,sent_modified,
2126,S/FRA/2021/0579,MTA2102104,,1,sent,sent,
2127,S/FRA/2021/0595,2021-368,,1,sent,sent,
2164,S/FRA/2021/0491,M200041479,,1,sent,sent,
2165,S/FRA/2021/0520,M210038185,,1,sent,sent,
2166,S/FRA/2021/0521,A210063354,,1,sent,sent,
2167,S/FRA/2021/0522,Y210064981,,1,sent,sent,
2177,S/FRA/2021/0495,312-KF19-9798,,1,sent,sent,
2178,S/FRA/2021/0496,312-KF19-11174,,1,sent,sent,
2181,S/FRA/2021/0497,312-KF19-12629,,1,sent,sent,
22404,S/FRA/2024/1066,174-24,,1,sent,sent,
2183,S/FRA/2021/0498,312-KF19-14053,,1,sent,sent,
2186,S/FRA/2021/0499,312-KF19-15621,,1,sent,sent,
23574,S/FRA/2025/0240,18742501P0025654,,1,sent,sent,
2190,S/FRA/2021/0500,312-KF20-1122,,1,sent,sent,
2192,S/FRA/2021/0501,312-KF20-1975,,1,sent,sent,
2193,S/FRA/2021/0502,312-KF20-5885,,1,sent,sent,
2194,S/FRA/2021/0503,312-KF20-7461,,1,sent,sent,
2195,S/FRA/2021/0504,312-KF20-10638,,1,sent,sent,
2196,S/FRA/2021/0505,312-KF20-12433,,1,sent,sent,
2197,S/FRA/2021/0506,312-KF20-14186,,1,sent,sent,
2198,S/FRA/2021/0507,312-KF20-16296,,1,sent,sent,
2199,S/FRA/2021/0508,312-KF20-18360,,1,sent,sent,
2200,S/FRA/2021/0509,312-KF20-20072,,1,sent,sent,
2201,S/FRA/2021/0577,42/21,,1,sent,sent,
2202,S/FRA/2021/0510,312-KF21-814,,1,sent,sent,
2203,S/FRA/2021/0511,312-KF21-2859,,1,sent,sent,
2204,S/FRA/2021/0512,312-KF21-4197,,1,sent,sent,
2205,S/FRA/2021/0513,312-KF21-5803,,1,sent,sent,
2206,S/FRA/2021/0514,312-KF21-8391,,1,sent,sent,
2207,S/FRA/2021/0515,312-KF21-9210,,1,sent,sent,
2208,S/FRA/2021/0516,A10015818290-0321,,1,sent,sent,
2209,S/FRA/2021/0517,A10015726456-0221,,1,sent,sent,
2210,S/FRA/2021/0518,A10015999988-0521,,1,sent,sent,
2211,S/FRA/2021/0519,312-KF21-15729,,1,sent,sent,
2242,S/FRA/2021/0528,2021 A 0000167,,1,sent,sent,
2243,S/FRA/2021/0576,09411600042,,1,sent,sent,
2244,S/FRA/2021/0575,48/EST,,1,sent,sent,
2310,S/FRA/2021/0574,006/2021,,1,sent,sent,
2325,S/FRA/2021/0604,G210061460,,1,sent,sent,
2326,S/FRA/2021/0602,S210063444,,1,sent,sent,
2327,S/FRA/2021/0594,O210100846,,1,sent,sent,
2334,S/FRA/2021/0571,UN-275/21,,1,sent,sent,
2341,S/FRA/2021/0570,009,,1,sent,sent,
2360,S/FRA/2021/0601,95-D,,1,sent,sent,
2487,S/FRA/2021/0569,5280A,,1,sent,sent,
2488,S/FRA/2021/0568,5297A,,1,sent,sent,
2522,S/FRA/2021/0530,A/21-0050,,1,sent,sent,
2557,S/FRA/2021/0567,8/2021,,1,sent,sent,
2566,S/FRA/2021/0526,FV21033,,1,sent,sent,
2586,S/FRA/2021/0538,3.451/F,,1,sent,sent,
2590,S/FRA/2021/0537,3.384/F,,1,sent,sent,
2620,S/FRA/2021/0605,A2103329,,1,sent,sent,
2846,S/FRA/2021/0566,549,,1,sent,sent,
2848,S/FRA/2021/0536,2.908/F,,1,sent,sent,
2850,S/FRA/2021/0564,66/21,,1,sent,sent,
2851,S/FRA/2021/0563,I0-000044,,1,sent,sent,
2874,S/FRA/2021/0535,1.367/F,,1,sent,sent,
2877,S/FRA/2021/0533,659/21,,1,sent,sent,
2878,S/FRA/2021/0562,21-0029,,1,sent,sent,
2879,S/FRA/2021/0561,21-0030,,1,sent,sent,
2880,S/FRA/2021/0560,21-0031,,1,sent,sent,
2881,S/FRA/2021/0559,21-0034,,1,sent,sent,
2882,S/FRA/2021/0551,11/2021,,1,sent,sent,
2884,S/FRA/2021/0557,D21 454,,1,sent,sent,
2885,S/FRA/2021/0556,20211420,,1,sent,sent,
2890,S/FRA/2021/0555,21-0027,,1,sent,sent,
2891,S/FRA/2021/0554,7,,1,sent,sent,
2892,S/FRA/2021/0600,H2269/0001,,1,sent,sent,
2894,S/FRA/2021/0590,2021/09800/000000012,,1,sent,sent,
2989,S/FRA/2021/0539,AF/1416/01,,1,sent,sent,
2990,S/FRA/2021/0540,AF/1421/01,,1,sent,sent,
2991,S/FRA/2021/0541,AF/1422/01,,1,sent,sent,
2992,S/FRA/2021/0542, ,,1,sent,sent,
2993,S/FRA/2021/0543,H2248/0002,,1,sent,sent,
2995,S/FRA/2021/0545,AF/1424/01,,1,sent,sent,
2997,S/FRA/2021/0546,AF/1425/01,,1,sent,sent,
2998,S/FRA/2021/0547,AF/1426/01,,1,sent,sent,
2999,S/FRA/2021/0548,AF/0759/01,,1,sent,sent,
3000,S/FRA/2021/0549,AF/1427/01,,1,sent,sent,
3001,S/FRA/2021/0550,AF/1428/01,,1,sent,sent,
3002,S/FRA/2021/0552,AF/0970/01,,1,sent,sent,
3009,S/FRA/2021/0606,14,,1,sent,sent,
3010,S/FRA/2021/0623,S/06-21,,1,sent,sent,
3011,S/FRA/2021/0692,07/2021,,1,sent,sent,
3012,S/FRA/2021/0625,LD17/21,,1,sent,sent,
3013,S/FRA/2021/0691,2021-0231,,1,sent,sent,
3014,S/FRA/2021/0690,4/2021,,1,sent,sent,
3015,S/FRA/2021/0747,47-2021,,1,sent,sent,
3017,S/FRA/2021/0688,VF21-12-0080,,1,sent,sent,
3042,S/FRA/2021/0621,8,,1,sent,sent,
3045,S/FRA/2021/0687,99-21,,1,sent,sent,
3046,S/FRA/2021/0686,OO2021-4,,1,sent,sent,
3056,S/FRA/2021/0749,6,,1,sent,sent,
3057,S/FRA/2021/0685,16,,1,sent,sent,
3061,S/FRA/2021/0629,7/2021,,1,sent,sent,
3062,S/FRA/2021/0750,73/21,,1,sent,sent,
3063,S/FRA/2021/0628,211716,,1,sent,sent,
3064,S/FRA/2021/0684,SI102,,1,sent,sent,
3065,S/FRA/2021/0683,AN159,,1,sent,sent,
3066,S/FRA/2021/0682,AN160,,1,sent,sent,
3067,S/FRA/2021/0610,FD21-39481,,1,sent,sent,
3068,S/FRA/2021/0611,FD21-46446,,1,sent,sent,
3069,S/FRA/2021/0613,FD21-48343,,1,sent,sent,
3070,S/FRA/2021/0614,FD21-51000,,1,sent,sent,
3071,S/FRA/2021/0622,FD21-55513,,1,sent,sent,
3072,S/FRA/2021/0681,FD21-61318,,1,sent,sent,
3073,S/FRA/2021/0612,168/2021,,1,sent,sent,
3074,S/FRA/2021/0615,182/2021,,1,sent,sent,
3075,S/FRA/2021/0619,183/2021,,1,sent,sent,
3076,S/FRA/2021/0618,184/2021,,1,sent,sent,
3077,S/FRA/2021/0617,185/2021,,1,sent,sent,
3078,S/FRA/2021/0607,AF/1432/01,,1,sent,sent,
3079,S/FRA/2021/0616,186/2021,,1,sent,sent,
3080,S/FRA/2021/0626,201/2021,,1,sent,sent,
3085,S/FRA/2021/0624,199/2021,,1,sent,sent,
3086,S/FRA/2021/0680,21-0037,,1,sent,sent,
3087,S/FRA/2021/0679,09411600049,,1,sent,sent,
3101,S/FRA/2021/0627,001D000365,,1,sent,sent,
3103,S/FRA/2021/0638,00004345,,1,sent_modified,sent_modified,
3104,S/FRA/2021/0641,00006747,,1,sent_modified,sent_modified,
3105,S/FRA/2021/0645,FRO20212567131,,1,sent,sent,
3106,S/FRA/2021/0647,A2107815,,1,sent,sent,
3107,S/FRA/2021/0648,1487-2021,,1,sent,sent,
3108,S/FRA/2021/0649,FO1 / 2291,,1,sent,sent,
3109,S/FRA/2021/0631,212810,,1,sent,sent,
3110,S/FRA/2021/0644,A10016520137-1121,,1,sent,sent,
3111,S/FRA/2021/0632,312-KF21-17301,,1,sent,sent,
3112,S/FRA/2021/0678,FA 212263,,1,sent,sent,
3113,S/FRA/2021/0643,FA 212525,,1,sent,sent,
3114,S/FRA/2021/0637,FA 211991,,1,sent,sent,
3115,S/FRA/2021/0636,FA 210854,,1,sent,sent,
3116,S/FRA/2021/0653,001D000362,,1,sent,sent,
3117,S/FRA/2021/0652,001D000363,,1,sent,sent,
3118,S/FRA/2021/0651,001D000364,,1,sent,sent,
3119,S/FRA/2021/0646,001G000511,,1,sent,sent,
3120,S/FRA/2021/0650,001G000512,,1,sent,sent,
3122,S/FRA/2021/0677,312-KF21-18971,,1,sent,sent,
3124,S/FRA/2021/0676,A10016604117-1221,,1,sent,sent,
3125,S/FRA/2021/0639,001D000315,,1,sent,sent,
3131,S/FRA/2021/0640,001D000316,,1,sent,sent,
3132,S/FRA/2021/0642,001G000475,,1,sent,sent,
3133,S/FRA/2021/0656,001D000317,,1,sent,sent,
3134,S/FRA/2021/0655,001D000318,,1,sent,sent,
3135,S/FRA/2021/0654,001D000270,,1,sent,sent,
3136,S/FRA/2021/0657,001D000319,,1,sent,sent,
3137,S/FRA/2021/0658,3929/F,,1,sent,sent,
3216,S/FRA/2021/0659,264,,1,sent,sent,
3217,S/FRA/2021/0660,263,,1,sent,sent,
3228,S/FRA/2021/0675,021 A 0000211,,1,sent,sent,
3229,S/FRA/2021/0674,2021 -404,,1,sent,sent,
3230,S/FRA/2021/0744,18742101P0087262,,1,sent,sent,
3231,S/FRA/2021/0673,A2108282,,1,sent,sent,
3234,S/FRA/2021/0672,001725,,1,sent,sent,
3235,S/FRA/2021/0671,ACT-30724,,1,sent,sent,
3237,S/FRA/2021/0669,21166,,1,sent,sent,
3238,S/FRA/2021/0755,1/E,,1,sent,sent,
3240,S/FRA/2021/0694,FV21048,FV21048: FV21048,1,sent,sent,
8281,S/FRA/2022/0730,001236,,1,sent,sent,
3241,S/FRA/2021/0695,FV21065,FV21065: FV21065,1,sent,sent,
3242,S/FRA/2021/0696,FV21083,FV21083: FV21083,1,sent,sent,
3243,S/FRA/2021/0697,FV21095,FV21095: FV21095,1,sent,sent,
3244,S/FRA/2021/0698,FV21105,FV21105: FV21105,1,sent,sent,
3245,S/FRA/2021/0699,FV21119,FV21119: FV21119,1,sent,sent,
3246,S/FRA/2021/0700,FV21129,FV21129: FV21129,1,sent,sent,
3274,S/FRA/2021/0726,03/2021/06,,1,sent,sent,
3275,S/FRA/2021/0693,03/2021/08,,1,sent,sent,
3276,S/FRA/2021/0668,03/2021/09,,1,sent,sent,
3278,S/FRA/2021/0702,FV21143,FV21143: FV21143,1,sent,sent,
3279,S/FRA/2021/0667,117-A,,1,sent,sent,
3280,S/FRA/2021/0760,5,,1,sent,sent,
3281,S/FRA/2021/0759,02/2021,,1,sent,sent,
3282,S/FRA/2021/0666,010,,1,sent,sent,
3283,S/FRA/2021/0665,D21 506,,1,sent,sent,
3287,S/FRA/2021/0664,50/2021,,1,sent,sent,
3288,S/FRA/2021/0663,9/2021,,1,sent,sent,
3289,S/FRA/2021/0662,119/2021,,1,sent,sent,
9044,S/FRA/2022/0931,1NSN220700239312,,1,sent,sent,
20376,S/FRA/2024/0647,20240430,,1,sent,sent,
21330,S/FRA/2024/0853,8.253,,1,sent,sent,
9045,S/FRA/2022/0930,1NSN221000014002,,1,sent_modified,sent_modified,
3297,S/FRA/2021/0762,F20211514,,1,sent,sent,
3386,S/FRA/2021/0724,2021/14101,,1,sent,sent,
3415,S/FRA/2021/0765,021.080,,1,sent,sent,
3418,S/FRA/2021/0764,008/2021,,1,sent,sent,
3430,S/FRA/2021/0737,01-2021,,1,sent,sent,
3431,S/FRA/2021/0731,361175,,1,sent,sent,
3432,S/FRA/2021/0763,01/2021,,1,sent,sent,
3433,S/FRA/2021/0756,OO03/2021,,1,sent,sent,
3434,S/FRA/2021/0761,G 123-21,,1,sent,sent,
3435,S/FRA/2021/0738,871,,1,sent,sent,
3436,S/FRA/2021/0739,872,,1,sent,sent,
3437,S/FRA/2021/0752,877,,1,sent,sent,
3438,S/FRA/2021/0753,878,,1,sent,sent,
3448,S/FRA/2021/0766,10,,1,sent,sent,
3449,S/FRA/2021/0748,13,,1,sent,sent,
3451,S/FRA/2021/0771,378,,1,sent,sent,
3452,S/FRA/2021/0772,379,,1,sent,sent,
3453,S/FRA/2021/0767,D210024084,,1,sent,sent,
3455,S/FRA/2021/0703,AF/1458/01,,1,sent,sent,
3457,S/FRA/2021/0704, ,,1,sent,sent,
3458,S/FRA/2021/0705,AF/0765/01,,1,sent,sent,
3459,S/FRA/2021/0706,AF/1459/01,,1,sent,sent,
3460,S/FRA/2021/0707,AF/1460/01,,1,sent,sent,
3461,S/FRA/2021/0708,AF/1364/03,,1,sent,sent,
3462,S/FRA/2021/0709,AF/1461/01,,1,sent,sent,
3463,S/FRA/2021/0710,AF/1462/01,,1,sent,sent,
3464,S/FRA/2021/0711, ,,1,sent,sent,
3465,S/FRA/2021/0712,AF/1463/01,,1,sent,sent,
3466,S/FRA/2021/0713,AF/1464/01,,1,sent,sent,
3467,S/FRA/2021/0714,AF/1465/01,,1,sent,sent,
3468,S/FRA/2021/0715, ,,1,sent,sent,
3472,S/FRA/2021/0743,VF21-11-0079,,1,sent,sent,
3473,S/FRA/2021/0727,VF21-08-0078,,1,sent,sent,
3475,S/FRA/2021/0773,A/21-0271,,1,sent,sent,
3529,S/FRA/2021/0757,LD19/21,,1,sent,sent,
3530,S/FRA/2021/0746,704/21,,1,sent,sent,
3531,S/FRA/2021/0751,879,,1,sent,sent,
3540,S/FRA/2022/0085,FV21156,FV21156: FV21156,1,sent,sent,
3541,S/FRA/2021/0792,A2108686,,1,sent,sent,
3542,S/FRA/2022/0084,INV-057302,,1,sent,sent,
3546,S/FRA/2021/0794,389,,1,sent,sent,
3549,S/FRA/2022/0087,5133/22,,1,sent,sent,
21328,S/FRA/2024/0858,8.112,,1,sent,sent,
3552,S/FRA/2021/0776,FO1 / 2469,,1,sent,sent,
3553,S/FRA/2021/0802,21172,,1,sent,sent,
3554,S/FRA/2021/0801,828/21,,1,sent,sent,
3555,S/FRA/2021/0769,21/056,,1,sent,sent,
3556,S/FRA/2021/0754,1 000054,,1,sent,sent,
3557,S/FRA/2021/0775,018/2021,,1,sent,sent,
3558,S/FRA/2021/0770,011/2021,,1,sent,sent,
3560,S/FRA/2021/0768,424,,1,sent,sent,
3561,S/FRA/2022/0081,428,,1,sent,sent,
3562,S/FRA/2022/0080,11,,1,sent,sent,
3563,S/FRA/2022/0079,08/2022,,1,sent,sent,
3564,S/FRA/2022/0078,20220027,,1,sent,sent,
3565,S/FRA/2021/0786,G 129-21,,1,sent,sent,
3566,S/FRA/2021/0784,001G000537,,1,sent,sent,
3567,S/FRA/2021/0785,001G000538,,1,sent,sent,
3568,S/FRA/2021/0774,001D000387,,1,sent,sent,
3569,S/FRA/2021/0781,001D000388,,1,sent,sent,
3570,S/FRA/2021/0782,001G000539,,1,sent,sent,
3571,S/FRA/2021/0783,001D000389,,1,sent,sent,
3572,S/FRA/2022/0077,2-22,,1,sent,sent,
3573,S/FRA/2021/0800,211890,,1,sent,sent,
3574,S/FRA/2021/0793,1713-2021,,1,sent,sent,
3575,S/FRA/2021/0780,21-0040,,1,sent,sent,
3576,S/FRA/2022/0076,03/2021/02,,1,sent,sent,
3577,S/FRA/2021/0777,8/2021,,1,sent,sent,
3578,S/FRA/2021/0795,2021-443,,1,sent,sent,
3579,S/FRA/2021/0758,18,,1,sent,sent,
3584,S/FRA/2021/0790,4448/F,,1,sent,sent,
3585,S/FRA/2021/0778,FA 213099,,1,sent,sent,
3591,S/FRA/2021/0788,0000397680,,1,sent,sent,
3592,S/FRA/2022/0074,312-KF22-458,,1,sent,sent,
3593,S/FRA/2022/0073,A10016686897-0122,,1,sent,sent,
3594,S/FRA/2022/0072,17,,1,sent,sent,
3598,S/FRA/2021/0722,A-01/2021,,1,sent,sent,
3751,S/FRA/2022/0055,9/EST,,1,sent,sent,
3752,S/FRA/2022/0088,V 19 210618/26,,1,sent,sent,
3854,S/FRA/2022/0071,325,,1,sent,sent,
3855,S/FRA/2022/0070,326,,1,sent,sent,
3856,S/FRA/2022/0069,390,,1,sent,sent,
3857,S/FRA/2022/0068,9,,1,sent,sent,
3858,S/FRA/2022/0067,2,,1,sent,sent,
3868,S/FRA/2022/0066,02/2022,,1,sent,sent,
3869,S/FRA/2022/0065,000064,,1,sent_modified,sent_modified,
3870,S/FRA/2022/0064,894,,1,sent,sent,
3871,S/FRA/2022/0063,886,,1,sent,sent,
3872,S/FRA/2022/0062,887,,1,sent,sent,
3873,S/FRA/2022/0061,E220047339,,1,sent,sent,
3874,S/FRA/2022/0060,001D000411,,1,sent,sent,
3878,S/FRA/2022/0059,18742201P0015510,,1,sent,sent,
3880,S/FRA/2022/0058,22-0002,,1,sent,sent,
3881,S/FRA/2022/0057,22-0003,,1,sent,sent,
3882,S/FRA/2022/0056,22-0004,,1,sent,sent,
3887,S/FRA/2022/0200,OO2022-01,,1,sent,sent,
3888,S/FRA/2022/0188,01,,1,sent,sent,
3889,S/FRA/2022/0183,122000566,,1,sent,sent,
3890,S/FRA/2022/0199,D22 034,,1,sent,sent,
3891,S/FRA/2022/0054,FACTURA,,1,sent,sent,
3892,S/FRA/2022/0178,RG-22-0008,,1,sent,sent,
3896,S/FRA/2022/0198,A/22-0025,,1,sent,sent,
3897,S/FRA/2022/0053,03/2022,,1,sent,sent,
3898,S/FRA/2022/0191,1/2022,,1,sent,sent,
3899,S/FRA/2022/0201,G 14-22,,1,sent,sent,
3900,S/FRA/2022/0052,A2200620,,1,sent,sent,
3902,S/FRA/2022/0050,36,,1,sent,sent,
3903,S/FRA/2022/0049,37,,1,sent,sent,
3904,S/FRA/2022/0182,03/2022/02,,1,sent,sent,
3905,S/FRA/2022/0048,022.005,,1,sent,sent,
3907,S/FRA/2022/0047,VF22-01-0254,,1,sent,sent,
3908,S/FRA/2022/0046,FA 220096,,1,sent,sent,
3909,S/FRA/2022/0045,FRO20220254777,,1,sent,sent,
22015,S/FRA/2024/1005,146/2024,,1,sent,sent,
25360,/,,,1,not_sent,not_sent,
3910,S/FRA/2022/0044,FD22-4181,,1,sent,sent,
3911,S/FRA/2022/0043,120/F,,1,sent,sent,
3913,S/FRA/2022/0179,M007/2022,,1,sent,sent,
3914,S/FRA/2022/0042,FO2/131,,1,sent,sent,
3915,S/FRA/2022/0041,13/2022,,1,sent,sent,
3929,S/FRA/2022/0190,LD02/22,,1,sent,sent,
3930,S/FRA/2022/0029,001G000578,,1,sent,sent,
3931,S/FRA/2022/0028,001D000418,,1,sent,sent,
3932,S/FRA/2022/0027,001D000417,,1,sent,sent,
3933,S/FRA/2022/0026,001D000416,,1,sent,sent,
24185,S/FRA/2025/0318,7/2025,,1,sent,sent,
10633,S/FRA/2023/0114,1NSN221200149194,,1,sent,sent,
3942,S/FRA/2022/0019,45022/C,,1,sent,sent,
3943,S/FRA/2022/0018,46538/C,,1,sent,sent,
24490,S/FRA/2025/0359,10/2025,,1,sent,sent,
3948,S/FRA/2022/0013,220043,,1,sent,sent,
3951,S/FRA/2022/0197,22181,,1,sent,sent,
3952,S/FRA/2022/0196,22182,,1,sent,sent,
3954,S/FRA/2022/0192,1/2022,,1,sent,sent,
3955,S/FRA/2022/0205,AN219,,1,sent,sent,
25362,/,125004950,,1,not_sent,not_sent,
3956,S/FRA/2022/0204,AN218,,1,sent,sent,
3957,S/FRA/2022/0195,SI107,,1,sent,sent,
3958,S/FRA/2022/0194,220146,,1,sent,sent,
3960,S/FRA/2022/0001,AF/0786/02,,1,sent,sent,
25241,/, ,,1,not_sent,not_sent,
25260,/,25101,,1,not_sent,not_sent,
3961,S/FRA/2022/0002,AF/1509/01,,1,sent,sent,
3962,S/FRA/2022/0003,AF/0812/01,,1,sent,sent,
3963,S/FRA/2022/0004,AF/1510/01,,1,sent,sent,
3964,S/FRA/2022/0005,AF/1511/02,,1,sent,sent,
3965,S/FRA/2022/0006,AF/1512/01,,1,sent,sent,
3967,S/FRA/2022/0007,AF/1024/01,,1,sent,sent,
3968,S/FRA/2022/0008,AF/0883/01,,1,sent,sent,
3969,S/FRA/2022/0009,AF/1513/01,,1,sent,sent,
3970,S/FRA/2022/0010,AF/1514/01,,1,sent,sent,
3972,S/FRA/2022/0012,AF/1516/01,,1,sent,sent,
3979,S/FRA/2022/0089,014/2022,,1,sent_modified,sent_modified,
3980,S/FRA/2022/0100,V21 210622/21,,1,sent,sent,
25239,/,05210/1357,,1,not_sent,not_sent,
3981,S/FRA/2022/0127,V.3 210915/17,,1,sent,sent,
3982,S/FRA/2022/0222,V.14 210914/16,,1,sent,sent,
3983,S/FRA/2022/0220,V.21 210628/2,,1,sent,sent,
3984,S/FRA/2022/0101,V.19 210628/12,,1,sent,sent,
25240,/,9D72/2/2025/11,,1,not_sent,not_sent,
3985,S/FRA/2022/0221,V.19 210622/28,,1,sent,sent,
3986,S/FRA/2022/0122,V.22 210908/22,,1,sent,sent,
3987,S/FRA/2022/0126,V.9 210915/14,,1,sent,sent,
3988,S/FRA/2022/0099,V.19 210618/29,,1,sent,sent,
3989,S/FRA/2022/0098,V.21 210618/23,,1,sent,sent,
3990,S/FRA/2022/0128,V.13 210916/2,,1,sent,sent,
3991,S/FRA/2022/0123,V.6 210914/6,,1,sent,sent,
3992,S/FRA/2022/0097,V.19 210615/8,,1,sent,sent,
3993,S/FRA/2022/0103,V.19 210708/30,,1,sent,sent,
3994,S/FRA/2022/0124,V.3 210914/19,,1,sent,sent,
3995,S/FRA/2022/0125,V.9 210915/10,,1,sent,sent,
3996,S/FRA/2022/0219,V.19 210614/48,,1,sent,sent,
3998,S/FRA/2022/0111,11-21-600/00027,,1,sent,sent,
3999,S/FRA/2022/0105,11-21-600/00021,,1,sent,sent,
4000,S/FRA/2022/0116,11-21-600/00028,,1,sent,sent,
4001,S/FRA/2022/0107,11-21-600/00024,,1,sent,sent,
4002,S/FRA/2022/0137,11-21-600/00031,,1,sent,sent,
4003,S/FRA/2022/0108,11-21-600/00026,,1,sent,sent,
4004,S/FRA/2022/0147,11-21-600/00034,,1,sent,sent,
4005,S/FRA/2022/0132,11-21-600/00029,,1,sent,sent,
4006,S/FRA/2022/0110,11/21/600/00025,,1,sent,sent,
4007,S/FRA/2022/0155,11-21-600/00036,,1,sent,sent,
4008,S/FRA/2022/0144,11-21-600/00032,,1,sent,sent,
4009,S/FRA/2022/0165,09411001051,,1,sent,sent,
4010,S/FRA/2022/0117,09411000933,,1,sent,sent,
4011,S/FRA/2022/0121,00021007673,,1,sent,sent,
4012,S/FRA/2022/0140,09981000054,,1,sent,sent,
4013,S/FRA/2022/0106,09981000047,,1,sent,sent,
25365,/,CVA 05 2025,,1,not_sent,not_sent,
25357,/,29/2025,,1,not_sent,not_sent,
4014,S/FRA/2022/0118,09981000051,,1,sent,sent,
4015,S/FRA/2022/0112,20ES054646,,1,sent,sent,
4016,S/FRA/2022/0150,20210490,,1,sent,sent,
4017,S/FRA/2022/0130,20210476,,1,sent,sent,
25364,/,02 2025 CRM,,1,not_sent,not_sent,
4018,S/FRA/2022/0113,20210435,,1,sent,sent,
4019,S/FRA/2022/0115,2021/4120/00000009,,1,sent,sent,
4021,S/FRA/2022/0120,KT 0402288,,1,sent,sent,
4022,S/FRA/2022/0158,10071/00029771,,1,sent,sent,
4023,S/FRA/2022/0149,10071/00028469,,1,sent,sent,
4024,S/FRA/2022/0145,KT 040785,,1,sent,sent,
4025,S/FRA/2022/0131,1700275,,1,sent,sent,
4026,S/FRA/2022/0160,1700279,,1,sent,sent,
4027,S/FRA/2022/0134,ES19XY5WAEUS,,1,sent,sent,
4028,S/FRA/2022/0133,ES19Y5VZAEUS,,1,sent,sent,
4029,S/FRA/2022/0184,902,,1,sent,sent,
4030,S/FRA/2022/0186,903,,1,sent,sent,
4031,S/FRA/2022/0135,5705,,1,sent,sent,
4032,S/FRA/2022/0136,210007783,,1,sent,sent,
4033,S/FRA/2022/0154,210007982,,1,sent,sent,
4036,S/FRA/2022/0163,I19-01/000035,,1,sent,sent,
4037,S/FRA/2022/0146,IT57-02/000030,,1,sent,sent,
4038,S/FRA/2022/0138,I157-01/000044,,1,sent,sent,
4039,S/FRA/2022/0141,00001TB166619,,1,sent,sent,
4040,S/FRA/2022/0153,00001TB166935,,1,sent,sent,
4041,S/FRA/2022/0148,00001TB166788,,1,sent,sent,
4042,S/FRA/2022/0143,21/1/415,,1,sent,sent,
4043,S/FRA/2022/0156,L9550/499,,1,sent,sent,
4044,S/FRA/2022/0157,150-2021,,1,sent,sent,
4045,S/FRA/2022/0159,I830-02/000080,,1,sent,sent,
4046,S/FRA/2022/0162,117-21,,1,sent,sent,
4047,S/FRA/2022/0161,AJ1T 306556,,1,sent,sent,
4048,S/FRA/2022/0164,2021-000027,,1,sent,sent,
4049,S/FRA/2022/0166,2021/015200/00000023,,1,sent,sent,
4051,S/FRA/2022/0167,1378-2021,,1,sent,sent,
4053,S/FRA/2022/0129,F210905935,,1,sent,sent,
4054,S/FRA/2022/0114,F210900799,,1,sent,sent,
4055,S/FRA/2022/0142,0070/01/2021/0000032,,1,sent,sent,
4056,S/FRA/2022/0211,4/2022,,1,sent,sent,
4057,S/FRA/2022/0240,1/2022,,1,sent,sent,
4058,S/FRA/2022/0241,2/2022,,1,sent,sent,
4059,S/FRA/2022/0224,01/22,,1,sent,sent,
4060,S/FRA/2022/0212,1/22,,1,sent,sent,
4061,S/FRA/2022/0193,06/2022,,1,sent,sent,
4062,S/FRA/2022/0210,76/22,,1,sent,sent,
4063,S/FRA/2022/0214,5,,1,sent,sent,
4064,S/FRA/2022/0215,6,,1,sent,sent,
4065,S/FRA/2022/0203,2/FE,,1,sent,sent,
4067,S/FRA/2022/0225,1/2022,,1,sent,sent,
23562,S/FRA/2025/0220,000059,,1,sent,sent,
4070,S/FRA/2022/0209,A/22-0028,,1,sent,sent,
4071,S/FRA/2022/0223,1,,1,sent,sent,
4072,S/FRA/2022/0171,OE/2022/M0145,,1,sent,sent,
4073,S/FRA/2022/0226,22/01,,1,sent,sent,
4074,S/FRA/2022/0208,22-0011,,1,sent,sent,
4076,S/FRA/2022/0152,FRO2021098279,,1,sent,sent,
4078,S/FRA/2022/0206,22-0010,,1,sent,sent,
4079,S/FRA/2022/0207,22-0009,,1,sent,sent,
4082,S/FRA/2022/0216,2,,1,sent,sent,
4083,S/FRA/2022/0187,VF22-02-0138,,1,sent,sent,
4084,S/FRA/2022/0174,1/2022,,1,sent,sent,
4085,S/FRA/2022/0175,2022-43,,1,sent,sent,
4086,S/FRA/2022/0104,FRO20211716236,,1,sent,sent,
4087,S/FRA/2022/0102,FRO20211482127,,1,sent,sent,
4088,S/FRA/2022/0095,FRO20211243364,,1,sent,sent,
4089,S/FRA/2022/0248,330001020210518000341,,1,sent,sent,
4091,S/FRA/2022/0090,FRO20210265132,,1,sent,sent,
4092,S/FRA/2022/0091,FRO20210509444,,1,sent,sent,
4093,S/FRA/2022/0093,FRO20211009227,,1,sent,sent,
4094,S/FRA/2022/0092,FRO20210774585,,1,sent,sent,
4095,S/FRA/2022/0217,40,,1,sent,sent,
4096,S/FRA/2022/0218,41,,1,sent,sent,
4097,S/FRA/2022/0243,1,,1,sent,sent,
4098,S/FRA/2022/0244,2,,1,sent,sent,
4114,S/FRA/2022/0227,F220111408,,1,sent,sent,
4115,S/FRA/2022/0213,312-KF22-2157,,1,sent,sent,
4116,S/FRA/2022/0189,A10016769024-0222,,1,sent,sent,
4121,S/FRA/2022/0229,001D000453,,1,sent,sent,
23187,S/FRA/2025/0117,000020,,1,sent,sent,
4259,S/FRA/2022/0231,FD22-10361,,1,sent,sent,
4260,S/FRA/2022/0230,FA 220413,,1,sent,sent,
4261,S/FRA/2022/0416,03/2022/03,,1,sent,sent,
4262,S/FRA/2022/0232,2022 A 0000045,,1,sent,sent,
4266,S/FRA/2022/0234,A2201223,,1,sent,sent,
20209,S/FRA/2024/0665,2024/038,,1,sent,sent,
4276,S/FRA/2022/0419,VF22-03-0089,,1,sent,sent,
4277,S/FRA/2022/0233,209-2022,,1,sent,sent,
20320,S/FRA/2024/0619,3231,,1,sent,sent,
4278,S/FRA/2022/0420,1 000018,,1,sent,sent,
4521,S/FRA/2022/0423,90/2020,,1,sent,sent,
4626,S/FRA/2022/0202,B/000002/22,,1,sent,sent,
4627,S/FRA/2022/0245,028/2022,,1,sent,sent,
4628,S/FRA/2022/0246,OO/2022/001,,1,sent,sent,
4629,S/FRA/2022/0247,OO/2022/002,,1,sent,sent,
4670,S/FRA/2022/0413,001D000454,,1,sent,sent,
4740,S/FRA/2022/0414,001G000620,,1,sent,sent,
229,S/FRA/2021/0130,75/03804662,,1,not_sent,not_sent,
4743,S/FRA/2022/0415,487/F,,1,sent,sent,
4814,S/FRA/2022/0280,0861,,1,sent,sent,
4818,S/FRA/2022/0295,FAC-1103,,1,sent,sent,
4833,S/FRA/2022/0286,FAC-1102,,1,sent,sent,
4834,S/FRA/2022/0274,A9500/74286,,1,sent,sent,
5864,S/FRA/2022/0412,2022-99,,1,sent,sent,
5882,S/FRA/2022/0422,312-KF22-3725,,1,sent,sent,
5883,S/FRA/2022/0421,A10016850723-0322,,1,sent,sent,
6041,S/FRA/2022/0428,35/2022,,1,sent,sent,
6042,S/FRA/2022/0430,158,,1,sent,sent,
6366,S/FRA/2022/0429,OVIE-220075,,1,sent,sent,
6405,S/FRA/2022/0426,2022/17570,,1,sent,sent,
6412,S/FRA/2022/0431,M220062281,,1,sent,sent,
6416,S/FRA/2022/0432,Q220015347,,1,sent,sent,
6421,S/FRA/2022/0433,T/482/2022,,1,sent,sent,
6467,S/FRA/2022/0436,12/2022,,1,sent,sent,
6468,S/FRA/2022/0435,13/2022,,1,sent,sent,
6469,S/FRA/2022/0450,FRO20220734093,,1,sent,sent,
6470,S/FRA/2022/0449,365-2022,,1,sent,sent,
6493,S/FRA/2022/0437,FD22-15524,,1,sent,sent,
6495,S/FRA/2022/0447,A2202433,,1,sent,sent,
6497,S/FRA/2022/0467,03/2022/04,,1,sent,sent,
6498,S/FRA/2022/0457,VF22-04-0085,,1,sent,sent,
6499,S/FRA/2022/0444,VF22-03-0935,,1,sent,sent,
6500,S/FRA/2022/0434,18742201P0070826,,1,sent,sent,
6501,S/FRA/2022/0456,F20220400,,1,sent,sent,
6518,S/FRA/2022/0443,VF22-03-1031,,1,sent,sent,
22014,S/FRA/2024/0987,00005,,1,sent,sent,
6620,S/FRA/2022/0441,948/F,,1,sent,sent,
6621,S/FRA/2022/0439,001D000497,,1,sent,sent,
6622,S/FRA/2022/0438,001D000496,,1,sent,sent,
6623,S/FRA/2022/0446,001G000666,,1,sent,sent,
6624,S/FRA/2022/0445,2022-145,,1,sent,sent,
6625,S/FRA/2022/0451,OO/2022/003,,1,sent,sent,
6626,S/FRA/2022/0452,OO/2022/004,,1,sent,sent,
6627,S/FRA/2022/0453,057/2022,,1,sent,sent,
6629,S/FRA/2022/0458,A10016932262-0422,,1,sent,sent,
6630,S/FRA/2022/0459,312-KF22-5225,,1,sent,sent,
23310,S/FRA/2025/0139,000018,,1,sent,sent,
6633,S/FRA/2022/0455,1 000037,,1,sent,sent,
6634,S/FRA/2022/0470,A220110584,,1,sent,sent,
11659,S/FRA/2023/0339,AL 23000344,,1,sent,sent,
6637,S/FRA/2022/0468,83107,,1,sent,sent,
6639,S/FRA/2022/0474,FRO20220942991,,1,sent,sent,
6640,S/FRA/2022/0471,001G000700,,1,sent,sent,
6641,S/FRA/2022/0472,001D000510,,1,sent,sent,
6642,S/FRA/2022/0475,1408/F,,1,sent,sent,
14357,S/FRA/2023/0750,1NSN230500294809,,1,not_sent,not_sent,3000 | Factura duplicada
6645,S/FRA/2022/0476,504-2022,,1,sent,sent,
6653,S/FRA/2022/0473,002590-22,,1,sent,sent,
6655,S/FRA/2022/0461,1,,1,sent,sent,
6656,S/FRA/2022/0478,079/2022,,1,sent,sent,
6660,S/FRA/2022/0482,A2202969,,1,sent,sent,
6661,S/FRA/2022/0481,5/2022,,1,sent,sent,
6668,S/FRA/2022/0491,T/820/2022,,1,sent,sent,
6671,S/FRA/2022/0493,22/22,,1,sent,sent,
6682,S/FRA/2022/0494,101/2022,,1,sent,sent,
6711,S/FRA/2022/0499,39/22,,1,sent,sent,
6717,S/FRA/2022/0506,A2203776,,1,sent,sent,
6718,S/FRA/2022/0507,695-2022,,1,sent,sent,
6719,S/FRA/2022/0508,FRO20221169571,,1,sent,sent,
6720,S/FRA/2022/0497,FD22-26936,,1,sent,sent,
6722,S/FRA/2022/0498,18742201P0122943,,1,sent,sent,
6723,S/FRA/2022/0510,1872,,1,sent,sent,
6724,S/FRA/2022/0500,001G000731,,1,sent,sent,
6725,S/FRA/2022/0509,001D000535,,1,sent,sent,
6726,S/FRA/2022/0512,A-03/2022,,1,sent,sent,
6727,S/FRA/2022/0518,2022/AES008769,,1,sent,sent,
6728,S/FRA/2022/0520,122003159,,1,sent,sent,
6729,S/FRA/2022/0516,122003058,,1,sent,sent,
6730,S/FRA/2022/0515,2370005537,,1,sent,sent,
6734,S/FRA/2022/0571,5/2022,,1,sent,sent,
6737,S/FRA/2022/0519,FVR-220008,,1,sent,sent,
6738,S/FRA/2022/0513,2022-006,,1,sent,sent,
6739,S/FRA/2022/0578,1,,1,sent,sent,
6740,S/FRA/2022/0579,2,,1,sent,sent,
6741,S/FRA/2022/0576,004/2022,,1,sent,sent,
6742,S/FRA/2022/0577,005/2022,,1,sent,sent,
6743,S/FRA/2022/0522,555,,1,sent,sent,
6745,S/FRA/2022/0566,21/2022,,1,sent,sent,
6746,S/FRA/2022/0567,19/2022,,1,sent,sent,
6747,S/FRA/2022/0573,22-07-00014,,1,sent,sent,
6749,S/FRA/2022/0517,84408,,1,sent,sent,
6752,S/FRA/2022/0581,022034,,1,sent,sent,
6753,S/FRA/2022/0523,3690,,1,sent,sent,
6774,S/FRA/2022/0524,127/2022,,1,sent,sent,
22741,S/FRA/2025/0052,2025_4,,1,sent,sent,
6879,S/FRA/2022/0539,Q220038841,,1,sent,sent,
6850,S/FRA/2022/0535,03/2022/06,,1,sent,sent,
197,S/FRA/2021/0133,3.448/F,,1,not_sent,not_sent,
194,S/FRA/2021/0153,3.822/F,,1,not_sent,not_sent,
6851,S/FRA/2022/0575,09/2022/07,,1,sent,sent,
6852,S/FRA/2022/0568,03/2022/07,,1,sent,sent,
6853,S/FRA/2022/0551,FRO20221392247,,1,sent,sent,
6854,S/FRA/2022/0574,FD22-35132,,1,sent,sent,
6855,S/FRA/2022/0527,A10017012978-0522,,1,sent,sent,
6856,S/FRA/2022/0536,A10017093023-0622,,1,sent,sent,
6857,S/FRA/2022/0528,312-KF22-6829,,1,sent,sent,
6858,S/FRA/2022/0540,312-KF22-8303,,1,sent,sent,
6859,S/FRA/2022/0545,A2204646,,1,sent,sent,
6860,S/FRA/2022/0533,VF22-06-0096,,1,sent,sent,
6861,S/FRA/2022/0565,VF22-07-0081,,1,sent,sent,
6863,S/FRA/2022/0542,22-0032,,1,sent,sent,
6864,S/FRA/2022/0547,FA 221426,,1,sent,sent,
6876,S/FRA/2022/0541,J220098020,,1,sent,sent,
6877,S/FRA/2022/0529,Y220011928,,1,sent,sent,
6878,S/FRA/2022/0546,2355/F,,1,sent,sent,
16225,S/FRA/2023/1158,AL 23000465,,1,sent,sent,
6880,S/FRA/2022/0538,T/1011/2022,,1,sent,sent,
6881,S/FRA/2022/0537,T/1013/2022,,1,sent,sent,
6882,S/FRA/2022/0569,A10017172984-0722,,1,sent,sent,
6883,S/FRA/2022/0582,312-KF22-9911,,1,sent,sent,
6884,S/FRA/2022/0564,2022-334,,1,sent,sent,
6885,S/FRA/2022/0560,20/2022,,1,sent,sent,
6886,S/FRA/2022/0561,18/2022,,1,sent,sent,
6887,S/FRA/2022/0558,19/2022,,1,sent,sent,
6888,S/FRA/2022/0559,16/2021,,1,sent,sent,
6889,S/FRA/2022/0557,17/2022,,1,sent,sent,
21920,S/FRA/2024/0971,2024 A 0000244,,1,sent,sent,
6891,S/FRA/2022/0580,22/290,,1,sent,sent,
6892,S/FRA/2022/0585,022039,,1,sent,sent,
6893,S/FRA/2022/0587,G 108-22,,1,sent,sent,
6896,S/FRA/2022/0583,2042-22,,1,sent,sent,
6897,S/FRA/2022/0586,98209,,1,sent,sent,
6902,S/FRA/2022/0562,122003237,,1,sent,sent,
6903,S/FRA/2022/0563,122003339,,1,sent,sent,
6904,S/FRA/2022/0642,01/2022,,1,sent,sent,
6905,S/FRA/2022/0602,000267,,1,sent,sent,
6907,S/FRA/2022/0619,6/2022,,1,sent,sent,
6942,S/FRA/2022/0616,VF22-08-0076,,1,sent,sent,
6945,S/FRA/2022/0601,A2205421,,1,sent,sent,
7025,S/FRA/2022/0613,22248,,1,sent,sent,
7038,S/FRA/2022/0622,4200123456,,1,sent,sent,
7055,S/FRA/2022/0599,2022-001,,1,sent,sent,
7665,S/FRA/2022/0611,2865/F,,1,sent,sent,
7687,S/FRA/2022/0595,3344A,,1,sent,sent,
7688,S/FRA/2022/0620,122004018,,1,sent,sent,
7690,S/FRA/2022/0594,022041,,1,sent,sent,
7691,S/FRA/2022/0593,FD22-39399,,1,sent,sent,
7692,S/FRA/2022/0621,2022 A 0000145,,1,sent,sent,
7695,S/FRA/2022/0591,22202,,1,sent,sent,
7698,S/FRA/2022/0614,03/2022/08,,1,sent,sent,
7700,S/FRA/2022/0588,18742201P0176729,,1,sent,sent,
7704,S/FRA/2022/0604,138/2022,,1,sent,sent,
7705,S/FRA/2022/0605,OO/2022/008,,1,sent,sent,
7707,S/FRA/2022/0627,4/2022,,1,sent,sent,
7708,S/FRA/2022/0607,20220374,,1,sent,sent,
7709,S/FRA/2022/0617,2/2022,,1,sent,sent,
16226,S/FRA/2023/1159,AL 23000550,,1,sent,sent,
7712,S/FRA/2022/0608,A16,,1,sent,sent,
7716,S/FRA/2022/0630,2/2022,,1,sent,sent,
7717,S/FRA/2022/0634,20220200,,1,sent_modified,sent_modified,3002 | No existe el Registro
7718,S/FRA/2022/0635,3968,,1,sent,sent,
7719,S/FRA/2022/0633,A/377,,1,sent,sent,
7721,S/FRA/2022/0623,170/2022,,1,sent,sent,
7722,S/FRA/2022/0625,090-A22-002258,,1,sent,sent,
7723,S/FRA/2022/0624,01,,1,sent,sent,
7724,S/FRA/2022/0612,FA 221628,,1,sent,sent,
7725,S/FRA/2022/0658,3122/F,,1,sent,sent,
7728,S/FRA/2022/0650,55,,1,sent,sent,
7736,S/FRA/2022/0703,3.212/F,,1,sent,sent,
7738,S/FRA/2022/0707,03/2022/09,,1,sent,sent,
7744,S/FRA/2022/0709,FO2/1508,,1,sent,sent,
7745,S/FRA/2022/0637,09/2022,,1,sent,sent,
7748,S/FRA/2022/0711,VF22-08-0811,,1,sent,sent,
7749,S/FRA/2022/0697,FD22-46169,,1,sent,sent,
7750,S/FRA/2022/0698,FD22-46170,,1,sent,sent,
7751,S/FRA/2022/0695,FD22-43563,,1,sent,sent,
7752,S/FRA/2022/0712,FRO20221756552,,1,sent,sent,
7753,S/FRA/2022/0714,1129-2022,,1,sent,sent,
7754,S/FRA/2022/0638,MTA2201384,,1,sent,sent,
7755,S/FRA/2022/0645,56,,1,sent,sent,
7756,S/FRA/2022/0713,9220515086,,1,sent,sent,
7765,S/FRA/2022/0641,0202/22,,1,sent,sent,
7766,S/FRA/2022/0706,4.209A,,1,sent,sent,
7767,S/FRA/2022/0629,122004344,,1,sent,sent,
7768,S/FRA/2022/0610,2022-364,,1,sent,sent,
7769,S/FRA/2022/0685,F220012,,1,sent,sent,
7770,S/FRA/2022/0643,000065,,1,sent,sent,
7771,S/FRA/2022/0657,A/358,,1,sent,sent,
7775,S/FRA/2022/0680,000071,,1,sent,sent,
7776,S/FRA/2022/0652,062-2022,,1,sent,sent,
7779,S/FRA/2022/0609,FO2/1318,,1,sent,sent,
7780,S/FRA/2022/0660,05/23,,1,sent,sent,
7781,S/FRA/2022/0659,04/23,,1,sent,sent,
7783,S/FRA/2022/0639,157/2022,,1,sent,sent,
7785,S/FRA/2022/0716,FVR-2200015,,1,sent,sent,
7786,S/FRA/2022/0688,45/22,,1,sent,sent,
16227,S/FRA/2023/1160,AL 23000637,,1,sent,sent,
7788,S/FRA/2022/0719,A22/8480,,1,sent,sent,
7789,S/FRA/2022/0676,OO2022-02,,1,sent,sent,
7790,S/FRA/2022/0681,34/2022,,1,sent,sent,
7791,S/FRA/2022/0687,37/22,,1,sent,sent,
7792,S/FRA/2022/0678,191/2022,,1,sent,sent,
7793,S/FRA/2022/0679,192/2022,,1,sent,sent,
7794,S/FRA/2022/0677,194/2022,,1,sent,sent,
7796,S/FRA/2022/0649,A7,,1,sent,sent,
7797,S/FRA/2022/0654,1/2022,,1,sent,sent,
7798,S/FRA/2022/0647,7/2022,,1,sent,sent,
7808,S/FRA/2022/0644,004/2022,,1,sent,sent,
7809,S/FRA/2022/0671,007/2022,,1,sent,sent,
7810,S/FRA/2022/0669,LD 06/22,,1,sent,sent,
7811,S/FRA/2022/0668,08,,1,sent,sent,
7814,S/FRA/2022/0675,83/09/22,,1,sent_modified,sent_modified,
7815,S/FRA/2022/0670,2022-426,,1,sent,sent,
7816,S/FRA/2022/0646,4/2022,,1,sent,sent,
7817,S/FRA/2022/0666,5/2022,,1,sent,sent,
7818,S/FRA/2022/0672,6/2022,,1,sent,sent,
7819,S/FRA/2022/0696,022.037.,,1,sent,sent,
7820,S/FRA/2022/0663,0003/2022,,1,sent,sent,
7822,S/FRA/2022/0653,2022/003,,1,sent,sent,
7828,S/FRA/2022/0662,5/2022,,1,sent,sent,
7829,S/FRA/2022/0674,05/2022,,1,sent,sent,
7830,S/FRA/2022/0655,001/22,,1,sent,sent,
7862,S/FRA/2022/0656,39,,1,sent,sent,
7872,S/FRA/2022/0664,0004/2022,,1,sent,sent,
8221,S/FRA/2022/0648,0822,,1,sent,sent,
8222,S/FRA/2022/0651,2022105,,1,sent,sent,
8223,S/FRA/2022/0665,2022-192,,1,sent,sent,
8232,S/FRA/2022/0686,2022-0006,,1,sent,sent,
8236,S/FRA/2022/0683,0002/2022,,1,sent,sent,
8238,S/FRA/2022/0684,F220013,,1,sent,sent,
8242,S/FRA/2022/0689,952,,1,sent,sent,
8243,S/FRA/2022/0690,953,,1,sent,sent,
8244,S/FRA/2022/0691,954,,1,sent,sent,
8245,S/FRA/2022/0692,956,,1,sent,sent,
8246,S/FRA/2022/0693,958,,1,sent,sent,
8247,S/FRA/2022/0694,961,,1,sent,sent,
8248,S/FRA/2022/0789,2022-200,,1,sent,sent,
8251,S/FRA/2022/0741,09/23,,1,sent,sent,
8253,S/FRA/2022/0723,13/2022,,1,sent,sent,
8254,S/FRA/2022/0775,33/2022,,1,sent,sent,
8255,S/FRA/2022/0788,OO2022-03,,1,sent,sent,
8265,S/FRA/2022/0742,A/423,,1,sent,sent,
23291,S/FRA/2025/0069,25/ 20,,1,sent,sent,
8267,S/FRA/2022/0726,10360/22,,1,sent,sent,
8280,S/FRA/2022/0774,VF22-10-0082,,1,sent,sent,
8282,S/FRA/2022/0728,0096-2022,,1,sent,sent,
8284,S/FRA/2022/0772,03/2022/10,,1,sent,sent,
8286,S/FRA/2022/0722,D22 346,,1,sent,sent,
8287,S/FRA/2022/0721,85991,,1,sent,sent,
8288,S/FRA/2022/0699,FD22-51984,,1,sent,sent,
8289,S/FRA/2022/0725,06/2022,,1,sent,sent,
8290,S/FRA/2022/0720,002,,1,sent,sent,
8291,S/FRA/2022/0724,A8,,1,sent,sent,
8293,S/FRA/2022/0821,219,,1,sent,sent,
8294,S/FRA/2022/0786,14/22,,1,sent,sent,
8295,S/FRA/2022/0785,15/22,,1,sent,sent,
8296,S/FRA/2022/0784,105-22,,1,sent,sent,
8297,S/FRA/2022/0743,174/2022,,1,sent,sent,
8300,S/FRA/2022/0783,06/2022,,1,sent,sent,
8301,S/FRA/2022/0771,VP22/8,,1,sent,sent,
8302,S/FRA/2022/0744,AF/1639/01,,1,sent,sent,
8306,S/FRA/2022/0820,2022 A 0000186,,1,sent,sent,
8309,S/FRA/2022/0782,102-22,,1,sent,sent,
8414,S/FRA/2022/0781,09,,1,sent,sent,
8419,S/FRA/2022/0780,006/2022,,1,sent,sent,
8423,S/FRA/2022/0779,2022-09,,1,sent,sent,
8424,S/FRA/2022/0778,2022/20,,1,sent,sent,
8425,S/FRA/2022/0768,1328669,,1,sent,sent,
8426,S/FRA/2022/0767,10/2022,,1,sent,sent,
8427,S/FRA/2022/0766,307,,1,sent,sent,
8429,S/FRA/2022/0764,22-0057,,1,sent,sent,
8430,S/FRA/2022/0763,22-0058,,1,sent,sent,
8431,S/FRA/2022/0762,22-0064,,1,sent,sent,
23292,S/FRA/2025/0224,25/ 21,,1,sent,sent,
8434,S/FRA/2022/0761,A322556,,1,sent,sent,
8435,S/FRA/2022/0760,A2207059,,1,sent,sent,
8447,S/FRA/2022/0749,09412600031,,1,sent,sent,
8448,S/FRA/2022/0748,09412600027,,1,sent,sent,
8449,S/FRA/2022/0747,0078,,1,sent,sent,
8451,S/FRA/2022/0746,D22 373,,1,sent,sent,
8452,S/FRA/2022/0745,D22 384,,1,sent,sent,
8454,S/FRA/2022/0776,002/22,,1,sent,sent,
8457,S/FRA/2022/0825,MTA2201660,,1,sent,sent,
8480,S/FRA/2022/0867,22,,1,sent,sent,
8481,S/FRA/2022/0819,OO01/2022,,1,sent,sent,
8482,S/FRA/2022/0818,46/22,,1,sent,sent,
8483,S/FRA/2022/0817,122004715,,1,sent,sent,
8484,S/FRA/2022/0816,F075-2022,,1,sent,sent,
8486,S/FRA/2022/0824,07/23,,1,sent,sent,
8487,S/FRA/2022/0815,122004965,,1,sent,sent,
8491,S/FRA/2022/0813,FNLC193220003022,,1,sent,sent,
8492,S/FRA/2022/0812,D22 392,,1,sent,sent,
8493,S/FRA/2022/0811,3/3,,1,sent,sent,
8494,S/FRA/2022/0810,0002920,,1,sent,sent,
8495,S/FRA/2022/0809,000334,,1,sent,sent,
8496,S/FRA/2022/0808,000335,,1,sent,sent,
8499,S/FRA/2022/0823,10 2022,,1,sent,sent,
8500,S/FRA/2022/0822,P02/2022,,1,sent,sent,
8501,S/FRA/2022/0807,A2207517,,1,sent,sent,
8503,S/FRA/2022/0806,122004099,,1,sent,sent,
8504,S/FRA/2022/0805,122004081,,1,sent,sent,
8505,S/FRA/2022/0840,3636/F,,1,sent,sent,
22423,S/FRA/2024/1029,A2409221,,1,sent,sent,
8508,S/FRA/2022/0802,14,,1,sent,sent,
8509,S/FRA/2022/0801,CR-22-10-00038,,1,sent,sent,
8510,S/FRA/2022/0800,00008337,,1,sent,sent,
8511,S/FRA/2022/0799,LD 09/22,,1,sent,sent,
8512,S/FRA/2022/0839,23,,1,sent,sent,
8516,S/FRA/2022/0798,A10,,1,sent,sent,
8517,S/FRA/2022/0797,LD 07/22,,1,sent,sent,
8518,S/FRA/2022/0796,A/22-0265,,1,sent,sent,
8519,S/FRA/2022/0795,4/22,,1,sent,sent,
15128,S/FRA/2023/0980,000299,,1,sent,sent,
8523,S/FRA/2022/0791,AF/1671/01,,1,sent_modified,sent_modified,
8524,S/FRA/2022/0792,AF/1672/01,,1,sent,sent,
8525,S/FRA/2022/0793,AF/1673/01,,1,sent,sent,
8526,S/FRA/2022/0838,0922,,1,sent,sent,
8527,S/FRA/2022/0879,2022-00778,,1,sent,sent,
8528,S/FRA/2022/0872,30222,,1,sent,sent,
8529,S/FRA/2022/0865,0236/22,,1,sent,sent,
8531,S/FRA/2022/0891,FV21331,FV21331: FV21331,1,sent,sent,
8532,S/FRA/2022/0837,221122,,1,sent,sent,
8533,S/FRA/2022/0836,35/2022,,1,sent,sent,
8535,S/FRA/2022/0835,15,,1,sent,sent,
8870,S/FRA/2022/0833,4546,,1,sent,sent,
8871,S/FRA/2022/0832,P22/0000083,,1,sent,sent,
8872,S/FRA/2022/0941,2022-459,,1,sent,sent,
8873,S/FRA/2022/0831,A2207831,,1,sent,sent,
8874,S/FRA/2022/0830,A2204246,,1,sent,sent,
8875,S/FRA/2022/0829,A2206284,,1,sent,sent,
8876,S/FRA/2022/0828,11/23,,1,sent,sent,
8878,S/FRA/2022/0826,AF/1683/01,,1,sent,sent,
8879,S/FRA/2022/0827,AF/1684/01,,1,sent,sent,
8880,S/FRA/2022/0847,FA 221838,,1,sent,sent,
8881,S/FRA/2022/0878,FRO20222177901,,1,sent,sent,
8882,S/FRA/2022/0858,FRO20221961661,,1,sent,sent,
8888,S/FRA/2022/0894,P22/0000093,,1,sent,sent,
8889,S/FRA/2022/0857,FA 222066,,1,sent,sent,
8891,S/FRA/2022/0898,05/2022,,1,sent,sent,
8892,S/FRA/2022/0860,FD22-53238,,1,sent,sent,
8893,S/FRA/2022/0861,FD22-53415,,1,sent,sent,
8894,S/FRA/2022/0863,FD22-55034,,1,sent,sent,
8895,S/FRA/2022/0875,FD22-58651,,1,sent,sent,
8896,S/FRA/2022/0899,16,,1,sent,sent,
8897,S/FRA/2022/0869,9/2022,,1,sent,sent,
23502,S/FRA/2025/0194,000D008112,,1,sent,sent,
22407,S/FRA/2024/1063,187-24,,1,sent,sent,
8910,S/FRA/2022/0893,022251,,1,sent,sent,
8913,S/FRA/2022/0871,7/2022,,1,sent,sent,
8914,S/FRA/2022/0870,8/2022,,1,sent,sent,
8931,S/FRA/2022/0852,00005142,,1,sent,sent,
8932,S/FRA/2022/0850,VF22-09-0084,,1,sent,sent,
8933,S/FRA/2022/0895,VF22-11-0089,,1,sent,sent,
8935,S/FRA/2022/0842,L220084530,,1,sent,sent,
8936,S/FRA/2022/0845,G220085405,,1,sent,sent,
8937,S/FRA/2022/0853,S220072610,,1,sent,sent,
8938,S/FRA/2022/0866,O220047776,,1,sent,sent,
8939,S/FRA/2022/0900,312-KF22-15757,,1,sent,sent,
8940,S/FRA/2022/0864,312-KF22-14282,,1,sent,sent,
8941,S/FRA/2022/0851,312-KF22-12882,,1,sent,sent,
8942,S/FRA/2022/0844,312-KF22-11338,,1,sent,sent,
8943,S/FRA/2022/0843,A10017252682-0822,,1,sent,sent,
8944,S/FRA/2022/0849,A10017331075-0922,,1,sent,sent,
8945,S/FRA/2022/0862,A10017409871-1022,,1,sent,sent,
8946,S/FRA/2022/0896,A10017487940-1122,,1,sent,sent,
8947,S/FRA/2022/0897,A10017449361-1122,,1,sent,sent,
8948,S/FRA/2022/0901,OO2022-05,,1,sent,sent,
8953,S/FRA/2022/0889,187/2022,,1,sent,sent,
9021,S/FRA/2022/0908,11/2022,,1,sent,sent,
9028,S/FRA/2022/0907,2022/000001,,1,sent,sent,
9030,S/FRA/2022/0906,22/21,,1,sent,sent,
9031,S/FRA/2022/0905,C11-2022,,1,sent,sent,
9032,S/FRA/2022/0938,G 176-22,,1,sent,sent,
9033,S/FRA/2022/0904,2022_08,,1,sent,sent,
9034,S/FRA/2022/0937,22000859,,1,sent,sent,
9035,S/FRA/2022/0903,2022-246,,1,sent,sent,
9036,S/FRA/2022/0936,22000866,,1,sent,sent,
9037,S/FRA/2022/0902,2022/004,,1,sent,sent,
9039,S/FRA/2022/0935,022270,,1,sent,sent,
9040,S/FRA/2022/0934,3,,1,sent,sent,
9043,S/FRA/2022/0932,2022-249,,1,sent,sent,
15127,S/FRA/2023/0981,000298,,1,sent,sent,
22018,S/FRA/2024/0984,143/2024,,1,sent,sent,
9050,S/FRA/2022/0925,18742201P0227301,,1,sent,sent,
9051,S/FRA/2022/0942,215,,1,sent,sent,
9054,S/FRA/2022/0923,47/2022,,1,sent,sent,
195,S/FRA/2021/0152,3.455/F,,1,not_sent,not_sent,
9055,S/FRA/2022/0922,209/2022,,1,sent,sent,
9056,S/FRA/2022/0921,210/2022,,1,sent,sent,
9058,S/FRA/2022/0920,207/2022,,1,sent,sent,
9059,S/FRA/2022/0919,212/2022,,1,sent,sent,
9060,S/FRA/2022/0918,208/2022,,1,sent,sent,
9061,S/FRA/2022/0917,02-2022,,1,sent,sent,
9062,S/FRA/2022/0916,193/2022,,1,sent,sent,
9063,S/FRA/2022/0915,211/2022,,1,sent,sent,
9064,S/FRA/2022/0914,D22 446,,1,sent,sent,
9065,S/FRA/2022/0913,005,,1,sent,sent,
9068,S/FRA/2022/0911,5.824,,1,sent,sent,
9069,S/FRA/2022/0910,5.823,,1,sent,sent,
9070,S/FRA/2022/0909,5.822,,1,sent,sent,
9077,S/FRA/2022/0943,05/2022,,1,sent,sent,
9080,S/FRA/2022/0957,2221248,,1,sent,sent,
16626,S/FRA/2024/0075,000D004211,,1,sent,sent,
9084,S/FRA/2022/0954,OO2022-04,,1,sent,sent,
9085,S/FRA/2022/0953,09/2022,,1,sent,sent,
9088,S/FRA/2022/0952,3919,,1,sent,sent,
9092,S/FRA/2022/0951,18742201P0087513,,1,sent,sent,
9093,S/FRA/2022/0950,N220035783,,1,sent,sent,
9094,S/FRA/2022/0949,004,,1,sent,sent,
9096,S/FRA/2022/0945,124/2022,,1,sent,sent,
9097,S/FRA/2022/0944,LD 11/22,,1,sent,sent,
9098,S/FRA/2022/0947,2,,1,sent,sent,
9099,S/FRA/2022/0946,22223,,1,sent,sent,
9103,S/FRA/2022/0959,FRO20222404090,,1,sent,sent,
9104,S/FRA/2022/0958,221264,,1,sent,sent,
9105,S/FRA/2022/0971,221/2022,,1,sent,sent,
9107,S/FRA/2022/0968,2,,1,sent,sent,
9109,S/FRA/2022/0969,7616/22,,1,sent,sent,
9110,S/FRA/2022/0966,0283/22,,1,sent,sent,
9111,S/FRA/2022/0960,AF/1708/02,,1,sent,sent,
9112,S/FRA/2022/0961,AF/1709/01,,1,sent,sent,
9115,S/FRA/2022/0965,F/22557,,1,sent,sent,
9117,S/FRA/2022/0964,G 178-22,,1,sent,sent,
9118,S/FRA/2022/0963,39/2022,,1,sent,sent,
9120,S/FRA/2022/0980,A/506,,1,sent,sent,
9132,S/FRA/2022/0979,22/046,,1,sent,sent,
9144,S/FRA/2022/0974,6.107A,,1,sent,sent,
9147,S/FRA/2022/0981,195/2022,,1,sent,sent,
18,S/FRA/2021/0001,2.622/F,,1,not_sent,not_sent,
19,S/FRA/2021/0028,9216100006,,1,not_sent,not_sent,
20,S/FRA/2021/0029,9216100005,,1,not_sent,not_sent,
487,S/FRA/2021/0319,AF/1360/01,,1,sent,sent,
488,S/FRA/2021/0320,AF/0860/01,,1,sent,sent,
489,S/FRA/2021/0321,AF/1362/01,,1,sent,sent,
490,S/FRA/2021/0322,AF/1010/01,,1,sent,sent,
491,S/FRA/2021/0323,AF/1363/01,,1,sent,sent,
492,S/FRA/2021/0324,AF/1364/01,,1,sent,sent,
493,S/FRA/2021/0325,AF/1366/01,,1,sent,sent,
495,S/FRA/2021/0327,AF/1368/01,,1,not_sent,not_sent,
498,S/FRA/2021/0330,AF/0869/01,,1,sent,sent,
499,S/FRA/2021/0331,AF/1371/01,,1,sent,sent,
500,S/FRA/2021/0332,AF/0860/02,,1,sent,sent,
510,S/FRA/2021/0333,AF/1364/02,,1,sent,sent,
562,S/FRA/2021/0380,Q210050983,,1,sent,sent,
563,S/FRA/2021/0379,AN141,,1,sent,sent,
573,S/FRA/2021/0369,312-KF21-14080,,1,sent,sent,
574,S/FRA/2021/0368,A10016349459-0921,,1,sent,sent,
575,S/FRA/2021/0367,148/2021,,1,sent,sent,
576,S/FRA/2021/0366,2021-306,,1,sent,sent,
578,S/FRA/2021/0364,A/21-0136,,1,sent,sent,
579,S/FRA/2021/0363,001G000417,,1,sent,sent,
580,S/FRA/2021/0362,001D000271,,1,sent,sent,
581,S/FRA/2021/0361,001D000269,,1,sent,sent,
582,S/FRA/2021/0360,2.907/F,,1,sent,sent,
583,S/FRA/2021/0359,2.906/F,,1,sent,sent,
584,S/FRA/2021/0358,2.905/F,,1,sent,sent,
585,S/FRA/2021/0357,2.903/F,,1,sent,sent,
586,S/FRA/2021/0356,2.902/F,,1,sent,sent,
587,S/FRA/2021/0355,2.899/F,,1,sent,sent,
588,S/FRA/2021/0354,2.901/F,,1,sent,sent,
589,S/FRA/2021/0353,2.904/F,,1,sent,sent,
590,S/FRA/2021/0352,2.889/F,,1,sent,sent,
591,S/FRA/2021/0351,2.888/F,,1,sent,sent,
592,S/FRA/2021/0350,20211021,,1,sent,sent,
24409,S/FRA/2025/0330,A 2594,,1,sent,sent,
594,S/FRA/2021/0348,5247,,1,sent,sent,
595,S/FRA/2021/0347,3.949 A,,1,sent,sent,
596,S/FRA/2021/0346,3.984 A,,1,sent,sent,
597,S/FRA/2021/0345,3.702 A,,1,sent,sent,
598,S/FRA/2021/0344,VF21-09-0074,,1,sent,sent,
600,S/FRA/2021/0342,21FCP00041,,1,sent,sent,
601,S/FRA/2021/0341,A01/21,,1,sent,sent,
602,S/FRA/2021/0340,218,,1,sent,sent,
603,S/FRA/2021/0339,217,,1,sent,sent,
16228,S/FRA/2023/1163,AL 23000766,,1,sent,sent,
607,S/FRA/2021/0337,21-0019,,1,sent,sent,
608,S/FRA/2021/0336,A2106224,,1,sent,sent,
609,S/FRA/2021/0335,13,,1,sent,sent,
610,S/FRA/2021/0334,1169-2021,,1,sent,sent,
11681,S/FRA/2023/0800,18742301P0123415,,1,not_sent,not_sent,3000 | Factura duplicada
12371,S/FRA/2023/0875,1844-GF,,1,not_sent,not_sent,3000 | Factura duplicada
13367,S/FRA/2023/0877,FV21613,FV21613,1,not_sent,not_sent,3000 | Factura duplicada
13499,S/FRA/2023/0876,FV21619,FV21619,1,not_sent,not_sent,3000 | Factura duplicada
13570,S/FRA/2023/0804,FO3/1598,,1,not_sent,not_sent,3000 | Factura duplicada
13870,S/FRA/2023/0789,65255,,1,sent,sent,
14074,S/FRA/2023/0751,152-23,,1,not_sent,not_sent,3000 | Factura duplicada
14075,S/FRA/2023/0734,6159,,1,not_sent,not_sent,3000 | Factura duplicada
14076,S/FRA/2023/0770,20,,1,not_sent,not_sent,3000 | Factura duplicada
14100,S/FRA/2023/0765,1638812,,1,not_sent,not_sent,3000 | Factura duplicada
14101,S/FRA/2023/0664,1180184138,NEXT,1,not_sent,not_sent,3000 | Factura duplicada
14102,S/FRA/2023/0656,5-2023,,1,sent,sent,
14103,S/FRA/2023/0654,D23 411,,1,sent,sent,
14104,S/FRA/2023/0733,006/2023,,1,not_sent,not_sent,3000 | Factura duplicada
14106,S/FRA/2023/0774,009/2023,,1,not_sent,not_sent,3000 | Factura duplicada
14109,S/FRA/2023/0772,05/2023,,1,not_sent,not_sent,3000 | Factura duplicada
14125,S/FRA/2023/0790,2023000942,,1,not_sent,not_sent,3000 | Factura duplicada
14127,S/FRA/2023/0659,34/2023,,1,not_sent,not_sent,3000 | Factura duplicada
14128,S/FRA/2023/0653,143/2023,,1,sent,sent,
14132,S/FRA/2023/0652,140/2023,,1,sent,sent,
14140,S/FRA/2023/0658,0151-2023,,1,not_sent,not_sent,3000 | Factura duplicada
14144,S/FRA/2023/0670,A000032485,,1,not_sent,not_sent,3000 | Factura duplicada
14162,S/FRA/2023/0671,38/2023,,1,not_sent,not_sent,3000 | Factura duplicada
14358,S/FRA/2023/0748,1NSN230400036325,,1,not_sent,not_sent,3000 | Factura duplicada
24180,S/FRA/2025/0279,1NSN250300599637,,1,sent,sent,
14165,S/FRA/2023/0701,INV-ES-1582215085-2023-83,,1,not_sent,not_sent,3000 | Factura duplicada
14168,S/FRA/2023/0668,95-211053,,1,not_sent,not_sent,3000 | Factura duplicada
14169,S/FRA/2023/0667,95-211244,,1,not_sent,not_sent,3000 | Factura duplicada
14170,S/FRA/2023/0768,20230470,,1,not_sent,not_sent,3000 | Factura duplicada
16689,S/FRA/2024/0054,1NSN240200037579,,1,sent,sent,
24181,S/FRA/2025/0278,1NSN250400076233,,1,sent,sent,
14173,S/FRA/2023/0669,95-21 686,,1,not_sent,not_sent,3000 | Factura duplicada
18292,S/FRA/2024/0280,1NSN240300391872,,1,sent,sent,
14176,S/FRA/2023/0655,09423006673,,1,sent,sent,
18999,S/FRA/2024/0367,1NSN240600014926,,1,sent,sent,
24182,S/FRA/2025/0277,1NSN250400089635,,1,sent,sent,
14179,S/FRA/2023/0665,53,,1,not_sent,not_sent,3000 | Factura duplicada
14180,S/FRA/2023/0660,2023/003,,1,not_sent,not_sent,3000 | Factura duplicada
14181,S/FRA/2023/0662,1808,,1,not_sent,not_sent,3000 | Factura duplicada
14182,S/FRA/2023/0663,9553,,1,not_sent,not_sent,3000 | Factura duplicada
14183,S/FRA/2023/0704,INV-DE-1857833635-2023-432,NEXT,1,not_sent,not_sent,3000 | Factura duplicada
19374,S/FRA/2024/0427,1NSN240700374261,,1,sent,sent,
22398,S/FRA/2024/1037,1NSN241000156554,,1,sent,sent,
14188,S/FRA/2023/0657,7/2023,,1,not_sent,not_sent,3000 | Factura duplicada
14195,S/FRA/2023/0661,5,,1,not_sent,not_sent,3000 | Factura duplicada
14214,S/FRA/2023/0872,FA2310597,,1,not_sent,not_sent,3000 | Factura duplicada
14217,S/FRA/2023/0868,FA2300317,,1,not_sent,not_sent,3000 | Factura duplicada
14302,S/FRA/2023/0773,03/2023,,1,not_sent,not_sent,3000 | Factura duplicada
14332,S/FRA/2023/0681,A10018064003-0723,,1,not_sent,not_sent,3000 | Factura duplicada
14334,S/FRA/2023/0675,312-KF23-8490,,1,not_sent,not_sent,3000 | Factura duplicada
14335,S/FRA/2023/0683,A10018101540-0723,,1,not_sent,not_sent,3000 | Factura duplicada
14336,S/FRA/2023/0674,312-KF23-9831,,1,not_sent,not_sent,3000 | Factura duplicada
14337,S/FRA/2023/0682,A10018110851-0823,,1,not_sent,not_sent,3000 | Factura duplicada
14338,S/FRA/2023/0676,A10018177076-0823,,1,not_sent,not_sent,3000 | Factura duplicada
14340,S/FRA/2023/0677,A10018215567-0923,,1,not_sent,not_sent,3000 | Factura duplicada
14341,S/FRA/2023/0672,A10018254454-0923,,1,not_sent,not_sent,3000 | Factura duplicada
14342,S/FRA/2023/0678,312-KF23-11152,,1,not_sent,not_sent,3000 | Factura duplicada
14343,S/FRA/2023/0679,312-KF23-12532,,1,not_sent,not_sent,3000 | Factura duplicada
14344,S/FRA/2023/0680,A10018292469-1023,,1,not_sent,not_sent,3000 | Factura duplicada
14345,S/FRA/2023/0673,A10018331078-1023,,1,not_sent,not_sent,3000 | Factura duplicada
14347,S/FRA/2023/0749,1NSN230700326468,,1,not_sent,not_sent,3000 | Factura duplicada
14348,S/FRA/2023/0738,HSN230400348082,,1,not_sent,not_sent,3000 | Factura duplicada
24491,S/FRA/2025/0358,11/2025,,1,sent,sent,
14354,S/FRA/2023/0747,1NSN231000105281,,1,sent,sent,
21795,S/FRA/2024/0943,OO202406,,1,sent_modified,sent_modified,
16229,S/FRA/2023/1164,AL 23000807,,1,sent,sent,
21640,S/FRA/2024/0921,1569/24,,1,sent,sent,
23260,S/FRA/2025/0090,20250006,,1,sent,sent,
14384,S/FRA/2023/0785,75,,1,not_sent,not_sent,3000 | Factura duplicada
22401,S/FRA/2024/1034,1NSN241200023623,,1,sent,sent,
14389,S/FRA/2023/0775,A6,,1,not_sent,not_sent,3000 | Factura duplicada
14390,S/FRA/2023/0781,2023-006,,1,not_sent,not_sent,3000 | Factura duplicada
14391,S/FRA/2023/0742,1TSN230800390772,,1,sent,sent,
14392,S/FRA/2023/0743,1TSN230900356622,,1,sent,sent,
14395,S/FRA/2023/0786,05-2023,,1,not_sent,not_sent,3000 | Factura duplicada
14406,S/FRA/2023/0776,11,,1,not_sent,not_sent,3000 | Factura duplicada
20080,S/FRA/2024/0558,3.899/F,,1,sent,sent,
14410,S/FRA/2023/0795,230235,NEXT,1,not_sent,not_sent,3000 | Factura duplicada
23938,S/FRA/2025/0272,A252031902,,1,sent,sent,
14412,S/FRA/2023/0782,20230538,,1,not_sent,not_sent,3000 | Factura duplicada
14413,S/FRA/2023/0787,24,,1,not_sent,not_sent,3000 | Factura duplicada
14414,S/FRA/2023/0788,2023-291,,1,not_sent,not_sent,3000 | Factura duplicada
14432,S/FRA/2023/0801,47/2023,,1,not_sent,not_sent,3000 | Factura duplicada
14433,S/FRA/2023/0777,A163548,,1,not_sent,not_sent,3000 | Factura duplicada
14434,S/FRA/2023/0778,4200138563,,1,not_sent,not_sent,3000 | Factura duplicada
20397,S/FRA/2024/0659,000002 TB 011797,,1,sent,sent,
14447,S/FRA/2023/0792,FV230834/71,NEXT,1,not_sent,not_sent,3000 | Factura duplicada
14449,S/FRA/2023/0793,3796,NEXT,1,not_sent,not_sent,3000 | Factura duplicada
14451,S/FRA/2023/0805,154-2023,,1,not_sent,not_sent,3000 | Factura duplicada
14452,S/FRA/2023/0797,9/2023,,1,not_sent,not_sent,3000 | Factura duplicada
14453,S/FRA/2023/0803,412/2023C,,1,not_sent,not_sent,3000 | Factura duplicada
14461,S/FRA/2023/0802,1TSN231000379010,,1,sent,sent,
14522,S/FRA/2023/0820,A-1434,,1,sent,sent,
14523,S/FRA/2023/0798,07/23,,1,not_sent,not_sent,3000 | Factura duplicada
14562,S/FRA/2023/0796,AF/1908/01,,1,not_sent,not_sent,3000 | Factura duplicada
14564,S/FRA/2023/0836,10/20/2023 del 30/10/2023,,1,not_sent,not_sent,3000 | Factura duplicada
14571,S/FRA/2023/0857,000D003579,,1,not_sent,not_sent,3000 | Factura duplicada
14572,S/FRA/2023/0856,000D003580,,1,not_sent,not_sent,3000 | Factura duplicada
14573,S/FRA/2023/0855,000G004231,,1,not_sent,not_sent,3000 | Factura duplicada
14574,S/FRA/2023/0854,000G004232,,1,not_sent,not_sent,3000 | Factura duplicada
14575,S/FRA/2023/0853,000G004233,,1,not_sent,not_sent,3000 | Factura duplicada
14576,S/FRA/2023/0906,FO3/1973,,1,sent,sent,
14578,S/FRA/2023/0810,FM23-2397,,1,not_sent,not_sent,3000 | Factura duplicada
14579,S/FRA/2023/0809,FM23-2476,,1,not_sent,not_sent,3000 | Factura duplicada
14580,S/FRA/2023/0816,FRO20232013476,,1,not_sent,not_sent,3000 | Factura duplicada
14581,S/FRA/2023/0866,4.421/F,,1,not_sent,not_sent,3000 | Factura duplicada
14582,S/FRA/2023/0865,FA 232408,,1,not_sent,not_sent,3000 | Factura duplicada
14583,S/FRA/2023/0864,000258,,1,not_sent,not_sent,3000 | Factura duplicada
14584,S/FRA/2023/0863,000259,,1,not_sent,not_sent,3000 | Factura duplicada
14585,S/FRA/2023/0819,03/2023/11,,1,sent,sent,
14586,S/FRA/2023/0821,A2307690,,1,not_sent,not_sent,3000 | Factura duplicada
14587,S/FRA/2023/0808,000260,,1,not_sent,not_sent,3000 | Factura duplicada
14588,S/FRA/2023/0822,1301-2023,,1,not_sent,not_sent,3000 | Factura duplicada
14608,S/FRA/2023/0827,39/2023,,1,sent,sent,
14609,S/FRA/2023/0811,12,,1,not_sent,not_sent,3000 | Factura duplicada
14610,S/FRA/2023/0834,101,,1,sent,sent,
14611,S/FRA/2023/0869,FA2300318,,1,not_sent,not_sent,3000 | Factura duplicada
14612,S/FRA/2023/0852,23-0061,,1,not_sent,not_sent,3000 | Factura duplicada
14613,S/FRA/2023/0851,23-0062,,1,not_sent,not_sent,3000 | Factura duplicada
14614,S/FRA/2023/0850,23-0065,,1,not_sent,not_sent,3000 | Factura duplicada
14615,S/FRA/2023/0849,23-0066,,1,not_sent,not_sent,3000 | Factura duplicada
14616,S/FRA/2023/0862,23/664,,1,not_sent,not_sent,3000 | Factura duplicada
14619,S/FRA/2023/0848,23-0068,,1,sent,sent,
14641,S/FRA/2023/0837,23OOO6O4,,1,not_sent,not_sent,3000 | Factura duplicada
14643,S/FRA/2023/0823,59,,1,not_sent,not_sent,3000 | Factura duplicada
23358,S/FRA/2025/0134,A10019539590-0225,,1,sent,sent,
14647,S/FRA/2023/0814,207,,1,not_sent,not_sent,3000 | Factura duplicada
14648,S/FRA/2023/0815,200,,1,not_sent,not_sent,3000 | Factura duplicada
24183,S/FRA/2025/0276,1NSN250400089636,,1,sent,sent,
14649,S/FRA/2023/0824,95-212498,,1,not_sent,not_sent,3000 | Factura duplicada
14650,S/FRA/2023/0826,95-212747,,1,not_sent,not_sent,3000 | Factura duplicada
14651,S/FRA/2023/0825,95-212095,,1,not_sent,not_sent,3000 | Factura duplicada
14652,S/FRA/2023/0847,VF23-11-0094,,1,sent,sent,
16230,S/FRA/2023/1166,AL 23000893,,1,sent,sent,
14654,S/FRA/2023/0813,SI179,,1,sent,sent,
14655,S/FRA/2023/0812,SI180,,1,sent_modified,sent_modified,
14656,S/FRA/2023/0828,A10018368654-1123,,1,sent,sent,
14657,S/FRA/2023/0829,A10018406895-1123,,1,sent,sent,
14658,S/FRA/2023/0807,2242738,,1,not_sent,not_sent,3000 | Factura duplicada
14659,S/FRA/2023/0861,B00053241,,1,not_sent,not_sent,3000 | Factura duplicada
14665,S/FRA/2023/0830,FQ23/062650,,1,sent,sent,
14666,S/FRA/2023/0845,TB-2023-F 56,,1,not_sent,not_sent,3000 | Factura duplicada
14667,S/FRA/2023/0844,TB-2023-F 57,,1,not_sent,not_sent,3000 | Factura duplicada
14668,S/FRA/2023/0843,TB-2023-F 67,,1,not_sent,not_sent,3000 | Factura duplicada
14669,S/FRA/2023/0860,TB-2023-F 71,,1,not_sent,not_sent,3000 | Factura duplicada
14670,S/FRA/2023/0842,TB-2023-F 58,,1,not_sent,not_sent,3000 | Factura duplicada
14671,S/FRA/2023/0841,TB-2023-F 38,,1,not_sent,not_sent,3000 | Factura duplicada
14672,S/FRA/2023/0840,5.615,,1,not_sent,not_sent,3000 | Factura duplicada
14673,S/FRA/2023/0859,0166-2023,,1,sent,sent,
14684,S/FRA/2023/0858,312-KF23-13818,,1,sent,sent,
14687,S/FRA/2023/0846,4TM00120777,,1,sent,sent,
14693,S/FRA/2023/0878,OO/2023/011,,1,not_sent,not_sent,3000 | Factura duplicada
14694,S/FRA/2023/0883,151555,,1,sent,sent,
14695,S/FRA/2023/0880,A 20230682,,1,sent,sent,
14697,S/FRA/2023/0882,56-23,,1,sent,sent,
14698,S/FRA/2023/0884,A23/116,,1,sent,sent,
14699,S/FRA/2023/0879,2023-311 TV,,1,sent,sent,
14705,S/FRA/2023/0881,18/2023,,1,sent,sent,
14708,S/FRA/2023/0925,001478,,1,sent,sent,
14709,S/FRA/2023/0932,9/23,,1,sent,sent,
14710,S/FRA/2023/0889,07/2023,,1,sent,sent,
14711,S/FRA/2023/0918,173-2023,,1,sent,sent,
14712,S/FRA/2023/0922,8/2023,,1,sent,sent,
14817,S/FRA/2023/0911,FA23/634,,1,sent,sent,
14818,S/FRA/2023/0905,23-0069,,1,sent,sent,
14819,S/FRA/2023/0894,D23 462,,1,sent,sent,
14831,S/FRA/2023/0886,023-011,,1,sent,sent,
14836,S/FRA/2023/0907,1-2023,,1,sent,sent,
14837,S/FRA/2023/0928,C9/2023,,1,sent,sent,
14838,S/FRA/2023/0924,A/FA00343,,1,sent,sent,
14839,S/FRA/2023/0919,957,,1,sent,sent,
14860,S/FRA/2023/0885,023-012,,1,sent,sent,
14861,S/FRA/2023/0904,0167-2023,,1,sent,sent,
14862,S/FRA/2023/0896,1-015/2023,,1,sent,sent,
14863,S/FRA/2023/0888,23/631,,1,sent,sent,
14864,S/FRA/2023/0933,002,,1,sent,sent,
14865,S/FRA/2023/0915,23/15,,1,sent,sent,
14866,S/FRA/2023/0914,23/16,,1,sent,sent,
14867,S/FRA/2023/0890,09/2023,,1,sent,sent,
14869,S/FRA/2023/0887,OO2023-04,,1,sent,sent,
14870,S/FRA/2023/0913,42/2023,,1,sent,sent,
14871,S/FRA/2023/0912,41/2023,,1,sent,sent,
14872,S/FRA/2023/0926,174-23,,1,sent,sent,
14873,S/FRA/2023/0892,159/2023,,1,sent,sent,
14874,S/FRA/2023/0893,160/2023,,1,sent,sent,
14875,S/FRA/2023/0891,6.493,,1,sent,sent,
14877,S/FRA/2023/0929,03,,1,sent,sent,
14878,S/FRA/2023/0916,007/2023,,1,sent,sent,
14879,S/FRA/2023/0935,010/2023,,1,sent,sent,
14928,S/FRA/2023/0921,10/2023,,1,sent,sent,
14935,S/FRA/2023/0936,11/2023/1,,1,sent,sent,
14936,S/FRA/2023/0917,159-2023,,1,sent,sent,
14937,S/FRA/2023/0934,EE16/2023,,1,sent,sent,
14938,S/FRA/2023/0927,09/2023,,1,sent,sent,
14941,S/FRA/2023/0909,02/2023,,1,sent,sent,
14942,S/FRA/2023/0930,08/2023,,1,sent,sent,
14943,S/FRA/2023/0898,FAC-1404,,1,sent,sent,
14957,S/FRA/2023/0895,A/2888/2023,,1,sent,sent,
23780,S/FRA/2025/0238,A10019576402-0325,,1,sent,sent,
14959,S/FRA/2023/0939,19/2023,,1,sent,sent,
24190,S/FRA/2025/0275,F20250523,,1,sent,sent,
14964,S/FRA/2023/0910,95-213458,,1,sent,sent,
22393,S/FRA/2025/0010,A10019427377-0125,,1,sent,sent,
14969,S/FRA/2023/0908,63,,1,sent,sent,
25271,S/FRA/2025/0484,F250144,,1,not_sent,not_sent,
14970,S/FRA/2023/0899,09413001436,,1,sent,sent,
14971,S/FRA/2023/1008,240,,1,sent,sent,
23468,S/FRA/2025/0205,F250091070,,1,sent,sent,
14974,S/FRA/2023/0937,1/4,,1,sent,sent,
24570,S/FRA/2025/0371,23-2025,,1,sent,sent,
24538,S/FRA/2025/0369,025.041,,1,sent,sent,
14978,S/FRA/2023/0962,20230574,,1,sent,sent,
5874,S/FRA/2022/0266,09411000965,,1,sent,sent,
15000,S/FRA/2023/0948,123004907,,1,sent,sent,
15001,S/FRA/2023/0952,2,,1,sent,sent,
15002,S/FRA/2023/0945,F140-2023,,1,sent,sent,
15004,S/FRA/2023/0966,EF122902,,1,sent,sent,
15005,S/FRA/2023/0955,176-2023,,1,sent,sent,
15034,S/FRA/2023/0940,05/2023,,1,sent,sent,
15035,S/FRA/2023/0968,23001,,1,sent,sent,
15036,S/FRA/2023/0967,22/2023,,1,sent,sent,
15037,S/FRA/2023/0963,11.2023,,1,sent,sent,
15038,S/FRA/2023/0953,UN-302/23,,1,sent,sent,
15039,S/FRA/2023/0954,N-678/23,,1,sent,sent,
15040,S/FRA/2023/0979,23-0071,,1,sent,sent,
15041,S/FRA/2023/0978,23-0072,,1,sent,sent,
15042,S/FRA/2023/0977,23-0073,,1,sent,sent,
15043,S/FRA/2023/0976,23-0074,,1,sent,sent,
15044,S/FRA/2023/1071,5/2023,,1,sent,sent,
15045,S/FRA/2023/0942,1TSN231100384756,,1,sent,sent,
15071,S/FRA/2023/0959,0/230739,,1,sent,sent,
15072,S/FRA/2023/0950,A-1562,,1,sent,sent,
15073,S/FRA/2023/0983,FA 232774,,1,sent,sent,
15074,S/FRA/2023/0961,A2308126,,1,sent,sent,
15075,S/FRA/2023/1048,FO3/2142,,1,sent,sent,
15076,S/FRA/2023/1046,TB-2023-F 75,,1,sent,sent,
15077,S/FRA/2023/1045,TB-2023-F 76,,1,sent,sent,
15078,S/FRA/2023/1044,TB-2023-F 77,,1,sent,sent,
18841,S/FRA/2024/0376,0000079656 14,,1,sent,sent,
22402,S/FRA/2025/0015,1TSN250100052168,,1,sent,sent,
15082,S/FRA/2023/0944,FM23-2739,,1,sent,sent,
15083,S/FRA/2023/0960,FM23-2656,,1,sent,sent,
15084,S/FRA/2023/0949,23/745,,1,sent,sent,
15085,S/FRA/2023/0970,23/746,,1,sent,sent,
23265,S/FRA/2025/0140,A/3111/2025,,1,sent,sent,
15104,S/FRA/2023/0947,03/2023/12,,1,sent,sent,
15111,S/FRA/2023/1004,5.229/F,,1,sent,sent,
15121,S/FRA/2023/0985,1453-2023,,1,sent,sent,
15124,S/FRA/2023/0973,001-11/2023,,1,sent,sent,
15125,S/FRA/2023/0974,00004,,1,sent,sent,
15126,S/FRA/2023/0975,000194,,1,sent,sent,
16231,S/FRA/2023/1167,AL 23000996,,1,sent,sent,
16232,S/FRA/2024/0004,AL 24000056,,1,sent,sent,
15161,S/FRA/2023/0982,2292545,,1,sent,sent,
15162,S/FRA/2023/0986,VF23-12-0089,,1,sent,sent,
15232,S/FRA/2023/0997,A10018483327-1223,,1,sent,sent,
15233,S/FRA/2023/1003,A10018445061-1223,,1,sent,sent,
15234,S/FRA/2023/1002,N230023968,,1,sent,sent,
15235,S/FRA/2023/1001,1NSN231200049733,,1,sent,sent,
22405,S/FRA/2024/1065,200-24,,1,sent,sent,
15238,S/FRA/2023/0998,23/23,,1,sent,sent,
15267,S/FRA/2023/0990,7.059,,1,sent,sent,
15277,S/FRA/2023/0989,21/2023,,1,sent,sent,
15291,S/FRA/2023/0996,312-KF23-15211,,1,sent,sent,
15306,S/FRA/2023/0988,MTA2301901,,1,sent,sent,
15307,S/FRA/2023/0987,2023001218,,1,sent,sent,
15308,S/FRA/2023/0995,09413600090,,1,sent,sent,
15309,S/FRA/2023/0994,F154-2023,,1,sent,sent,
15310,S/FRA/2023/0993,TB-2023-F 85,,1,sent,sent,
15311,S/FRA/2023/0992,TB-2023-F 86,,1,sent,sent,
15312,S/FRA/2023/0991,001216,,1,sent,sent,
15332,S/FRA/2023/1043,15/2023,,1,sent,sent,
15333,S/FRA/2023/1052,23017556,,1,sent,sent,
15356,S/FRA/2023/1010,AF/1188/01,,1,sent,sent,
15387,S/FRA/2023/1042,08/2023,,1,sent,sent,
15392,S/FRA/2023/1051,A2308556,,1,sent,sent,
15462,S/FRA/2023/1041,18,,1,sent,sent,
15590,S/FRA/2023/1050,23-0076,,1,sent,sent,
15600,S/FRA/2023/1040,165/2023,,1,sent,sent,
15601,S/FRA/2023/1039,166/2023,,1,sent,sent,
15602,S/FRA/2023/1038,167/2023,,1,sent,sent,
15722,S/FRA/2023/1011,AF/1954/01,,1,sent,sent,
15723,S/FRA/2023/1012,AF/1955/01,,1,sent,sent,
15750,S/FRA/2023/1037,012/2023,,1,sent,sent,
15787,S/FRA/2023/1036,1,,1,sent,sent,
15788,S/FRA/2023/1035,4,,1,sent,sent,
15789,S/FRA/2023/1034,1/2023,,1,sent,sent,
15790,S/FRA/2023/1033,2023-29,,1,sent,sent,
15791,S/FRA/2023/1032,13,,1,sent,sent,
15792,S/FRA/2023/1031,6,,1,sent,sent,
15793,S/FRA/2023/1030,02/2023,,1,sent,sent,
15794,S/FRA/2023/1029,5/2023,,1,sent,sent,
15795,S/FRA/2023/1028,008/2023,,1,sent,sent,
15796,S/FRA/2023/1027,08/2023,,1,sent,sent,
15799,S/FRA/2023/1026,087-2023,,1,sent,sent,
15800,S/FRA/2023/1025,23014,,1,sent,sent,
15808,S/FRA/2023/1024,023.066.,,1,sent,sent,
15809,S/FRA/2023/1047,13,,1,sent,sent,
15818,S/FRA/2023/1023,14/23,,1,sent,sent,
15819,S/FRA/2023/1022,00005,,1,sent,sent,
15820,S/FRA/2023/1021,OO2023-05,,1,sent,sent,
15822,S/FRA/2023/1020,202300000006,,1,sent,sent,
15823,S/FRA/2023/1019,7/2023,,1,sent,sent,
15824,S/FRA/2023/1018,965/2023,,1,sent,sent,
15844,S/FRA/2023/1015,202312341,,1,sent,sent,
15846,S/FRA/2023/1014,OO/2023/012,,1,sent,sent,
15949,S/FRA/2024/0001,A1316117/2024,,1,sent,sent,
15950,S/FRA/2023/1155,2348356,,1,sent,sent,
15951,S/FRA/2023/1055,23/721,,1,sent,sent,
15952,S/FRA/2023/1054,23/19,,1,sent,sent,
15954,S/FRA/2023/1154,5.589/F,,1,sent,sent,
15955,S/FRA/2023/1146,000331,,1,sent,sent,
15956,S/FRA/2023/1149,000332,,1,sent,sent,
15959,S/FRA/2023/1144,FM23-3017,,1,sent,sent,
15960,S/FRA/2023/1143,FM23-2936,,1,sent,sent,
15961,S/FRA/2023/1142,FRO20240007757,,1,sent,sent,
15962,S/FRA/2023/1147,A2308709,,1,sent,sent,
15964,S/FRA/2023/1136,FO3 / 2302,,1,sent,sent,
15965,S/FRA/2023/1092,FRO20232215622,,1,sent_modified,sent_modified,
15966,S/FRA/2023/1077,18742301P0071545,,1,sent,sent,
15967,S/FRA/2023/1060,0205-2023,,1,sent,sent,
15969,S/FRA/2023/1059,0209-2023,,1,sent,sent,
15970,S/FRA/2023/1058,23-0077,,1,sent,sent,
15971,S/FRA/2023/1151,000354,,1,sent,sent,
15972,S/FRA/2023/1057,23-0079,,1,sent,sent,
16005,S/FRA/2023/1053,2023-0012,,1,sent,sent,
16006,S/FRA/2023/1056,0210-2023,,1,sent,sent,
16007,S/FRA/2023/1139,000D003967,,1,sent,sent,
16008,S/FRA/2023/1137,000G004694,,1,sent,sent,
16014,S/FRA/2023/1145,23/883,,1,sent,sent,
16015,S/FRA/2023/1148,23/884,,1,sent,sent,
16016,S/FRA/2023/1141,23/885,,1,sent,sent,
22395,S/FRA/2025/0008,312-KF25-240,,1,sent,sent,
21759,S/FRA/2024/1003,298/24,,1,sent,sent,
24438,S/FRA/2025/0325,1NSN250600104453,,1,sent,sent,
16024,S/FRA/2023/1081,233/871,,1,sent,sent,
16026,S/FRA/2023/1091,A/2907/2023,,1,sent,sent,
23082,S/FRA/2025/0030,18742501P0014603,,1,sent,sent,
24439,S/FRA/2025/0324,1NSN250600157490,,1,sent,sent,
24474,S/FRA/2025/0365,167036,,1,sent,sent,
21667,S/FRA/2024/0913,VF24-12-0091,,1,sent,sent,
24290,S/FRA/2025/0343,25/6,,1,sent,sent,
16034,S/FRA/2023/1082,95-214334,,1,sent,sent,
24501,S/FRA/2025/0357,ZEN-7665,,1,sent,sent,
16036,S/FRA/2023/1087,95-214402,,1,sent,sent,
24514,S/FRA/2025/0355,FA25/349,,1,sent,sent,
16038,S/FRA/2023/1088,09423008986,,1,sent,sent,
16039,S/FRA/2023/1090,A/2906/2023,,1,sent,sent,
16043,S/FRA/2023/1099,9694,,1,sent_modified,sent_modified,
16044,S/FRA/2023/1103,95-214621,,1,sent,sent,
24519,S/FRA/2025/0350,01/2025,,1,sent,sent,
24292,S/FRA/2025/0342,18-2025,,1,sent,sent,
16047,S/FRA/2023/1108,95-214656,,1,sent,sent,
23044,S/FRA/2025/0032,E252074070,,1,sent,sent,
16050,S/FRA/2023/1115,95-214840,,1,sent,sent,
16051,S/FRA/2023/1114,G33465790,,1,sent,sent,
16053,S/FRA/2023/1120,71,,1,sent_modified,sent_modified,
16054,S/FRA/2023/1121,286,,1,sent,sent,
16055,S/FRA/2023/1119,A/2916/2023,,1,sent,sent,
16061,S/FRA/2023/1122,A00007,,1,sent,sent,
16077,S/FRA/2024/0006,03-2024,,1,sent,sent,
16078,S/FRA/2024/0005,04-2024,,1,sent,sent,
16079,S/FRA/2024/0009,05-2024,,1,sent,sent,
16080,S/FRA/2024/0013,INV-02420-Z5S2C2,,1,sent,sent,
16100,S/FRA/2023/1116,5345,,1,sent,sent,
16101,S/FRA/2023/1113,C4/114725,,1,sent,sent,
16102,S/FRA/2023/1109,C4/114644,,1,sent,sent,
16103,S/FRA/2023/1106,C4/114576,,1,sent,sent,
16107,S/FRA/2023/1117,A 230739,,1,sent,sent,
16108,S/FRA/2023/1125,5532,,1,sent,sent,
16110,S/FRA/2023/1127,716,,1,sent,sent,
16111,S/FRA/2023/1129,968,,1,sent,sent,
16112,S/FRA/2023/1128,970,,1,sent,sent,
16114,S/FRA/2023/1131,5559,,1,sent,sent,
16115,S/FRA/2023/1124,960,,1,sent,sent,
16118,S/FRA/2023/1132,C4/115319,,1,sent,sent,
16119,S/FRA/2023/1101,A 230720,,1,sent,sent,
16120,S/FRA/2023/1112,C4/114729,,1,sent,sent,
16135,S/FRA/2023/1134,C4/115294,,1,sent,sent,
16136,S/FRA/2023/1123,C4/115084,,1,sent,sent,
16137,S/FRA/2023/1111,C4/114843,,1,sent,sent,
16138,S/FRA/2023/1093,61-23,,1,sent,sent,
16139,S/FRA/2023/1068,A/23-0244,,1,sent,sent,
16140,S/FRA/2023/1063,2023-361,,1,sent,sent,
16141,S/FRA/2023/1094,192-23,,1,sent,sent,
16160,S/FRA/2023/1153,000333,,1,sent,sent,
16161,S/FRA/2023/1152,000334,,1,sent,sent,
16162,S/FRA/2024/0015,21,,1,sent,sent,
16163,S/FRA/2023/1130,1TSN231200368882,,1,sent,sent,
16164,S/FRA/2023/1126,18742301P0098671,,1,sent,sent,
20287,S/FRA/2024/0597,AL 24000116,,1,sent,sent,
16166,S/FRA/2023/1064,2023-360,,1,sent,sent,
16167,S/FRA/2023/1070,4,,1,sent,sent,
16168,S/FRA/2024/0014,1,,1,sent,sent,
16169,S/FRA/2023/1138,15,,1,sent,sent,
16170,S/FRA/2023/1135,13,,1,sent,sent,
16171,S/FRA/2023/1140,16,,1,sent,sent,
16188,S/FRA/2024/0016,MHA24001,,1,sent,sent,
16190,S/FRA/2023/1150,1167/23,,1,sent,sent,
16191,S/FRA/2024/0019,ES437NABEY,,1,sent,sent,
16192,S/FRA/2023/1062,OO/2023/014,,1,sent,sent,
16203,S/FRA/2024/0022,1/2024,,1,sent,sent,
16208,S/FRA/2024/0017,A/11,,1,sent,sent,
16217,S/FRA/2023/1156,187/2023,,1,sent,sent,
16219,S/FRA/2023/1157,201/2023,,1,sent,sent,
22532,S/FRA/2025/0053,T/14/2025,,1,sent,sent,
20964,S/FRA/2024/0770,13,,1,sent,sent,
16223,S/FRA/2023/1168,23/25,,1,sent,sent,
21106,S/FRA/2024/0803,24/329,,1,sent,sent,
21645,S/FRA/2024/0918,477,,1,sent,sent,
21646,S/FRA/2024/0917,482,,1,sent,sent,
20307,S/FRA/2024/0612,C4 /107336,,1,sent,sent,
21067,S/FRA/2024/0766,A001759,,1,sent,sent,
16233,S/FRA/2024/0018,24-003,,1,sent,sent,
16234,S/FRA/2024/0020,24-004,,1,sent,sent,
16235,S/FRA/2024/0021,24-005,,1,sent,sent,
16236,S/FRA/2024/0140,ES44W3ABEY,,1,sent,sent,
16237,S/FRA/2024/0002,2023 A 0000346,,1,sent,sent,
16254,S/FRA/2024/0129,08012400,,1,sent,sent,
16302,S/FRA/2024/0052,24-006,,1,sent,sent,
16329,S/FRA/2024/0139,ES451HABEY,,1,sent,sent,
19061,S/FRA/2024/0369,NN-24-17937,,1,sent,sent,
5903,S/FRA/2022/0283,111916,,1,sent,sent,
16373,S/FRA/2024/0126,20240000000000001,,1,sent,sent,
16374,S/FRA/2024/0125,01/2024,,1,sent,sent,
16403,S/FRA/2024/0138,003-2024,,1,sent,sent,
16410,S/FRA/2024/0137,B00053406,,1,sent,sent,
16411,S/FRA/2024/0123,4,,1,sent,sent,
16423,S/FRA/2024/0045,24/826,,1,sent_modified,sent_modified,
16425,S/FRA/2024/0136,ES48KFABEY,,1,sent,sent,
16504,S/FRA/2024/0121,OO2024-01,,1,sent,sent,
16506,S/FRA/2024/0133,481 A,,1,sent,sent,
16533,S/FRA/2024/0120,1,,1,sent,sent,
16534,S/FRA/2024/0131,09414600006,,1,sent,sent,
6378,S/FRA/2022/0385,20220023,,1,sent,sent,
16575,S/FRA/2024/0092,FA 240022,,1,sent,sent,
16576,S/FRA/2024/0093,1,,1,sent,sent,
16596,S/FRA/2024/0088,121/F,,1,sent,sent,
16595,S/FRA/2024/0089,FM24-129,,1,sent,sent,
16613,S/FRA/2024/0043,01/2024,,1,sent,sent,
16614,S/FRA/2024/0042,1,,1,sent,sent,
16615,S/FRA/2024/0041,2,,1,sent,sent,
10648,S/FRA/2023/0102,A10017642939-0123,,1,sent,sent,
16618,S/FRA/2024/0084,02/24,,1,sent,sent,
6381,S/FRA/2022/0388,22-1001-1-1039,,1,sent,sent,
19054,S/FRA/2024/0355,2.614/F,,1,sent,sent,
19651,S/FRA/2024/0520,FA 241947,,1,sent,sent,
18993,S/FRA/2024/0343,INV/2024/03754,M21031824409111,1,sent,sent,
19354,S/FRA/2024/0407,24801,,1,sent,sent,
18659,S/FRA/2024/0350,FRO20241013077,,1,sent,sent,
19619,S/FRA/2024/0442,ES43STKABEY,,1,sent,sent,
23359,S/FRA/2025/0055,312-KF25-1351,,1,sent,sent,
16654,S/FRA/2024/0040,01/2024,,1,sent,sent,
16655,S/FRA/2024/0060,11,,1,sent,sent,
16657,S/FRA/2024/0039,001/2024,,1,sent,sent,
16660,S/FRA/2024/0061,2393471,,1,sent,sent,
16661,S/FRA/2024/0037,01/2024,,1,sent,sent,
16675,S/FRA/2024/0036,B00053577,,1,sent,sent,
16676,S/FRA/2024/0035,2024000046,,1,sent,sent,
16679,S/FRA/2024/0059,04/24,,1,sent,sent,
16680,S/FRA/2024/0033,001/2024,,1,sent,sent,
16687,S/FRA/2024/0056,0017-2024,,1,sent,sent,
18662,S/FRA/2024/0347,24/270,,1,sent_modified,sent_modified,
16691,S/FRA/2024/0051,A101,,1,sent,sent,
16692,S/FRA/2024/0032,TB-2024-F1,,1,sent,sent,
16696,S/FRA/2024/0024,AF/2011/01,,1,sent,sent,
16697,S/FRA/2024/0025,AF/2012/01,,1,sent,sent,
16701,S/FRA/2024/0026,AF/2013/01,,1,sent,sent,
16703,S/FRA/2024/0027,AF/2014/01,,1,sent,sent,
16704,S/FRA/2024/0028,AF/2015/01,,1,sent,sent,
16705,S/FRA/2024/0031,2/2024,,1,sent,sent,
16706,S/FRA/2024/0030,24/289,,1,sent,sent,
16707,S/FRA/2024/0050,1-2024,,1,sent,sent,
16714,S/FRA/2024/0049,02-2024,,1,sent,sent,
16715,S/FRA/2024/0048,E/-12,,1,sent,sent,
16716,S/FRA/2024/0047,13-2400006,,1,sent,sent,
16717,S/FRA/2024/0046,2,,1,sent,sent,
16718,S/FRA/2024/0029,01/2024,,1,sent,sent,
17132,S/FRA/2024/0160,02/2024,,1,sent,sent,
17135,S/FRA/2024/0172,24-009,,1,sent,sent,
17136,S/FRA/2024/0171,6,,1,sent,sent,
17137,S/FRA/2024/0175,175-23,,1,sent,sent,
17138,S/FRA/2024/0170,000036,,1,sent,sent,
17139,S/FRA/2024/0169,000037,,1,sent,sent,
17145,S/FRA/2024/0159,2023-0106,,1,sent,sent,
17146,S/FRA/2024/0166,24-0010,,1,sent,sent,
17147,S/FRA/2024/0165,TB-2024-F 6,,1,sent,sent,
17181,S/FRA/2024/0164,13-2400007,,1,sent,sent,
24463,S/FRA/2025/0320,1NSN250600299506,,1,sent,sent,
23969,S/FRA/2025/0307,FA 250951,,1,sent,sent,
24132,S/FRA/2025/0284,A10019749376-0525,,1,sent,sent,
20288,S/FRA/2024/0598,AL 24000197,,1,sent,sent,
17231,S/FRA/2024/0190,EV/23000367,,1,sent,sent,
17232,S/FRA/2024/0189,EV/23000437,,1,sent,sent,
17233,S/FRA/2024/0188,EV/23000436,,1,sent,sent,
17234,S/FRA/2024/0187,2,,1,sent,sent,
17242,S/FRA/2024/0186,187/24,,1,sent,sent,
17243,S/FRA/2024/0185,UN-28/24,,1,sent,sent,
24377,S/FRA/2025/0332,FRO20250890400,,1,sent,sent,
17319,S/FRA/2024/0181,UN-62/24,,1,sent,sent,
18992,S/FRA/2024/0328,OO/2024/008,REVISAR DOC. ADJUNTO,1,sent,sent,
19554,S/FRA/2024/0447,ES4Q7VQABEI,,1,sent,sent,
23811,S/FRA/2025/0228,M252014466,,1,sent,sent,
23944,S/FRA/2025/0306,3306880,,1,sent,sent,
17375,S/FRA/2024/0204,24001292,,1,sent,sent,
17376,S/FRA/2024/0203,24001293,,1,sent,sent,
17377,S/FRA/2024/0202,6-24,,1,sent,sent,
17378,S/FRA/2024/0201,FA 240393,,1,sent,sent,
17396,S/FRA/2024/0197,2452250,,1,sent,sent,
17405,S/FRA/2024/0236,FACT.008738,,1,sent,sent,
17417,S/FRA/2024/0224,VP2310180056,,1,sent,sent,
17489,S/FRA/2024/0219,2024 -24,,1,sent,sent,
17490,S/FRA/2024/0218,2023 -400,,1,sent,sent,
17491,S/FRA/2024/0217,2023 -449,,1,sent,sent,
19721,S/FRA/2024/0510,3449F24,,1,sent,sent,
17746,S/FRA/2024/0210,01/24,,1,sent,sent,
17754,S/FRA/2024/0207,FCL-09154698,,1,sent,sent,
17755,S/FRA/2024/0208,2023-AS-LOPDOS-106,,1,sent,sent,
23978,S/FRA/2025/0310,312-KF25-3679,,1,sent,sent,
18174,S/FRA/2024/0251,FA00996,,1,sent,sent,
18179,S/FRA/2024/0250,24/293,,1,sent,sent,
23979,S/FRA/2025/0311,1.631/F,,1,sent,sent,
18816,S/FRA/2024/0330,24/102,,1,sent,sent,
23876,S/FRA/2025/0249,A2501654,,1,sent,sent,
18204,S/FRA/2024/0240,2024-39,,1,sent,sent,
18797,S/FRA/2024/0327,6/2024,,1,sent,sent,
23937,S/FRA/2025/0273,A250066649,,1,sent,sent,
18209,S/FRA/2024/0237,2021000271,,1,sent,sent,
18258,S/FRA/2024/0258,5/23,,1,sent,sent,
16630,S/FRA/2024/0071,20240013,,1,sent,sent,
238,S/FRA/2021/0148,F421694,,1,not_sent,not_sent,
18304,S/FRA/2024/0267,D230069666,,1,sent,sent,
476,S/FRA/2021/0309,F483633,,1,not_sent,not_sent,
16635,S/FRA/2024/0067,AJ17 127721,,1,sent_modified,sent_modified,
23810,S/FRA/2025/0229,M250046990,,1,sent,sent,
24246,S/FRA/2025/0317,41-2005,,1,sent,sent,
21160,S/FRA/2024/0823,P1-2024,,1,sent,sent,
20303,S/FRA/2024/0611,FMI/4986,,1,sent,sent,
24216,S/FRA/2025/0274,1NSN250500311191,,1,sent,sent,
593,S/FRA/2021/0349,F488901,,1,sent,sent,
24357,S/FRA/2025/0346,8/2025,,1,sent,sent,
18530,S/FRA/2024/0304,A-6363,,1,sent,sent,
18669,S/FRA/2024/0333,B00054077,,1,sent,sent,
24758,S/FRA/2025/0395,2025/001,,1,sent,sent,
18546,S/FRA/2024/0308,24/0229,,1,sent,sent,
18547,S/FRA/2024/0307,13122147,,1,sent,sent,
20812,S/FRA/2024/0758,052-0010-R282659,FEDERICA,1,sent,sent,
3936,S/FRA/2022/0024,F491552,,1,sent,sent,
18726,S/FRA/2024/0331,1124001991,,1,sent,sent,
18843,S/FRA/2024/0323,FA24/356,,1,sent,sent,
18394,S/FRA/2024/0290,240501,,1,sent,sent,
18338,S/FRA/2024/0273,B/1767,,1,sent,sent,
18845,S/FRA/2024/0370,PG4R000351,,1,sent,sent,
18844,S/FRA/2024/0329,PG4O006285,,1,sent,sent,
24355,S/FRA/2025/0335,A2503438,,1,sent,sent,
19235,S/FRA/2024/0395,F20240846,,1,sent,sent,
3944,S/FRA/2022/0017,F495954,,1,sent,sent,
7720,S/FRA/2022/0636,F574654,,1,sent,sent,
8285,S/FRA/2022/0727,F582880,,1,sent,sent,
19256,S/FRA/2024/0399,FRO20241370312,,1,sent,sent,
23874,S/FRA/2025/0266,000080,,1,sent,sent,
18709,S/FRA/2024/0309,11045/24,,1,sent,sent,
18463,S/FRA/2024/0301,1.560/F,,1,sent,sent,
18464,S/FRA/2024/0300,24/188,,1,sent_modified,sent_modified,
21644,S/FRA/2024/0936,24-0044,,1,sent,sent,
18466,S/FRA/2024/0298,24/190,,1,sent_modified,sent_modified,
23934,S/FRA/2025/0267,250401,,1,sent,sent,
18826,S/FRA/2024/0324,17/2024,,1,sent,sent,
18467,S/FRA/2024/0297,24/191,,1,sent_modified,sent_modified,
18465,S/FRA/2024/0299,24/189,,1,sent_modified,sent_modified,
18461,S/FRA/2024/0293,FRO20240819452,,1,sent,sent,
18670,S/FRA/2024/0332,462/24,,1,sent,sent,
23935,S/FRA/2025/0268,250403,,1,sent,sent,
23936,S/FRA/2025/0269,I-10983,,1,sent,sent,
16557,S/FRA/2024/0097,10399/10100203,,1,sent,sent,
14981,S/FRA/2023/0956,F11-372710,,1,sent_modified,sent_modified,
23985,S/FRA/2025/0316,9/25,,1,sent,sent,
5878,S/FRA/2022/0424,BL7/2021/1/39959,,1,sent,sent,
6358,S/FRA/2022/0380,09422000207,,1,sent,sent,
19792,S/FRA/2024/0473,8/2024,,1,sent,sent,
9011,S/FRA/2022/1080,22220,,1,sent,sent,
9014,S/FRA/2022/1079,4.151/F,,1,sent,sent,
9029,S/FRA/2022/1078,00006375,,1,sent_modified,sent_modified,
24416,S/FRA/2025/0328,000D009011,,1,sent,sent,
20289,S/FRA/2024/0599,AL 24000284,,1,sent,sent,
9089,S/FRA/2022/1076,22-0068,,1,sent,sent,
9091,S/FRA/2022/1075,A-1426,,1,sent,sent,
9095,S/FRA/2022/0948,FV21353,FV21353: FV21353,1,sent,sent,
9106,S/FRA/2022/0970,2022/001,,1,sent,sent,
9126,S/FRA/2022/1074,A2208712,,1,sent,sent,
9127,S/FRA/2022/1053,F100-2022,,1,sent,sent,
9128,S/FRA/2022/1073,22-0066,,1,sent,sent,
9129,S/FRA/2022/1072,22-0070,,1,sent,sent,
9130,S/FRA/2022/1071,1563-2022,,1,sent,sent,
9131,S/FRA/2022/1007,2022-498,,1,sent,sent,
9141,S/FRA/2022/0977,1382258,,1,sent,sent,
9142,S/FRA/2022/0976,6.251A,,1,sent,sent,
9143,S/FRA/2022/0975,6.299A,,1,sent,sent,
9145,S/FRA/2022/0973,6.369A,,1,sent,sent,
9146,S/FRA/2022/0972,6.368A,,1,sent,sent,
9151,S/FRA/2022/1070,62/22,,1,sent,sent,
9152,S/FRA/2022/1069,A2209082,,1,sent,sent,
9154,S/FRA/2022/0985,29/2022,,1,sent,sent,
9155,S/FRA/2022/0984,001/22,,1,sent,sent,
9156,S/FRA/2022/1006,10/2022,,1,sent,sent,
9158,S/FRA/2022/1005,055,,1,sent,sent,
9160,S/FRA/2022/1103,966,,1,sent,sent,
9161,S/FRA/2022/1102,967,,1,sent,sent,
9162,S/FRA/2022/1101,969,,1,sent,sent,
9163,S/FRA/2022/1004,03/2022,,1,sent,sent,
9164,S/FRA/2022/1100,976,,1,sent,sent,
9165,S/FRA/2022/1099,977,,1,sent,sent,
9166,S/FRA/2022/1098,981,,1,sent,sent,
9167,S/FRA/2022/0986,AF/1001/02,,1,sent,sent,
9169,S/FRA/2022/1003,22221,,1,sent,sent,
9170,S/FRA/2022/1002,22222,,1,sent,sent,
9171,S/FRA/2022/1001,06/2022,,1,sent,sent,
9172,S/FRA/2022/1000,11/2022,,1,sent,sent,
9173,S/FRA/2022/0999,2022/04,,1,sent,sent,
9174,S/FRA/2022/0998,010,,1,sent,sent,
9176,S/FRA/2022/1009,A330,,1,sent,sent,
9178,S/FRA/2022/0997,22228,,1,sent,sent,
9179,S/FRA/2022/0996,DTP-22-12-00030,,1,sent,sent,
9180,S/FRA/2022/0995,34,,1,sent,sent,
9185,S/FRA/2022/0994,10/2022,,1,sent,sent,
9186,S/FRA/2022/0987,AF/1723/02,,1,sent,sent,
9188,S/FRA/2022/0988,AF/1724/02,,1,sent,sent,
9189,S/FRA/2022/1052,UN-304/22,,1,sent,sent,
9190,S/FRA/2022/0993,09412001595,,1,sent,sent,
9191,S/FRA/2022/0992,D24/2022,,1,sent,sent,
9192,S/FRA/2022/0991,V0045,,1,sent,sent,
9193,S/FRA/2022/0989,000009,,1,sent,sent,
9194,S/FRA/2022/1056,4221200040,,1,sent,sent,
9195,S/FRA/2022/0990,LD 13/22,,1,sent,sent,
9196,S/FRA/2022/1055,D22 495,,1,sent,sent,
9201,S/FRA/2022/1051,7/2022,,1,sent,sent,
25247,S/FRA/2025/0475,A/477,,1,not_sent,not_sent,
9202,S/FRA/2022/1050,008/2022,,1,sent,sent,
9203,S/FRA/2022/1049,22009CA,,1,sent,sent,
9209,S/FRA/2022/1068,2022-517,,1,sent,sent,
9210,S/FRA/2022/1048,07/2022,,1,sent,sent,
25282,S/FRA/2025/0476,F965872,,1,not_sent,not_sent,
9211,S/FRA/2022/1047,A00002,,1,sent,sent,
9213,S/FRA/2023/0004,FV21371,FV21371: FV21371,1,sent,sent,
9214,S/FRA/2022/1046,22229,,1,sent,sent,
25236,S/FRA/2025/0478,ES55PICABEY,,1,not_sent,not_sent,
25269,S/FRA/2025/0480,9/2025,,1,not_sent,not_sent,
25272,S/FRA/2025/0485,F250145,,1,not_sent,not_sent,
9215,S/FRA/2022/1045,08/2022,,1,sent,sent,
25261,S/FRA/2025/0479,ES55R5CABEY,,1,not_sent,not_sent,
9216,S/FRA/2022/1044,009/2022,,1,sent,sent,
9220,S/FRA/2022/1010,AF/1388/02,,1,sent,sent,
9221,S/FRA/2022/1043,IB22-11635,,1,sent,sent,
9223,S/FRA/2023/0003,20230006,,1,sent,sent,
9225,S/FRA/2022/1042,221367,,1,sent,sent,
9226,S/FRA/2022/1041,AN254,,1,sent,sent,
9227,S/FRA/2022/1040,Sl138,,1,sent,sent,
9228,S/FRA/2022/1039,2022/000007,,1,sent,sent,
9229,S/FRA/2023/0002,P01/2023,,1,sent,sent,
9230,S/FRA/2022/1038,2022-279,,1,sent,sent,
9231,S/FRA/2022/1037,OO2022-06,,1,sent,sent,
9232,S/FRA/2022/1036,22/33,,1,sent,sent,
9233,S/FRA/2022/1035,22/34,,1,sent,sent,
9234,S/FRA/2022/1034,03/2022/11,,1,sent,sent,
9235,S/FRA/2022/1033,03/2022/12,,1,sent,sent,
25246,S/FRA/2025/0481,G250088229,,1,not_sent,not_sent,
9236,S/FRA/2022/1032,FV21172,,1,sent,sent,
25245,S/FRA/2025/0482,G252098399,,1,not_sent,not_sent,
9237,S/FRA/2022/1031,FV21195,,1,sent,sent,
9238,S/FRA/2022/1030,FV21217,,1,sent,sent,
9239,S/FRA/2022/1029,FV21238,,1,sent,sent,
9240,S/FRA/2022/1028,FV21251,,1,sent,sent,
9241,S/FRA/2022/1027,FV21271,,1,sent,sent,
9242,S/FRA/2022/1026,FV21288,,1,sent,sent,
9243,S/FRA/2022/1025,FV21304,,1,sent,sent,
25235,S/FRA/2025/0483,ES55PIEABEY,,1,not_sent,not_sent,
9244,S/FRA/2022/1024,FV21314,,1,sent,sent,
9245,S/FRA/2022/1023,66/22,,1,sent,sent,
9246,S/FRA/2022/1022,F109-2022,,1,sent,sent,
9248,S/FRA/2022/1020,28/2022,,1,sent,sent,
9249,S/FRA/2022/1019,29/2022,,1,sent,sent,
9257,S/FRA/2022/1012,2022-OV-003,,1,sent,sent,
9258,S/FRA/2022/1067,FA 222885,,1,sent,sent,
9259,S/FRA/2022/1011,OE/2023/M0145,,1,sent,sent,
9260,S/FRA/2022/1066,22-0074,,1,sent,sent,
9261,S/FRA/2022/1065,22-0075,,1,sent,sent,
9265,S/FRA/2023/0007,FD23-1382,,1,sent,sent,
9266,S/FRA/2022/1064,FD22-64019,,1,sent,sent,
9267,S/FRA/2022/1063,FD22-66099,,1,sent,sent,
9268,S/FRA/2023/0006,FD23-510,,1,sent,sent,
9269,S/FRA/2022/1062,FD22-61450,,1,sent,sent,
9270,S/FRA/2022/1061,FD22-64542,,1,sent,sent,
9271,S/FRA/2022/1060,FD22-59291,,1,sent,sent,
9273,S/FRA/2023/0005,A230000003,,1,sent,sent,
9279,S/FRA/2022/1058,204/2022,,1,sent,sent,
9280,S/FRA/2022/1059,OO/2022/013,,1,sent,sent,
9286,S/FRA/2022/1129,4200138070,,1,sent,sent,
9289,S/FRA/2022/1127,FO2/1905,,1,sent,sent,
21513,S/FRA/2024/0881,OO202405,,1,sent,sent,
9290,S/FRA/2022/1096,A-1304,,1,sent,sent,
9291,S/FRA/2022/1095,353,,1,sent,sent,
9292,S/FRA/2022/1094,354,,1,sent,sent,
9293,S/FRA/2022/1126,377,,1,sent,sent,
9294,S/FRA/2022/1125,378,,1,sent,sent,
9295,S/FRA/2022/1124,FO2/2115,,1,sent,sent,
9296,S/FRA/2022/1123,000D001266,,1,sent,sent,
9297,S/FRA/2022/1122,000D001265,,1,sent,sent,
9298,S/FRA/2022/1121,000G001700,,1,sent,sent,
9299,S/FRA/2022/1120,00006773,,1,sent,sent,
9300,S/FRA/2022/1119,22/799,,1,sent,sent,
9301,S/FRA/2022/1118,22/800,,1,sent,sent,
9302,S/FRA/2022/1093,22/801,,1,sent,sent,
9303,S/FRA/2022/1117,22/802,,1,sent,sent,
9304,S/FRA/2022/1092,389,,1,sent,sent,
9305,S/FRA/2022/1091,388,,1,sent_modified,sent_modified,
9306,S/FRA/2022/1090,4.633/F,,1,sent_modified,sent_modified,
9307,S/FRA/2022/1089,FA-222642,,1,sent,sent,
9308,S/FRA/2022/1116,A000031625,,1,sent,sent,
9309,S/FRA/2022/1115,VF22-12-0089,,1,sent,sent,
9310,S/FRA/2022/1114,2022 A 0000244,,1,sent,sent,
9311,S/FRA/2022/1113,001640,,1,sent,sent,
9312,S/FRA/2023/0008,A-11,,1,sent,sent,
9313,S/FRA/2022/1112,22/896,,1,sent,sent,
9314,S/FRA/2022/1111,22/895,,1,sent,sent,
9315,S/FRA/2022/1110,22/897,,1,sent,sent,
9316,S/FRA/2022/1109,22/898,,1,sent,sent,
9317,S/FRA/2022/1088,22/899,,1,sent,sent,
9318,S/FRA/2022/1108,22/900,,1,sent,sent,
9319,S/FRA/2022/1107,FO2/2273,,1,sent,sent,
9320,S/FRA/2022/1106,000D001363,,1,sent,sent,
9321,S/FRA/2022/1105,FRO20230008911,,1,sent,sent,
9323,S/FRA/2022/1086,5.104,,1,sent,sent,
9324,S/FRA/2022/1085,450,,1,sent,sent,
9325,S/FRA/2022/1084,451,,1,sent_modified,sent_modified,
9327,S/FRA/2022/1082,A000031661,,1,sent_modified,sent_modified,
9328,S/FRA/2022/1104,2022-571,,1,sent,sent,
20290,S/FRA/2024/0600,AL 24000349,,1,sent,sent,
9330,S/FRA/2023/0010,84/EST,,1,sent,sent,
9464,S/FRA/2023/0051,3-23,,1,sent,sent,
9465,S/FRA/2023/0028,1,,1,sent,sent,
9466,S/FRA/2023/0029,UN-15/23,,1,sent,sent,
9467,S/FRA/2023/0024,03/2023/01,,1,sent,sent,
9468,S/FRA/2023/0012,2022000681,,1,sent,sent,
9479,S/FRA/2023/0042,734,,1,sent,sent,
20291,S/FRA/2024/0601,AL 24000438,,1,sent,sent,
20813,S/FRA/2024/0757,018-0011-R676393,FEDERICA,1,sent,sent,
20292,S/FRA/2024/0616,AL 24000526,,1,sent,sent,
23263,S/FRA/2025/0087,A-V2025-00000216020,,1,sent,sent,
21676,S/FRA/2024/0906,181B/2024,,1,sent,sent,
9488,S/FRA/2023/0025,123000207,,1,sent,sent,
9489,S/FRA/2023/0033,2022-032,,1,sent,sent,
9493,S/FRA/2023/0014,Z-05,,1,sent,sent,
9495,S/FRA/2023/0021,05/2023,,1,sent,sent,
9496,S/FRA/2023/0022,02/2023,,1,sent,sent,
9497,S/FRA/2023/0019,01/2023,,1,sent,sent,
9498,S/FRA/2023/0017,03/2023,,1,sent,sent,
9499,S/FRA/2023/0016,04/2023,,1,sent,sent,
9500,S/FRA/2023/0018,08/2023,,1,sent,sent,
9501,S/FRA/2023/0020,09/2023,,1,sent,sent,
9502,S/FRA/2023/0013,02/2023,,1,sent,sent,
9503,S/FRA/2023/0054,INV-063471,,1,sent_modified,sent_modified,
9504,S/FRA/2023/0015,12/EL,,1,sent,sent,
9507,S/FRA/2023/0032,A/23-0008,,1,sent,sent,
9516,S/FRA/2023/0052,FV21393,FV21393,1,sent,sent,
10367,S/FRA/2023/0011,OO2023-01,,1,sent,sent,
10371,S/FRA/2023/0084,FA 230106,,1,sent,sent,
10372,S/FRA/2023/0085,03/2023/02,,1,sent,sent,
10373,S/FRA/2023/0126,178/F,,1,sent,sent,
10374,S/FRA/2023/0089,A-162,,1,sent,sent,
10375,S/FRA/2023/0097,FO3/149,,1,sent,sent,
10376,S/FRA/2023/0125,000D001504,,1,sent,sent,
10377,S/FRA/2023/0124,000D001502,,1,sent,sent,
10379,S/FRA/2023/0096,VF23-01-0328,,1,sent,sent,
10380,S/FRA/2023/0088,23/16,,1,sent,sent,
10381,S/FRA/2023/0086,23/63,,1,sent,sent,
10382,S/FRA/2023/0087,23/17,,1,sent,sent,
10383,S/FRA/2023/0030,FA22/570,,1,sent,sent,
10550,S/FRA/2023/0082,330001020230112000201,,1,sent,sent,
10552,S/FRA/2023/0093,A2300440,,1,sent,sent,
10572,S/FRA/2023/0062,23-0003,,1,sent,sent,
10577,S/FRA/2023/0067,OVIE-230001,,1,sent,sent,
10578,S/FRA/2023/0056,01,,1,sent,sent,
10589,S/FRA/2023/0058,19,,1,sent,sent,
10590,S/FRA/2023/0057,18,,1,sent,sent,
10591,S/FRA/2023/0060,426,,1,sent,sent,
10592,S/FRA/2023/0068,ACT-3530,,1,sent,sent,
10593,S/FRA/2023/0059,1/01,,1,sent,sent,
10595,S/FRA/2023/0069,1/1,,1,sent,sent,
10596,S/FRA/2023/0064,001/2023,,1,sent,sent,
10597,S/FRA/2023/0066,1/2023,,1,sent,sent,
10598,S/FRA/2023/0079,23234,,1,sent,sent,
10599,S/FRA/2023/0122,145640,,1,sent,sent,
10600,S/FRA/2023/0083,D23 040,,1,sent,sent,
10601,S/FRA/2023/0063,03/2023,,1,sent,sent,
10602,S/FRA/2023/0061,LD 03/22,,1,sent,sent,
10603,S/FRA/2023/0065,2023-002,,1,sent,sent,
10605,S/FRA/2023/0095,VF23-02-0116,,1,sent,sent,
10607,S/FRA/2023/0080,F010-2023,,1,sent,sent,
10608,S/FRA/2023/0081,AN263,,1,sent,sent,
10609,S/FRA/2023/0120,145771,,1,sent,sent,
10610,S/FRA/2023/0070,AF/1511/01,,1,sent_modified,sent_modified,
10612,S/FRA/2023/0071,AF/1749/01,,1,sent,sent,
10613,S/FRA/2023/0072,AF/1750/01,,1,sent,sent,
10614,S/FRA/2023/0073,AF/1751/01,,1,sent,sent,
10620,S/FRA/2023/0119,000G001985,,1,sent,sent,
10621,S/FRA/2023/0076,000027,,1,sent,sent,
10622,S/FRA/2023/0074,000028,,1,sent,sent,
10623,S/FRA/2023/0075,000029,,1,sent,sent,
10624,S/FRA/2023/0094,LD 01/23,,1,sent,sent,
10625,S/FRA/2023/0118,001063,,1,sent,sent,
10626,S/FRA/2023/0117,2/2023,,1,sent_modified,sent_modified,
10627,S/FRA/2023/0077,18742301P0005669,,1,sent,sent,
10630,S/FRA/2023/0078,FD23-3182,,1,sent,sent,
10631,S/FRA/2023/0116,E230022678,,1,sent,sent,
10632,S/FRA/2023/0115,D220058225,,1,sent,sent,
19538,S/FRA/2024/0461,2024,,1,sent,sent,
10634,S/FRA/2023/0113,1NSN230100323829,,1,sent,sent,
23433,S/FRA/2025/0186,GASTOS SUPLIDOS,,1,sent,sent,
23261,S/FRA/2025/0089,20250009,,1,sent,sent,
10640,S/FRA/2023/0108,312-KF22-16784,,1,sent,sent,
10641,S/FRA/2023/0107,312-KF23-431,,1,sent,sent,
10642,S/FRA/2023/0106,312-KF23-1768,,1,sent,sent,
10645,S/FRA/2023/0105,A10017525741-1222,,1,sent,sent,
10646,S/FRA/2023/0104,A10017565734-1222,,1,sent,sent,
10647,S/FRA/2023/0103,A10017603114-0123,,1,sent,sent,
20293,S/FRA/2024/0596,AL 24000638,,1,sent,sent,
10649,S/FRA/2023/0101,A10017681098-0223,,1,sent,sent,
10650,S/FRA/2023/0100,A10017719737-0223,,1,sent,sent,
10651,S/FRA/2023/0099,02/2023,,1,sent,sent,
10652,S/FRA/2023/0092,02/2023,,1,sent,sent,
10653,S/FRA/2023/0091,01/2023,,1,sent,sent,
10654,S/FRA/2023/0090,2023000050,,1,sent,sent,
10655,S/FRA/2023/0098,FD23-7435,,1,sent,sent,
10658,S/FRA/2023/0181,F23-008774,,1,sent_modified,sent_modified,
10659,S/FRA/2023/0168,9,,1,sent_modified,sent_modified,
10660,S/FRA/2023/0130,01/2023,,1,sent_modified,sent_modified,
10661,S/FRA/2023/0129,1 000117,,1,sent,sent,
10662,S/FRA/2023/0131,0001,,1,sent,sent,
10664,S/FRA/2023/0128,0002/2023,,1,sent,sent,
10665,S/FRA/2023/0127,AF/1756/02,,1,sent,sent,
10879,S/FRA/2023/0141,FRO20230219946,,1,sent,sent,
10939,S/FRA/2023/0153,2023 A 0000027,,1,sent,sent,
10942,S/FRA/2023/0161,23003814,,1,sent,sent,
11089,S/FRA/2023/0156,5860,,1,sent,sent,
11090,S/FRA/2023/0170,A/22-0223,,1,sent,sent,
11091,S/FRA/2023/0171,A/22-0233,,1,sent,sent,
11093,S/FRA/2023/0155,123000544,,1,sent,sent,
11094,S/FRA/2023/0167,UN-35/23,,1,sent,sent,
11095,S/FRA/2023/0162,11,,1,sent,sent,
11097,S/FRA/2023/0138,CIND/65012,,1,sent,sent,
11099,S/FRA/2023/0256,T000102-4607,,1,sent,sent,
11101,S/FRA/2023/0281,V2022034700900024803,,1,sent,sent,
11102,S/FRA/2023/0282,34121/3,,1,sent,sent,
11103,S/FRA/2023/0280,000114,,1,sent,sent,
11104,S/FRA/2023/0179,20220423,,1,sent,sent,
11105,S/FRA/2023/0140,176,,1,sent,sent,
25118,S/FRA/2025/0438,25-2025,,1,not_sent,not_sent,
24939,S/FRA/2025/0452,25/306,,1,not_sent,not_sent,
11106,S/FRA/2023/0144,2022/00200/00000339,,1,sent,sent,
11107,S/FRA/2023/0150,09412001005,,1,sent,sent,
11108,S/FRA/2023/0152,09412001070,,1,sent,sent,
11109,S/FRA/2023/0159,112,,1,sent,sent,
11110,S/FRA/2023/0166,95-198974,,1,sent,sent,
11111,S/FRA/2023/0164,95-198976,,1,sent,sent,
11112,S/FRA/2023/0175,7249775-A-3076,,1,sent,sent,
11113,S/FRA/2023/0165,95-198973,,1,sent,sent,
25080,S/FRA/2025/0441,2025/046,,1,not_sent,not_sent,
11114,S/FRA/2023/0274,22V80450100024176,,1,sent,sent,
11115,S/FRA/2023/0169,4,,1,sent,sent,
11116,S/FRA/2023/0172,2023-37,,1,sent,sent,
11117,S/FRA/2023/0136,2,,1,sent,sent,
11118,S/FRA/2023/0154,4/2023,,1,sent,sent,
11122,S/FRA/2023/0163,15,,1,sent,sent,
11123,S/FRA/2023/0160,127,,1,sent,sent,
11124,S/FRA/2023/0173,274256,,1,sent,sent,
11125,S/FRA/2023/0177,T/3394,,1,sent,sent,
11132,S/FRA/2023/0137,040/305945,,1,sent,sent,
11133,S/FRA/2023/0139,217,,1,sent,sent,
11134,S/FRA/2023/0142,A/2737/2022,,1,sent,sent,
11135,S/FRA/2023/0143,2022/00200/00000426,,1,sent,sent,
11136,S/FRA/2023/0147,1 22 0005 0003818713,,1,sent,sent,
11137,S/FRA/2023/0148,1 22 0005 0003831768,,1,sent,sent,
11138,S/FRA/2023/0178,OVIE-230022,,1,sent,sent,
11139,S/FRA/2023/0174,230117,,1,sent_w_errors,sent_w_errors,2024 | El valor de ImporteTotal no coincide con el sumatorio de Bas
11140,S/FRA/2023/0149,1 22 0005 0003676766,,1,sent,sent,
11141,S/FRA/2023/0145,1 22 0005 0003677013,,1,sent,sent,
11143,S/FRA/2022/1131,0070/01/2022/0000089,,1,sent,sent,
11144,S/FRA/2022/1132,0070/01/2022/0000088,,1,sent,sent,
11145,S/FRA/2022/1133,09422007721,,1,sent,sent,
11146,S/FRA/2022/1134,2022018823,,1,sent,sent,
11147,S/FRA/2022/1135,A-V2022-00004701585,,1,sent,sent,
11148,S/FRA/2023/0192,A-V2022-00004597862,,1,sent,sent,
11149,S/FRA/2023/0254,3433-016-386286,,1,sent,sent,
11150,S/FRA/2023/0191,138,,1,sent,sent,
25096,S/FRA/2025/0439,ES55EHZABEY,,1,not_sent,not_sent,
11151,S/FRA/2023/0194,38/22,,1,sent,sent,
11152,S/FRA/2023/0196,95-200540,,1,sent_modified,sent_modified,
11153,S/FRA/2023/0195,95-200448,,1,sent,sent,
11154,S/FRA/2023/0193,7249775-A-3182,,1,sent,sent,
11155,S/FRA/2023/0252,000546,,1,sent,sent,
11156,S/FRA/2023/0264,0187-01-22154484,,1,sent,sent,
11157,S/FRA/2023/0253,T000102-15816,,1,sent,sent,
11158,S/FRA/2023/0189,AST/DUP/209,,1,sent,sent,
11159,S/FRA/2023/0190,1 000581,,1,sent,sent,
11160,S/FRA/2023/0278,00 060521,,1,sent,sent,
11161,S/FRA/2023/0261,132078,,1,sent,sent,
11162,S/FRA/2023/0262,00818675,,1,sent,sent,
11163,S/FRA/2023/0263,D-044392,,1,sent,sent,
11164,S/FRA/2023/0260,000087,,1,sent,sent,
11165,S/FRA/2023/0259,4480 017 288296,,1,sent,sent,
11166,S/FRA/2023/0257,4480-014-157441,,1,sent,sent,
25120,S/FRA/2025/0442,21250714010352857,,1,not_sent,not_sent,
11167,S/FRA/2023/0258,4480-016-095590,,1,sent,sent,
11168,S/FRA/2023/0255,4480-017-286199,,1,sent,sent,
11169,S/FRA/2023/0286,4480-014-155957,,1,sent,sent,
11171,S/FRA/2023/0176,FV21413,FV21413,1,sent,sent,
23779,S/FRA/2025/0264,4004253302,,1,sent,sent,
11261,S/FRA/2023/0202,FRO20230459424,,1,sent,sent,
11262,S/FRA/2023/0198,23-0005,,1,sent,sent,
11263,S/FRA/2023/0226,591/F,,1,sent,sent,
11264,S/FRA/2023/0188,1/190315,NEXT,1,sent_modified,sent_modified,
11265,S/FRA/2023/0187,F230048108,,1,sent,sent,
11266,S/FRA/2023/0185,03/2023/03,,1,sent,sent,
11267,S/FRA/2023/0232,000G002191,,1,sent,sent,
23269,S/FRA/2025/0083,029,,1,sent,sent,
11270,S/FRA/2023/0209,23/74,,1,sent,sent,
11271,S/FRA/2023/0212,A2301058,,1,sent,sent,
11272,S/FRA/2023/0197,0337/23,,1,sent,sent,
11273,S/FRA/2023/0213,VF23-03-0095,,1,sent,sent,
11364,S/FRA/2023/0208,E003/2022,,1,sent,sent,
11365,S/FRA/2023/0211,2023000169,,1,sent,sent,
11367,S/FRA/2023/0222,UN-56/23,,1,sent,sent,
25119,S/FRA/2025/0443,ES55IRJABEY,,1,not_sent,not_sent,
11368,S/FRA/2023/0223,A000031992,,1,sent,sent,
11369,S/FRA/2023/0199,209/23,,1,sent,sent,
11371,S/FRA/2023/0228,COF220000001987,,1,sent,sent,
11372,S/FRA/2023/0231,1/22,,1,sent,sent,
25077,S/FRA/2025/0446,A000032771,,1,not_sent,not_sent,
11373,S/FRA/2023/0206,09422008513,,1,sent,sent,
11374,S/FRA/2023/0216,141,,1,sent,sent,
11375,S/FRA/2023/0224,A/000092/22,,1,sent,sent,
11376,S/FRA/2023/0251,05-12-2022,,1,sent,sent,
25063,S/FRA/2025/0448,ES55EZ2ABEY,,1,not_sent,not_sent,
11377,S/FRA/2023/0201,238,,1,sent,sent,
11378,S/FRA/2023/0219,95-201952,,1,sent,sent,
11379,S/FRA/2023/0205,0070/01/2022/0000093,,1,sent,sent,
11380,S/FRA/2023/0269,29683,,1,sent,sent,
25041,S/FRA/2025/0450,A2504996,,1,not_sent,not_sent,
11381,S/FRA/2023/0229,20220609,,1,sent,sent,
11384,S/FRA/2023/0214,2022/015200/00000031,,1,sent,sent,
11385,S/FRA/2023/0265,T000102-18013,,1,sent,sent,
11386,S/FRA/2023/0266,132838,,1,sent,sent,
11388,S/FRA/2023/0250,4480-015-014092,,1,sent,sent,
11389,S/FRA/2023/0276,0187-02-22107727,,1,sent,sent,
11390,S/FRA/2023/0268,T000103-20326,,1,sent,sent,
11391,S/FRA/2023/0210,A-295,,1,sent,sent,
11392,S/FRA/2023/0218,95-203605,,1,sent,sent,
11393,S/FRA/2023/0217,95-203464,,1,sent,sent,
11394,S/FRA/2023/0230,20230026,,1,sent,sent,
11395,S/FRA/2023/0285,31488,,1,sent,sent,
11396,S/FRA/2023/0283,000483,,1,sent,sent,
11398,S/FRA/2023/0279,T000103-28726,,1,sent,sent,
11399,S/FRA/2023/0203,A/2789/2023,,1,sent,sent,
11400,S/FRA/2023/0284,0187-02-23007542,,1,sent,sent,
11401,S/FRA/2023/0225,A/000095/23,,1,sent,sent,
11402,S/FRA/2023/0221,95-203707,,1,sent,sent,
11403,S/FRA/2023/0200,022,,1,sent,sent,
11404,S/FRA/2023/0220,95-203733,,1,sent,sent,
11405,S/FRA/2023/0272,A-V2023-00000262812,,1,sent,sent,
11406,S/FRA/2023/0271,FVP0152115,,1,sent,sent,
11407,S/FRA/2023/0207,09423001007,,1,sent,sent,
11408,S/FRA/2023/0237,23242,,1,sent,sent,
11409,S/FRA/2023/0215,0001/2023,,1,sent,sent,
11410,S/FRA/2023/0275,AJ-29,,1,sent,sent,
11411,S/FRA/2023/0273,N4687132221113000398,,1,sent,sent,
11418,S/FRA/2023/0242,008/1280,,1,sent_modified,sent_modified,
11419,S/FRA/2023/0243,94432623,,1,sent,sent,
11420,S/FRA/2023/0246,TB-2023-F 2,,1,sent,sent,
11421,S/FRA/2023/0245,TB-2023-F 10,,1,sent,sent,
11429,S/FRA/2023/0375,18742201P0182978,,1,sent,sent,
11430,S/FRA/2023/0241,2/2023,NEXT,1,sent,sent,
9038,S/FRA/2022/1077,F595452,,1,sent,sent,
11455,S/FRA/2023/0377,18742201P0262147,,1,sent,sent,
11456,S/FRA/2023/0376,18742201P0314329,,1,sent,sent,
11462,S/FRA/2023/0239,82/EST,,1,sent,sent,
23199,S/FRA/2025/0107,AL 25000113,,1,sent,sent,
11469,S/FRA/2023/0234,T/498/2023,,1,sent,sent,
11470,S/FRA/2023/0238,FA 222313,,1,sent,sent,
11471,S/FRA/2023/0240,290,,1,sent_modified,sent_modified,
11472,S/FRA/2023/0244,44.492,,1,sent,sent,
11473,S/FRA/2023/0303,2023-62,,1,sent,sent,
11475,S/FRA/2023/0291,18742301P0070172,,1,sent,sent,
11476,S/FRA/2023/0292,23/129,,1,sent,sent,
11477,S/FRA/2023/0300,23/130,,1,sent,sent,
11478,S/FRA/2023/0301,23/131,,1,sent,sent,
11479,S/FRA/2023/0308,22/280,,1,sent,sent,
11482,S/FRA/2023/0296,23/18,,1,sent,sent,
11484,S/FRA/2023/0247,B00052823,,1,sent,sent,
11563,S/FRA/2023/0309,FRO20230695372,,1,sent,sent,
11564,S/FRA/2023/0311,FM23-522,,1,sent,sent,
11565,S/FRA/2023/0314,1073/F,,1,sent,sent,
11566,S/FRA/2023/0313,FA 230607,,1,sent,sent,
11567,S/FRA/2023/0290,A-465,,1,sent,sent,
11568,S/FRA/2023/0305,A2301844,,1,sent,sent,
11569,S/FRA/2023/0304,000D001962,,1,sent,sent,
11570,S/FRA/2023/0295,000G002475,,1,sent,sent,
11571,S/FRA/2023/0294,000G002474,,1,sent,sent,
11572,S/FRA/2023/0289,000D001961,,1,sent,sent,
11573,S/FRA/2023/0288,F20230389,,1,sent,sent,
11574,S/FRA/2023/0312,360-2023,,1,sent,sent,
11575,S/FRA/2023/0293,VF23-04-0102,,1,sent,sent,
11576,S/FRA/2023/0287,03/2023/04,,1,sent,sent,
11577,S/FRA/2023/0315,A21056,,1,sent,sent,
11578,S/FRA/2023/0310,09423002195,,1,sent,sent,
11579,S/FRA/2023/0249,AF/1398/02,,1,sent,sent,
11582,S/FRA/2023/0302,A10017796554-0323,,1,sent,sent,
11583,S/FRA/2023/0298,A10017757548-0323,,1,sent,sent,
11584,S/FRA/2023/0299,312-KF23-3161,,1,sent,sent,
11585,S/FRA/2023/0297,A10017866353-0423,,1,sent,sent,
11586,S/FRA/2023/0307,A10017871023-0423,,1,sent,sent,
11587,S/FRA/2023/0306,312-KF23-4573,,1,sent,sent,
11594,S/FRA/2023/0316,OO/2023/001,,1,sent,sent,
11595,S/FRA/2023/0317,OO/2023/002,,1,sent,sent,
11597,S/FRA/2023/0318,OO/2023/003,,1,sent,sent,
11599,S/FRA/2023/0319,OO/2023/004,,1,sent,sent,
11601,S/FRA/2023/0320,018/2023,,1,sent,sent,
11602,S/FRA/2023/0321,041/2023,,1,sent,sent,
11603,S/FRA/2023/0322,078/2023,,1,sent,sent,
11608,S/FRA/2023/0325,3/23,,1,sent,sent,
11609,S/FRA/2023/0324,1490326,,1,sent,sent,
11610,S/FRA/2023/0323,00003857,,1,sent,sent,
11613,S/FRA/2023/0326,1180173215,NEXT,1,sent,sent,
11614,S/FRA/2023/0327,1180173216,NEXT,1,sent,sent,
11632,S/FRA/2023/0328,1230259746,,1,sent,sent,
11633,S/FRA/2023/0329,1230259747,,1,sent_modified,sent_modified,
11634,S/FRA/2023/0330,1230259748,,1,sent,sent,
11635,S/FRA/2023/0335,23.040.005,,1,sent,sent,
24417,S/FRA/2025/0327,000D009013,,1,sent,sent,
24124,S/FRA/2025/0292,21250127010429611,,1,sent,sent,
11638,S/FRA/2023/0338,FD23-5200,,1,sent,sent,
11641,S/FRA/2023/0349,A/23-0084,,1,sent,sent,
11642,S/FRA/2023/0332,FRO20230881222,,1,sent,sent,
11643,S/FRA/2023/0336,7/2023,,1,sent,sent,
11644,S/FRA/2023/0337,FM23-783,,1,sent,sent,
11645,S/FRA/2023/0345,500-2023,,1,sent,sent,
11646,S/FRA/2023/0350,1.731/F,,1,sent,sent,
11647,S/FRA/2023/0343,A-604,,1,sent,sent,
11648,S/FRA/2023/0342,03/2023/05,,1,sent,sent,
11649,S/FRA/2023/0344,A2302543,,1,sent,sent,
11651,S/FRA/2023/0348,05/23,,1,sent,sent,
11652,S/FRA/2023/0347,23-0008,,1,sent,sent,
11653,S/FRA/2023/0379,18742301P0105327,,1,sent,sent,
24130,S/FRA/2025/0286,21250320010331963,,1,sent,sent,
11655,S/FRA/2023/0352,000D002164,,1,sent,sent,
11656,S/FRA/2023/0351,000G002728,,1,sent,sent,
11657,S/FRA/2023/0346,VF23-05-0112,,1,sent,sent,
11658,S/FRA/2023/0341,0117/23,,1,sent,sent,
24865,S/FRA/2025/0406,J252066337,,1,sent,sent,
11660,S/FRA/2023/0378,18742301P0051570,,1,sent,sent,
11661,S/FRA/2023/0353,OO/2023/005,,1,sent,sent,
11663,S/FRA/2023/0354,101/2023,,1,sent,sent,
11666,S/FRA/2023/0357,330001020230519000121,,1,sent,sent,
21066,S/FRA/2024/0790,ES459WYABEY,,1,sent,sent,
11668,S/FRA/2023/0356,AL 23000375,,1,sent,sent,
11673,S/FRA/2023/0355,23-0009,,1,sent,sent,
24541,S/FRA/2025/0372,21250527010372431,,1,sent,sent,
11676,S/FRA/2023/0359,A-753,,1,sent,sent,
11677,S/FRA/2023/0360,2.246/F,,1,sent,sent,
11678,S/FRA/2023/0362,VF23-06-0111,,1,sent,sent,
11682,S/FRA/2023/0363,FRO20231093675,,1,sent,sent,
11685,S/FRA/2023/0364,Q230039568,,1,sent,sent,
11686,S/FRA/2023/0365,A2303330,,1,sent,sent,
11687,S/FRA/2023/0366,03/2023/06,,1,sent,sent,
20294,S/FRA/2024/0614,AL 24000715,,1,sent,sent,
11691,S/FRA/2023/0361,FM23-1045,,1,sent,sent,
11692,S/FRA/2023/0369,713-2023,,1,sent,sent,
11693,S/FRA/2023/0370,23/264,,1,sent,sent,
11694,S/FRA/2023/0371,23/261,,1,sent,sent,
11695,S/FRA/2023/0372,23/262,,1,sent,sent,
11696,S/FRA/2023/0373,23/263,,1,sent,sent,
12239,S/FRA/2023/0374,10/2023,,1,sent,sent,
12250,S/FRA/2023/0380,1/2023,,1,sent,sent,
12251,S/FRA/2023/0411,2023000514,,1,sent,sent,
12252,S/FRA/2023/0383,112/2023,,1,sent,sent,
12253,S/FRA/2023/0384,OO/2023/006,,1,sent,sent,
12255,S/FRA/2023/0408,T/1065/2023,,1,sent,sent,
24418,S/FRA/2025/0326,000G009143,,1,sent,sent,
12256,S/FRA/2023/0407,A2303808,,1,sent,sent,
12258,S/FRA/2023/0406,23-0013,,1,sent,sent,
12265,S/FRA/2023/0405,VF23-07-0084,,1,not_sent,not_sent,3000 | Factura duplicada
12266,S/FRA/2023/0404,03/2023/07,,1,not_sent,not_sent,3000 | Factura duplicada
12267,S/FRA/2023/0416,B00052930,,1,not_sent,not_sent,3000 | Factura duplicada
12268,S/FRA/2023/0410,1129,,1,sent,sent,
12269,S/FRA/2023/0403,23/234,,1,not_sent,not_sent,3000 | Factura duplicada
12271,S/FRA/2023/0401,263,,1,sent_w_errors,sent_w_errors,2024 | El valor de ImporteTotal no coincide con el sumatorio de Bas
12272,S/FRA/2023/0386,OO/2023/007,,1,sent,sent,
12274,S/FRA/2023/0387,22M-2023,,1,sent,sent,
12275,S/FRA/2023/0409,30/23,,1,sent,sent,
24291,S/FRA/2025/0367,TB-2025-F 42,,1,sent,sent,
12277,S/FRA/2023/0399,000G003309,,1,sent,sent,
12278,S/FRA/2023/0455,23257,,1,not_sent,not_sent,3000 | Factura duplicada
12279,S/FRA/2023/0398,3/2023,NEXT,1,sent,sent,
12280,S/FRA/2023/0397,A-898,,1,sent,sent,
12281,S/FRA/2023/0396,23/333,,1,sent,sent,
12282,S/FRA/2023/0395,23/334,,1,sent,sent,
12283,S/FRA/2023/0394,23/335,,1,sent,sent,
12284,S/FRA/2023/0393,23/336,,1,sent,sent,
12285,S/FRA/2023/0392,FRO20231302969,,1,sent,sent,
12286,S/FRA/2023/0391,A2304076,,1,sent,sent,
12287,S/FRA/2023/0390,FM23-1313,,1,sent,sent,
12288,S/FRA/2023/0389,2.571/F,,1,sent,sent,
12289,S/FRA/2023/0388,2023-140,,1,sent,sent,
12290,S/FRA/2023/0454,M230000226,,1,not_sent,not_sent,3000 | Factura duplicada
12292,S/FRA/2023/0453,A230013025,,1,not_sent,not_sent,3000 | Factura duplicada
12293,S/FRA/2023/0452,Y230094546,,1,not_sent,not_sent,3000 | Factura duplicada
12294,S/FRA/2023/0412,128/2023,,1,sent,sent,
12295,S/FRA/2023/0451,J230046313,,1,not_sent,not_sent,3000 | Factura duplicada
12296,S/FRA/2023/0450,A10017910806-0523,,1,not_sent,not_sent,3000 | Factura duplicada
12297,S/FRA/2023/0449,312-KF23-5738,,1,not_sent,not_sent,3000 | Factura duplicada
12298,S/FRA/2023/0448,A10017949120-0523,,1,not_sent,not_sent,3000 | Factura duplicada
12299,S/FRA/2023/0447,A10017985755-0623,,1,not_sent,not_sent,3000 | Factura duplicada
12300,S/FRA/2023/0446,312-KF23-7149,,1,not_sent,not_sent,3000 | Factura duplicada
12301,S/FRA/2023/0445,A10018025415-0623,,1,not_sent,not_sent,3000 | Factura duplicada
12302,S/FRA/2023/0417,114-2023,,1,not_sent,not_sent,3000 | Factura duplicada
12304,S/FRA/2023/0418,0/230500,,1,not_sent,not_sent,3000 | Factura duplicada
12306,S/FRA/2023/0444,3584,,1,not_sent,not_sent,3000 | Factura duplicada
12313,S/FRA/2023/0415,A 20230495,,1,not_sent,not_sent,3000 | Factura duplicada
12317,S/FRA/2023/0457,FV21581,NEXT,1,not_sent,not_sent,3000 | Factura duplicada
12319,S/FRA/2023/0443,1180179606,NEXT,1,not_sent,not_sent,3000 | Factura duplicada
12320,S/FRA/2023/0442,1574551,,1,not_sent,not_sent,3000 | Factura duplicada
12322,S/FRA/2023/0441,23010167,,1,not_sent,not_sent,3000 | Factura duplicada
12323,S/FRA/2023/0440,23/393,,1,not_sent,not_sent,3000 | Factura duplicada
12324,S/FRA/2023/0456,FV21584,NEXT,1,not_sent,not_sent,3000 | Factura duplicada
12325,S/FRA/2023/0439,03/2023/08,,1,sent,sent,
25407,/,2025000877,,1,not_sent,not_sent,
12326,S/FRA/2023/0413,136/2023,,1,not_sent,not_sent,3000 | Factura duplicada
12327,S/FRA/2023/0414,139/2023,NEXT,1,not_sent,not_sent,3000 | Factura duplicada
12328,S/FRA/2023/0438,A-1036,,1,sent,sent,
12329,S/FRA/2023/0437,1TSN230700391738,,1,not_sent,not_sent,1157 | El bloque DesgloseFactura debe tener informado al menos uno
12330,S/FRA/2023/0436,000D002889,,1,not_sent,not_sent,3000 | Factura duplicada
12331,S/FRA/2023/0435,000D002890,,1,not_sent,not_sent,3000 | Factura duplicada
12332,S/FRA/2023/0434,000G003580,,1,not_sent,not_sent,3000 | Factura duplicada
12333,S/FRA/2023/0433,000D002891,,1,not_sent,not_sent,3000 | Factura duplicada
12334,S/FRA/2023/0432,FM23-1576,,1,not_sent,not_sent,3000 | Factura duplicada
12335,S/FRA/2023/0431,F23-039028,,1,not_sent,not_sent,3000 | Factura duplicada
12336,S/FRA/2023/0430,23249,,1,sent,sent,
12337,S/FRA/2023/0429,18742301P0175157,,1,not_sent,not_sent,3000 | Factura duplicada
12338,S/FRA/2023/0428,FA 231770,,1,not_sent,not_sent,3000 | Factura duplicada
12339,S/FRA/2023/0427,330001020230710000273,,1,not_sent,not_sent,3000 | Factura duplicada
12340,S/FRA/2023/0426,A2305024,,1,not_sent,not_sent,3000 | Factura duplicada
12341,S/FRA/2023/0425,A2305152,,1,not_sent,not_sent,3000 | Factura duplicada
12343,S/FRA/2023/0424,04/2023,,1,not_sent,not_sent,3000 | Factura duplicada
12344,S/FRA/2023/0423,3.147/F,,1,not_sent,not_sent,3000 | Factura duplicada
12354,S/FRA/2023/0420,FQ23/044286,,1,sent,sent,
12362,S/FRA/2023/0422,VF23-08-0080,,1,sent,sent,
12363,S/FRA/2023/0421,2023-197,,1,not_sent,not_sent,3000 | Factura duplicada
12367,S/FRA/2023/0463,D23 308,,1,sent,sent,
12368,S/FRA/2023/0462,D23 309,,1,sent,sent,
12370,S/FRA/2023/0461,FV21589,NEXT,1,sent,sent,
13182,S/FRA/2023/0460,FV21602,NEXT,1,sent,sent,
13183,S/FRA/2023/0459,FV21603,NEXT,1,sent,sent,
13204,S/FRA/2023/0537,A/FA00325,,1,sent,sent,
13205,S/FRA/2023/0524,4/2023,NEXT,1,sent,sent,
13218,S/FRA/2023/0458,2300296,,1,sent,sent,
13228,S/FRA/2023/0522,13/2023,,1,sent,sent,
24866,S/FRA/2025/0405,J250055189,,1,sent,sent,
21033,S/FRA/2024/0764,RS24 1431,,1,sent,sent,
19401,S/FRA/2024/0422,ES43J15ABEY,,1,sent,sent,
13241,S/FRA/2023/0514,169*08/23,,1,sent,sent,
13312,S/FRA/2023/0512,23/451,,1,sent,sent,
13314,S/FRA/2023/0536,2023-219,,1,sent,sent,
13332,S/FRA/2023/0511,000168,,1,sent,sent,
13333,S/FRA/2023/0510,23011774,,1,sent,sent,
13345,S/FRA/2023/0509,FRO20231630289,,1,sent,sent,
13346,S/FRA/2023/0532,2162124,,1,sent_modified,sent_modified,
13416,S/FRA/2023/0538,2023000830,,1,sent,sent,
6369,S/FRA/2022/0390,BL7/2022/1/2838,,1,sent,sent,
6415,S/FRA/2022/0352,F-65287782,,1,sent,sent,
25409,/,ES560NQABEY,,1,not_sent,not_sent,
13550,S/FRA/2023/0535,138-2023,,1,sent_modified,sent_modified,
25377,/,ES55XCQABEY,,1,not_sent,not_sent,
13551,S/FRA/2023/0507,D23 360,,1,sent,sent,
13552,S/FRA/2023/0533,00005034,,1,sent,sent,
13553,S/FRA/2023/0506,F106-2023,,1,sent,sent,
20295,S/FRA/2024/0615,AL 24000819,,1,sent,sent,
13556,S/FRA/2023/0503,FA 231925,,1,sent,sent,
13557,S/FRA/2023/0502,3536F23,,1,sent,sent,
13558,S/FRA/2023/0501,FM23-1829,,1,sent,sent,
13559,S/FRA/2023/0500,FM23-1911,,1,sent,sent,
13560,S/FRA/2023/0499,3.642/F,,1,sent,sent,
13561,S/FRA/2023/0498,A2305851,,1,sent,sent,
13562,S/FRA/2023/0534,66/EST,,1,sent_modified,sent_modified,
13563,S/FRA/2023/0497,03/2023/09,,1,sent,sent,
13564,S/FRA/2023/0496,23FCP00062,,1,sent,sent,
13565,S/FRA/2023/0495,4TM00120009,,1,sent,sent,
13568,S/FRA/2023/0493,23-0047,,1,sent,sent,
13569,S/FRA/2023/0492,23-0048,,1,sent,sent,
13571,S/FRA/2023/0531,9/2023,,1,sent,sent,
13572,S/FRA/2023/0530,5/2023,,1,sent,sent,
13573,S/FRA/2023/0529,62022,,1,sent,sent,
20918,S/FRA/2024/0795,AL 24000922,,1,sent,sent,
13575,S/FRA/2023/0490,5/2023,,1,sent,sent,
13576,S/FRA/2023/0489,A-1139,,1,sent,sent,
13577,S/FRA/2023/0528,2023-0031,,1,sent,sent,
13578,S/FRA/2023/0488,VF23-09-0101,,1,sent,sent,
13579,S/FRA/2023/0487,1028-2023,,1,sent,sent,
13580,S/FRA/2023/0486,6/2023,,1,sent,sent,
13581,S/FRA/2023/0527,440,,1,sent,sent,
13582,S/FRA/2023/0526,5/2023,,1,sent,sent,
13583,S/FRA/2023/0525,10/2023,,1,sent,sent,
13610,S/FRA/2023/0485,A-580,,1,sent,sent,
21463,S/FRA/2024/0888,AL 24000975,,1,sent,sent,
13612,S/FRA/2023/0466,S/04-23,,1,sent,sent,
13648,S/FRA/2023/0483,2023358,,1,sent,sent,
13649,S/FRA/2023/0482,23-0056,,1,sent,sent,
13650,S/FRA/2023/0481,23-0052,,1,sent,sent,
427,S/FRA/2021/0260,21/18,,1,not_sent,not_sent,
13651,S/FRA/2023/0480,23-0053,,1,sent,sent,
13652,S/FRA/2023/0479,23-0055,,1,sent,sent,
13653,S/FRA/2023/0478,150191,,1,sent,sent,
13659,S/FRA/2023/0477,TB-2023-F62,,1,sent,sent,
25361,/,1TSN250800381321,,1,not_sent,not_sent,
13660,S/FRA/2023/0476,OO2023-02,,1,sent,sent,
13661,S/FRA/2023/0475,2023-008,,1,sent,sent,
13662,S/FRA/2023/0474,6/2023,,1,sent,sent,
13665,S/FRA/2023/0473,2023-150,,1,sent,sent,
13667,S/FRA/2023/0472,F062-2023,,1,sent,sent,
13697,S/FRA/2023/0471,16/23,,1,sent,sent,
13698,S/FRA/2023/0470,125/2023,,1,sent,sent,
13699,S/FRA/2023/0469,126/2023,,1,sent,sent,
13700,S/FRA/2023/0464,AF/1829/01,,1,sent,sent,
13701,S/FRA/2023/0465,AF/1830/01,,1,sent,sent,
13717,S/FRA/2023/0468,5.027,,1,sent,sent,
13719,S/FRA/2023/0467,005/2023,,1,sent,sent,
25408,/,AEU-INV-ES-2025-26057235,,1,not_sent,not_sent,
13731,S/FRA/2023/0542,F23-003,,1,sent,sent,
13750,S/FRA/2023/0544,02/2023,,1,sent,sent,
13762,S/FRA/2023/0582,000G003993,,1,sent,sent,
13763,S/FRA/2023/0580,000G003986,,1,sent,sent,
13764,S/FRA/2023/0581,000G003985,,1,sent,sent,
13765,S/FRA/2023/0584,000D003310,,1,sent,sent,
13766,S/FRA/2023/0583,000D003302,,1,sent,sent,
13767,S/FRA/2023/0556,FRO20231812377,,1,sent,sent,
13773,S/FRA/2023/0561,23/550,,1,sent,sent,
13774,S/FRA/2023/0562,23/551,,1,sent,sent,
21459,S/FRA/2024/0892,000D007313,,1,sent_modified,sent_modified,
13775,S/FRA/2023/0560,23/549,,1,sent,sent,
13776,S/FRA/2023/0543,RD/001/23,,1,sent,sent,
13777,S/FRA/2023/0565,CF/0000061239-2022,,1,sent,sent,
13778,S/FRA/2023/0564,CF/0000051733-2023,,1,sent,sent,
13779,S/FRA/2023/0579,141-23,,1,sent,sent,
13811,S/FRA/2023/0539,2023/1,,1,sent,sent,
13837,S/FRA/2023/0540,2022P0000631,,1,sent,sent,
13838,S/FRA/2023/0545,0002/2023,,1,sent,sent,
13869,S/FRA/2023/0541,1/2023,,1,sent,sent,
13920,S/FRA/2023/0576,4TM00120333,,1,sent,sent,
13949,S/FRA/2023/0575,2023-265,,1,sent,sent,
13950,S/FRA/2023/0574,145-2023,,1,sent,sent,
13968,S/FRA/2023/0547,2196134,,1,sent_modified,sent_modified,
25363,/,FRO20251331266,,1,not_sent,not_sent,
13985,S/FRA/2023/0557,09413600061,,1,sent,sent,
14002,S/FRA/2023/0573,118/2023,,1,sent,sent,
14003,S/FRA/2023/0550,18742301P0228708,,1,sent,sent,
14004,S/FRA/2023/0567,A-1270,,1,sent,sent,
14005,S/FRA/2023/0572,FO3/1793,,1,sent,sent,
14006,S/FRA/2023/0551,FM23-2101,,1,sent,sent,
14007,S/FRA/2023/0552,FM23-2183,,1,sent,sent,
25393,/,2752,,1,not_sent,not_sent,
14009,S/FRA/2023/0577,3.921/F,,1,sent,sent,
14010,S/FRA/2023/0558,FA 232208,,1,sent,sent,
14011,S/FRA/2023/0559,03/2023/10,,1,sent,sent,
14012,S/FRA/2023/0568,A2306576,,1,sent,sent,
14013,S/FRA/2023/0569,1168-2023,,1,sent,sent,
14014,S/FRA/2023/0548,000225,,1,sent,sent,
14015,S/FRA/2023/0549,000226,,1,sent,sent,
14017,S/FRA/2023/0570,VF23-10-0098,,1,sent,sent,
14030,S/FRA/2023/0563,CF/0000077842-2020,,1,sent,sent,
25392,/,,,1,not_sent,not_sent,
14033,S/FRA/2023/0571,23-0057,,1,sent,sent,
14066,S/FRA/2023/0546,23013265,,1,sent_modified,sent_modified,
14068,S/FRA/2023/0555,F121-2023,,1,sent,sent,
14071,S/FRA/2023/0585,OO/2023/008,,1,sent,sent,
14072,S/FRA/2023/0586,OO/2023/009,,1,sent,sent,
14073,S/FRA/2023/0587,OO/2023/010,,1,sent,sent,
14105,S/FRA/2023/0646,06/2023,,1,sent,sent,
14107,S/FRA/2023/0647,08/2023,,1,sent,sent,
23503,S/FRA/2025/0193,25/ 81,,1,sent,sent,
14123,S/FRA/2023/0631,ES3JVHABEY,,1,sent,sent,
14129,S/FRA/2023/0651,138/2023,,1,sent,sent,
14131,S/FRA/2023/0650,139/2023,,1,sent,sent,
25334,/,000G009597,,1,not_sent,not_sent,
14133,S/FRA/2023/0649,141/2023,,1,sent,sent,
24601,S/FRA/2025/0374,1TSN250600378888,,1,sent,sent,
14145,S/FRA/2023/0595,DE245EROAAEUI,NEXT,1,sent,sent,
25359,/,FM25-1999,,1,not_sent,not_sent,
14148,S/FRA/2023/0604,ES22HSI5AEUI,NEXT,1,sent,sent,
14149,S/FRA/2023/0609,ES22HS5KAEUI,NEXT,1,sent,sent,
14150,S/FRA/2023/0615,ES23DZ3FAEUI,,1,sent,sent,
14175,S/FRA/2023/0648,188,,1,sent_modified,sent_modified,
14198,S/FRA/2023/0594,23/529,,1,sent,sent,
8440,S/FRA/2022/0756,101,,1,sent,sent,
14220,S/FRA/2023/0593,OO2023-03,,1,sent,sent,
14289,S/FRA/2023/0608,ES1PWMJAEUI,,1,sent,sent,
8443,S/FRA/2022/0753,018-0008-044611,,1,sent,sent,
9474,S/FRA/2023/0038,4TM00117053,,1,sent,sent,
14324,S/FRA/2023/0589,AF/1892/01,,1,sent,sent,
14326,S/FRA/2023/0590,AF/1894/01,,1,sent,sent,
14327,S/FRA/2023/0591,AF/1895/01,,1,sent,sent,
14329,S/FRA/2023/0592,AF/1896/01,,1,sent,sent,
9288,S/FRA/2022/1128,F579919,,1,sent,sent,
19570,S/FRA/2024/0445,ES43R9IABEY,,1,sent,sent,
19568,S/FRA/2024/0444,ES43QO5ABEY,,1,sent,sent,
19986,S/FRA/2024/0530,20240492,,1,sent,sent,
15080,S/FRA/2023/0957,1230592531,,1,sent,sent,
20962,S/FRA/2024/0769,155-24,,1,sent,sent,
18185,S/FRA/2024/0248,INV249274675,,1,sent,sent,
18342,S/FRA/2024/0272,2024 A 0000061,,1,sent,sent,
20304,S/FRA/2024/0603,000002 TB 009105,,1,sent,sent,
22017,S/FRA/2024/0985,145/2024,,1,sent,sent,
22016,S/FRA/2024/0986,144/2024,,1,sent,sent,
19415,S/FRA/2024/0424,ES43JCJABEY,,1,sent,sent,
3293,S/FRA/2021/0719,21/33,,1,sent,sent,
24502,S/FRA/2025/0356,22150,,1,sent,sent,
24515,S/FRA/2025/0354,A250000098,,1,sent,sent,
13549,S/FRA/2023/0508,F683297,,1,sent,sent,
24516,S/FRA/2025/0353,2025012612,,1,sent,sent,
24408,S/FRA/2025/0331,000152,,1,sent,sent,
25358,/,FM25-2057,,1,not_sent,not_sent,
21934,S/FRA/2024/0976,23-2024,,1,sent,sent,
19460,S/FRA/2024/0449,ES43LGNABEY,,1,sent,sent,
20811,S/FRA/2024/0754,052-0010-R282657,FEDERICA,1,sent,sent,
25356,/,1NSN250800662084,,1,not_sent,not_sent,
20982,S/FRA/2024/0761,000271,,1,sent,sent,
25355,/,A2505395,,1,not_sent,not_sent,
20983,S/FRA/2024/0759,000272,,1,sent,sent,
19508,S/FRA/2024/0418,ES43NHOABEY,,1,sent,sent,
20985,S/FRA/2024/0760,000274,,1,sent,sent,
25335,/,ES515QPFABEI,,1,not_sent,not_sent,
21383,S/FRA/2024/0846,18742401P0271632,,1,sent,sent,
21912,S/FRA/2024/0965,D240033349,,1,sent,sent,
21478,S/FRA/2024/0887,A2408396,,1,sent,sent,
21913,S/FRA/2024/0964,D242063948,,1,sent,sent,
9471,S/FRA/2023/0035,4TM00114813,,1,sent,sent,
10604,S/FRA/2023/0121,4TM00117689,,1,sent,sent,
3294,S/FRA/2021/0720,21/36,,1,sent,sent,
21620,S/FRA/2024/0930,1TSN241200038893,,1,sent,sent,
21367,S/FRA/2024/0842,N240068654,,1,sent,sent,
20681,S/FRA/2024/0724,A2407422,,1,sent,sent,
20079,S/FRA/2024/0562,A2406586,,1,sent,sent,
21366,S/FRA/2024/0845,N242042775,,1,sent,sent,
22389,S/FRA/2024/1042,312-KF24-13050,,1,sent,sent,
22387,S/FRA/2024/1044,A10019276976-1124,,1,sent,sent,
21068,S/FRA/2024/0789,1TSN241100073798,,1,sent,sent,
20580,S/FRA/2024/0712,0242023452,,1,sent_modified,sent_modified,
21911,S/FRA/2024/0966,O240090988,,1,sent,sent,
22392,S/FRA/2024/1039,312-KF24-14335,,1,sent,sent,
3295,S/FRA/2021/0721,21/41,,1,sent,sent,
6375,S/FRA/2022/0408,26,,1,sent,sent,
23894,S/FRA/2025/0250,2099838,,1,sent,sent,
5974,S/FRA/2022/0330,09411001162,,1,sent,sent,
22077,S/FRA/2024/1021,21241122010360658,,1,sent,sent,
11468,S/FRA/2023/0236,A/119,,1,sent,sent,
22081,S/FRA/2024/1017,21241112010419334,,1,sent,sent,
6389,S/FRA/2022/0362,1 21 0005 0005252397,,1,sent,sent,
6391,S/FRA/2022/0361,A/14311,,1,sent,sent,
6346,S/FRA/2022/0336,154-2021,,1,sent,sent,
13685,S/FRA/2023/0578,F686321,,1,sent,sent,
5890,S/FRA/2022/0275,95-187541,,1,sent,sent,
16634,S/FRA/2024/0143,95-216121,,1,sent,sent,
6368,S/FRA/2022/0406,BL7/2022/2/3066,,1,sent,sent,
5875,S/FRA/2022/0258,09411000911,,1,sent,sent,
5893,S/FRA/2022/0281,62/21,,1,sent,sent,
5859,S/FRA/2022/0254,11-2600/00023,,1,sent,sent,
8514,S/FRA/2022/0873,011G/281828,,1,sent,sent,
5955,S/FRA/2022/0332,11-21-600-00042,,1,sent,sent,
24287,S/FRA/2025/0345,25/11,,1,sent,sent,
19618,S/FRA/2024/0452,AEU-INV-ES-2024-21709237,,1,sent,sent,
16559,S/FRA/2024/0095,3529 R,,1,sent,sent,
23200,S/FRA/2025/0106,AL 25000010,,1,sent,sent,
18310,S/FRA/2024/0271,3553,,1,sent,sent,
18303,S/FRA/2024/0270,3544 R,,1,sent_modified,sent_modified,
19459,S/FRA/2024/0415,ES43L16ABEY,,1,sent,sent,
18442,S/FRA/2024/0306,INV-ES-158921351-2024-16,,1,sent_modified,sent_modified,
18294,S/FRA/2024/0269,L118844,,1,sent,sent,
24517,S/FRA/2025/0352,040/333215,,1,sent,sent,
16637,S/FRA/2024/0065,I513502F0000134,,1,sent,sent,
18253,S/FRA/2024/0261,382-2024,,1,sent,sent,
17970,S/FRA/2024/0253,1792310,,1,sent,sent,
23170,S/FRA/2025/0147,F014-2025,,1,sent,sent,
17498,S/FRA/2024/0215,2020/0327,,1,sent,sent,
16361,S/FRA/2024/0128,09424000367,,1,sent,sent,
14240,S/FRA/2023/0621,ES274GYAEUI,,1,sent_modified,sent_modified,
14143,S/FRA/2023/0612,ES224C0HAEUI,,1,sent,sent,
14293,S/FRA/2023/0606,ES1L7ICAEUI,,1,sent,sent,
465,S/FRA/2021/0298,2021/AES004523,,1,not_sent,not_sent,
692,S/FRA/2021/0486,01-5260,,1,sent,sent,
2322,S/FRA/2021/0573,4TM112592,,1,sent,sent,
2323,S/FRA/2021/0572,4TM112481,,1,sent,sent,
3236,S/FRA/2021/0670,4TM112984,,1,sent,sent,
3590,S/FRA/2021/0789,FRO20220010071,,1,sent,sent,
3687,S/FRA/2021/0807,A/140,,1,sent,sent,
3916,S/FRA/2022/0040,09412000115,,1,sent,sent,
3947,S/FRA/2022/0014,EC-0012019-2021,,1,sent,sent,
4020,S/FRA/2022/0119,A9500/71280,,1,sent_modified,sent_modified,
5858,S/FRA/2022/0249,11-21-600/00022,,1,sent,sent,
5861,S/FRA/2022/0250,0070/01/2021/0000026,,1,sent,sent,
5862,S/FRA/2022/0252,0070/01/2021/0000027,,1,sent,sent,
5863,S/FRA/2022/0253,232,,1,sent,sent,
5865,S/FRA/2022/0271,000391,,1,sent,sent,
5868,S/FRA/2022/0268,000106,,1,sent,sent,
5869,S/FRA/2022/0256,95-186604,,1,sent,sent,
5870,S/FRA/2022/0255,B/9597,,1,sent,sent,
5873,S/FRA/2022/0259,19685,,1,sent,sent,
5876,S/FRA/2022/0269,09411000962,,1,sent,sent,
5877,S/FRA/2022/0260,F012021/000161,,1,sent,sent,
5879,S/FRA/2022/0261,20210425,,1,sent,sent,
5880,S/FRA/2022/0262,91,,1,sent,sent,
5881,S/FRA/2022/0264,62,,1,sent,sent,
5884,S/FRA/2022/0270,117,,1,sent,sent,
5886,S/FRA/2022/0298,000319,,1,sent,sent,
5888,S/FRA/2022/0285,000364,,1,sent,sent,
5891,S/FRA/2022/0294,95-187951,,1,sent,sent,
5895,S/FRA/2022/0279,A/2551/2021,,1,sent,sent,
22755,S/FRA/2025/0039,97,,1,sent,sent,
24518,S/FRA/2025/0351,09425003873,,1,sent,sent,
3296,S/FRA/2021/0661,21/43,,1,sent,sent,
23186,S/FRA/2025/0118,269/F,,1,sent,sent,
18194,S/FRA/2024/0246,ES4XLOABEY,,1,sent_modified,sent_modified,
21883,S/FRA/2024/0968,05/2024,,1,sent,sent,
19876,S/FRA/2024/0576,FA004675,,1,sent,sent,
21848,S/FRA/2024/0956,D24 558,,1,sent,sent,
21011,S/FRA/2024/0792,ES457HDABEY,,1,sent,sent,
23836,S/FRA/2025/0349,00101/57742,,1,sent,sent,
23550,S/FRA/2025/0216,2030/25,,1,sent,sent,
24440,S/FRA/2025/0323,B2500016,,1,sent,sent,
5897,S/FRA/2022/0301,09421006045,,1,sent,sent,
5898,S/FRA/2022/0287,09421005799,,1,sent,sent,
5899,S/FRA/2022/0293,09421005876,,1,sent,sent,
5900,S/FRA/2022/0300,75,,1,sent,sent,
5904,S/FRA/2022/0289,112237,,1,sent,sent,
5907,S/FRA/2022/0427,101303789,,1,sent,sent,
5908,S/FRA/2022/0272,FS-01-0461286,,1,sent,sent,
5909,S/FRA/2022/0282,FS-01-0462751,,1,sent,sent,
5910,S/FRA/2022/0277,FS-01-0462303,,1,sent,sent,
5911,S/FRA/2022/0303,000450,,1,sent,sent,
5913,S/FRA/2022/0290,000269,,1,sent,sent,
16751,S/FRA/2024/0144,VF24-02-0106,,1,sent,sent,
5914,S/FRA/2022/0305,000317,,1,sent,sent,
5915,S/FRA/2022/0291,A189031/2021,,1,sent,sent,
5916,S/FRA/2022/0326,52515,,1,sent,sent,
5917,S/FRA/2022/0350,52617,,1,sent,sent,
20324,S/FRA/2024/0632,4.849,,1,sent,sent,
5925,S/FRA/2022/0340,000166,,1,sent,sent,
5928,S/FRA/2022/0351,000402,,1,sent,sent,
5929,S/FRA/2022/0425,000435,,1,sent,sent,
5930,S/FRA/2022/0342,B/149145,,1,sent,sent,
5947,S/FRA/2022/0302,175276,,1,sent,sent,
5950,S/FRA/2022/0307,V.21 211018-27,,1,sent,sent,
21054,S/FRA/2024/0791,VF24-11-0103,,1,sent,sent,
24286,S/FRA/2025/0348,ES53OJYABEY,,1,sent,sent,
21809,S/FRA/2024/0950,22/2024,,1,sent,sent,
5952,S/FRA/2022/0312,000362,,1,sent,sent,
16593,S/FRA/2024/0091,VF24-01-0360,,1,sent,sent,
21452,S/FRA/2024/0899,2963703,,1,sent,sent,
5953,S/FRA/2022/0357,000303,,1,sent,sent,
5956,S/FRA/2022/0309,11-21-600-00037,,1,sent,sent,
5958,S/FRA/2022/0349,B/9824,,1,sent,sent,
17470,S/FRA/2024/0220,VF24-03-0101,,1,sent,sent,
5959,S/FRA/2022/0375,12/2021,,1,sent,sent,
5960,S/FRA/2022/0317, ,,1,sent,sent,
5961,S/FRA/2022/0356,10/2019,,1,sent,sent,
19674,S/FRA/2024/0463,VF24-09-0098,,1,sent,sent,
5962,S/FRA/2022/0323,11-21-600/00040,,1,sent,sent,
5965,S/FRA/2022/0316,040/293834,,1,sent,sent,
5967,S/FRA/2022/0320,20210556,,1,sent,sent,
19041,S/FRA/2024/0357,VF24-07-0094,,1,sent,sent,
5970,S/FRA/2022/0322,00001TB168637,,1,sent,sent,
18414,S/FRA/2024/0289,VF24-05-0089,,1,sent,sent,
5971,S/FRA/2022/0318,1 21 0005 0004858163,,1,sent,sent,
18252,S/FRA/2024/0262,VF24-04-0091,,1,sent,sent,
5972,S/FRA/2022/0337,09421006755,,1,sent,sent,
18745,S/FRA/2024/0315,VF24-06-0105,,1,sent,sent,
5973,S/FRA/2022/0319,09421006552,,1,sent,sent,
19322,S/FRA/2024/0425,VF24-08-0092,,1,sent,sent,
5975,S/FRA/2022/0334,09421006697,,1,sent,sent,
20426,S/FRA/2024/0685,VF24-10-0105,,1,sent,sent,
5976,S/FRA/2022/0328,B/9789,,1,sent,sent,
6341,S/FRA/2022/0325,I19-03/000041,,1,sent,sent,
6342,S/FRA/2022/0335,95-189243,,1,sent,sent,
6345,S/FRA/2022/0327,14,,1,sent,sent,
6348,S/FRA/2022/0345,81,,1,sent,sent,
24340,S/FRA/2025/0347,1TSN250500441277,,1,sent,sent,
6349,S/FRA/2022/0343,156,,1,sent,sent,
6350,S/FRA/2022/0359,68/21,,1,sent,sent,
6351,S/FRA/2022/0360,A/000032/21,,1,sent,sent,
23312,S/FRA/2025/0137,25/4,,1,sent,sent,
21156,S/FRA/2024/0805,140-24,,1,sent,sent,
21382,S/FRA/2024/0834,05/2024,,1,sent,sent,
22477,S/FRA/2025/0022,1250004151,2024,1,sent,sent,
21479,S/FRA/2024/0886,001570,,1,sent,sent,
18198,S/FRA/2024/0243,1.223/F,,1,sent,sent,
18207,S/FRA/2024/0239,0001879768,,1,sent,sent,
22176,S/FRA/2025/0013,01-2025,,1,sent,sent,
20382,S/FRA/2024/0653,FMI/7090,,1,sent,sent,
21161,S/FRA/2024/0839,ES45G11ABEY,,1,sent,sent,
21083,S/FRA/2024/0787,0120/2024,,1,sent,sent,
19879,S/FRA/2024/0664,22FG24,,1,sent,sent,
21176,S/FRA/2024/0822,06/24,,1,sent,sent,
24293,S/FRA/2025/0341,19-2025,,1,sent,sent,
19375,S/FRA/2024/0431,F798428,,1,sent,sent,
21306,S/FRA/2024/0844,129/2024,,1,sent,sent,
18200,S/FRA/2024/0242,FRO20240620990,,1,sent,sent,
22007,S/FRA/2024/0972,11/2024,,1,sent,sent,
21327,S/FRA/2024/0857,8.114,,1,sent,sent,
22415,S/FRA/2024/1058,5.632/F,,1,sent,sent,
21331,S/FRA/2024/0859,8.210,,1,sent,sent,
21333,S/FRA/2024/0833,0199-2024,,1,sent,sent,
21381,S/FRA/2024/0864,TB-2024-F 51,,1,sent,sent,
21400,S/FRA/2024/0831,AF/3052/01,,1,sent,sent,
24338,S/FRA/2025/0340,21/2025,,1,sent,sent,
21888,S/FRA/2024/0955,F181-2024,,1,sent,sent,
17333,S/FRA/2024/0179,705/F,,1,sent,sent,
21464,S/FRA/2024/0903,160737,,1,sent,sent,
20987,S/FRA/2024/0793,ES4567ZABEY,,1,sent,sent,
24339,S/FRA/2025/0339,18742501P0117612,,1,sent,sent,
18208,S/FRA/2024/0238,00003406,,1,sent,sent,
21597,S/FRA/2024/0868,013/24/25,,1,sent,sent,
21110,S/FRA/2024/0777,ES45E3NABEY,,1,sent,sent,
20336,S/FRA/2024/0634,000002 TB 011303,,1,sent,sent,
24341,S/FRA/2025/0338,1NSN250500529570,,1,sent,sent,
21669,S/FRA/2024/0935,5452,,1,sent,sent,
21558,S/FRA/2024/0877,ES4604TABEY,,1,sent,sent,
6353,S/FRA/2022/0394,C1132,,1,sent,sent,
17367,S/FRA/2024/0205,330001020240226000134,,1,sent,sent,
17224,S/FRA/2024/0192,R_39712_2008,,1,sent,sent,
20446,S/FRA/2024/0743,13-2400077,,1,sent,sent,
21000,S/FRA/2024/0763,13-2400087,,1,sent,sent,
21486,S/FRA/2024/0902,F162-2024,,1,sent,sent,
21310,S/FRA/2024/0849,025/2024,,1,sent,sent,
21311,S/FRA/2024/0850,05/2024,,1,sent,sent,
21312,S/FRA/2024/0855,008/2024,,1,sent,sent,
21313,S/FRA/2024/0854,16/24,,1,sent,sent,
21314,S/FRA/2024/0851,13/2024,,1,sent,sent,
21326,S/FRA/2024/0856,9/24,,1,sent,sent,
21332,S/FRA/2024/0837,1-013/2024,,1,sent,sent,
21358,S/FRA/2024/0825,AF/3043/01,,1,sent,sent,
21360,S/FRA/2024/0826,AF/3044/01,,1,sent,sent,
21361,S/FRA/2024/0827,AF/3045/01,,1,sent,sent,
21363,S/FRA/2024/0828,AF/3046/01,,1,sent,sent,
21364,S/FRA/2024/0829,AF/3047/01,,1,sent,sent,
21447,S/FRA/2024/0863,16,,1,sent,sent,
3551,S/FRA/2022/0086,22/1,,1,sent,sent,
21462,S/FRA/2024/0889,5/2024,,1,sent,sent,
15953,S/FRA/2023/1061,46/2023,,1,sent,sent,
17318,S/FRA/2024/0182,24/59,,1,sent_modified,sent_modified,
24895,S/FRA/2025/0404,A10019785566-0625,,1,sent,sent,
17240,S/FRA/2024/0194,318249,,1,sent,sent,
17227,S/FRA/2024/0191,3/2024,,1,sent,sent,
17185,S/FRA/2024/0174,OE/2024/M0145,,1,sent,sent,
21108,S/FRA/2024/0779,FM24-2486,,1,sent,sent,
23904,S/FRA/2025/0271,A-537,,1,sent,sent,
19783,S/FRA/2024/0495,F806563,,1,sent,sent,
21732,S/FRA/2024/0945,ES46AU3ABEY,,1,sent,sent,
21305,S/FRA/2024/0843,01 2024 FGL,,1,sent,sent,
23083,S/FRA/2025/0047,1NSN250100547796,,1,sent,sent,
21378,S/FRA/2024/0840,0201-2024,,1,sent,sent,
19833,S/FRA/2024/0499,F809054,,1,sent,sent,
6354,S/FRA/2022/0383,118719,,1,sent,sent,
16616,S/FRA/2024/0086,FRO20240236830,,1,sent,sent,
23875,S/FRA/2025/0254,T/493/2025,,1,sent,sent,
20315,S/FRA/2024/0592,FMI/6024,,1,sent,sent,
21153,S/FRA/2024/0808,41/2024,,1,sent,sent,
21159,S/FRA/2024/0815,6.988,,1,sent,sent,
24484,S/FRA/2025/0361,F922519,,1,sent,sent,
24342,S/FRA/2025/0337,R-11275,,1,sent,sent,
6357,S/FRA/2022/0407,09412000165,,1,sent,sent,
20381,S/FRA/2024/0583,FMI/6371,,1,sent_modified,sent_modified,
21155,S/FRA/2024/0806,024182,,1,sent,sent,
16041,S/FRA/2023/1096,BL7/2023/1/22876,,1,sent,sent,
20600,S/FRA/2024/0716,35/2024,,1,sent,sent,
20601,S/FRA/2024/0715,36/2024,,1,sent,sent,
20213,S/FRA/2024/0581,C4/106929,,1,sent,sent,
20960,S/FRA/2024/0768,11/2024,,1,sent,sent,
20961,S/FRA/2024/0767,12/2024,,1,sent,sent,
21134,S/FRA/2024/0773,2024-07,,1,sent,sent,
6360,S/FRA/2022/0381,95-191204,,1,sent,sent,
6361,S/FRA/2022/0384,95-191314,,1,sent,sent,
6362,S/FRA/2022/0382,N4687131220113000163,,1,sent,sent,
20109,S/FRA/2024/0747,FM24-2271,,1,sent,sent,
20151,S/FRA/2024/0547,2835550,,1,sent,sent,
6383,S/FRA/2022/0401,119230,,1,sent,sent,
15825,S/FRA/2023/1017,02/2023,,1,sent,sent,
15757,S/FRA/2023/1049,D23 520,,1,sent,sent,
19791,S/FRA/2024/0486,15/24,,1,sent,sent,
19832,S/FRA/2024/0494,0158-2024,,1,sent,sent,
19838,S/FRA/2024/0490,78,,1,sent,sent,
16009,S/FRA/2023/1067,BL7/2023/1/19810,,1,sent,sent,
19881,S/FRA/2024/0574,03/2024,,1,sent,sent,
19883,S/FRA/2024/0497,TB-2024-F 45,,1,sent,sent,
19911,S/FRA/2024/0478,TB-2024-F6,,1,sent,sent,
19913,S/FRA/2024/0476,OO2024-02,,1,sent,sent,
19936,S/FRA/2024/0522,6.207 A,,1,sent,sent,
19953,S/FRA/2024/0512,84/EST,,1,sent,sent,
19987,S/FRA/2024/0517,7/24,,1,sent,sent,
19989,S/FRA/2024/0575,24-0026,,1,sent,sent,
20021,S/FRA/2024/0538,24008CA,,1,sent,sent,
20024,S/FRA/2024/0541,12,,1,sent,sent,
20082,S/FRA/2024/0556,FM24-2202,,1,sent,sent,
20083,S/FRA/2024/0542,87/2024,,1,sent,sent,
20150,S/FRA/2024/0549,0174-2024,,1,sent,sent,
20207,S/FRA/2024/0570,40/24,,1,sent,sent,
24483,S/FRA/2025/0362,25/118,,1,sent,sent,
20286,S/FRA/2024/0579,33,,1,sent,sent,
20406,S/FRA/2024/0673,33/2024,,1,sent,sent,
20441,S/FRA/2024/0687,19/2024,,1,sent,sent,
20443,S/FRA/2024/0676,AF/3011/01,,1,sent,sent,
20445,S/FRA/2024/0678,AF/1829/02,,1,sent,sent,
20448,S/FRA/2024/0695,010/2024,,1,sent,sent,
20449,S/FRA/2024/0696,5,,1,sent,sent,
20450,S/FRA/2024/0688,2024-0050,,1,sent,sent,
20461,S/FRA/2024/0680,008,,1,sent,sent,
20462,S/FRA/2024/0681,P-164,,1,sent,sent,
20463,S/FRA/2024/0679,P-166,,1,sent,sent,
20464,S/FRA/2024/0682,P-165,,1,sent,sent,
20465,S/FRA/2024/0690,P-167,,1,sent,sent,
20477,S/FRA/2024/0683,P-168,,1,sent,sent,
20502,S/FRA/2024/0710,1-2024,,1,sent,sent,
20524,S/FRA/2024/0713,3,,1,sent,sent,
20535,S/FRA/2024/0714,202409214,,1,sent,sent,
20596,S/FRA/2024/0720,04/2024,,1,sent,sent,
20597,S/FRA/2024/0719,10/2024,,1,sent,sent,
20598,S/FRA/2024/0718,6,,1,sent,sent,
20599,S/FRA/2024/0717,08/2024,,1,sent,sent,
20602,S/FRA/2024/0722,E/-18,,1,sent,sent,
20686,S/FRA/2024/0751,04/2024,,1,sent,sent,
15843,S/FRA/2023/1016,14,,1,sent,sent,
6363,S/FRA/2022/0386,22/16108,,1,sent,sent,
6364,S/FRA/2022/0393,2-22,,1,sent,sent,
6367,S/FRA/2022/0392,FAC-1160,,1,sent,sent,
6370,S/FRA/2022/0396,BL7/2022/2/2176,,1,sent,sent,
6388,S/FRA/2022/0358,000127,,1,sent,sent,
6390,S/FRA/2022/0363,0070/01/2021/0000037,,1,sent,sent,
6394,S/FRA/2022/0366,95-189938,,1,sent,sent,
6395,S/FRA/2022/0371,42114415,,1,sent,sent,
6403,S/FRA/2022/0378,09421008058,,1,sent,sent,
6404,S/FRA/2022/0333,98,,1,sent,sent,
6406,S/FRA/2022/0367,011F/474,,1,sent,sent,
6407,S/FRA/2022/0368,018-0012-996962,,1,sent,sent,
6669,S/FRA/2022/0480,B/10265,,1,sent,sent,
7710,S/FRA/2022/0626,852222,,1,sent_modified,sent_modified,
7713,S/FRA/2022/0628,AF/1605/01,,1,sent,sent,
7778,S/FRA/2022/0717,20695,,1,sent,sent,
8437,S/FRA/2022/0759,V/10002124/22,,1,sent,sent,
8441,S/FRA/2022/0755,018-0007-042369,,1,sent,sent,
8442,S/FRA/2022/0754,018-0007-043076,,1,sent,sent,
8446,S/FRA/2022/0750,2022-0479,,1,sent,sent,
8456,S/FRA/2022/0868,004/2022,,1,sent,sent,
8513,S/FRA/2022/0874,011G/283905,,1,sent,sent,
8515,S/FRA/2022/1130,4-2022,,1,sent,sent,
9042,S/FRA/2022/0933,214045952380,,1,sent,sent,
9153,S/FRA/2022/0983,008/713,,1,sent,sent,
24356,S/FRA/2025/0334,3367162,,1,sent,sent,
9252,S/FRA/2022/1017,20220600,,1,sent,sent,
9254,S/FRA/2022/1015,5389,,1,sent,sent,
9256,S/FRA/2022/1013,2022-OV-001,,1,sent,sent,
9469,S/FRA/2023/0031,54203,,1,sent,sent,
9472,S/FRA/2023/0036,4TM00116051,,1,sent,sent,
9475,S/FRA/2023/0039,4TM00116549,,1,sent,sent,
9476,S/FRA/2023/0034,4TM00116472,,1,sent,sent,
9478,S/FRA/2023/0055,17294,,1,sent,sent,
9492,S/FRA/2023/0041,CJ1/2023,,1,sent,sent,
11098,S/FRA/2023/0151,09422005293,,1,sent,sent,
11366,S/FRA/2023/0204,A/2797/2023,,1,sent,sent,
11382,S/FRA/2023/0227,000010050,,1,sent,sent,
24897,S/FRA/2025/0403,312-KF25-6536,,1,sent,sent,
13528,S/FRA/2023/0554,67/23,,1,sent_modified,sent_modified,
14067,S/FRA/2023/0627,ES31ROLABEY,,1,sent,sent,
14111,S/FRA/2023/0642,ES31LXNABEY,NEXT,1,sent,sent,
14112,S/FRA/2023/0633,ES31K9MABEY,,1,sent,sent,
25283,S/FRA/2025/0477,R-11413,,1,not_sent,not_sent,
14113,S/FRA/2023/0630,ES31EQQABEY,,1,sent,sent,
14115,S/FRA/2023/0638,ES318D8ABEY,NEXT,1,sent,sent,
14130,S/FRA/2023/0632,ES32EYXABEI,,1,sent,sent,
23548,S/FRA/2025/0221,R2500024,,1,sent,sent,
14136,S/FRA/2023/0588,ES3342WAEUI,,1,sent,sent,
14137,S/FRA/2023/0607,ES3AAGNAEUI,,1,sent,sent,
14138,S/FRA/2023/0620,ES3BY7UAEUI,,1,sent,sent,
14141,S/FRA/2023/0619,ES21W8JXAEUI,,1,sent,sent,
14146,S/FRA/2023/0601,ES23D9F4AEUI,,1,sent_modified,sent_modified,
14189,S/FRA/2023/0644,PL23O2C2AEUI,NEXT,1,sent,sent,
23888,S/FRA/2025/0253,1TSN250300447563,,1,sent,sent,
14197,S/FRA/2023/0623,ES231YBFAEUI,,1,sent,sent,
14199,S/FRA/2023/0616,ES231ZOZAEUI,,1,sent,sent,
14208,S/FRA/2023/0622,ES2BUCFAEUI,,1,sent_modified,sent_modified,
24650,S/FRA/2025/0378,25/13,,1,sent,sent,
14209,S/FRA/2023/0697,INV-PL-100046381-2022-8,,1,not_sent,not_sent,3000 | Factura duplicada
23282,S/FRA/2025/0070,VF25-01-0403,,1,sent,sent,
14212,S/FRA/2023/0603,ES2268KGAEUI,,1,sent_modified,sent_modified,
14238,S/FRA/2023/0602,ES2HN11AEUI,,1,sent_modified,sent_modified,
14241,S/FRA/2023/0611,ES2CQKEAEUI,,1,sent,sent,
14244,S/FRA/2023/0614,ES22WBDDAEU,,1,sent,sent,
24415,S/FRA/2025/0329,F0025-0382,,1,sent,sent,
23908,S/FRA/2025/0261,VF25-04-0103,,1,sent,sent,
24642,S/FRA/2025/0386,A2503867,,1,sent,sent,
14269,S/FRA/2023/0695,INV-ES-141502961-2021-238,,1,not_sent,not_sent,3000 | Factura duplicada
14282,S/FRA/2023/0613,ES1I0LDAEUI,,1,sent_modified,sent_modified,
14284,S/FRA/2023/0759,INV-ES-113736931-2021-383,,1,not_sent,not_sent,3000 | Factura duplicada
14285,S/FRA/2023/0758,INV-FR-113736931-2021-29799,,1,not_sent,not_sent,3000 | Factura duplicada
14286,S/FRA/2023/0685,INV-ES-132325241-2021-4952,,1,not_sent,not_sent,3000 | Factura duplicada
14290,S/FRA/2023/0641,CZ19KC8AEUI,,1,sent,sent,
14291,S/FRA/2023/0617,ES1JXY1AEUI,,1,sent_modified,sent_modified,
14292,S/FRA/2023/0624,ES1JZLIAEUI,,1,sent,sent,
14294,S/FRA/2023/0598,ES1AID4AEUI,,1,sent,sent,
14301,S/FRA/2023/0625,AEU-INV-IT-2021-1563904,NEXT,1,sent,sent,
14313,S/FRA/2023/0599,ES1108ZCAEUI,,1,sent_modified,sent_modified,
14316,S/FRA/2023/0696,INV-ES-141502961-2021-244,,1,not_sent,not_sent,3000 | Factura duplicada
14317,S/FRA/2023/0618,ES110JFNAEUI,,1,sent,sent,
14319,S/FRA/2023/0596,ES119WYZAEUI,,1,sent,sent,
14435,S/FRA/2023/0780,FRO20221569213,,1,not_sent,not_sent,3000 | Factura duplicada
14929,S/FRA/2023/1006,ES3265BABEY,,1,sent,sent,
14930,S/FRA/2023/0941,ES3268XABEY,,1,sent,sent,
14979,S/FRA/2023/0946,230009574,,1,sent_modified,sent_modified,
25458,/,,,1,not_sent,not_sent,
14988,S/FRA/2023/1005,ES327BGABEY,,1,sent,sent,
16019,S/FRA/2023/1095,042298,,1,sent,sent,
16116,S/FRA/2024/0130,613,,1,sent,sent,
16362,S/FRA/2024/0127,FRO20240072146,,1,sent,sent,
16536,S/FRA/2024/0118,24F0128,,1,sent,sent,
16537,S/FRA/2024/0117,09984000005,,1,sent,sent,
16538,S/FRA/2024/0116,09414000149,,1,sent,sent,
16540,S/FRA/2024/0114,09984000004,,1,sent,sent,
16541,S/FRA/2024/0113,C4/100065,,1,sent,sent,
16542,S/FRA/2024/0112,FMI/71,,1,sent,sent,
16543,S/FRA/2024/0111,44/0608,,1,sent,sent,
16544,S/FRA/2024/0110,2024000011,,1,sent,sent,
16545,S/FRA/2024/0109,2024000793,,1,sent,sent,
16547,S/FRA/2024/0107,13,,1,sent,sent,
16548,S/FRA/2024/0106,12,,1,sent,sent,
16549,S/FRA/2024/0105,4,,1,sent,sent,
16550,S/FRA/2024/0104,T000102-89855,,1,sent,sent,
16551,S/FRA/2024/0103,3040737420000072,,1,sent,sent,
16552,S/FRA/2024/0102,FO8145010000017,,1,sent,sent,
16553,S/FRA/2024/0101,FO8145010000016,,1,sent,sent,
16555,S/FRA/2024/0099,12383/10000004,,1,sent,sent,
16556,S/FRA/2024/0098,T000102-89923,,1,sent,sent,
16623,S/FRA/2024/0078,002-0001-905396,,1,sent,sent,
16629,S/FRA/2024/0072,A/2915/2023,,1,sent,sent,
16631,S/FRA/2024/0070,0070/01/2024/0000003,,1,sent_modified,sent_modified,
16632,S/FRA/2024/0069,000002-TN136983,,1,sent,sent,
16633,S/FRA/2024/0068,01/2024,,1,sent,sent,
16636,S/FRA/2024/0066,FQ24/003984,,1,sent_modified,sent_modified,
16638,S/FRA/2024/0064,5,,1,sent,sent,
16639,S/FRA/2024/0063,09424000946,,1,sent,sent,
16659,S/FRA/2024/0038,I-146,,1,sent,sent,
16678,S/FRA/2024/0142,ESINV23000001444412,,1,sent,sent,
17182,S/FRA/2024/0163,A/000147/24,,1,sent,sent,
25333,/,000D009602,,1,not_sent,not_sent,
17183,S/FRA/2024/0162,09414000211,,1,sent,sent,
17205,S/FRA/2024/0158,24A001,,1,sent,sent,
17206,S/FRA/2024/0176,404-6474789-5761906,,1,sent,sent,
17207,S/FRA/2024/0157,2304003,,1,sent,sent,
17210,S/FRA/2024/0155,09984000006,,1,sent,sent,
17213,S/FRA/2024/0152,20960/2024,,1,sent,sent,
17214,S/FRA/2024/0173,FMI/10951,,1,sent,sent,
17215,S/FRA/2024/0151,FMI/357,,1,sent,sent,
17218,S/FRA/2024/0148,A9700 / 17 / 14752,,1,sent,sent,
17222,S/FRA/2024/0146,2024000011,,1,sent,sent,
17226,S/FRA/2024/0195,SH7202300097624,,1,sent,sent,
3906,S/FRA/2022/0177,22/2,,1,sent,sent,
17409,S/FRA/2024/0231,ORD_428_2021 / 0002340,,1,sent,sent,
17410,S/FRA/2024/0230,9556235561,,1,sent,sent,
17418,S/FRA/2024/0223,00904028499,,1,sent,sent,
17503,S/FRA/2024/0212,210009845,,1,sent,sent,
6374,S/FRA/2022/0404,000319,,1,sent,sent,
25304,/,ES55TEJABEY,,1,not_sent,not_sent,
23424,S/FRA/2025/0212,000049,,1,sent,sent,
17501,S/FRA/2024/0214,000040,,1,sent,sent,
19735,S/FRA/2024/0459,08/2024,,1,sent,sent,
17502,S/FRA/2024/0213,000280,,1,sent,sent,
24955,S/FRA/2025/0451,1TSN250700387990,,1,not_sent,not_sent,
19843,S/FRA/2024/0578,2223,,1,sent,sent,
25301,/,18742501P0209432,,1,not_sent,not_sent,
18297,S/FRA/2024/0283,2024.04.03,,1,sent,sent,
20399,S/FRA/2024/0658,000002 TB 012765,,1,sent,sent,
16532,S/FRA/2024/0132,24-008,,1,sent,sent,
23439,S/FRA/2025/0152,I-10757,PROV 2024,1,sent,sent,
23485,S/FRA/2025/0202,62005,EJ 2024,1,sent,sent,
23941,S/FRA/2025/0303,25/186,,1,sent,sent,
12369,S/FRA/2023/0874,VT5 2023034591,,1,not_sent,not_sent,3000 | Factura duplicada
5887,S/FRA/2022/0273,000349,,1,sent,sent,
6356,S/FRA/2022/0405,000428,,1,sent,sent,
17504,S/FRA/2024/0235,000008,,1,sent,sent,
5866,S/FRA/2022/0251,000012,,1,sent,sent,
17750,S/FRA/2024/0209,000430,,1,sent,sent,
17718,S/FRA/2024/0211,000466,,1,sent,sent,
20310,S/FRA/2024/0610,FMI/5678,,1,sent,sent,
14205,S/FRA/2023/0754,INV-ES-149065261-2022-50,,1,not_sent,not_sent,3000 | Factura duplicada
21094,S/FRA/2024/0781,ES45CY1ABEY,,1,sent,sent,
21109,S/FRA/2024/0778,ES45DINABEY,,1,sent,sent,
21135,S/FRA/2024/0772,ES45F71ABEY,,1,sent,sent,
21572,S/FRA/2024/0870,ES460TFABEY,,1,sent,sent,
11669,S/FRA/2023/0382,2022-00871,,1,sent,sent,
20296,S/FRA/2024/0606,000002 TB 008751,,1,sent,sent,
19878,S/FRA/2024/0577,2228/F-1502,CTA ANALITICA 24030702,1,sent,sent,
20206,S/FRA/2024/0571,2024/066,ASIGNAR CTA ANALITICA,1,sent,sent,
3470,S/FRA/2021/0716,AF/1364/04,,1,sent,sent,
3937,S/FRA/2022/0023,B/9259,,1,sent,sent,
21687,S/FRA/2024/0904,ES4679RABEY,,1,sent,sent,
21635,S/FRA/2024/0926,95-226388,,1,sent,sent,
3941,S/FRA/2022/0020,693/F,,1,sent,sent,
22078,S/FRA/2024/1020,21241202010338700,,1,sent,sent,
22079,S/FRA/2024/1019,21241111010357343,,1,sent,sent,
22080,S/FRA/2024/1018,21241111010357344,,1,sent,sent,
22083,S/FRA/2024/1015,21241217010501548,,1,sent,sent,
22084,S/FRA/2024/1014,21241230010807637,,1,sent,sent,
22381,S/FRA/2024/1069,20240688,,1,sent,sent,
22382,S/FRA/2024/1049,FC4312400368,,1,sent,sent,
22383,S/FRA/2024/1048,A-V2024-00005888739,,1,sent,sent,
22386,S/FRA/2024/1045,FAC-1611,,1,sent,sent,
4069,S/FRA/2022/0185,81200,,1,sent,sent,
22466,S/FRA/2025/0045,ES5CVSABEY,,1,sent,sent,
21636,S/FRA/2024/0925,140766,,1,sent,sent,
18343,S/FRA/2024/0282,FV21773,Mantenimiento Odoo,1,sent,sent,
18332,S/FRA/2024/0281,FV21804,Mantenimiento Odoo,1,sent,sent,
4258,S/FRA/2022/0235,FRO20220482607,,1,sent,sent,
21674,S/FRA/2024/0907,T07621/24,,1,sent,sent,
23161,S/FRA/2025/0131,1/2025,,1,sent,sent,
23228,S/FRA/2025/0094,21250127010429610,,1,sent,sent,
21910,S/FRA/2024/0967,S242008166,,1,sent,sent,
13555,S/FRA/2023/0504,G230000203,,1,sent,sent,
21673,S/FRA/2024/0908,CU189105,,1,sent,sent,
22370,S/FRA/2025/0012,ES59MNABEY,,1,sent,sent,
6632,S/FRA/2022/0460,FD22-20760,,1,sent,sent,
21882,S/FRA/2024/0999,002/24,,1,sent,sent,
23178,S/FRA/2025/0122,1/2025,,1,sent,sent,
6875,S/FRA/2022/0526,N210087881,,1,sent,sent,
22740,S/FRA/2025/0041,OVIE-240604,2024,1,sent,sent,
21881,S/FRA/2024/1000,17/2024,,1,sent,sent,
6519,S/FRA/2022/0417,22/5,,1,sent,sent,
6520,S/FRA/2022/0466,22/11,,1,sent,sent,
22801,S/FRA/2025/0034,5-2025,,1,sent,sent,
6643,S/FRA/2022/0477,22/14,,1,sent,sent,
7777,S/FRA/2022/0718,OC22/392,,1,sent,sent,
22129,S/FRA/2024/1024,1,,1,sent,sent,
21813,S/FRA/2024/0941,10/2024,,1,sent,sent,
21448,S/FRA/2024/0862,67,,1,sent,sent,
21634,S/FRA/2024/0927,95-226312,,1,sent,sent,
22008,S/FRA/2024/0991,2400016,,1,sent,sent,
60,S/FRA/2021/0034,4-21,,1,not_sent,not_sent,
6843,S/FRA/2022/0534,22/17,,1,sent,sent,
8506,S/FRA/2022/0804,N-402/20,,1,sent,sent,
21315,S/FRA/2024/0867,2-2024,,1,sent,sent,
21914,S/FRA/2024/0993,2024-158,,1,sent,sent,
20375,S/FRA/2024/0644,3615,,1,sent,sent,
21921,S/FRA/2024/0992,10/2024,,1,sent,sent,
21789,S/FRA/2024/0944,18,,1,sent,sent,
9177,S/FRA/2022/1008,22/005,,1,sent,sent,
23045,S/FRA/2025/0031,E250000222,,1,sent,sent,
11268,S/FRA/2023/0233,000D001714,,1,sent,sent,
6890,S/FRA/2022/0584,22/19,,1,sent_modified,sent_modified,
15086,S/FRA/2023/0972,000D003818,,1,sent,sent,
15081,S/FRA/2023/0969,000D003817,,1,sent,sent,
22414,S/FRA/2024/1059,14,,1,sent,sent,
11454,S/FRA/2023/0235,B/523,,1,sent,sent,
8433,S/FRA/2022/0777,22/27,,1,sent,sent,
22050,S/FRA/2025/0006,INV-077710,,1,sent,sent,
21671,S/FRA/2024/0910,7.712,,1,sent,sent,
11612,S/FRA/2023/0331,B/614,,1,sent,sent,
11688,S/FRA/2023/0367,000G003004,,1,sent,sent,
8900,S/FRA/2022/0859,22/31,,1,sent,sent,
11689,S/FRA/2023/0368,000D002432,,1,sent,sent,
8901,S/FRA/2022/0892,22/38,,1,sent,sent,
9247,S/FRA/2022/1021,22/43,,1,sent,sent,
12276,S/FRA/2023/0400,000D002683,,1,sent,sent,
23225,S/FRA/2025/0096,21250121010384166,,1,sent,sent,
11636,S/FRA/2023/0334,6276,,1,sent,sent,
22558,S/FRA/2025/0024,00142025,,1,sent,sent,
15079,S/FRA/2023/0971,000G004537,,1,sent,sent,
11637,S/FRA/2023/0333,556,,1,sent,sent,
11654,S/FRA/2023/0340,B/671,,1,sent,sent,
23173,S/FRA/2025/0127,FRO20250214749,,1,sent,sent,
23184,S/FRA/2025/0145,001/25,,1,sent,sent,
22425,S/FRA/2025/0014,A-21,,1,sent,sent,
22371,S/FRA/2025/0011,ES59TIABEY,,1,sent,sent,
21154,S/FRA/2024/0807,7.711 A,,1,sent,sent,
14346,S/FRA/2023/0736,S230071810,,1,not_sent,not_sent,3000 | Factura duplicada
23046,S/FRA/2025/0049,TB-2025-F 5,,1,sent,sent,
21455,S/FRA/2024/0896,24/ 679,,1,sent,sent,
13554,S/FRA/2023/0505,L230107425,,1,sent,sent,
23190,S/FRA/2025/0115,FRO20250156189,,1,sent,sent,
14437,S/FRA/2023/0806,O230011434,,1,not_sent,not_sent,3000 | Factura duplicada
8522,S/FRA/2022/0790,AF/0938/01,,1,sent,sent,
9281,S/FRA/2022/1081,22/22,,1,sent,sent,
23419,S/FRA/2025/0156,R31000941360,,1,sent,sent,
11675,S/FRA/2023/0358,23252,,1,sent,sent,
23497,S/FRA/2025/0200,250202,,1,sent,sent,
22419,S/FRA/2024/1054,001742,,1,sent,sent,
22074,S/FRA/2025/0005,ES53ORABEY,,1,sent,sent,
23160,S/FRA/2025/0132,01/2025,,1,sent,sent,
23174,S/FRA/2025/0126,0001/2025,,1,sent,sent,
23425,S/FRA/2025/0211,20240720,,1,sent,sent,
23352,S/FRA/2025/0178,702,,1,sent,sent,
22045,S/FRA/2025/0001,24,,1,sent,sent,
23458,S/FRA/2025/0210,OO202501,,1,sent,sent,
23460,S/FRA/2025/0208,2/2025,,1,sent,sent,
23461,S/FRA/2025/0207,3/2025,,1,sent,sent,
12270,S/FRA/2023/0402,FA 231442,,1,sent,sent,
23360,S/FRA/2025/0213,TB-2025-F 13,,1,sent,sent,
20385,S/FRA/2024/0655,FMI/6844,,1,sent,sent,
23351,S/FRA/2025/0187,#FA155696,,1,sent,sent,
13227,S/FRA/2023/0523,20230258,,1,sent,sent,
13234,S/FRA/2023/0521,23/1,,1,sent,sent,
17211,S/FRA/2024/0154,H267237922,,1,sent,sent,
17404,S/FRA/2024/0233,3275114824,,1,sent_modified,sent_modified,
13235,S/FRA/2023/0520,23/11,,1,sent,sent,
13236,S/FRA/2023/0519,23/3,,1,sent,sent,
13237,S/FRA/2023/0518,23/4,,1,sent,sent,
13238,S/FRA/2023/0517,23/9,,1,sent,sent,
23264,S/FRA/2025/0243,2025001478,,1,sent,sent,
23267,S/FRA/2025/0085,3,,1,sent,sent,
13239,S/FRA/2023/0516,23/10,,1,sent,sent,
13240,S/FRA/2023/0515,23/13,,1,sent,sent,
14407,S/FRA/2023/0799,23/17,,1,not_sent,not_sent,3000 | Factura duplicada
16220,S/FRA/2023/1161,23/14,,1,sent,sent,
16221,S/FRA/2023/1162,23/15,,1,sent,sent,
16222,S/FRA/2023/1165,23/18,,1,sent,sent,
16224,S/FRA/2024/0141,24/1,,1,sent,sent,
20386,S/FRA/2024/0588,24/5,,1,sent,sent,
20387,S/FRA/2024/0582,24/9,,1,sent,sent,
20388,S/FRA/2024/0586,24/11,,1,sent,sent,
20389,S/FRA/2024/0584,24/17,,1,sent,sent,
20390,S/FRA/2024/0585,24/18,,1,sent,sent,
23262,S/FRA/2025/0088,2025000900,,1,sent,sent,
23266,S/FRA/2025/0086,ITAF0000001386,,1,sent,sent,
23268,S/FRA/2025/0084,FAV000000052025,,1,sent,sent,
20392,S/FRA/2024/0590,24/19,,1,sent,sent,
20393,S/FRA/2024/0587,24/26,,1,sent,sent,
20394,S/FRA/2024/0589,24/28,,1,sent,sent,
112,S/FRA/2021/0088,1HSN210200406194,,1,not_sent,not_sent,
116,S/FRA/2021/0092,1HSN210200099721,,1,not_sent,not_sent,
332,S/FRA/2021/0250,1HSN210600473090,,1,not_sent,not_sent,
555,S/FRA/2021/0385,1HSN210800547132,,1,sent,sent,
556,S/FRA/2021/0384,1HSN210800403945,,1,sent,sent,
2489,S/FRA/2021/0593,1HSN211000363466,,1,sent,sent,
21136,S/FRA/2024/0802,24/29,,1,sent,sent,
21137,S/FRA/2024/0801,24/30,,1,sent,sent,
22179,S/FRA/2024/1025,24/36,,1,sent,sent,
23197,S/FRA/2025/0109,2/2025,,1,sent,sent,
22500,S/FRA/2025/0044,S/01-25,,1,sent,sent,
118,S/FRA/2021/0093,1NSN210200118758,,1,not_sent,not_sent,
127,S/FRA/2021/0115,1NSN210300463863,,1,not_sent,not_sent,
2490,S/FRA/2021/0592,1HSN211000231303,,1,sent,sent,
2491,S/FRA/2021/0603,1HSN210800068521,,1,sent,sent,
4267,S/FRA/2022/0168,1HSN211100576139,,1,sent,sent,
4268,S/FRA/2022/0181,1HSN220200018816,,1,sent,sent,
4269,S/FRA/2022/0172,1HSN220100387121,,1,sent,sent,
4270,S/FRA/2022/0169,1HSN211200038116,,1,sent,sent,
6636,S/FRA/2022/0462,1HSN220300398523,,1,sent,sent,
6638,S/FRA/2022/0465,1HSN220400015707,,1,sent,sent,
6848,S/FRA/2022/0530,1HSN220500403312,,1,sent,sent,
6849,S/FRA/2022/0532,1HSN220500489517,,1,sent,sent,
9046,S/FRA/2022/0929,1HSN221000057655,,1,sent,sent,
9047,S/FRA/2022/0928,1HSN220900180333,,1,sent,sent,
9048,S/FRA/2022/0927,1HSN220901108847,,1,sent,sent,
9049,S/FRA/2022/0926,1HSN220900338557,,1,sent_modified,sent_modified,
10635,S/FRA/2023/0112,1HSN221100521518,,1,sent,sent,
10636,S/FRA/2023/0111,1HSN230200295323,,1,sent,sent,
10637,S/FRA/2023/0110,1HSN221100401387,,1,sent,sent,
10638,S/FRA/2023/0109,1HSN230100324844,,1,sent,sent,
14349,S/FRA/2023/0739,1HSN230900327708,,1,not_sent,not_sent,3000 | Factura duplicada
14350,S/FRA/2023/0740,1HSN230700346487,,1,not_sent,not_sent,3000 | Factura duplicada
14352,S/FRA/2023/0741,HSN230500402126,,1,not_sent,not_sent,3000 | Factura duplicada
14359,S/FRA/2023/0737,1HSN230900419777,,1,not_sent,not_sent,3000 | Factura duplicada
14382,S/FRA/2023/0745,1HSN230700447805,,1,not_sent,not_sent,3000 | Factura duplicada
14383,S/FRA/2023/0746,1HSN230500482673,,1,not_sent,not_sent,3000 | Factura duplicada
14386,S/FRA/2023/0744,1HSN230300518935,,1,not_sent,not_sent,3000 | Factura duplicada
15236,S/FRA/2023/1000,1HSN231100390582,,1,sent,sent,
15237,S/FRA/2023/0999,1HSN231100341268,,1,sent,sent,
16619,S/FRA/2024/0083,1HSN240100270525,,1,sent_modified,sent_modified,
16620,S/FRA/2024/0082,1HSN240100395555,,1,sent_modified,sent_modified,
18291,S/FRA/2024/0278,1HSN240300324908,,1,sent_modified,sent_modified,
18293,S/FRA/2024/0279,1HSN240300373151,,1,sent_modified,sent_modified,
18998,S/FRA/2024/0368,1HSN240500294588,,1,sent_modified,sent_modified,
19000,S/FRA/2024/0366,1HSN240600047510,,1,sent_modified,sent_modified,
23561,S/FRA/2025/0215,25/02,,1,sent,sent,
19372,S/FRA/2024/0429,1HSN240700328905,,1,sent,sent,
19373,S/FRA/2024/0430,1HSN240800034069,,1,sent,sent,
20152,S/FRA/2024/0544,1HSN240900285401,,1,sent,sent,
22397,S/FRA/2024/1068,1HSN241000087917,,1,sent,sent,
22399,S/FRA/2024/1036,1NSN241200072023,,1,sent,sent,
22400,S/FRA/2024/1035,1NSN241200389668,,1,sent,sent,
23459,S/FRA/2025/0209,1/2025,,1,sent,sent,
13772,S/FRA/2023/0566,CF/0000046964-2023,,1,sent,sent,
23469,S/FRA/2025/0204,F252093569,,1,sent,sent,
23296,S/FRA/2025/0065,2025/001,,1,sent,sent,
23297,S/FRA/2025/0064,2025/002,,1,sent,sent,
23501,S/FRA/2025/0195,000G008561,,1,sent,sent,
23317,S/FRA/2025/0058,2025-ENERO-001,,1,sent,sent,
3953,S/FRA/2022/0094, ,,1,sent,sent,
5867,S/FRA/2022/0411, ,,1,sent_modified,sent_modified,
6681,S/FRA/2022/0496,0960470063159,,1,sent,sent,
11088,S/FRA/2023/0157,O781880106074,,1,sent,sent,
17187,S/FRA/2024/0161,0781880106074,,1,sent_modified,sent_modified,
18545,S/FRA/2024/0294,0960470063159,,1,sent,sent,
18842,S/FRA/2024/0389,8494878941,,1,sent,sent,
23274,S/FRA/2025/0078,3095222,,1,sent,sent,
23043,S/FRA/2025/0189,FV21438,2024,1,sent,sent,
23198,S/FRA/2025/0108,0001/2025,,1,sent,sent,
23182,S/FRA/2025/0121,000D007834,,1,sent,sent,
23222,S/FRA/2025/0099,21250114010430374,,1,sent,sent,
23342,S/FRA/2025/0185,2025001356,,1,sent,sent,
23349,S/FRA/2025/0180,7,,1,sent,sent,
23183,S/FRA/2025/0120,000G008332,,1,sent,sent,
23347,S/FRA/2025/0188,202400060,,1,sent,sent,
23343,S/FRA/2025/0184,A-V2025-00000196834,,1,sent,sent,
23346,S/FRA/2025/0182,58/2024,,1,sent,sent,
23372,S/FRA/2025/0172,INP001038400000000078,,1,sent,sent,
23258,S/FRA/2025/0092,250012,,1,sent,sent,
23504,S/FRA/2025/0192,1TSN250300014553,,1,sent,sent,
23226,S/FRA/2025/0095,21250123010329196,,1,sent,sent,
23344,S/FRA/2025/0183,A-V2025-00000214145,,1,sent,sent,
23350,S/FRA/2025/0179,002-154313,,1,sent,sent,
23219,S/FRA/2025/0102,21250108010441154,,1,sent,sent,
23353,S/FRA/2025/0177,1629FAC,,1,sent,sent,
23348,S/FRA/2025/0181,404-9764273-7464355,,1,sent,sent,
23221,S/FRA/2025/0100,21250109010378239,,1,sent,sent,
22394,S/FRA/2025/0009,A10019464143-0125,,1,sent,sent,
23223,S/FRA/2025/0098,21250116010480108,,1,sent,sent,
23224,S/FRA/2025/0097,21250117010390594,,1,sent,sent,
22531,S/FRA/2025/0150,C-520,,1,sent,sent,
23499,S/FRA/2025/0197,FRO20250387727,,1,sent,sent,
22499,S/FRA/2025/0020,53,,1,sent,sent,
23500,S/FRA/2025/0196,A2500994,,1,sent,sent,
22497,S/FRA/2025/0017,406 A,,1,sent,sent,
23038,S/FRA/2025/0050,8,,1,sent,sent,
23369,S/FRA/2025/0175,025.002,,1,sent,sent,
22496,S/FRA/2025/0018,G 04-25,,1,sent,sent,
23377,S/FRA/2025/0168,672,,1,sent,sent,
23498,S/FRA/2025/0198,3162526,,1,sent,sent,
22197,S/FRA/2025/0002,2,2024,1,sent,sent,
23370,S/FRA/2025/0174,I-2024-010861,,1,sent,sent,
22449,S/FRA/2025/0046,ES5BC5ABEY,,1,sent,sent,
23130,S/FRA/2025/0025,05/2025,,1,sent,sent,
23371,S/FRA/2025/0173,I-2024-010862,,1,sent,sent,
23374,S/FRA/2025/0170,402-8296793-4357120,,1,sent,sent,
23414,S/FRA/2025/0161,R31000855899,,1,sent,sent,
22448,S/FRA/2025/0149,07/2025/01,,1,sent,sent,
23373,S/FRA/2025/0171,INP014038400000000093,,1,sent,sent,
23376,S/FRA/2025/0169,02.0711.2025.F.000001,,1,sent,sent,
22465,S/FRA/2025/0023,250031,,1,sent,sent,
23378,S/FRA/2025/0167,24-0224-S1,,1,sent,sent,
23413,S/FRA/2025/0162,R31000840743,,1,sent,sent,
22498,S/FRA/2025/0021,291,,1,sent,sent,
23417,S/FRA/2025/0158,R31000910929,,1,sent,sent,
23410,S/FRA/2025/0165,R31000794276,,1,sent,sent,
24603,S/FRA/2025/0370,A-1024,,1,sent,sent,
23412,S/FRA/2025/0163,R31000824472,,1,sent,sent,
23411,S/FRA/2025/0164,R31000808223,,1,sent,sent,
23416,S/FRA/2025/0159,R31000889060,,1,sent,sent,
23128,S/FRA/2025/0027,03/2025,,1,sent,sent,
23175,S/FRA/2025/0125,2025-12,,1,sent,sent,
23415,S/FRA/2025/0160,R31000872464,,1,sent,sent,
23418,S/FRA/2025/0157,R31000924146,,1,sent,sent,
23127,S/FRA/2025/0028,02/2025,,1,sent,sent,
21541,S/FRA/2025/0019,268/E,2024,1,sent,sent,
21458,S/FRA/2024/0893,FM24-2820,,1,sent,sent,
21457,S/FRA/2024/0894,FM24-2752,,1,sent,sent,
22408,S/FRA/2024/1062,24/844,,1,sent,sent,
20313,S/FRA/2024/0609,FMI/5845,,1,sent,sent,
23420,S/FRA/2025/0155,R31000958072,,1,sent,sent,
22420,S/FRA/2024/1030,1760-2024,,1,sent,sent,
22798,S/FRA/2025/0151,A2402942,2024,1,sent,sent,
23158,S/FRA/2025/0148,ES5S4ZABEY,,1,sent,sent,
25423,/,,,1,not_sent,not_sent,
23423,S/FRA/2025/0153,05022025,,1,sent,sent,
23189,S/FRA/2025/0146,B/2610,,1,sent,sent,
23202,S/FRA/2025/0142,25/346,,1,sent,sent,
22417,S/FRA/2024/1056,FM24-3086,,1,sent,sent,
23192,S/FRA/2025/0144,D25 043,,1,sent,sent,
22416,S/FRA/2024/1057,FM24-3020,,1,sent_modified,sent_modified,
22426,S/FRA/2024/1027,FRO20250006891,,1,sent_modified,sent_modified,
23162,S/FRA/2025/0130,2025-0001,,1,sent,sent,
23176,S/FRA/2025/0124,2025-13,,1,sent,sent,
22739,S/FRA/2025/0042,OVIE-240648,,1,sent,sent,
23214,S/FRA/2025/0141,1,,1,sent,sent,
23172,S/FRA/2025/0128,01/2025,,1,sent,sent,
14167,S/FRA/2023/0767,20230463,,1,not_sent,not_sent,3000 | Factura duplicada
23333,S/FRA/2025/0057,2024001312,,1,sent,sent,
14171,S/FRA/2023/0766,20230471,,1,not_sent,not_sent,3000 | Factura duplicada
23328,S/FRA/2025/0135,1TSN250200214707,,1,sent,sent,
20680,S/FRA/2024/0725,62,,1,sent,sent,
23191,S/FRA/2025/0114,709 A,,1,sent,sent,
14172,S/FRA/2023/0764,A/11,,1,not_sent,not_sent,3000 | Factura duplicada
22012,S/FRA/2024/0988,A6/2024,,1,sent,sent,
14174,S/FRA/2023/0735,A-V2023-00004103408,,1,not_sent,not_sent,3000 | Factura duplicada
22409,S/FRA/2024/1061,24/845,,1,sent,sent,
14177,S/FRA/2023/0666,30/23,,1,not_sent,not_sent,3000 | Factura duplicada
21965,S/FRA/2024/0974,FO4/2261,,1,sent,sent,
20300,S/FRA/2024/0595,A 240393,,1,sent,sent,
14178,S/FRA/2023/0769,20230493,,1,not_sent,not_sent,3000 | Factura duplicada
20377,S/FRA/2024/0649,2024063779,,1,sent,sent,
21082,S/FRA/2024/0788,000D006948,,1,sent_modified,sent_modified,
20378,S/FRA/2024/0650,66862,,1,sent,sent,
20301,S/FRA/2024/0604,000002 TB 008878,,1,sent,sent,
20958,S/FRA/2024/0753,OO2024-03,,1,sent,sent,
14186,S/FRA/2023/0716,INV-ES-1358597665-2023-5,,1,not_sent,not_sent,3000 | Factura duplicada
14190,S/FRA/2023/0698,INV-ES-100046381-2022-421,,1,not_sent,not_sent,3000 | Factura duplicada
14192,S/FRA/2023/0691,INV-ES-169291761-2022-68,,1,not_sent,not_sent,3000 | Factura duplicada
14193,S/FRA/2023/0752,INV-ES-132325241-2022-2473,,1,not_sent,not_sent,3000 | Factura duplicada
14194,S/FRA/2023/0706,INV-ES-144348211-2022-32051,,1,not_sent,not_sent,3000 | Factura duplicada
20674,S/FRA/2024/0731,002-0010-095721,,1,sent,sent,
20210,S/FRA/2024/0666,C4/106771,,1,sent,sent,
20704,S/FRA/2024/0797,FRO20241848771,,1,sent,sent,
23193,S/FRA/2025/0113,1-2025,,1,sent,sent,
14203,S/FRA/2023/0762,INV-ES-863703575-2022-612,,1,not_sent,not_sent,3000 | Factura duplicada
14204,S/FRA/2023/0725,INV-ES-1374853015-2022-74,,1,not_sent,not_sent,3000 | Factura duplicada
19702,S/FRA/2024/0465,79,,1,sent,sent,
14207,S/FRA/2023/0757,INV-ES-825432945-2022-2672,,1,not_sent,not_sent,3000 | Factura duplicada
20198,S/FRA/2024/0745,24/323,,1,sent,sent,
20153,S/FRA/2024/0545,ES44J0HABEY,,1,sent,sent,
21919,S/FRA/2024/0977,ES46GNIABEY,,1,sent,sent,
14210,S/FRA/2023/0692,INV-FR-1553285465-2022-6,,1,not_sent,not_sent,3000 | Factura duplicada
14239,S/FRA/2023/0688,INV-ES-1154066865-2022-23,,1,not_sent,not_sent,3000 | Factura duplicada
21085,S/FRA/2024/0785,000D006950,,1,sent,sent,
21456,S/FRA/2024/0895,24/ 680,,1,sent,sent,
14242,S/FRA/2023/0763,INV-DE-1621908995-2022-84,,1,not_sent,not_sent,3000 | Factura duplicada
21891,S/FRA/2024/0957,198/2024,,1,sent,sent,
14243,S/FRA/2023/0694,INV-ES-496348575-2022-3891,,1,not_sent,not_sent,3000 | Factura duplicada
20369,S/FRA/2024/0641,C4/110545,,1,sent,sent,
21915,S/FRA/2024/0963,2024001230,,1,sent,sent,
14245,S/FRA/2023/0708,INV-DE-1302236705-2022-578,,1,not_sent,not_sent,3000 | Factura duplicada
23194,S/FRA/2025/0112,2025-001,,1,sent,sent,
14246,S/FRA/2023/0731,INV-ES-1006322305-2022-145,,1,not_sent,not_sent,3000 | Factura duplicada
21916,S/FRA/2024/0962,2024001229,,1,sent,sent,
21001,S/FRA/2024/0933,FA 242490,,1,sent,sent,
22759,S/FRA/2025/0038,2024001231,,1,sent,sent,
23215,S/FRA/2025/0105,D3/2025,,1,sent,sent,
23275,S/FRA/2025/0077,2504,,1,sent,sent,
23313,S/FRA/2025/0060,1,,1,sent,sent,
14247,S/FRA/2023/0645,PL2541YKAEUI,,1,sent,sent,
14248,S/FRA/2023/0710,INV-PL-156038211-2022-342,,1,not_sent,not_sent,3000 | Factura duplicada
21454,S/FRA/2024/0897,24/ 678,,1,sent,sent,
20211,S/FRA/2024/0667,A 240383,,1,sent,sent,
14249,S/FRA/2023/0718,INV-ES-759425445-2022-148,,1,not_sent,not_sent,3000 | Factura duplicada
14250,S/FRA/2023/0755,INV-ES-149065261-2022-54,,1,not_sent,not_sent,3000 | Factura duplicada
14252,S/FRA/2023/0707,INV-ES-1629590085-2022-4,,1,not_sent,not_sent,3000 | Factura duplicada
23195,S/FRA/2025/0111,2/2025,,1,sent,sent,
14253,S/FRA/2023/0700,INV-DE-396694085-2022-507,,1,not_sent,not_sent,3000 | Factura duplicada
22178,S/FRA/2024/1026,024.079,,1,sent,sent,
23276,S/FRA/2025/0076,2503,,1,sent,sent,
23294,S/FRA/2025/0067,2025/1,,1,sent,sent,
14254,S/FRA/2023/0689,INV-DE-786379855-2022-262,,1,not_sent,not_sent,3000 | Factura duplicada
22009,S/FRA/2024/0990,11-2024,,1,sent,sent,
23278,S/FRA/2025/0074,2,,1,sent,sent,
23299,S/FRA/2025/0062,40,,1,sent,sent,
21890,S/FRA/2024/0954,0222-2024,,1,sent,sent,
23217,S/FRA/2025/0104,25-0001,,1,sent,sent,
23218,S/FRA/2025/0103,1,,1,sent,sent,
23270,S/FRA/2025/0082,04-2025,,1,sent,sent,
23257,S/FRA/2025/0093,1/25,,1,sent,sent,
23293,S/FRA/2025/0068,D5/2025,,1,sent,sent,
14255,S/FRA/2023/0730,INV-DE-1360058655-2022-87,,1,not_sent,not_sent,3000 | Factura duplicada
23295,S/FRA/2025/0066,FA25/55,,1,sent,sent,
23272,S/FRA/2025/0080,032,,1,sent,sent,
23273,S/FRA/2025/0079,00430000010770,,1,sent,sent,
23315,S/FRA/2025/0059,01/2025,,1,sent,sent,
14256,S/FRA/2023/0711,INV-PL-156038211-2022-341,,1,not_sent,not_sent,3000 | Factura duplicada
23277,S/FRA/2025/0075,2505,,1,sent,sent,
23298,S/FRA/2025/0063,TRK-25-0094,,1,sent,sent,
20314,S/FRA/2024/0613,A 240488,,1,sent,sent,
23300,S/FRA/2025/0061,41,,1,sent,sent,
20809,S/FRA/2024/0756,1963404,,1,sent_modified,sent_modified,
14259,S/FRA/2023/0722,INV-PL-387194815-2022-1548,,1,not_sent,not_sent,3000 | Factura duplicada
14260,S/FRA/2023/0724,INV-ES-1150084045-2022-1267,,1,not_sent,not_sent,3000 | Factura duplicada
14261,S/FRA/2023/0720,INV-ES-160588101-2022-686,,1,not_sent,not_sent,3000 | Factura duplicada
23357,S/FRA/2025/0056,A10019502227-0225,,1,sent,sent,
23795,S/FRA/2025/0265,0410002473,,1,sent,sent,
23362,S/FRA/2025/0054,OVIE-250040,,1,sent,sent,
16424,S/FRA/2024/0044,24/287,,1,sent,sent,
16422,S/FRA/2024/0122,24/285,,1,sent,sent,
21086,S/FRA/2024/0784,000D006951,,1,sent,sent,
20703,S/FRA/2024/0755,NN-24-35833,,1,sent,sent,
20984,S/FRA/2024/0762,000273,,1,sent,sent,
20212,S/FRA/2024/0668,A 240386,,1,sent,sent,
20557,S/FRA/2024/0706,1155,,1,sent,sent,
14264,S/FRA/2023/0719,INV-ES-759425445-2022-149,,1,not_sent,not_sent,3000 | Factura duplicada
14265,S/FRA/2023/0726,RE202240101390,,1,not_sent,not_sent,3000 | Factura duplicada
20373,S/FRA/2024/0645,3559,,1,sent,sent,
20654,S/FRA/2024/0741,ES45285ABEY,,1,sent,sent,
14267,S/FRA/2023/0713,INV-ES-1381218625-2021-238,,1,not_sent,not_sent,3000 | Factura duplicada
20368,S/FRA/2024/0640,240008800,,1,sent,sent,
14268,S/FRA/2023/0714,INV-ES-1381218625-2021-239,,1,not_sent,not_sent,3000 | Factura duplicada
20745,S/FRA/2024/0796,1370-2024,,1,sent,sent,
14283,S/FRA/2023/0761,INV-ES-113736931-2021-382,,1,not_sent,not_sent,3000 | Factura duplicada
14295,S/FRA/2023/0687,INV-ES-132325241-2021-1586,,1,not_sent,not_sent,3000 | Factura duplicada
23259,S/FRA/2025/0091,A/000202/24,,1,sent,sent,
21088,S/FRA/2024/0782,000G007543,,1,sent,sent,
21087,S/FRA/2024/0783,000G007542,,1,sent,sent,
14296,S/FRA/2023/0686,INV-ES-132325241-2021-216,,1,not_sent,not_sent,3000 | Factura duplicada
14297,S/FRA/2023/0729,INV-ES-695505325-2021-916,,1,not_sent,not_sent,3000 | Factura duplicada
21121,S/FRA/2024/0776,4.401/F,,1,sent,sent,
14298,S/FRA/2023/0721,INV-ES-781652505-2021-399,,1,not_sent,not_sent,3000 | Factura duplicada
14299,S/FRA/2023/0727,INV-ES-1358135535-2021-110,,1,not_sent,not_sent,3000 | Factura duplicada
14300,S/FRA/2023/0684,INV-IT-144348211-2021-5891,,1,not_sent,not_sent,3000 | Factura duplicada
22412,S/FRA/2024/1031,FO4/1892,,1,sent,sent,
14312,S/FRA/2023/0715,INV-IT-1520469535-2021-328,,1,not_sent,not_sent,3000 | Factura duplicada
14315,S/FRA/2023/0728,INV-FR-158081161-2021-547879,,1,not_sent,not_sent,3000 | Factura duplicada
20372,S/FRA/2024/0642,C4/109733,,1,sent,sent,
21152,S/FRA/2024/0811,2024001048,,1,sent,sent,
20337,S/FRA/2024/0630,C4/110286,,1,sent,sent,
20371,S/FRA/2024/0631,C4/109326,,1,sent,sent,
20370,S/FRA/2024/0643,C4/109612,,1,sent,sent,
21668,S/FRA/2024/0912,8839/24,,1,sent,sent,
14318,S/FRA/2023/0699,INV-ES-400346245-2022-557,,1,not_sent,not_sent,3000 | Factura duplicada
21935,S/FRA/2024/1022,682591,,1,sent,sent,
21955,S/FRA/2024/0970,024.076,,1,sent,sent,
20556,S/FRA/2024/0702,F146-2024,,1,sent,sent,
20339,S/FRA/2024/0636,09414001292,,1,sent,sent,
20374,S/FRA/2024/0646,3616,,1,sent,sent,
21633,S/FRA/2024/0928,09424007615,,1,sent,sent,
21790,S/FRA/2024/0952,0212-2024,,1,sent,sent,
14320,S/FRA/2023/0712,INV-ES-404257235-2021-290,,1,not_sent,not_sent,3000 | Factura duplicada
14322,S/FRA/2023/0717,INV-DE-403643395-2022-75,,1,not_sent,not_sent,3000 | Factura duplicada
14328,S/FRA/2023/0760,INV-ES-113736931-2022-39,,1,not_sent,not_sent,3000 | Factura duplicada
22413,S/FRA/2024/1060,24/0540,,1,sent,sent,
14411,S/FRA/2023/0784,FV/2023/14094,WZ13348 GBOARCIEA,1,not_sent,not_sent,3000 | Factura duplicada
21808,S/FRA/2024/0951,34/2024,,1,sent,sent,
20326,S/FRA/2024/0623,FAC-1562,,1,sent,sent,
20340,S/FRA/2024/0637,20240543,,1,sent,sent,
21632,S/FRA/2024/0929,20240620,,1,sent,sent,
14637,S/FRA/2023/0833,0052498612,,1,not_sent,not_sent,3000 | Factura duplicada
14638,S/FRA/2023/0839,77337/1,,1,not_sent,not_sent,3000 | Factura duplicada
21380,S/FRA/2024/0865,TB-2024-F 49,,1,sent,sent,
14639,S/FRA/2023/0838,90003191,,1,not_sent,not_sent,3000 | Factura duplicada
14640,S/FRA/2023/0818,233/544,,1,not_sent,not_sent,3000 | Factura duplicada
14642,S/FRA/2023/0817,1 23 0005 0003612583,,1,not_sent,not_sent,3000 | Factura duplicada
20410,S/FRA/2024/0812,6.996 A,,1,sent,sent,
19288,S/FRA/2024/0398,2024/10,,1,sent,sent,
14644,S/FRA/2023/0832,A-V2023-00004580057,,1,not_sent,not_sent,3000 | Factura duplicada
14645,S/FRA/2023/0831,FAV000001692022,,1,not_sent,not_sent,3000 | Factura duplicada
14646,S/FRA/2023/0835,0014,,1,not_sent,not_sent,1117 | Error en el bloque de la Contraparte. El NIF no esta identif
14958,S/FRA/2023/0903,2023019441,,1,sent,sent,
20558,S/FRA/2024/0703,16/24,,1,sent,sent,
20623,S/FRA/2024/1010,TV-010869,,1,sent,sent,
21686,S/FRA/2024/0905,1188,,1,sent,sent,
14960,S/FRA/2023/0900,2023018459,,1,sent,sent,
14961,S/FRA/2023/0902,2023018691,,1,sent,sent,
21647,S/FRA/2024/0916,ES464EBABEY,,1,sent,sent,
21631,S/FRA/2024/1007,INV/2024/09252,INV/2024/09252,1,sent,sent,
21537,S/FRA/2024/0901,E/-19,,1,sent,sent,
14962,S/FRA/2023/0923,0001TB204464,,1,sent,sent,
21648,S/FRA/2024/0915,2024-O01,,1,sent,sent,
21722,S/FRA/2024/0969,111/EST,,1,sent,sent,
20536,S/FRA/2024/0704,024.060,,1,sent,sent,
14963,S/FRA/2023/0897,FAC-1420,,1,sent,sent,
21178,S/FRA/2024/0838,003.11.2024,,1,sent,sent,
21557,S/FRA/2024/0878,ES45ZORABEY,,1,sent,sent,
14965,S/FRA/2023/0901,2023019630,,1,sent,sent,
21218,S/FRA/2024/0820,18/2024,,1,sent,sent,
14966,S/FRA/2023/1009,00001/18738,,1,sent,sent,
20447,S/FRA/2024/0698,D24 439,,1,sent,sent,
14967,S/FRA/2023/0931,101761E12,,1,sent,sent,
21728,S/FRA/2024/0978,00006985,,1,sent,sent,
14968,S/FRA/2023/0920,A-V2023-00005149586,,1,sent,sent,
14972,S/FRA/2023/1066,53,,1,sent,sent,
14973,S/FRA/2023/0938,FAV000001752022,,1,sent,sent,
14976,S/FRA/2023/0951,011F/1373,,1,sent,sent,
14977,S/FRA/2023/0943,F000101-114,,1,sent,sent,
14980,S/FRA/2023/0958,5757048,,1,sent,sent,
22177,S/FRA/2024/1023,FA24/654,,1,sent,sent,
14982,S/FRA/2023/0965,A83656,,1,sent,sent,
14983,S/FRA/2023/0964,A85395,,1,sent,sent,
21540,S/FRA/2024/0871,162 * 12 / 24,,1,sent,sent,
21150,S/FRA/2024/0798,240150,,1,sent_modified,sent_modified,
20383,S/FRA/2024/0656,FMI/6514,,1,sent,sent,
15003,S/FRA/2023/1007,1/2023,,1,sent,sent,
21379,S/FRA/2024/0866,TB-2024-F 48,,1,sent,sent,
21731,S/FRA/2024/0946,0001,,1,sent,sent,
20341,S/FRA/2024/0638,240008844,,1,sent,sent,
21675,S/FRA/2024/0934,24-0046,,1,sent,sent,
20230,S/FRA/2024/0671,ES44M3LABEY,,1,sent_modified,sent_modified,
20504,S/FRA/2024/0700,2024 A 0000201,,1,sent,sent,
20986,S/FRA/2024/0794,ES4567YABEY,,1,sent,sent,
16017,S/FRA/2023/1075,70774738,,1,sent,sent,
18856,S/FRA/2024/0318,98/2024,,1,sent,sent,
16020,S/FRA/2023/1065,0-2023-FC-881,,1,sent,sent,
20673,S/FRA/2024/0732,2024019231,,1,sent,sent,
20384,S/FRA/2024/0654,FMI/7099,,1,sent,sent,
20959,S/FRA/2024/0752,OO2024-04,,1,sent,sent,
20333,S/FRA/2024/0624,11-24/00688,,1,sent,sent,
20312,S/FRA/2024/0593,240027293,,1,sent,sent,
20309,S/FRA/2024/0594,A 240458,,1,sent,sent,
16021,S/FRA/2023/1073,233/858,,1,sent,sent,
20425,S/FRA/2024/0744,00005742,,1,sent,sent,
21192,S/FRA/2024/0814,ES45HYIABEY,,1,sent,sent,
21538,S/FRA/2024/0873,B/2458,,1,sent_modified,sent_modified,
16022,S/FRA/2023/1080,A 23002305,,1,sent,sent,
16023,S/FRA/2023/1078,24536,,1,sent,sent,
20342,S/FRA/2024/0639,240008767,,1,sent,sent,
16025,S/FRA/2023/1085,A 404,,1,sent,sent,
20318,S/FRA/2024/0580,65175,,1,sent,sent,
16027,S/FRA/2023/1097,233/915,,1,sent,sent,
16028,S/FRA/2023/1102,233/930,,1,sent,sent,
21519,S/FRA/2024/0874,ES45XUHABEY,,1,sent,sent,
20332,S/FRA/2024/0625,11-24/00687,,1,sent,sent,
22384,S/FRA/2024/1047,79,,1,sent,sent,
16029,S/FRA/2023/1105,233/936,,1,sent,sent,
16031,S/FRA/2023/1076,OVD0201/2023/TK028583,,1,sent,sent,
20297,S/FRA/2024/0620,259,,1,sent_modified,sent_modified,
16032,S/FRA/2023/1079,2023021467,,1,sent,sent,
16033,S/FRA/2023/1084,A-V2023-00005377969,,1,sent,sent,
16035,S/FRA/2023/1083,I513504F0000262,,1,sent,sent,
16037,S/FRA/2023/1086,98/23,,1,sent,sent,
16040,S/FRA/2023/1089,20230635,,1,sent,sent,
16042,S/FRA/2023/1098,2023/00200/00000340,,1,sent,sent,
16045,S/FRA/2023/1100,0070/02/2023/0000046,,1,sent,sent,
16046,S/FRA/2023/1107,A-V2023-00005585938,,1,sent,sent,
20675,S/FRA/2024/0730,A/ 3062 /2024,,1,sent,sent,
16048,S/FRA/2023/1104,002-02-002132,,1,sent,sent,
20338,S/FRA/2024/0635,A 240499,,1,sent,sent,
16049,S/FRA/2023/1110,A/000136/23,,1,sent,sent,
20330,S/FRA/2024/0627,145285,,1,sent,sent,
20306,S/FRA/2024/0602,A 240408,,1,sent,sent,
20317,S/FRA/2024/0608,A 240494,,1,sent,sent,
16052,S/FRA/2023/1118,A-V2023-00005687515,,1,sent,sent,
20380,S/FRA/2024/0652,FMI/6430,,1,sent,sent,
17406,S/FRA/2024/0222,FA#2020/19126901,,1,sent,sent,
17407,S/FRA/2024/0221,2020/19127034,,1,sent,sent,
17408,S/FRA/2024/0232,ESINV20000001239930,,1,sent,sent,
17411,S/FRA/2024/0229,13698607,,1,sent,sent,
17412,S/FRA/2024/0228,11-220338,,1,sent,sent,
17413,S/FRA/2024/0227,1 22 0005 0003645013,,1,sent,sent,
20327,S/FRA/2024/0622,BL7/2024/2/19197,,1,sent,sent,
17415,S/FRA/2024/0225,1 23 0005 0003308099,,1,sent,sent,
20398,S/FRA/2024/0660,000002 TB 012222,,1,sent,sent,
20331,S/FRA/2024/0626,2024017459,,1,sent,sent,
13242,S/FRA/2023/0513,23-0042,,1,sent,sent,
20328,S/FRA/2024/0621,2024/00200/00000232,,1,sent,sent,
11665,S/FRA/2023/0381,OVIE-230108,,1,sent_modified,sent_modified,
14142,S/FRA/2023/0605,ES224DDBAEUI,NEXT,1,sent,sent,
8266,S/FRA/2022/0787,N-579/22,,1,sent,sent,
20208,S/FRA/2024/0628,000002 TB 008525,,1,sent,sent,
12254,S/FRA/2023/0385,2370007402,,1,sent,sent,
19031,S/FRA/2024/1070,4049,,1,not_sent,not_sent,
20395,S/FRA/2024/0657,000002 TB 011683,,1,sent,sent,
21887,S/FRA/2024/0996,04/2024,,1,sent,sent,
20325,S/FRA/2024/0633,240008988,,1,sent,sent,
20277,S/FRA/2024/0569,2024/010,,1,sent,sent,
20299,S/FRA/2024/0605,000002 TB 008791,,1,sent,sent,
20391,S/FRA/2024/0648,000002 TB 011439,,1,sent,sent,
20335,S/FRA/2024/0629,000002 TB 012850,,1,sent,sent,
20305,S/FRA/2024/0607,FMI/5086,,1,sent,sent,
18339,S/FRA/2024/0276,9/2023,,1,sent,sent,
14202,S/FRA/2023/0756,INV-ES-139756521-2022-2343,NEXT,1,not_sent,not_sent,3000 | Factura duplicada
23682,S/FRA/2025/0225,F250008,,1,sent,sent,
19877,S/FRA/2024/0663,FA004485,,1,sent_modified,sent_modified,
20379,S/FRA/2024/0651,FMI/6886,,1,sent,sent,
20003,S/FRA/2024/0617,CF/0000044696-2024,,1,sent,sent,
13566,S/FRA/2023/0494,23-0027,NEXT,1,sent_modified,sent_modified,
18279,S/FRA/2024/0266,23ES00331130028785,,1,sent_w_errors,sent_w_errors,2024 | El valor de ImporteTotal no coincide con el sumatorio de Bas
19937,S/FRA/2024/0670,ES448VDABEY,,1,sent,sent,
20676,S/FRA/2024/0729,12383/100000033,,1,sent,sent,
10941,S/FRA/2023/0132,ES3823ABEY,NEXT,1,sent_modified,sent_modified,
19982,S/FRA/2024/0513,121-2024,,1,sent,sent,
21275,S/FRA/2024/1008,8D330CF5-0002,,1,sent,sent,
14196,S/FRA/2023/0693,FR21TEBJ8AEUI,NEXT,1,not_sent,not_sent,3000 | Factura duplicada
14187,S/FRA/2023/0690,INV-ES-142999071-2023-2072,NEXT,1,not_sent,not_sent,3000 | Factura duplicada
14262,S/FRA/2023/0732,INV-ES-308816695-2022-1222,NEXT,1,not_sent,not_sent,3000 | Factura duplicada
19909,S/FRA/2024/0504,ES447JZABEY,,1,sent,sent,
20655,S/FRA/2024/0740,49486,,1,sent,sent,
22411,S/FRA/2024/1032,4241100088,,1,sent,sent,
19910,S/FRA/2024/0501,ES447LQABEY,,1,sent,sent,
14164,S/FRA/2023/0709,INV-PL-1405939325-2023-105,NEXT,1,not_sent,not_sent,3000 | Factura duplicada
19932,S/FRA/2024/0669,2,,1,sent,sent,
14119,S/FRA/2023/0637,ES31CFXABEY,NEXT,1,sent_modified,sent_modified,
20657,S/FRA/2024/0738,4240900076,,1,sent,sent,
14163,S/FRA/2023/0771,INV-DE-148773751-2023-860,NEXT,1,not_sent,not_sent,3000 | Factura duplicada
20656,S/FRA/2024/0739,49487,,1,sent,sent,
14166,S/FRA/2023/0703,INV-DE-1857833635-2023-434,NEXT,1,not_sent,not_sent,3000 | Factura duplicada
19912,S/FRA/2024/0475,3243,,1,sent,sent,
20407,S/FRA/2024/0672,6.446 A,,1,sent,sent,
19855,S/FRA/2024/0506,FAO241834,,1,sent,sent,
14185,S/FRA/2023/0705,INV-DE-131965521-2023-4606,NEXT,1,not_sent,not_sent,3000 | Factura duplicada
19856,S/FRA/2024/0498,D24 388,,1,sent,sent,
14184,S/FRA/2023/0702,INV-DE-1637405095-2023-757,NEXT,1,not_sent,not_sent,3000 | Factura duplicada
14122,S/FRA/2023/0610,ES3ZU7EAEUI,NEXT,1,sent,sent,
14134,S/FRA/2023/0639,ES32ETDABEI,NEXT,1,sent_modified,sent_modified,
19857,S/FRA/2024/0502,ES443RUABEY,,1,sent,sent,
19966,S/FRA/2024/0525,57,,1,sent,sent,
19935,S/FRA/2024/0519,6.338 A,,1,sent,sent,
14114,S/FRA/2023/0634,ES31BOUABEY,NEXT,1,sent_modified,sent_modified,
20459,S/FRA/2024/0697,93,,1,sent,sent,
14116,S/FRA/2023/0636,ES31CQ6ABEY,NEXT,1,sent_modified,sent_modified,
19965,S/FRA/2024/0526,A/000182/24,,1,sent,sent,
19963,S/FRA/2024/0529,A-V2024-00004306292,,1,sent,sent,
14118,S/FRA/2023/0629,ES31DPQABEY,NEXT,1,sent_modified,sent_modified,
19429,S/FRA/2024/0423,24400984,,1,sent,sent,
20321,S/FRA/2024/0618,FV24_00062,,1,sent,sent,
20424,S/FRA/2024/0684,240137,,1,sent_modified,sent_modified,
19983,S/FRA/2024/0514,A/24-0176,,1,sent,sent,
19981,S/FRA/2024/0521,018-0009-214799,,1,sent,sent,
19864,S/FRA/2024/0483,75798/F-4921,,1,sent,sent,
20670,S/FRA/2024/0735,A-V2024-00004632141,,1,sent,sent,
20671,S/FRA/2024/0734,A-V2024-00004715683,,1,sent,sent,
19964,S/FRA/2024/0528,108,,1,sent,sent,
19959,S/FRA/2024/0533,184,,1,sent,sent,
23568,S/FRA/2025/0214,025033,,1,sent,sent,
23361,S/FRA/2025/0176,250201,,1,sent,sent,
23572,S/FRA/2025/0227,404 A,,1,sent,sent,
23573,S/FRA/2025/0226,405 A,,1,sent,sent,
19960,S/FRA/2024/0532,186,,1,sent,sent,
19962,S/FRA/2024/0531,09424006275,,1,sent,sent,
19737,S/FRA/2024/0484,07/05/2024,,1,sent,sent,
19740,S/FRA/2024/0477,0011-24,,1,sent,sent,
22385,S/FRA/2024/1046,A/3088/2024,,1,sent,sent,
19961,S/FRA/2024/0527,A/ 3044/2024,,1,sent,sent,
23793,S/FRA/2025/0232,ES522QJABEY,,1,sent,sent,
19742,S/FRA/2024/0458,533,,1,sent,sent,
19842,S/FRA/2024/0489,2477,,1,sent,sent,
23783,S/FRA/2025/0235,AL 25000196,,1,sent,sent,
19741,S/FRA/2024/0460,2023000946,,1,sent,sent,
21637,S/FRA/2024/0924,263,,1,sent,sent,
19958,S/FRA/2024/0534,185,,1,sent,sent,
23781,S/FRA/2025/0237,A10019609840-0325,,1,sent,sent,
16690,S/FRA/2024/0053,D24 047,,1,sent,sent,
4077,S/FRA/2022/0109,FRO20211880170,,1,sent,sent,
21918,S/FRA/2024/0960,18742401P0316858,,1,sent,sent,
19736,S/FRA/2024/0457,2024/0378,,1,sent,sent,
23782,S/FRA/2025/0236,312-KF25-2543,,1,sent,sent,
19743,S/FRA/2024/0454,1136,,1,sent,sent,
23421,S/FRA/2025/0154,A/25-0033,,1,sent,sent,
19863,S/FRA/2024/0482,75363/F-4902,,1,sent,sent,
19739,S/FRA/2024/0453,A2/2023/013,,1,sent,sent,
19839,S/FRA/2024/0492,F-5063,,1,sent,sent,
23505,S/FRA/2025/0191,628/F,,1,sent,sent,
23507,S/FRA/2025/0223,B00054973,,1,sent,sent,
19055,S/FRA/2024/0371,000D005543,,1,sent,sent,
23466,S/FRA/2025/0206,N-133/25,EJ 2024,1,sent,sent,
23506,S/FRA/2025/0190,FM25-301,,1,sent,sent,
23534,S/FRA/2025/0218,FO5/361,,1,sent,sent,
23549,S/FRA/2025/0217,2025000205,,1,sent,sent,
22428,S/FRA/2024/1052,000380,,1,sent,sent,
22429,S/FRA/2024/1051,000381,,1,sent,sent,
22427,S/FRA/2024/1053,000379,,1,sent,sent,
19056,S/FRA/2024/0354,000G006362,,1,sent,sent,
23188,S/FRA/2025/0116,000021,,1,sent,sent,
2563,S/FRA/2021/0525,FV21035,NEXT,1,sent,sent,
9212,S/FRA/2022/1057,FV21371,FV21371: FV21371,1,sent,sent,
11260,S/FRA/2023/0186,FV21411,FV21411,1,sent,sent,
22130,S/FRA/2025/0003,FV22083,Mantenimiento Odoo,1,sent,sent,
18664,S/FRA/2024/0337,000G006050,,1,sent,sent,
18665,S/FRA/2024/0336,000G006054,,1,sent,sent,
18663,S/FRA/2024/0338,000D005262,,1,sent,sent,
18531,S/FRA/2024/0296,000D004946,,1,sent,sent,
18532,S/FRA/2024/0295,000G005739,,1,sent,sent,
17334,S/FRA/2024/0178,000D004461,,1,sent,sent,
18195,S/FRA/2024/0245,000D004697,,1,sent,sent,
17335,S/FRA/2024/0177,000G005213,,1,sent,sent,
16688,S/FRA/2024/0055,F010-2024,,1,sent,sent,
24288,S/FRA/2025/0344,25/12,,1,sent,sent,
24863,S/FRA/2025/0408,Y252051154,,1,sent,sent,
24602,S/FRA/2025/0373,25/241,,1,sent,sent,
24899,S/FRA/2025/0401,A10019889170-0725,,1,sent,sent,
24847,S/FRA/2025/0412,1NSN250700215837,,1,sent,sent,
24862,S/FRA/2025/0409,18742501P0155879,,1,sent,sent,
24968,S/FRA/2025/0433,2.791/F,,1,not_sent,not_sent,
25056,S/FRA/2025/0449,1NSN250800091311,,1,not_sent,not_sent,
24979,S/FRA/2025/0418,2025/041,,1,sent,sent,
24926,S/FRA/2025/0420,F250338283,,1,sent,sent,
25033,S/FRA/2025/0427,1NSN250800059523,,1,not_sent,not_sent,
25032,S/FRA/2025/0428,FRO20251222063,,1,not_sent,not_sent,
25007,S/FRA/2025/0431,FM25-1704,,1,not_sent,not_sent,
25008,S/FRA/2025/0430,AL 25000655,,1,not_sent,not_sent,
25034,S/FRA/2025/0426,A2701,,1,not_sent,not_sent,
24925,S/FRA/2025/0419,F250338261,,1,sent,sent,
24954,S/FRA/2025/0415,06/25,,1,sent,sent,
24898,S/FRA/2025/0402,A10019855625-0725,,1,sent,sent,
24928,S/FRA/2025/0422,F250338284,,1,sent,sent,
24927,S/FRA/2025/0421,F250338262,,1,sent,sent,
24935,S/FRA/2025/0436,L250034778,,1,not_sent,not_sent,
25076,S/FRA/2025/0447,1NSN250800210678,,1,not_sent,not_sent,
25075,S/FRA/2025/0453,33.2025,,1,not_sent,not_sent,
24900,S/FRA/2025/0400,312-KF25-7055,,1,sent,sent,
24781,S/FRA/2025/0390,250121,,1,sent,sent,
24969,S/FRA/2025/0432,18742501P0168346,,1,not_sent,not_sent,
25017,S/FRA/2025/0429,E2025-00321,,1,not_sent,not_sent,
25039,S/FRA/2025/0425,R2500072,,1,not_sent,not_sent,
24937,S/FRA/2025/0435,1NSN250700576009,,1,not_sent,not_sent,
24938,S/FRA/2025/0434,2.207/F,,1,not_sent,not_sent,
25079,S/FRA/2025/0444,FV/2025/0724,,1,not_sent,not_sent,
25078,S/FRA/2025/0445,2025000799,,1,not_sent,not_sent,
25092,S/FRA/2025/0440,ES55H7CABEY,,1,not_sent,not_sent,
24936,S/FRA/2025/0423,L252085151,,1,sent,sent,
25164,S/FRA/2025/0459,AL 25000487,,1,not_sent,not_sent,
25168,S/FRA/2025/0455,A/FA00518,,1,not_sent,not_sent,
24485,S/FRA/2025/0360,125003467,,1,sent,sent,
25323,/,,,1,not_sent,not_sent,
25052,S/FRA/2025/0424,22157,,1,not_sent,not_sent,
24901,S/FRA/2025/0399,25/19,,1,sent,sent,
24849,S/FRA/2025/0398,250132,,1,sent,sent,
24745,S/FRA/2025/0437,INV/2025/03/01747,M21031824409111,1,sent,sent,
24780,S/FRA/2025/0397,16/2025,,1,sent,sent,
24775,S/FRA/2025/0394,2025000591,,1,sent,sent,
24848,S/FRA/2025/0411,1NSN250700059582,,1,sent,sent,
24980,S/FRA/2025/0417,2025/042,,1,sent,sent,
24767,S/FRA/2025/0413,FRO20251052966,,1,sent,sent,
24911,S/FRA/2025/0416,025,,1,sent,sent,
25165,S/FRA/2025/0458,18742501P0047089,,1,not_sent,not_sent,
25167,S/FRA/2025/0456,18742501P0155534,,1,not_sent,not_sent,
25130,S/FRA/2025/0461,028,,1,not_sent,not_sent,
24896,S/FRA/2025/0414,A10019818987-0625,,1,sent,sent,
25166,S/FRA/2025/0457,18742501P0103533,,1,not_sent,not_sent,
24864,S/FRA/2025/0407,Y250099288,,1,sent,sent,
24861,S/FRA/2025/0410,VF25-07-0098,,1,sent,sent,
22760,S/FRA/2025/0037,7/2025,2024,1,sent,sent,
24624,S/FRA/2025/0389,FM25-1401,,1,sent,sent,
24649,S/FRA/2025/0379,AL 25000372,,1,sent,sent,
24640,S/FRA/2025/0388,FV22263,Mantenimiento Odoo,1,sent,sent,
24643,S/FRA/2025/0385,000D009282,,1,sent,sent,
24647,S/FRA/2025/0381,AL 25000559,,1,sent,sent,
24641,S/FRA/2025/0387,FN-25-01728,,1,sent,sent,
24644,S/FRA/2025/0384,000D009283,,1,sent,sent,
24646,S/FRA/2025/0382,000G009352,,1,sent,sent,
24652,S/FRA/2025/0377,3437954,,1,sent,sent,
24757,S/FRA/2025/0376,2025-22,,1,sent,sent,
24645,S/FRA/2025/0383,000G009351,,1,sent,sent,
24243,S/FRA/2025/0368,0960470063159,,1,sent,sent,
24419,S/FRA/2025/0366,33500000/33503551,,1,sent,sent,
24648,S/FRA/2025/0380,AL 25000330,,1,sent,sent,
24678,S/FRA/2025/0375,2645,,1,sent,sent,
24779,S/FRA/2025/0391,11/2025,,1,sent,sent,
22762,S/FRA/2025/0036,3/2025,2024,1,sent,sent,
24825,S/FRA/2025/0396,ES 25A-005,,1,sent,sent,
24776,S/FRA/2025/0393,2/2025,,1,sent,sent,
24777,S/FRA/2025/0392,3/2025,,1,sent,sent,
19522,S/FRA/2024/0406,2024-04,,1,sent,sent,
19353,S/FRA/2024/0408,61/2024,,1,sent,sent,
14110,S/FRA/2023/0640,ES31GWKABEY,,1,sent_modified,sent_modified,
25472,/, ,,1,not_sent,not_sent,
25473,/,FV/2025/0835,,1,not_sent,not_sent,
25191,S/FRA/2025/0472,41/E,,1,not_sent,not_sent,
25192,S/FRA/2025/0474,2025-27,,1,not_sent,not_sent,
25193,S/FRA/2025/0473,22160,,1,not_sent,not_sent,
25194,S/FRA/2025/0454,2025000820,,1,not_sent,not_sent,
25131,S/FRA/2025/0460,4,,1,not_sent,not_sent,
25121,S/FRA/2025/0462,3.452/F,,1,not_sent,not_sent,
25196,S/FRA/2025/0470,ES55MRQABEY,,1,not_sent,not_sent,
25198,S/FRA/2025/0468,08/25,,1,not_sent,not_sent,
25197,S/FRA/2025/0469,ES55N2GABEY,,1,not_sent,not_sent,
25195,S/FRA/2025/0471,ES55MRRABEY,,1,not_sent,not_sent,
25492,/,S/05-25,,1,not_sent,not_sent,
25199,S/FRA/2025/0467,2025-05,,1,not_sent,not_sent,
24442,S/FRA/2025/0321,0410004845,,1,sent,sent,
25220,S/FRA/2025/0465,11/2025,,1,not_sent,not_sent,
25212,S/FRA/2025/0466,ES55NMSABEY,,1,not_sent,not_sent,
25221,/,ES550B9ABEY,,1,not_sent,not_sent,
16010,RS/FRA/2023/0008,BL7/2023/2/24345,,1,sent,sent,
23903,RS/FRA/2025/0003,A-575,,1,sent,sent,
91,RS/FRA/2021/0004,AV-000094 DE A000028564,,1,not_sent,not_sent,
291,RS/FRA/2021/0005,5.369,,1,not_sent,not_sent,
210,RS/FRA/2021/0003,5.174,,1,not_sent,not_sent,
160,RS/FRA/2021/0006,P2/20,,1,not_sent,not_sent,
23893,/,ES517RXABEC,,1,not_sent,not_sent,
23905,/,ES518ERABEC,,1,not_sent,not_sent,
23892,/,ES517RVABEC,,1,not_sent,not_sent,
31,RS/FRA/2021/0001,74/00316129,,1,not_sent,not_sent,
62,RS/FRA/2021/0002,5090,,1,not_sent,not_sent,
561,RS/FRA/2021/0008,21/ABO 15,,1,sent,sent,
605,RS/FRA/2021/0007,21.035,,1,sent,sent,
1609,RS/FRA/2021/0013,A2105,,1,sent,sent,
5860,RS/FRA/2022/0002,0070/02/2021/0000020,,1,sent,sent,
21849,RS/FRA/2024/0009,ES42ZU1ABEC,,1,sent,sent,
6707,RS/FRA/2022/0004,VAB22-05-0034,,1,sent,sent,
8308,RS/FRA/2022/0005,22/ABO 18,,1,sent,sent,
3084,RS/FRA/2021/0015,A1/2021,,1,sent,sent,
3088,RS/FRA/2021/0014,001GR00045,,1,sent,sent,
3127,RS/FRA/2021/0012,R-H0663/0001,,1,sent,sent,
4113,RS/FRA/2022/0001,NOTA DE CRÉDITO 1,,1,sent,sent,
6731,RS/FRA/2022/0003,3170003416,,1,sent,sent,
8949,RS/FRA/2022/0006,R2698,,1,sent,sent,
17336,RS/FRA/2024/0002,000GR00366,,1,sent,sent,
15968,RS/FRA/2023/0007,0208-2023,,1,sent,sent,
17219,RS/FRA/2024/0004,D9700 / 19 / 5424,,1,sent,sent,
25040,RS/FRA/2025/0004,ABF250070,,1,not_sent,not_sent,
11481,RS/FRA/2023/0003,23/ABO 6,,1,sent,sent,
11591,RS/FRA/2023/0004,A1,,1,sent,sent,
11628,RS/FRA/2023/0005,R1,,1,sent,sent,
23457,RS/FRA/2025/0002,CNP001038400000001904,,1,sent,sent,
16012,RS/FRA/2024/0006,BL7/2023/1/22875,,1,sent_modified,sent_modified,
20810,RS/FRA/2024/0008,052-0010-R282658,,1,sent,sent,
11142,RS/FRA/2022/0007,D2022189200200000843,,1,sent,sent,
11383,RS/FRA/2023/0002,2022/015200/00002320,,1,sent,sent,
17397,RS/FRA/2024/0003,R01/2024,,1,sent_modified,sent_modified,
11464,RS/FRA/2023/0001,A1/2023 Factura de Abono,,1,sent,sent,
17209,RS/FRA/2024/0001,57892179191,,1,sent,sent,
17220,RS/FRA/2024/0005,D9700 / 11 / 5420,,1,sent,sent,
18355,RS/FRA/2024/0007,R/24000053,,1,sent,sent,
11670,RS/FRA/2023/0006,2023-00022,,1,sent,sent,
22761,RS/FRA/2025/0001,1/2025,,1,sent,sent,
