id,company_id,move_type,name,ref,src_state,aeat_send_error
25121,1,in_invoice,S/FRA/2025/0462,3.452/F,not_sent,
25130,1,in_invoice,S/FRA/2025/0461,028,not_sent,
25131,1,in_invoice,S/FRA/2025/0460,4,not_sent,
25164,1,in_invoice,S/FRA/2025/0459,AL 25000487,not_sent,
25165,1,in_invoice,S/FRA/2025/0458,18742501P0047089,not_sent,
25166,1,in_invoice,S/FRA/2025/0457,18742501P0103533,not_sent,
25167,1,in_invoice,S/FRA/2025/0456,18742501P0155534,not_sent,
25168,1,in_invoice,S/FRA/2025/0455,A/FA00518,not_sent,
25075,1,in_invoice,S/FRA/2025/0453,33.2025,not_sent,
24939,1,in_invoice,S/FRA/2025/0452,25/306,not_sent,
24955,1,in_invoice,S/FRA/2025/0451,1TSN250700387990,not_sent,
25041,1,in_invoice,S/FRA/2025/0450,A2504996,not_sent,
25056,1,in_invoice,S/FRA/2025/0449,1NSN250800091311,not_sent,
25063,1,in_invoice,S/FRA/2025/0448,ES55EZ2ABEY,not_sent,
25076,1,in_invoice,S/FRA/2025/0447,1NSN250800210678,not_sent,
25077,1,in_invoice,S/FRA/2025/0446,A000032771,not_sent,
25078,1,in_invoice,S/FRA/2025/0445,2025000799,not_sent,
25079,1,in_invoice,S/FRA/2025/0444,FV/2025/0724,not_sent,
25120,1,in_invoice,S/FRA/2025/0442,21250714010352857,not_sent,
25080,1,in_invoice,S/FRA/2025/0441,2025/046,not_sent,
25092,1,in_invoice,S/FRA/2025/0440,ES55H7CABEY,not_sent,
25096,1,in_invoice,S/FRA/2025/0439,ES55EHZABEY,not_sent,
25118,1,in_invoice,S/FRA/2025/0438,25-2025,not_sent,
24935,1,in_invoice,S/FRA/2025/0436,L250034778,not_sent,
24937,1,in_invoice,S/FRA/2025/0435,1NSN250700576009,not_sent,
24938,1,in_invoice,S/FRA/2025/0434,2.207/F,not_sent,
24968,1,in_invoice,S/FRA/2025/0433,2.791/F,not_sent,
24969,1,in_invoice,S/FRA/2025/0432,18742501P0168346,not_sent,
25007,1,in_invoice,S/FRA/2025/0431,FM25-1704,not_sent,
25008,1,in_invoice,S/FRA/2025/0430,AL 25000655,not_sent,
25017,1,in_invoice,S/FRA/2025/0429,E2025-00321,not_sent,
25032,1,in_invoice,S/FRA/2025/0428,FRO20251222063,not_sent,
25033,1,in_invoice,S/FRA/2025/0427,1NSN250800059523,not_sent,
25034,1,in_invoice,S/FRA/2025/0426,A2701,not_sent,
25039,1,in_invoice,S/FRA/2025/0425,R2500072,not_sent,
25052,1,in_invoice,S/FRA/2025/0424,22157,not_sent,
25199,1,in_invoice,/,2025-05,not_sent,
25198,1,in_invoice,/,08/25,not_sent,
25195,1,in_invoice,/,ES55MRRABEY,not_sent,
25193,1,in_invoice,/,22160,not_sent,
25192,1,in_invoice,/,2025-27,not_sent,
25191,1,in_invoice,/,41/E,not_sent,
25194,1,in_invoice,S/FRA/2025/0454,2025000820,not_sent,
25212,1,in_invoice,/,,not_sent,
25197,1,in_invoice,/,ES55N2GABEY,not_sent,
25196,1,in_invoice,/,,not_sent,
25119,1,in_invoice,S/FRA/2025/0443,ES55IRJABEY,not_sent,
25040,1,in_refund,RS/FRA/2025/0004,ABF250070,not_sent,
24745,1,in_invoice,S/FRA/2025/0437,INV/2025/03/01747,sent,"{
    'CSV': 'L8W2WDHVVHH8G3XJ',
    'DatosPresentacion': {
        'NIFPresentador': 'G33465790',
        'TimestampPre"
24936,1,in_invoice,S/FRA/2025/0423,L252085151,sent,"{
    'CSV': 'RL42P7PRCHA2JM8H',
    'DatosPresentacion': {
        'NIFPresentador': 'G33465790',
        'TimestampPre"
24928,1,in_invoice,S/FRA/2025/0422,F250338284,sent,"{
    'CSV': '3W6BYA79PFVHWKGG',
    'DatosPresentacion': {
        'NIFPresentador': 'G33465790',
        'TimestampPre"
24927,1,in_invoice,S/FRA/2025/0421,F250338262,sent,"{
    'CSV': 'F3VKQB9XPGJDZGXP',
    'DatosPresentacion': {
        'NIFPresentador': 'G33465790',
        'TimestampPre"
24926,1,in_invoice,S/FRA/2025/0420,F250338283,sent,"{
    'CSV': 'LHZA5S56RYH8PEMR',
    'DatosPresentacion': {
        'NIFPresentador': 'G33465790',
        'TimestampPre"
24925,1,in_invoice,S/FRA/2025/0419,F250338261,sent,"{
    'CSV': 'PNWPSQ34M2KSPYF4',
    'DatosPresentacion': {
        'NIFPresentador': 'G33465790',
        'TimestampPre"
24979,1,in_invoice,S/FRA/2025/0418,2025/041,sent,"{
    'CSV': '7ATJ3DNDVGB628XX',
    'DatosPresentacion': {
        'NIFPresentador': 'G33465790',
        'TimestampPre"
24980,1,in_invoice,S/FRA/2025/0417,2025/042,sent,"{
    'CSV': 'GFHLT23M7R7ZVVN3',
    'DatosPresentacion': {
        'NIFPresentador': 'G33465790',
        'TimestampPre"
24911,1,in_invoice,S/FRA/2025/0416,025,sent,"{
    'CSV': 'V3CDSFDYE894PBYH',
    'DatosPresentacion': {
        'NIFPresentador': 'G33465790',
        'TimestampPre"
24954,1,in_invoice,S/FRA/2025/0415,06/25,sent,"{
    'CSV': 'MEEBTRVMY4Y9WET4',
    'DatosPresentacion': {
        'NIFPresentador': 'G33465790',
        'TimestampPre"
24896,1,in_invoice,S/FRA/2025/0414,A10019818987-0625,sent,"{
    'CSV': '2L4K6NCKSMN6GCED',
    'DatosPresentacion': {
        'NIFPresentador': 'G33465790',
        'TimestampPre"
24767,1,in_invoice,S/FRA/2025/0413,FRO20251052966,sent,"{
    'CSV': 'GNPB84JWZSYVJHJU',
    'DatosPresentacion': {
        'NIFPresentador': 'G33465790',
        'TimestampPre"
24847,1,in_invoice,S/FRA/2025/0412,1NSN250700215837,sent,"{
    'CSV': '36L9YRF9H4UM5TJY',
    'DatosPresentacion': {
        'NIFPresentador': 'G33465790',
        'TimestampPre"
24848,1,in_invoice,S/FRA/2025/0411,1NSN250700059582,sent,"{
    'CSV': '6PGW4ZLGUCCVY8G8',
    'DatosPresentacion': {
        'NIFPresentador': 'G33465790',
        'TimestampPre"
24861,1,in_invoice,S/FRA/2025/0410,VF25-07-0098,sent,"{
    'CSV': '7S58P6NAZML7ZEWP',
    'DatosPresentacion': {
        'NIFPresentador': 'G33465790',
        'TimestampPre"
24862,1,in_invoice,S/FRA/2025/0409,18742501P0155879,sent,"{
    'CSV': 'E3X6HZNTUUSQN6XH',
    'DatosPresentacion': {
        'NIFPresentador': 'G33465790',
        'TimestampPre"
24863,1,in_invoice,S/FRA/2025/0408,Y252051154,sent,"{
    'CSV': 'R2LRDS9JL53C8S3M',
    'DatosPresentacion': {
        'NIFPresentador': 'G33465790',
        'TimestampPre"
24864,1,in_invoice,S/FRA/2025/0407,Y250099288,sent,"{
    'CSV': 'CJVYC4CK3NEKKYG2',
    'DatosPresentacion': {
        'NIFPresentador': 'G33465790',
        'TimestampPre"
24865,1,in_invoice,S/FRA/2025/0406,J252066337,sent,"{
    'CSV': 'DH3YSKZUAVAMQYHE',
    'DatosPresentacion': {
        'NIFPresentador': 'G33465790',
        'TimestampPre"
24866,1,in_invoice,S/FRA/2025/0405,J250055189,sent,"{
    'CSV': 'GZX4EYTQRCAVDYRP',
    'DatosPresentacion': {
        'NIFPresentador': 'G33465790',
        'TimestampPre"
24895,1,in_invoice,S/FRA/2025/0404,A10019785566-0625,sent,"{
    'CSV': 'LRTFJRYWM5LGZ76V',
    'DatosPresentacion': {
        'NIFPresentador': 'G33465790',
        'TimestampPre"
24897,1,in_invoice,S/FRA/2025/0403,312-KF25-6536,sent,"{
    'CSV': 'DAUAUHTALCKVFVZV',
    'DatosPresentacion': {
        'NIFPresentador': 'G33465790',
        'TimestampPre"
24898,1,in_invoice,S/FRA/2025/0402,A10019855625-0725,sent,"{
    'CSV': 'JGRP9AG8BW3SHTXB',
    'DatosPresentacion': {
        'NIFPresentador': 'G33465790',
        'TimestampPre"
24899,1,in_invoice,S/FRA/2025/0401,A10019889170-0725,sent,"{
    'CSV': 'TCHNU6D5CRDJU46T',
    'DatosPresentacion': {
        'NIFPresentador': 'G33465790',
        'TimestampPre"
24900,1,in_invoice,S/FRA/2025/0400,312-KF25-7055,sent,"{
    'CSV': 'YB3KKY2XP28YFTAQ',
    'DatosPresentacion': {
        'NIFPresentador': 'G33465790',
        'TimestampPre"
24901,1,in_invoice,S/FRA/2025/0399,25/19,sent,"{
    'CSV': '2EWKYJ87BTBRD2VF',
    'DatosPresentacion': {
        'NIFPresentador': 'G33465790',
        'TimestampPre"
24849,1,in_invoice,S/FRA/2025/0398,250132,sent,"{
    'CSV': 'CXA6QWDPVCD93Q7N',
    'DatosPresentacion': {
        'NIFPresentador': 'G33465790',
        'TimestampPre"
24780,1,in_invoice,S/FRA/2025/0397,16/2025,sent,"{
    'CSV': 'ABKH2LLFTP6ZZSG4',
    'DatosPresentacion': {
        'NIFPresentador': 'G33465790',
        'TimestampPre"
24825,1,in_invoice,S/FRA/2025/0396,ES 25A-005,sent,"{
    'CSV': '9ET3XB4TQ7L3MHSN',
    'DatosPresentacion': {
        'NIFPresentador': 'G33465790',
        'TimestampPre"
24758,1,in_invoice,S/FRA/2025/0395,2025/001,sent,"{
    'CSV': '2WM3ECEQZH9B7EYW',
    'DatosPresentacion': {
        'NIFPresentador': 'G33465790',
        'TimestampPre"
24775,1,in_invoice,S/FRA/2025/0394,2025000591,sent,"{
    'CSV': 'GZ8WLX3YC9NEXN4A',
    'DatosPresentacion': {
        'NIFPresentador': 'G33465790',
        'TimestampPre"
24776,1,in_invoice,S/FRA/2025/0393,2/2025,sent,"{
    'CSV': 'H8SW5NDE2JDA9PLF',
    'DatosPresentacion': {
        'NIFPresentador': 'G33465790',
        'TimestampPre"
24777,1,in_invoice,S/FRA/2025/0392,3/2025,sent,"{
    'CSV': 'L9NFK94UXUBZRPMP',
    'DatosPresentacion': {
        'NIFPresentador': 'G33465790',
        'TimestampPre"
24779,1,in_invoice,S/FRA/2025/0391,11/2025,sent,"{
    'CSV': 'PQ8EDTQYJQTANLEQ',
    'DatosPresentacion': {
        'NIFPresentador': 'G33465790',
        'TimestampPre"
24781,1,in_invoice,S/FRA/2025/0390,250121,sent,"{
    'CSV': 'BYR9CEWB47E96RNS',
    'DatosPresentacion': {
        'NIFPresentador': 'G33465790',
        'TimestampPre"
24624,1,in_invoice,S/FRA/2025/0389,FM25-1401,sent,"{
    'CSV': 'U4CSSJY2Y32SENQS',
    'DatosPresentacion': {
        'NIFPresentador': 'G33465790',
        'TimestampPre"
24640,1,in_invoice,S/FRA/2025/0388,FV22263,sent,"{
    'CSV': '3L7WS3BRKUV8ACVQ',
    'DatosPresentacion': {
        'NIFPresentador': 'G33465790',
        'TimestampPre"
24641,1,in_invoice,S/FRA/2025/0387,FN-25-01728,sent,"{
    'CSV': '5XDGFH79K9RZJGQY',
    'DatosPresentacion': {
        'NIFPresentador': 'G33465790',
        'TimestampPre"
24642,1,in_invoice,S/FRA/2025/0386,A2503867,sent,"{
    'CSV': 'ESJGSL77STKYSERK',
    'DatosPresentacion': {
        'NIFPresentador': 'G33465790',
        'TimestampPre"
24643,1,in_invoice,S/FRA/2025/0385,000D009282,sent,"{
    'CSV': '7CMNR3LLA45S338U',
    'DatosPresentacion': {
        'NIFPresentador': 'G33465790',
        'TimestampPre"
24644,1,in_invoice,S/FRA/2025/0384,000D009283,sent,"{
    'CSV': 'RKGAAVZQ7FZXWEKD',
    'DatosPresentacion': {
        'NIFPresentador': 'G33465790',
        'TimestampPre"
24645,1,in_invoice,S/FRA/2025/0383,000G009351,sent,"{
    'CSV': '2DSEP5M2FZANR5UY',
    'DatosPresentacion': {
        'NIFPresentador': 'G33465790',
        'TimestampPre"
24646,1,in_invoice,S/FRA/2025/0382,000G009352,sent,"{
    'CSV': 'AL27F8KBT76VF5DU',
    'DatosPresentacion': {
        'NIFPresentador': 'G33465790',
        'TimestampPre"
24647,1,in_invoice,S/FRA/2025/0381,AL 25000559,sent,"{
    'CSV': 'JTTDGPX6WYLJMPEY',
    'DatosPresentacion': {
        'NIFPresentador': 'G33465790',
        'TimestampPre"
24648,1,in_invoice,S/FRA/2025/0380,AL 25000330,sent,"{
    'CSV': 'QJ9CBU85ERZRZY8W',
    'DatosPresentacion': {
        'NIFPresentador': 'G33465790',
        'TimestampPre"
24649,1,in_invoice,S/FRA/2025/0379,AL 25000372,sent,"{
    'CSV': 'BQCL6DVYN8G4KWD3',
    'DatosPresentacion': {
        'NIFPresentador': 'G33465790',
        'TimestampPre"
24650,1,in_invoice,S/FRA/2025/0378,25/13,sent,"{
    'CSV': 'AFSEZ7FAGRBP638C',
    'DatosPresentacion': {
        'NIFPresentador': 'G33465790',
        'TimestampPre"
24652,1,in_invoice,S/FRA/2025/0377,3437954,sent,"{
    'CSV': 'LXJ7WKVD5ECA8U3L',
    'DatosPresentacion': {
        'NIFPresentador': 'G33465790',
        'TimestampPre"
24757,1,in_invoice,S/FRA/2025/0376,2025-22,sent,"{
    'CSV': 'TX4T2WTHB8LXKYJ2',
    'DatosPresentacion': {
        'NIFPresentador': 'G33465790',
        'TimestampPre"
24678,1,in_invoice,S/FRA/2025/0375,2645,sent,"{
    'CSV': '4S8YL8VYGX56Q49Q',
    'DatosPresentacion': {
        'NIFPresentador': 'G33465790',
        'TimestampPre"
24243,1,in_invoice,S/FRA/2025/0368,0960470063159,sent,"{
    'CSV': 'XK9FSSQF8YAZUCE9',
    'DatosPresentacion': {
        'NIFPresentador': 'G33465790',
        'TimestampPre"
24419,1,in_invoice,S/FRA/2025/0366,33500000/33503551,sent,"{
    'CSV': 'WMMMQMTTPVXRUQEH',
    'DatosPresentacion': {
        'NIFPresentador': 'G33465790',
        'TimestampPre"
24601,1,in_invoice,S/FRA/2025/0374,1TSN250600378888,sent,"{
    'CSV': 'TUQEUG4PWP6B26CF',
    'DatosPresentacion': {
        'NIFPresentador': 'B74125311',
        'TimestampPre"
24602,1,in_invoice,S/FRA/2025/0373,25/241,sent,"{
    'CSV': '9L7BPWPJYSXHG484',
    'DatosPresentacion': {
        'NIFPresentador': 'B74125311',
        'TimestampPre"
24541,1,in_invoice,S/FRA/2025/0372,21250527010372431,sent,"{
    'CSV': 'L7RK4WW33KSFS5RB',
    'DatosPresentacion': {
        'NIFPresentador': 'B74125311',
        'TimestampPre"
24570,1,in_invoice,S/FRA/2025/0371,23-2025,sent,"{
    'CSV': '67B3GHBMPCTHUBGC',
    'DatosPresentacion': {
        'NIFPresentador': 'B74125311',
        'TimestampPre"
24603,1,in_invoice,S/FRA/2025/0370,A-1024,sent,"{
    'CSV': '28FYHRGC4RWZK4NJ',
    'DatosPresentacion': {
        'NIFPresentador': 'B74125311',
        'TimestampPre"
24538,1,in_invoice,S/FRA/2025/0369,025.041,sent,"{
    'CSV': 'FU7ZU9Q8BHF39Y9M',
    'DatosPresentacion': {
        'NIFPresentador': 'B74125311',
        'TimestampPre"
24291,1,in_invoice,S/FRA/2025/0367,TB-2025-F 42,sent,"{
    'CSV': 'D3SCL864C3GBFFZN',
    'DatosPresentacion': {
        'NIFPresentador': 'B74125311',
        'TimestampPre"
24474,1,in_invoice,S/FRA/2025/0365,167036,sent,"{
    'CSV': 'HTM6BA4T7YNBFQAQ',
    'DatosPresentacion': {
        'NIFPresentador': 'B74125311',
        'TimestampPre"
24475,1,in_invoice,S/FRA/2025/0364,40,sent,"{
    'CSV': 'FWBYAS8L973SJ77B',
    'DatosPresentacion': {
        'NIFPresentador': 'B74125311',
        'TimestampPre"
24476,1,in_invoice,S/FRA/2025/0363,9/2025,sent,"{
    'CSV': '63ATGAXPENFH9D2P',
    'DatosPresentacion': {
        'NIFPresentador': 'B74125311',
        'TimestampPre"
24483,1,in_invoice,S/FRA/2025/0362,25/118,sent,"{
    'CSV': 'JMPZRZGNEG8STU8W',
    'DatosPresentacion': {
        'NIFPresentador': 'B74125311',
        'TimestampPre"
24484,1,in_invoice,S/FRA/2025/0361,F922519,sent,"{
    'CSV': 'L5SWGHUSNDT63BBD',
    'DatosPresentacion': {
        'NIFPresentador': 'B74125311',
        'TimestampPre"
24485,1,in_invoice,S/FRA/2025/0360,125003467,sent,"{
    'CSV': 'ZDHRF6ZBMRH6BSCM',
    'DatosPresentacion': {
        'NIFPresentador': 'B74125311',
        'TimestampPre"
24490,1,in_invoice,S/FRA/2025/0359,10/2025,sent,"{
    'CSV': 'CHYSW7GJZQD7HFXK',
    'DatosPresentacion': {
        'NIFPresentador': 'B74125311',
        'TimestampPre"
24491,1,in_invoice,S/FRA/2025/0358,11/2025,sent,"{
    'CSV': 'C2W96SH3J4AXTT9G',
    'DatosPresentacion': {
        'NIFPresentador': 'B74125311',
        'TimestampPre"
24501,1,in_invoice,S/FRA/2025/0357,ZEN-7665,sent,"{
    'CSV': 'RKM9CPCNW9CAJZ58',
    'DatosPresentacion': {
        'NIFPresentador': 'B74125311',
        'TimestampPre"
24502,1,in_invoice,S/FRA/2025/0356,22150,sent,"{
    'CSV': 'L7GDSD75V8EJVJDU',
    'DatosPresentacion': {
        'NIFPresentador': 'B74125311',
        'TimestampPre"
24514,1,in_invoice,S/FRA/2025/0355,FA25/349,sent,"{
    'CSV': 'R8RGJPJHHRYX3UTH',
    'DatosPresentacion': {
        'NIFPresentador': 'B74125311',
        'TimestampPre"
24515,1,in_invoice,S/FRA/2025/0354,A250000098,sent,"{
    'CSV': 'DUEQAK6FLJVTFNAD',
    'DatosPresentacion': {
        'NIFPresentador': 'B74125311',
        'TimestampPre"
24516,1,in_invoice,S/FRA/2025/0353,2025012612,sent,"{
    'CSV': 'DCKBWJA59EFXJ98C',
    'DatosPresentacion': {
        'NIFPresentador': 'B74125311',
        'TimestampPre"
24517,1,in_invoice,S/FRA/2025/0352,040/333215,sent,"{
    'CSV': 'CDE4AWD5FMNXZMCQ',
    'DatosPresentacion': {
        'NIFPresentador': 'B74125311',
        'TimestampPre"
24518,1,in_invoice,S/FRA/2025/0351,09425003873,sent,"{
    'CSV': 'DVMSXMCLW6GWGW72',
    'DatosPresentacion': {
        'NIFPresentador': 'B74125311',
        'TimestampPre"
24519,1,in_invoice,S/FRA/2025/0350,01/2025,sent,"{
    'CSV': 'Z8DW42BKF4MEV6MQ',
    'DatosPresentacion': {
        'NIFPresentador': 'B74125311',
        'TimestampPre"
23836,1,in_invoice,S/FRA/2025/0349,00101/57742,sent,"{
    'CSV': 'WBPP4KRRYJ5EVL4J',
    'DatosPresentacion': {
        'NIFPresentador': 'B74125311',
        'TimestampPre"
24286,1,in_invoice,S/FRA/2025/0348,ES53OJYABEY,sent,"{
    'CSV': 'DNAFBVGN366LCZ39',
    'DatosPresentacion': {
        'NIFPresentador': 'B74125311',
        'TimestampPre"
24340,1,in_invoice,S/FRA/2025/0347,1TSN250500441277,sent,"{
    'CSV': '9YBH5UPPL8WFZH6V',
    'DatosPresentacion': {
        'NIFPresentador': 'B74125311',
        'TimestampPre"
24357,1,in_invoice,S/FRA/2025/0346,8/2025,sent,"{
    'CSV': 'CL8462ZBU6PJYWGY',
    'DatosPresentacion': {
        'NIFPresentador': 'B74125311',
        'TimestampPre"
24287,1,in_invoice,S/FRA/2025/0345,25/11,sent,"{
    'CSV': 'EETUR5CD3T4Z6TAG',
    'DatosPresentacion': {
        'NIFPresentador': 'B74125311',
        'TimestampPre"
24288,1,in_invoice,S/FRA/2025/0344,25/12,sent,"{
    'CSV': '8UHEC5X7CSJH2VM6',
    'DatosPresentacion': {
        'NIFPresentador': 'B74125311',
        'TimestampPre"
24290,1,in_invoice,S/FRA/2025/0343,25/6,sent,"{
    'CSV': 'RBMJTSHC93WGFNSX',
    'DatosPresentacion': {
        'NIFPresentador': 'B74125311',
        'TimestampPre"
24292,1,in_invoice,S/FRA/2025/0342,18-2025,sent,"{
    'CSV': 'W9PNQBXDVT9BJSP3',
    'DatosPresentacion': {
        'NIFPresentador': 'B74125311',
        'TimestampPre"
24293,1,in_invoice,S/FRA/2025/0341,19-2025,sent,"{
    'CSV': '4C9XSUEZS3X629XY',
    'DatosPresentacion': {
        'NIFPresentador': 'B74125311',
        'TimestampPre"
24338,1,in_invoice,S/FRA/2025/0340,21/2025,sent,"{
    'CSV': 'QURX7ABYRS4TD3WH',
    'DatosPresentacion': {
        'NIFPresentador': 'B74125311',
        'TimestampPre"
24339,1,in_invoice,S/FRA/2025/0339,18742501P0117612,sent,"{
    'CSV': 'CDPTTN3V3W7DWQZZ',
    'DatosPresentacion': {
        'NIFPresentador': 'B74125311',
        'TimestampPre"
24341,1,in_invoice,S/FRA/2025/0338,1NSN250500529570,sent,"{
    'CSV': 'FBSGQQ75WAAC9NG9',
    'DatosPresentacion': {
        'NIFPresentador': 'B74125311',
        'TimestampPre"
24342,1,in_invoice,S/FRA/2025/0337,R-11275,sent,"{
    'CSV': 'WUNTP7EFX324B25Z',
    'DatosPresentacion': {
        'NIFPresentador': 'B74125311',
        'TimestampPre"
24354,1,in_invoice,S/FRA/2025/0336,FM25-1093,sent,"{
    'CSV': 'B3ZNVS72SK96NQ5B',
    'DatosPresentacion': {
        'NIFPresentador': 'B74125311',
        'TimestampPre"
24355,1,in_invoice,S/FRA/2025/0335,A2503438,sent,"{
    'CSV': 'D2VBB7R7W2M54PXF',
    'DatosPresentacion': {
        'NIFPresentador': 'B74125311',
        'TimestampPre"
24356,1,in_invoice,S/FRA/2025/0334,3367162,sent,"{
    'CSV': 'D4HCGK3FTJYQVF8X',
    'DatosPresentacion': {
        'NIFPresentador': 'B74125311',
        'TimestampPre"
24376,1,in_invoice,S/FRA/2025/0333,635-2025,sent,"{
    'CSV': 'ZM6AQGUKV9XZME55',
    'DatosPresentacion': {
        'NIFPresentador': 'B74125311',
        'TimestampPre"
24377,1,in_invoice,S/FRA/2025/0332,FRO20250890400,sent,"{
    'CSV': 'M7XYFN6JYZQMXD42',
    'DatosPresentacion': {
        'NIFPresentador': 'B74125311',
        'TimestampPre"
24408,1,in_invoice,S/FRA/2025/0331,000152,sent,"{
    'CSV': 'KLPW3P8KMMJVBJYS',
    'DatosPresentacion': {
        'NIFPresentador': 'B74125311',
        'TimestampPre"
24409,1,in_invoice,S/FRA/2025/0330,A 2594,sent,"{
    'CSV': 'WTSDRGWVRBH9SZPW',
    'DatosPresentacion': {
        'NIFPresentador': 'B74125311',
        'TimestampPre"
24415,1,in_invoice,S/FRA/2025/0329,F0025-0382,sent,"{
    'CSV': 'EDNRK4ASWD5LWQHU',
    'DatosPresentacion': {
        'NIFPresentador': 'B74125311',
        'TimestampPre"
24416,1,in_invoice,S/FRA/2025/0328,000D009011,sent,"{
    'CSV': 'F7JTHAXB9SPPTL98',
    'DatosPresentacion': {
        'NIFPresentador': 'B74125311',
        'TimestampPre"
24417,1,in_invoice,S/FRA/2025/0327,000D009013,sent,"{
    'CSV': '3NJ95ZW5NAVH4YCD',
    'DatosPresentacion': {
        'NIFPresentador': 'B74125311',
        'TimestampPre"
24418,1,in_invoice,S/FRA/2025/0326,000G009143,sent,"{
    'CSV': 'C9D8N6YZXRAUASFR',
    'DatosPresentacion': {
        'NIFPresentador': 'B74125311',
        'TimestampPre"
24438,1,in_invoice,S/FRA/2025/0325,1NSN250600104453,sent,"{
    'CSV': 'LKVFBG9MACHHPEKA',
    'DatosPresentacion': {
        'NIFPresentador': 'B74125311',
        'TimestampPre"
24439,1,in_invoice,S/FRA/2025/0324,1NSN250600157490,sent,"{
    'CSV': 'V3KQ545SZE3L8R7Z',
    'DatosPresentacion': {
        'NIFPresentador': 'B74125311',
        'TimestampPre"
24440,1,in_invoice,S/FRA/2025/0323,B2500016,sent,"{
    'CSV': 'L45BXNQLL5A54TKT',
    'DatosPresentacion': {
        'NIFPresentador': 'B74125311',
        'TimestampPre"
24441,1,in_invoice,S/FRA/2025/0322,T/884/2025,sent,"{
    'CSV': 'SAEWDEFN7L7D3CQ8',
    'DatosPresentacion': {
        'NIFPresentador': 'B74125311',
        'TimestampPre"
24442,1,in_invoice,S/FRA/2025/0321,0410004845,sent,"{
    'CSV': 'NGB665S357KQ5XNF',
    'DatosPresentacion': {
        'NIFPresentador': 'B74125311',
        'TimestampPre"
24463,1,in_invoice,S/FRA/2025/0320,1NSN250600299506,sent,"{
    'CSV': '7PNHY6ZBD2W9LD5L',
    'DatosPresentacion': {
        'NIFPresentador': 'B74125311',
        'TimestampPre"
24184,1,in_invoice,S/FRA/2025/0319,6/2025,sent,"{
    'CSV': '7E7J677QSFC3MYDW',
    'DatosPresentacion': {
        'NIFPresentador': 'B74125311',
        'TimestampPre"
24185,1,in_invoice,S/FRA/2025/0318,7/2025,sent,"{
    'CSV': '5T9DV49FGBVRMFVQ',
    'DatosPresentacion': {
        'NIFPresentador': 'B74125311',
        'TimestampPre"
24246,1,in_invoice,S/FRA/2025/0317,41-2005,sent,"{
    'CSV': 'PSYG2T9XHRA7SPBN',
    'DatosPresentacion': {
        'NIFPresentador': 'B74125311',
        'TimestampPre"
23985,1,in_invoice,S/FRA/2025/0316,9/25,sent,"{
    'CSV': 'P2AGMPYLJBYCFE3U',
    'DatosPresentacion': {
        'NIFPresentador': 'B74125311',
        'TimestampPre"
23984,1,in_invoice,S/FRA/2025/0315,10/25,sent,"{
    'CSV': 'SDKDHKPKZEQ7442X',
    'DatosPresentacion': {
        'NIFPresentador': 'B74125311',
        'TimestampPre"
23982,1,in_invoice,S/FRA/2025/0314,000D008705,sent_w_errors,2024 | El valor de ImporteTotal no coincide con el sumatorio de Bas
23981,1,in_invoice,S/FRA/2025/0313,000G008960,sent_w_errors,2024 | El valor de ImporteTotal no coincide con el sumatorio de Bas
23980,1,in_invoice,S/FRA/2025/0312,FM25-800,sent,"{
    'CSV': '6ABMJJFRCF3LYH4P',
    'DatosPresentacion': {
        'NIFPresentador': 'B74125311',
        'TimestampPre"
23979,1,in_invoice,S/FRA/2025/0311,1.631/F,sent,"{
    'CSV': '7TMVM36E3PCEX884',
    'DatosPresentacion': {
        'NIFPresentador': 'B74125311',
        'TimestampPre"
23978,1,in_invoice,S/FRA/2025/0310,312-KF25-3679,sent,"{
    'CSV': 'CLRC4U2WT8PLWKAL',
    'DatosPresentacion': {
        'NIFPresentador': 'B74125311',
        'TimestampPre"
23977,1,in_invoice,S/FRA/2025/0309,A10019679948-0425,sent,"{
    'CSV': 'STL3EDFWYZDQGZK5',
    'DatosPresentacion': {
        'NIFPresentador': 'B74125311',
        'TimestampPre"
23976,1,in_invoice,S/FRA/2025/0308,A10019645972-0425,sent,"{
    'CSV': '2YN7Y34QNRHPUGTR',
    'DatosPresentacion': {
        'NIFPresentador': 'B74125311',
        'TimestampPre"
23969,1,in_invoice,S/FRA/2025/0307,FA 250951,sent,"{
    'CSV': 'NP8T9SXU7DWGATQY',
    'DatosPresentacion': {
        'NIFPresentador': 'B74125311',
        'TimestampPre"
23944,1,in_invoice,S/FRA/2025/0306,3306880,sent,"{
    'CSV': 'S2Z9HKV2KC3M9PFW',
    'DatosPresentacion': {
        'NIFPresentador': 'B74125311',
        'TimestampPre"
23943,1,in_invoice,S/FRA/2025/0305,A2502437,sent,"{
    'CSV': 'LN7SLMXBGMWPBLPN',
    'DatosPresentacion': {
        'NIFPresentador': 'B74125311',
        'TimestampPre"
23941,1,in_invoice,S/FRA/2025/0303,25/186,sent,"{
    'CSV': 'NDQ5N6MCGP4XCX2D',
    'DatosPresentacion': {
        'NIFPresentador': 'B74125311',
        'TimestampPre"
23940,1,in_invoice,S/FRA/2025/0302,18742501P0103986,sent,"{
    'CSV': '9TXR6B92XZJK7MEA',
    'DatosPresentacion': {
        'NIFPresentador': 'B74125311',
        'TimestampPre"
23986,1,in_invoice,S/FRA/2025/0299,8-2025,sent,"{
    'CSV': 'HVTTA2GNBWEZPCJY',
    'DatosPresentacion': {
        'NIFPresentador': 'B74125311',
        'TimestampPre"
23987,1,in_invoice,S/FRA/2025/0298,10-2025,sent,"{
    'CSV': 'UJW2U2LL4TG55DMV',
    'DatosPresentacion': {
        'NIFPresentador': 'B74125311',
        'TimestampPre"
23988,1,in_invoice,S/FRA/2025/0297,14-2025,sent,"{
    'CSV': 'A2SAQ8KMEXVD3XT3',
    'DatosPresentacion': {
        'NIFPresentador': 'B74125311',
        'TimestampPre"
23989,1,in_invoice,S/FRA/2025/0296,A2543,sent,"{
    'CSV': '6HXWRD4B3X7ZVK89',
    'DatosPresentacion': {
        'NIFPresentador': 'B74125311',
        'TimestampPre"
23990,1,in_invoice,S/FRA/2025/0295,000121,sent,"{
    'CSV': 'ECZT9GQRUGKBSM9D',
    'DatosPresentacion': {
        'NIFPresentador': 'B74125311',
        'TimestampPre"
23997,1,in_invoice,S/FRA/2025/0294,15-2025,sent,"{
    'CSV': 'V3RJD6P2NKYKFPNY',
    'DatosPresentacion': {
        'NIFPresentador': 'B74125311',
        'TimestampPre"
24122,1,in_invoice,S/FRA/2025/0293,18742501P0078993,sent,"{
    'CSV': 'PWMHSXMYRQ2C92WY',
    'DatosPresentacion': {
        'NIFPresentador': 'B74125311',
        'TimestampPre"
24124,1,in_invoice,S/FRA/2025/0292,21250127010429611,sent,"{
    'CSV': 'VY8MA8VPJ2M3T7H3',
    'DatosPresentacion': {
        'NIFPresentador': 'B74125311',
        'TimestampPre"
24125,1,in_invoice,S/FRA/2025/0291,21250211010073701,sent,"{
    'CSV': 'RTCYXSH4NLTVPXHN',
    'DatosPresentacion': {
        'NIFPresentador': 'B74125311',
        'TimestampPre"
24126,1,in_invoice,S/FRA/2025/0290,21250219010493839,sent,"{
    'CSV': '9QQZHRCPAT427WAA',
    'DatosPresentacion': {
        'NIFPresentador': 'B74125311',
        'TimestampPre"
24127,1,in_invoice,S/FRA/2025/0289,21250305010374375,sent,"{
    'CSV': '8UXHA8GMSVNT7URZ',
    'DatosPresentacion': {
        'NIFPresentador': 'B74125311',
        'TimestampPre"
24128,1,in_invoice,S/FRA/2025/0288,21250313010352011,sent,"{
    'CSV': 'BLBASAJCPLSB9FQ2',
    'DatosPresentacion': {
        'NIFPresentador': 'B74125311',
        'TimestampPre"
24129,1,in_invoice,S/FRA/2025/0287,21250320010331962,sent,"{
    'CSV': 'ELLD23URHR99KA5D',
    'DatosPresentacion': {
        'NIFPresentador': 'B74125311',
        'TimestampPre"
24130,1,in_invoice,S/FRA/2025/0286,21250320010331963,sent,"{
    'CSV': 'TYX6A7FMJUTG6EQ7',
    'DatosPresentacion': {
        'NIFPresentador': 'B74125311',
        'TimestampPre"
24131,1,in_invoice,S/FRA/2025/0285,A10019716183-0525,sent,"{
    'CSV': 'GT4G8VUPDDJ929CJ',
    'DatosPresentacion': {
        'NIFPresentador': 'B74125311',
        'TimestampPre"
24132,1,in_invoice,S/FRA/2025/0284,A10019749376-0525,sent,"{
    'CSV': '9B4Z8WGBRNK44YT7',
    'DatosPresentacion': {
        'NIFPresentador': 'B74125311',
        'TimestampPre"
24133,1,in_invoice,S/FRA/2025/0283,312-KF25-4881,sent,"{
    'CSV': 'DPAGD7K99DWFK8GT',
    'DatosPresentacion': {
        'NIFPresentador': 'B74125311',
        'TimestampPre"
24177,1,in_invoice,S/FRA/2025/0282,1NSN250200014636,sent,"{
    'CSV': '7Q8GT326LL2T26XC',
    'DatosPresentacion': {
        'NIFPresentador': 'B74125311',
        'TimestampPre"
24178,1,in_invoice,S/FRA/2025/0281,1NSN250200165655,sent,"{
    'CSV': 'TGAV3ZPJ49MMG5WS',
    'DatosPresentacion': {
        'NIFPresentador': 'B74125311',
        'TimestampPre"
24179,1,in_invoice,S/FRA/2025/0280,1NSN250300515223,sent,"{
    'CSV': 'P9ET59TNQ36WXW9Q',
    'DatosPresentacion': {
        'NIFPresentador': 'B74125311',
        'TimestampPre"
24180,1,in_invoice,S/FRA/2025/0279,1NSN250300599637,sent,"{
    'CSV': 'HXL5KLHNBB37T75F',
    'DatosPresentacion': {
        'NIFPresentador': 'B74125311',
        'TimestampPre"
24181,1,in_invoice,S/FRA/2025/0278,1NSN250400076233,sent,"{
    'CSV': 'KRK6QCBYSH2CNANT',
    'DatosPresentacion': {
        'NIFPresentador': 'B74125311',
        'TimestampPre"
24182,1,in_invoice,S/FRA/2025/0277,1NSN250400089635,sent,"{
    'CSV': '3BVVRU66TRP8A82C',
    'DatosPresentacion': {
        'NIFPresentador': 'B74125311',
        'TimestampPre"
24183,1,in_invoice,S/FRA/2025/0276,1NSN250400089636,sent,"{
    'CSV': 'Y7TVP9D5B4EHMUYM',
    'DatosPresentacion': {
        'NIFPresentador': 'B74125311',
        'TimestampPre"
24190,1,in_invoice,S/FRA/2025/0275,F20250523,sent,"{
    'CSV': 'G2TZ3UXTDNJ27KXD',
    'DatosPresentacion': {
        'NIFPresentador': 'B74125311',
        'TimestampPre"
24216,1,in_invoice,S/FRA/2025/0274,1NSN250500311191,sent,"{
    'CSV': '746ZUUC8BM8763Y3',
    'DatosPresentacion': {
        'NIFPresentador': 'B74125311',
        'TimestampPre"
23942,1,in_invoice,S/FRA/2025/0304,FRO20250722581,sent,"{
    'CSV': '5JD952JMP7QHCKQJ',
    'DatosPresentacion': {
        'NIFPresentador': 'B74125311',
        'TimestampPre"
24123,1,in_invoice,S/FRA/2025/0301,1TSN250500058829,sent,"{
    'CSV': 'C2SYH7NVPZMLVS6X',
    'DatosPresentacion': {
        'NIFPresentador': 'B74125311',
        'TimestampPre"
23983,1,in_invoice,S/FRA/2025/0300,25F0053857,sent,"{
    'CSV': 'H5ZNRBZ46R3WUMAK',
    'DatosPresentacion': {
        'NIFPresentador': 'B74125311',
        'TimestampPre"
23937,1,in_invoice,S/FRA/2025/0273,A250066649,sent,"{
    'CSV': 'ELAJEZN9MESST9AS',
    'DatosPresentacion': {
        'NIFPresentador': 'B74125311',
        'TimestampPre"
23938,1,in_invoice,S/FRA/2025/0272,A252031902,sent,"{
    'CSV': 'PAQAPZ6AWBQSK46J',
    'DatosPresentacion': {
        'NIFPresentador': 'B74125311',
        'TimestampPre"
23904,1,in_invoice,S/FRA/2025/0271,A-537,sent,"{
    'CSV': 'HECS88YZPRJZHS3H',
    'DatosPresentacion': {
        'NIFPresentador': 'B74125311',
        'TimestampPre"
23939,1,in_invoice,S/FRA/2025/0270,B/2901,sent,"{
    'CSV': 'B2TS2CF5HWJEYVEX',
    'DatosPresentacion': {
        'NIFPresentador': 'B74125311',
        'TimestampPre"
23936,1,in_invoice,S/FRA/2025/0269,I-10983,sent,"{
    'CSV': 'ZHPJY5RLKDQU3HKN',
    'DatosPresentacion': {
        'NIFPresentador': 'B74125311',
        'TimestampPre"
23935,1,in_invoice,S/FRA/2025/0268,250403,sent,"{
    'CSV': '2NA4NQD4EJC5Y48S',
    'DatosPresentacion': {
        'NIFPresentador': 'B74125311',
        'TimestampPre"
23934,1,in_invoice,S/FRA/2025/0267,250401,sent,"{
    'CSV': 'CPEQNDZGR5XQUU9K',
    'DatosPresentacion': {
        'NIFPresentador': 'B74125311',
        'TimestampPre"
23874,1,in_invoice,S/FRA/2025/0266,000080,sent,"{
    'CSV': 'SEUKG8UL9GMPWRYA',
    'DatosPresentacion': {
        'NIFPresentador': 'B74125311',
        'TimestampPre"
23795,1,in_invoice,S/FRA/2025/0265,0410002473,sent,"{
    'CSV': 'BLHSXSNCXAB6L6UH',
    'DatosPresentacion': {
        'NIFPresentador': 'B74125311',
        'TimestampPre"
23779,1,in_invoice,S/FRA/2025/0264,4004253302,sent,"{
    'CSV': 'SYJE5UGMQ5P62FT7',
    'DatosPresentacion': {
        'NIFPresentador': 'B74125311',
        'TimestampPre"
23906,1,in_invoice,S/FRA/2025/0263,B/2828,sent,"{
    'CSV': 'U43SGFSJLZRM6F8U',
    'DatosPresentacion': {
        'NIFPresentador': 'B74125311',
        'TimestampPre"
23907,1,in_invoice,S/FRA/2025/0262,424-2025,sent,"{
    'CSV': '4D2X3KHAGCZRW67Q',
    'DatosPresentacion': {
        'NIFPresentador': 'B74125311',
        'TimestampPre"
23908,1,in_invoice,S/FRA/2025/0261,VF25-04-0103,sent,"{
    'CSV': 'YXHDBPUGPV7GZT6U',
    'DatosPresentacion': {
        'NIFPresentador': 'B74125311',
        'TimestampPre"
23909,1,in_invoice,S/FRA/2025/0260,000D008454,sent,"{
    'CSV': 'MM3N3XX6NFARGPWG',
    'DatosPresentacion': {
        'NIFPresentador': 'B74125311',
        'TimestampPre"
23910,1,in_invoice,S/FRA/2025/0259,000G008784,sent,"{
    'CSV': 'CDZVQV2ARJUET35X',
    'DatosPresentacion': {
        'NIFPresentador': 'B74125311',
        'TimestampPre"
23911,1,in_invoice,S/FRA/2025/0258,1.133/F,sent,"{
    'CSV': '73QPMH8FNK93PU3T',
    'DatosPresentacion': {
        'NIFPresentador': 'B74125311',
        'TimestampPre"
23912,1,in_invoice,S/FRA/2025/0257,FM25-554,sent,"{
    'CSV': '24QKAVFN67E3EFSH',
    'DatosPresentacion': {
        'NIFPresentador': 'B74125311',
        'TimestampPre"
23886,1,in_invoice,S/FRA/2025/0256,OVIE-250080,sent,"{
    'CSV': 'MXRWPFDPHFCBXUNE',
    'DatosPresentacion': {
        'NIFPresentador': 'B74125311',
        'TimestampPre"
23869,1,in_invoice,S/FRA/2025/0255,18742501P0055341,sent,"{
    'CSV': 'LSF34EJPH8GWCZJC',
    'DatosPresentacion': {
        'NIFPresentador': 'B74125311',
        'TimestampPre"
23875,1,in_invoice,S/FRA/2025/0254,T/493/2025,sent,"{
    'CSV': 'KKZY2AJ4URXNSGJM',
    'DatosPresentacion': {
        'NIFPresentador': 'B74125311',
        'TimestampPre"
23888,1,in_invoice,S/FRA/2025/0253,1TSN250300447563,sent,"{
    'CSV': 'J2FEKWYJ36EQS3TA',
    'DatosPresentacion': {
        'NIFPresentador': 'B74125311',
        'TimestampPre"
23879,1,in_invoice,S/FRA/2025/0252,R-11155,sent,"{
    'CSV': 'RVPHJGACBGJ4CAZL',
    'DatosPresentacion': {
        'NIFPresentador': 'B74125311',
        'TimestampPre"
23854,1,in_invoice,S/FRA/2025/0251,ES52DDTABEY,sent,"{
    'CSV': 'BHDKQMYNKTUKNN3G',
    'DatosPresentacion': {
        'NIFPresentador': 'B74125311',
        'TimestampPre"
23894,1,in_invoice,S/FRA/2025/0250,2099838,sent,"{
    'CSV': 'W57DG576U6BX2LN8',
    'DatosPresentacion': {
        'NIFPresentador': 'B74125311',
        'TimestampPre"
23876,1,in_invoice,S/FRA/2025/0249,A2501654,sent,"{
    'CSV': '4W5VPQM6P2PSW5TJ',
    'DatosPresentacion': {
        'NIFPresentador': 'B74125311',
        'TimestampPre"
23877,1,in_invoice,S/FRA/2025/0248,3229640,sent,"{
    'CSV': 'ENYFSVJN48E8EGMR',
    'DatosPresentacion': {
        'NIFPresentador': 'B74125311',
        'TimestampPre"
23913,1,in_invoice,S/FRA/2025/0247,25-030241,sent,"{
    'CSV': '2VDX7LVEJTZWC3EU',
    'DatosPresentacion': {
        'NIFPresentador': 'B74125311',
        'TimestampPre"
23846,1,in_invoice,S/FRA/2025/0242,FV22162,sent,"{
    'CSV': 'B7GNCXZEY6V3RVYH',
    'DatosPresentacion': {
        'NIFPresentador': 'B74125311',
        'TimestampPre"
23847,1,in_invoice,S/FRA/2025/0241,2025-19,sent,"{
    'CSV': 'BBMGSYMGVRMRMC4Z',
    'DatosPresentacion': {
        'NIFPresentador': 'B74125311',
        'TimestampPre"
23903,1,in_refund,RS/FRA/2025/0003,A-575,sent,"{
    'CSV': '6HMZGBZU2QYXK64N',
    'DatosPresentacion': {
        'NIFPresentador': 'B74125311',
        'TimestampPre"
23905,1,in_refund,/,ES518ERABEC,not_sent,
23893,1,in_refund,/,ES517RXABEC,not_sent,
23892,1,in_refund,/,ES517RVABEC,not_sent,
23837,1,in_invoice,S/FRA/2025/0246,2025112,sent,"{
    'CSV': 'ACS9REL75MXF2MSK',
    'DatosPresentacion': {
        'NIFPresentador': 'B74125311',
        'TimestampPre"
23820,1,in_invoice,S/FRA/2025/0245,4/2025,sent,"{
    'CSV': 'QMBMZVSQK8GYVUC7',
    'DatosPresentacion': {
        'NIFPresentador': 'B74125311',
        'TimestampPre"
23819,1,in_invoice,S/FRA/2025/0244,2025-35,sent,"{
    'CSV': 'ZPBT2YMB4NZLBLS9',
    'DatosPresentacion': {
        'NIFPresentador': 'B74125311',
        'TimestampPre"
23264,1,in_invoice,S/FRA/2025/0243,2025001478,sent,"{
    'CSV': 'NLLZJRSR2YXNQ7K3',
    'DatosPresentacion': {
        'NIFPresentador': 'B74125311',
        'TimestampPre"
23574,1,in_invoice,S/FRA/2025/0240,18742501P0025654,sent,"{
    'CSV': 'Z9R4FJ7J7FS6DP8K',
    'DatosPresentacion': {
        'NIFPresentador': 'B74125311',
        'TimestampPre"
23767,1,in_invoice,S/FRA/2025/0239,2024-459,sent,"{
    'CSV': 'XRYWZU459QZQ4BRV',
    'DatosPresentacion': {
        'NIFPresentador': 'B74125311',
        'TimestampPre"
23780,1,in_invoice,S/FRA/2025/0238,A10019576402-0325,sent,"{
    'CSV': 'G22VMNMTDLHLAQTW',
    'DatosPresentacion': {
        'NIFPresentador': 'B74125311',
        'TimestampPre"
23781,1,in_invoice,S/FRA/2025/0237,A10019609840-0325,sent,"{
    'CSV': '8UQCZZ8W4TVAPA3G',
    'DatosPresentacion': {
        'NIFPresentador': 'B74125311',
        'TimestampPre"
23782,1,in_invoice,S/FRA/2025/0236,312-KF25-2543,sent,"{
    'CSV': 'XZ94CBUKBHKKWUEW',
    'DatosPresentacion': {
        'NIFPresentador': 'B74125311',
        'TimestampPre"
23783,1,in_invoice,S/FRA/2025/0235,AL 25000196,sent,"{
    'CSV': 'USGQDJXMZWPT7LZU',
    'DatosPresentacion': {
        'NIFPresentador': 'B74125311',
        'TimestampPre"
23789,1,in_invoice,S/FRA/2025/0234,OVIE-250067,sent,"{
    'CSV': 'WWGEJBUBD3EC63TV',
    'DatosPresentacion': {
        'NIFPresentador': 'B74125311',
        'TimestampPre"
23792,1,in_invoice,S/FRA/2025/0233,164709,sent,"{
    'CSV': 'GHHZPZSWNBYH76XX',
    'DatosPresentacion': {
        'NIFPresentador': 'B74125311',
        'TimestampPre"
23793,1,in_invoice,S/FRA/2025/0232,ES522QJABEY,sent,"{
    'CSV': 'KWA7JT4SX5XNJWYS',
    'DatosPresentacion': {
        'NIFPresentador': 'B74125311',
        'TimestampPre"
23794,1,in_invoice,S/FRA/2025/0231,00002978,sent,"{
    'CSV': 'H3YB2PXZ6SGT2ZH7',
    'DatosPresentacion': {
        'NIFPresentador': 'B74125311',
        'TimestampPre"
23809,1,in_invoice,S/FRA/2025/0230,25087,sent,"{
    'CSV': 'CGPZTET2X7HMPBY6',
    'DatosPresentacion': {
        'NIFPresentador': 'B74125311',
        'TimestampPre"
23810,1,in_invoice,S/FRA/2025/0229,M250046990,sent,"{
    'CSV': 'FT3JL9GAED6VZWDQ',
    'DatosPresentacion': {
        'NIFPresentador': 'B74125311',
        'TimestampPre"
23811,1,in_invoice,S/FRA/2025/0228,M252014466,sent,"{
    'CSV': '4C2GDE7RPCM9SPTY',
    'DatosPresentacion': {
        'NIFPresentador': 'B74125311',
        'TimestampPre"
23547,1,in_invoice,S/FRA/2025/0222,F.224/25,sent,"{
    'CSV': 'RZEC4LDAWNQPLPW2',
    'DatosPresentacion': {
        'NIFPresentador': 'B74125311',
        'TimestampPre"
23548,1,in_invoice,S/FRA/2025/0221,R2500024,sent,"{
    'CSV': 'JA7XM69S9XMDXTYN',
    'DatosPresentacion': {
        'NIFPresentador': 'B74125311',
        'TimestampPre"
23561,1,in_invoice,S/FRA/2025/0215,25/02,sent,"{
    'CSV': 'WUWTZ9TS4KYWEC2X',
    'DatosPresentacion': {
        'NIFPresentador': 'B74125311',
        'TimestampPre"
23504,1,in_invoice,S/FRA/2025/0192,1TSN250300014553,sent,"{
    'CSV': 'R69TVVRRX3LPPJQ5',
    'DatosPresentacion': {
        'NIFPresentador': 'B74125311',
        'TimestampPre"
23572,1,in_invoice,S/FRA/2025/0227,404 A,sent,"{
    'CSV': 'RCSR8YCV5U5B9ASK',
    'DatosPresentacion': {
        'NIFPresentador': 'B74125311',
        'TimestampPre"
23573,1,in_invoice,S/FRA/2025/0226,405 A,sent,"{
    'CSV': 'A3GF4FTMFL9PHPNY',
    'DatosPresentacion': {
        'NIFPresentador': 'B74125311',
        'TimestampPre"
23682,1,in_invoice,S/FRA/2025/0225,F250008,sent,"{
    'CSV': 'AB3MYGD85Z8TZL2N',
    'DatosPresentacion': {
        'NIFPresentador': 'B74125311',
        'TimestampPre"
23292,1,in_invoice,S/FRA/2025/0224,25/ 21,sent,"{
    'CSV': 'QZZ7VU2DGV94CQZY',
    'DatosPresentacion': {
        'NIFPresentador': 'B74125311',
        'TimestampPre"
23507,1,in_invoice,S/FRA/2025/0223,B00054973,sent,"{
    'CSV': '9W8S5MC6W2UD674F',
    'DatosPresentacion': {
        'NIFPresentador': 'B74125311',
        'TimestampPre"
23562,1,in_invoice,S/FRA/2025/0220,000059,sent,"{
    'CSV': 'KSDYZBWXWGRA6X54',
    'DatosPresentacion': {
        'NIFPresentador': 'B74125311',
        'TimestampPre"
23567,1,in_invoice,S/FRA/2025/0219,164035,sent,"{
    'CSV': 'HMUB42CQDQJE9847',
    'DatosPresentacion': {
        'NIFPresentador': 'B74125311',
        'TimestampPre"
23534,1,in_invoice,S/FRA/2025/0218,FO5/361,sent,"{
    'CSV': 'KJB3V5CLFR6ANEYA',
    'DatosPresentacion': {
        'NIFPresentador': 'B74125311',
        'TimestampPre"
23549,1,in_invoice,S/FRA/2025/0217,2025000205,sent,"{
    'CSV': 'J8WHTHY56ZLK2QHQ',
    'DatosPresentacion': {
        'NIFPresentador': 'B74125311',
        'TimestampPre"
23550,1,in_invoice,S/FRA/2025/0216,2030/25,sent,"{
    'CSV': 'RDLH7GPCNBDJS8VS',
    'DatosPresentacion': {
        'NIFPresentador': 'B74125311',
        'TimestampPre"
23568,1,in_invoice,S/FRA/2025/0214,025033,sent,"{
    'CSV': '3DN53BSSGKYNUVG7',
    'DatosPresentacion': {
        'NIFPresentador': 'B74125311',
        'TimestampPre"
23360,1,in_invoice,S/FRA/2025/0213,TB-2025-F 13,sent,"{
    'CSV': 'GYRTWLM4P7ER6SY4',
    'DatosPresentacion': {
        'NIFPresentador': 'B74125311',
        'TimestampPre"
23424,1,in_invoice,S/FRA/2025/0212,000049,sent,"{
    'CSV': 'H8GWYASYGPPLJGLC',
    'DatosPresentacion': {
        'NIFPresentador': 'B74125311',
        'TimestampPre"
23425,1,in_invoice,S/FRA/2025/0211,20240720,sent,"{
    'CSV': 'KKVK3Z4ZSLHJ62P4',
    'DatosPresentacion': {
        'NIFPresentador': 'B74125311',
        'TimestampPre"
23458,1,in_invoice,S/FRA/2025/0210,OO202501,sent,"{
    'CSV': 'AVK8ZY9ABASPNUV8',
    'DatosPresentacion': {
        'NIFPresentador': 'B74125311',
        'TimestampPre"
23459,1,in_invoice,S/FRA/2025/0209,1/2025,sent,"{
    'CSV': 'BA2X52G6XWV73K26',
    'DatosPresentacion': {
        'NIFPresentador': 'B74125311',
        'TimestampPre"
23460,1,in_invoice,S/FRA/2025/0208,2/2025,sent,"{
    'CSV': '4CM25YZC9SBY6XWW',
    'DatosPresentacion': {
        'NIFPresentador': 'B74125311',
        'TimestampPre"
23461,1,in_invoice,S/FRA/2025/0207,3/2025,sent,"{
    'CSV': 'BW6CRA7YTN9WZPKV',
    'DatosPresentacion': {
        'NIFPresentador': 'B74125311',
        'TimestampPre"
23466,1,in_invoice,S/FRA/2025/0206,N-133/25,sent,"{
    'CSV': 'TYJFP4GWAXPSV2SX',
    'DatosPresentacion': {
        'NIFPresentador': 'B74125311',
        'TimestampPre"
23468,1,in_invoice,S/FRA/2025/0205,F250091070,sent,"{
    'CSV': 'FQTYTKK43Q7NAM43',
    'DatosPresentacion': {
        'NIFPresentador': 'B74125311',
        'TimestampPre"
23469,1,in_invoice,S/FRA/2025/0204,F252093569,sent,"{
    'CSV': '9PH428JS8RZZTPUF',
    'DatosPresentacion': {
        'NIFPresentador': 'B74125311',
        'TimestampPre"
23477,1,in_invoice,S/FRA/2025/0203,024-022,sent,"{
    'CSV': 'EGR7JUTJJ3DSK4J3',
    'DatosPresentacion': {
        'NIFPresentador': 'B74125311',
        'TimestampPre"
23485,1,in_invoice,S/FRA/2025/0202,62005,sent,"{
    'CSV': 'HJEW9VF2B96RDMJ6',
    'DatosPresentacion': {
        'NIFPresentador': 'B74125311',
        'TimestampPre"
23496,1,in_invoice,S/FRA/2025/0201,0781880106074,sent,"{
    'CSV': 'AQ6XZY5HFKVVMNZZ',
    'DatosPresentacion': {
        'NIFPresentador': 'B74125311',
        'TimestampPre"
23497,1,in_invoice,S/FRA/2025/0200,250202,sent,"{
    'CSV': 'HLAXVXGMTXT62HZ3',
    'DatosPresentacion': {
        'NIFPresentador': 'B74125311',
        'TimestampPre"
23495,1,in_invoice,S/FRA/2025/0199,18742501P0048219,sent,"{
    'CSV': '6ZHERGLXPVB5FJ2T',
    'DatosPresentacion': {
        'NIFPresentador': 'B74125311',
        'TimestampPre"
23498,1,in_invoice,S/FRA/2025/0198,3162526,sent,"{
    'CSV': 'FRSQZ5B9QXEE627F',
    'DatosPresentacion': {
        'NIFPresentador': 'B74125311',
        'TimestampPre"
23499,1,in_invoice,S/FRA/2025/0197,FRO20250387727,sent,"{
    'CSV': 'KWZSFUUH2ANHG6ND',
    'DatosPresentacion': {
        'NIFPresentador': 'B74125311',
        'TimestampPre"
23500,1,in_invoice,S/FRA/2025/0196,A2500994,sent,"{
    'CSV': 'V5PWX26EX9CLZ5ZJ',
    'DatosPresentacion': {
        'NIFPresentador': 'B74125311',
        'TimestampPre"
23501,1,in_invoice,S/FRA/2025/0195,000G008561,sent,"{
    'CSV': 'YQKAXGHJKB3GHEUY',
    'DatosPresentacion': {
        'NIFPresentador': 'B74125311',
        'TimestampPre"
23502,1,in_invoice,S/FRA/2025/0194,000D008112,sent,"{
    'CSV': 'Q52L3AW3ASBSXA7V',
    'DatosPresentacion': {
        'NIFPresentador': 'B74125311',
        'TimestampPre"
23503,1,in_invoice,S/FRA/2025/0193,25/ 81,sent,"{
    'CSV': '8L6SLADZEQKGUJLA',
    'DatosPresentacion': {
        'NIFPresentador': 'B74125311',
        'TimestampPre"
23505,1,in_invoice,S/FRA/2025/0191,628/F,sent,"{
    'CSV': '2HFKDR44763ER5C3',
    'DatosPresentacion': {
        'NIFPresentador': 'B74125311',
        'TimestampPre"
23506,1,in_invoice,S/FRA/2025/0190,FM25-301,sent,"{
    'CSV': 'R9B4P48N7RGLXWU8',
    'DatosPresentacion': {
        'NIFPresentador': 'B74125311',
        'TimestampPre"
23043,1,in_invoice,S/FRA/2025/0189,FV21438,sent,"{
    'CSV': 'E9G3JAP6Z5GZA5MG',
    'DatosPresentacion': {
        'NIFPresentador': 'B74125311',
        'TimestampPre"
23347,1,in_invoice,S/FRA/2025/0188,202400060,sent,"{
    'CSV': '3ERCNQFY9VRUF8N5',
    'DatosPresentacion': {
        'NIFPresentador': 'B74125311',
        'TimestampPre"
23351,1,in_invoice,S/FRA/2025/0187,#FA155696,sent,"{
    'CSV': 'KMQGHWWA3XHPJ9UP',
    'DatosPresentacion': {
        'NIFPresentador': 'B74125311',
        'TimestampPre"
23433,1,in_invoice,S/FRA/2025/0186,GASTOS SUPLIDOS,sent,"{
    'CSV': '75B9BERHUHHQWRFB',
    'DatosPresentacion': {
        'NIFPresentador': 'B74125311',
        'TimestampPre"
23342,1,in_invoice,S/FRA/2025/0185,2025001356,sent,"{
    'CSV': '59L2KKEKFWG6RRXW',
    'DatosPresentacion': {
        'NIFPresentador': 'B74125311',
        'TimestampPre"
23343,1,in_invoice,S/FRA/2025/0184,A-V2025-00000196834,sent,"{
    'CSV': 'UMLQVVPG26XCJ8NL',
    'DatosPresentacion': {
        'NIFPresentador': 'B74125311',
        'TimestampPre"
23344,1,in_invoice,S/FRA/2025/0183,A-V2025-00000214145,sent,"{
    'CSV': 'H5CWTCZ3XB4GBRAP',
    'DatosPresentacion': {
        'NIFPresentador': 'B74125311',
        'TimestampPre"
23346,1,in_invoice,S/FRA/2025/0182,58/2024,sent,"{
    'CSV': 'YLX48WDHL9D3SS2U',
    'DatosPresentacion': {
        'NIFPresentador': 'B74125311',
        'TimestampPre"
23348,1,in_invoice,S/FRA/2025/0181,404-9764273-7464355,sent,"{
    'CSV': 'WTQHSFSTZ98377X5',
    'DatosPresentacion': {
        'NIFPresentador': 'B74125311',
        'TimestampPre"
23349,1,in_invoice,S/FRA/2025/0180,7,sent,"{
    'CSV': 'NJNGEA83HB74VXMR',
    'DatosPresentacion': {
        'NIFPresentador': 'B74125311',
        'TimestampPre"
23350,1,in_invoice,S/FRA/2025/0179,002-154313,sent,"{
    'CSV': '8HGHLCVYX3B6Q6NK',
    'DatosPresentacion': {
        'NIFPresentador': 'B74125311',
        'TimestampPre"
23352,1,in_invoice,S/FRA/2025/0178,702,sent,"{
    'CSV': 'N44FYATPDCTVF958',
    'DatosPresentacion': {
        'NIFPresentador': 'B74125311',
        'TimestampPre"
23353,1,in_invoice,S/FRA/2025/0177,1629FAC,sent,"{
    'CSV': 'ZU2S4CPCUEE2RN7S',
    'DatosPresentacion': {
        'NIFPresentador': 'B74125311',
        'TimestampPre"
23361,1,in_invoice,S/FRA/2025/0176,250201,sent,"{
    'CSV': 'R97SG4QDRFTZTSM2',
    'DatosPresentacion': {
        'NIFPresentador': 'B74125311',
        'TimestampPre"
23369,1,in_invoice,S/FRA/2025/0175,025.002,sent,"{
    'CSV': 'Z6KQB9F3RFEVNGMK',
    'DatosPresentacion': {
        'NIFPresentador': 'B74125311',
        'TimestampPre"
23370,1,in_invoice,S/FRA/2025/0174,I-2024-010861,sent,"{
    'CSV': '6Z398AT928KPKXZY',
    'DatosPresentacion': {
        'NIFPresentador': 'B74125311',
        'TimestampPre"
23371,1,in_invoice,S/FRA/2025/0173,I-2024-010862,sent,"{
    'CSV': 'X7JWLD5WGFS4AY5H',
    'DatosPresentacion': {
        'NIFPresentador': 'B74125311',
        'TimestampPre"
23372,1,in_invoice,S/FRA/2025/0172,INP001038400000000078,sent,"{
    'CSV': 'KKTMB5M5HTX42U5K',
    'DatosPresentacion': {
        'NIFPresentador': 'B74125311',
        'TimestampPre"
23373,1,in_invoice,S/FRA/2025/0171,INP014038400000000093,sent,"{
    'CSV': 'LNGHC5S6CQCNX5P4',
    'DatosPresentacion': {
        'NIFPresentador': 'B74125311',
        'TimestampPre"
23374,1,in_invoice,S/FRA/2025/0170,402-8296793-4357120,sent,"{
    'CSV': 'QH9HDBD5SADQPQN4',
    'DatosPresentacion': {
        'NIFPresentador': 'B74125311',
        'TimestampPre"
23376,1,in_invoice,S/FRA/2025/0169,02.0711.2025.F.000001,sent,"{
    'CSV': '4EFKHGWZNL7FHL6N',
    'DatosPresentacion': {
        'NIFPresentador': 'B74125311',
        'TimestampPre"
23377,1,in_invoice,S/FRA/2025/0168,672,sent,"{
    'CSV': 'SPP3JBJ43VJ2KFFX',
    'DatosPresentacion': {
        'NIFPresentador': 'B74125311',
        'TimestampPre"
23378,1,in_invoice,S/FRA/2025/0167,24-0224-S1,sent,"{
    'CSV': 'TRJPD7YUTN5R3HYV',
    'DatosPresentacion': {
        'NIFPresentador': 'B74125311',
        'TimestampPre"
23409,1,in_invoice,S/FRA/2025/0166,R31000779394,sent,"{
    'CSV': '6SGV92UGHYNB6TMC',
    'DatosPresentacion': {
        'NIFPresentador': 'B74125311',
        'TimestampPre"
23410,1,in_invoice,S/FRA/2025/0165,R31000794276,sent,"{
    'CSV': 'RM3QZXY7XPLUH9J3',
    'DatosPresentacion': {
        'NIFPresentador': 'B74125311',
        'TimestampPre"
23411,1,in_invoice,S/FRA/2025/0164,R31000808223,sent,"{
    'CSV': '9Z25TU8MNSXNSBA2',
    'DatosPresentacion': {
        'NIFPresentador': 'B74125311',
        'TimestampPre"
23412,1,in_invoice,S/FRA/2025/0163,R31000824472,sent,"{
    'CSV': '24MV2B4TDPFDTAT3',
    'DatosPresentacion': {
        'NIFPresentador': 'B74125311',
        'TimestampPre"
23413,1,in_invoice,S/FRA/2025/0162,R31000840743,sent,"{
    'CSV': '6BK5SAXE77QRAQR9',
    'DatosPresentacion': {
        'NIFPresentador': 'B74125311',
        'TimestampPre"
23414,1,in_invoice,S/FRA/2025/0161,R31000855899,sent,"{
    'CSV': '8GFWXL8G5MM9D3CU',
    'DatosPresentacion': {
        'NIFPresentador': 'B74125311',
        'TimestampPre"
23415,1,in_invoice,S/FRA/2025/0160,R31000872464,sent,"{
    'CSV': 'DNVEDX2YHUEURSVZ',
    'DatosPresentacion': {
        'NIFPresentador': 'B74125311',
        'TimestampPre"
23416,1,in_invoice,S/FRA/2025/0159,R31000889060,sent,"{
    'CSV': 'XBDERXHT6CG69GNZ',
    'DatosPresentacion': {
        'NIFPresentador': 'B74125311',
        'TimestampPre"
23417,1,in_invoice,S/FRA/2025/0158,R31000910929,sent,"{
    'CSV': 'F2S5YL9KZSYCB3US',
    'DatosPresentacion': {
        'NIFPresentador': 'B74125311',
        'TimestampPre"
23418,1,in_invoice,S/FRA/2025/0157,R31000924146,sent,"{
    'CSV': '5P8TUMDNZ6ZUJ8FD',
    'DatosPresentacion': {
        'NIFPresentador': 'B74125311',
        'TimestampPre"
23419,1,in_invoice,S/FRA/2025/0156,R31000941360,sent,"{
    'CSV': '583K28SQWNUR9KUH',
    'DatosPresentacion': {
        'NIFPresentador': 'B74125311',
        'TimestampPre"
23420,1,in_invoice,S/FRA/2025/0155,R31000958072,sent,"{
    'CSV': 'NCWU4YJUR9LDVGHN',
    'DatosPresentacion': {
        'NIFPresentador': 'B74125311',
        'TimestampPre"
23421,1,in_invoice,S/FRA/2025/0154,A/25-0033,sent,"{
    'CSV': 'MBZ86LGTEZV32RHP',
    'DatosPresentacion': {
        'NIFPresentador': 'B74125311',
        'TimestampPre"
23423,1,in_invoice,S/FRA/2025/0153,05022025,sent,"{
    'CSV': 'NG9JC4QTP9PE5UZ6',
    'DatosPresentacion': {
        'NIFPresentador': 'B74125311',
        'TimestampPre"
23439,1,in_invoice,S/FRA/2025/0152,I-10757,sent,"{
    'CSV': 'Q2U9QJZKBU28AK5C',
    'DatosPresentacion': {
        'NIFPresentador': 'B74125311',
        'TimestampPre"
23158,1,in_invoice,S/FRA/2025/0148,ES5S4ZABEY,sent,"{
    'CSV': 'W7HRULSXVJJRCQYJ',
    'DatosPresentacion': {
        'NIFPresentador': 'B74125311',
        'TimestampPre"
23189,1,in_invoice,S/FRA/2025/0146,B/2610,sent,"{
    'CSV': 'Y7UH9TANHQEUEJDZ',
    'DatosPresentacion': {
        'NIFPresentador': 'B74125311',
        'TimestampPre"
23184,1,in_invoice,S/FRA/2025/0145,001/25,sent,"{
    'CSV': 'RNPDMCNQYKGL6ZR6',
    'DatosPresentacion': {
        'NIFPresentador': 'B74125311',
        'TimestampPre"
23192,1,in_invoice,S/FRA/2025/0144,D25 043,sent,"{
    'CSV': 'YYDPYQVVQESH32Y7',
    'DatosPresentacion': {
        'NIFPresentador': 'B74125311',
        'TimestampPre"
23201,1,in_invoice,S/FRA/2025/0143,25/345,sent,"{
    'CSV': '5QU77E6JFNANKZ98',
    'DatosPresentacion': {
        'NIFPresentador': 'B74125311',
        'TimestampPre"
23202,1,in_invoice,S/FRA/2025/0142,25/346,sent,"{
    'CSV': 'ME55H2SBQU542R5Y',
    'DatosPresentacion': {
        'NIFPresentador': 'B74125311',
        'TimestampPre"
23214,1,in_invoice,S/FRA/2025/0141,1,sent,"{
    'CSV': 'VHSQCXD53SPRU3B4',
    'DatosPresentacion': {
        'NIFPresentador': 'B74125311',
        'TimestampPre"
23312,1,in_invoice,S/FRA/2025/0137,25/4,sent,"{
    'CSV': 'WTTQJLUQMRJLG5J9',
    'DatosPresentacion': {
        'NIFPresentador': 'B74125311',
        'TimestampPre"
23328,1,in_invoice,S/FRA/2025/0135,1TSN250200214707,sent,"{
    'CSV': 'X4XNXA76CRMT4ZWP',
    'DatosPresentacion': {
        'NIFPresentador': 'B74125311',
        'TimestampPre"
23358,1,in_invoice,S/FRA/2025/0134,A10019539590-0225,sent,"{
    'CSV': 'LMRG2XQF35MF8TS2',
    'DatosPresentacion': {
        'NIFPresentador': 'B74125311',
        'TimestampPre"
23161,1,in_invoice,S/FRA/2025/0131,1/2025,sent,"{
    'CSV': 'QFBBLU3B8WE9NQNZ',
    'DatosPresentacion': {
        'NIFPresentador': 'B74125311',
        'TimestampPre"
23162,1,in_invoice,S/FRA/2025/0130,2025-0001,sent,"{
    'CSV': 'F76LFXSLLGG4THNJ',
    'DatosPresentacion': {
        'NIFPresentador': 'B74125311',
        'TimestampPre"
23172,1,in_invoice,S/FRA/2025/0128,01/2025,sent,"{
    'CSV': '35CFC6PHL34TH2T8',
    'DatosPresentacion': {
        'NIFPresentador': 'B74125311',
        'TimestampPre"
23175,1,in_invoice,S/FRA/2025/0125,2025-12,sent,"{
    'CSV': '67V7NJ29HW3HSJJ9',
    'DatosPresentacion': {
        'NIFPresentador': 'B74125311',
        'TimestampPre"
23176,1,in_invoice,S/FRA/2025/0124,2025-13,sent,"{
    'CSV': 'D2GDD3X6CYP4EPDT',
    'DatosPresentacion': {
        'NIFPresentador': 'B74125311',
        'TimestampPre"
23178,1,in_invoice,S/FRA/2025/0122,1/2025,sent,"{
    'CSV': 'S49EEJ9CTB82YLHA',
    'DatosPresentacion': {
        'NIFPresentador': 'B74125311',
        'TimestampPre"
23191,1,in_invoice,S/FRA/2025/0114,709 A,sent,"{
    'CSV': 'DFN4CG2AWATCAQWZ',
    'DatosPresentacion': {
        'NIFPresentador': 'B74125311',
        'TimestampPre"
23193,1,in_invoice,S/FRA/2025/0113,1-2025,sent,"{
    'CSV': 'MESTT9W5KT2SCAAA',
    'DatosPresentacion': {
        'NIFPresentador': 'B74125311',
        'TimestampPre"
23194,1,in_invoice,S/FRA/2025/0112,2025-001,sent,"{
    'CSV': 'VXJP4L9RLEM2SJ73',
    'DatosPresentacion': {
        'NIFPresentador': 'B74125311',
        'TimestampPre"
23195,1,in_invoice,S/FRA/2025/0111,2/2025,sent,"{
    'CSV': 'XXFENX5QDAFYD7DE',
    'DatosPresentacion': {
        'NIFPresentador': 'B74125311',
        'TimestampPre"
23199,1,in_invoice,S/FRA/2025/0107,AL 25000113,sent,"{
    'CSV': 'RL9BM5BD32R9GRQY',
    'DatosPresentacion': {
        'NIFPresentador': 'B74125311',
        'TimestampPre"
23215,1,in_invoice,S/FRA/2025/0105,D3/2025,sent,"{
    'CSV': 'M9AHJUQ7QC6V2SNX',
    'DatosPresentacion': {
        'NIFPresentador': 'B74125311',
        'TimestampPre"
23217,1,in_invoice,S/FRA/2025/0104,25-0001,sent,"{
    'CSV': '5Q28F3HCBDJBN7ZA',
    'DatosPresentacion': {
        'NIFPresentador': 'B74125311',
        'TimestampPre"
23218,1,in_invoice,S/FRA/2025/0103,1,sent,"{
    'CSV': 'Z6C52BD84NMTQ36H',
    'DatosPresentacion': {
        'NIFPresentador': 'B74125311',
        'TimestampPre"
23257,1,in_invoice,S/FRA/2025/0093,1/25,sent,"{
    'CSV': '63DJPKQR9GPUYYRZ',
    'DatosPresentacion': {
        'NIFPresentador': 'B74125311',
        'TimestampPre"
23270,1,in_invoice,S/FRA/2025/0082,04-2025,sent,"{
    'CSV': 'ZJZUE6JLTF9ZJSDH',
    'DatosPresentacion': {
        'NIFPresentador': 'B74125311',
        'TimestampPre"
23272,1,in_invoice,S/FRA/2025/0080,032,sent,"{
    'CSV': 'NP553PYSA8ALBU72',
    'DatosPresentacion': {
        'NIFPresentador': 'B74125311',
        'TimestampPre"
23273,1,in_invoice,S/FRA/2025/0079,00430000010770,sent,"{
    'CSV': 'EKCPC973V9RHWG3Q',
    'DatosPresentacion': {
        'NIFPresentador': 'B74125311',
        'TimestampPre"
23275,1,in_invoice,S/FRA/2025/0077,2504,sent,"{
    'CSV': 'LH2VVSESWJHGMMBY',
    'DatosPresentacion': {
        'NIFPresentador': 'B74125311',
        'TimestampPre"
23276,1,in_invoice,S/FRA/2025/0076,2503,sent,"{
    'CSV': '7PUVTFVC8EKLDFS3',
    'DatosPresentacion': {
        'NIFPresentador': 'B74125311',
        'TimestampPre"
23277,1,in_invoice,S/FRA/2025/0075,2505,sent,"{
    'CSV': '5UFKH3JELX7S69T6',
    'DatosPresentacion': {
        'NIFPresentador': 'B74125311',
        'TimestampPre"
23278,1,in_invoice,S/FRA/2025/0074,2,sent,"{
    'CSV': 'Z775QNEBHTUJM7D4',
    'DatosPresentacion': {
        'NIFPresentador': 'B74125311',
        'TimestampPre"
23293,1,in_invoice,S/FRA/2025/0068,D5/2025,sent,"{
    'CSV': 'ZX4N4TZ5VLQBPQDU',
    'DatosPresentacion': {
        'NIFPresentador': 'B74125311',
        'TimestampPre"
23294,1,in_invoice,S/FRA/2025/0067,2025/1,sent,"{
    'CSV': '82ZZJW9XWWBAGDV3',
    'DatosPresentacion': {
        'NIFPresentador': 'B74125311',
        'TimestampPre"
23295,1,in_invoice,S/FRA/2025/0066,FA25/55,sent,"{
    'CSV': '6LS6EG2X9FHV327L',
    'DatosPresentacion': {
        'NIFPresentador': 'B74125311',
        'TimestampPre"
23298,1,in_invoice,S/FRA/2025/0063,TRK-25-0094,sent,"{
    'CSV': '38KPYN2P2K9N9FBR',
    'DatosPresentacion': {
        'NIFPresentador': 'B74125311',
        'TimestampPre"
23299,1,in_invoice,S/FRA/2025/0062,40,sent,"{
    'CSV': 'JVU2WJHRDDPMUX3W',
    'DatosPresentacion': {
        'NIFPresentador': 'B74125311',
        'TimestampPre"
23300,1,in_invoice,S/FRA/2025/0061,41,sent,"{
    'CSV': 'E762F7JLVESKLDKR',
    'DatosPresentacion': {
        'NIFPresentador': 'B74125311',
        'TimestampPre"
23313,1,in_invoice,S/FRA/2025/0060,1,sent,"{
    'CSV': 'NR5YKBCK3BRHZE44',
    'DatosPresentacion': {
        'NIFPresentador': 'B74125311',
        'TimestampPre"
23315,1,in_invoice,S/FRA/2025/0059,01/2025,sent,"{
    'CSV': 'U5J6XZ9TUSUFJHJ4',
    'DatosPresentacion': {
        'NIFPresentador': 'B74125311',
        'TimestampPre"
23357,1,in_invoice,S/FRA/2025/0056,A10019502227-0225,sent,"{
    'CSV': 'ERQ5L5BECMQYQRQT',
    'DatosPresentacion': {
        'NIFPresentador': 'B74125311',
        'TimestampPre"
23359,1,in_invoice,S/FRA/2025/0055,312-KF25-1351,sent,"{
    'CSV': 'QHDPSPLNQ4C6SR44',
    'DatosPresentacion': {
        'NIFPresentador': 'B74125311',
        'TimestampPre"
23362,1,in_invoice,S/FRA/2025/0054,OVIE-250040,sent,"{
    'CSV': 'ZHCCTKRFJY3JCKWA',
    'DatosPresentacion': {
        'NIFPresentador': 'B74125311',
        'TimestampPre"
23457,1,in_refund,RS/FRA/2025/0002,CNP001038400000001904,sent,"{
    'CSV': 'QL8GWJ4PFVGLKTJ6',
    'DatosPresentacion': {
        'NIFPresentador': 'B74125311',
        'TimestampPre"
22798,1,in_invoice,S/FRA/2025/0151,A2402942,sent,"{
    'CSV': 'VG2PTENMTZ9BL3C7',
    'DatosPresentacion': {
        'NIFPresentador': 'B74125311',
        'TimestampPre"
22531,1,in_invoice,S/FRA/2025/0150,C-520,sent,"{
    'CSV': 'FVFU4YDURUGNLLE2',
    'DatosPresentacion': {
        'NIFPresentador': 'B74125311',
        'TimestampPre"
22448,1,in_invoice,S/FRA/2025/0149,07/2025/01,sent,"{
    'CSV': 'RMGM4GACZG8VSN9B',
    'DatosPresentacion': {
        'NIFPresentador': 'B74125311',
        'TimestampPre"
23170,1,in_invoice,S/FRA/2025/0147,F014-2025,sent,"{
    'CSV': 'KJZJLTFM4WAJK4KU',
    'DatosPresentacion': {
        'NIFPresentador': 'B74125311',
        'TimestampPre"
23265,1,in_invoice,S/FRA/2025/0140,A/3111/2025,sent,"{
    'CSV': 'ES2X9YBWS5YNMNFZ',
    'DatosPresentacion': {
        'NIFPresentador': 'B74125311',
        'TimestampPre"
23310,1,in_invoice,S/FRA/2025/0139,000018,sent,"{
    'CSV': 'PK8E2E8AJPVS2AKP',
    'DatosPresentacion': {
        'NIFPresentador': 'B74125311',
        'TimestampPre"
23311,1,in_invoice,S/FRA/2025/0138,25/1,sent,"{
    'CSV': 'FSR8MNMYMCNEGQPC',
    'DatosPresentacion': {
        'NIFPresentador': 'B74125311',
        'TimestampPre"
23321,1,in_invoice,S/FRA/2025/0136,2025000095,sent,"{
    'CSV': '3DVG835JALG8LAU3',
    'DatosPresentacion': {
        'NIFPresentador': 'B74125311',
        'TimestampPre"
23159,1,in_invoice,S/FRA/2025/0133,01/2025,sent,"{
    'CSV': '6AAMTXDJEHVCFS9G',
    'DatosPresentacion': {
        'NIFPresentador': 'B74125311',
        'TimestampPre"
23160,1,in_invoice,S/FRA/2025/0132,01/2025,sent,"{
    'CSV': 'NRCAXYAZ3RVJGGYT',
    'DatosPresentacion': {
        'NIFPresentador': 'B74125311',
        'TimestampPre"
23171,1,in_invoice,S/FRA/2025/0129,FO5/179,sent,"{
    'CSV': 'TA5DTYZXM9RKDQFM',
    'DatosPresentacion': {
        'NIFPresentador': 'B74125311',
        'TimestampPre"
23173,1,in_invoice,S/FRA/2025/0127,FRO20250214749,sent,"{
    'CSV': 'Y5HBRTBDUDDSX6HP',
    'DatosPresentacion': {
        'NIFPresentador': 'B74125311',
        'TimestampPre"
23174,1,in_invoice,S/FRA/2025/0126,0001/2025,sent,"{
    'CSV': 'HTCNRE6DYT2YYPL6',
    'DatosPresentacion': {
        'NIFPresentador': 'B74125311',
        'TimestampPre"
23177,1,in_invoice,S/FRA/2025/0123,SI254,sent,"{
    'CSV': 'RSQHSZNK2PMKXDVT',
    'DatosPresentacion': {
        'NIFPresentador': 'B74125311',
        'TimestampPre"
23182,1,in_invoice,S/FRA/2025/0121,000D007834,sent,"{
    'CSV': '6VEK8D27N45AQDS9',
    'DatosPresentacion': {
        'NIFPresentador': 'B74125311',
        'TimestampPre"
23183,1,in_invoice,S/FRA/2025/0120,000G008332,sent,"{
    'CSV': '4C29BZQ9VKANHVSR',
    'DatosPresentacion': {
        'NIFPresentador': 'B74125311',
        'TimestampPre"
23185,1,in_invoice,S/FRA/2025/0119,A2500362,sent,"{
    'CSV': 'THQD5ATR95JQKWWM',
    'DatosPresentacion': {
        'NIFPresentador': 'B74125311',
        'TimestampPre"
23186,1,in_invoice,S/FRA/2025/0118,269/F,sent,"{
    'CSV': 'NFRVVZRQKHRWXV55',
    'DatosPresentacion': {
        'NIFPresentador': 'B74125311',
        'TimestampPre"
23187,1,in_invoice,S/FRA/2025/0117,000020,sent,"{
    'CSV': 'ZKCS5ZTAVGXFKBNJ',
    'DatosPresentacion': {
        'NIFPresentador': 'B74125311',
        'TimestampPre"
23188,1,in_invoice,S/FRA/2025/0116,000021,sent,"{
    'CSV': '4BNQNH9H4VES7GVR',
    'DatosPresentacion': {
        'NIFPresentador': 'B74125311',
        'TimestampPre"
23190,1,in_invoice,S/FRA/2025/0115,FRO20250156189,sent,"{
    'CSV': 'PC4HMPJLCG5D2LN7',
    'DatosPresentacion': {
        'NIFPresentador': 'B74125311',
        'TimestampPre"
23196,1,in_invoice,S/FRA/2025/0110,84-2025,sent,"{
    'CSV': '98C6W4QGHELBVYXP',
    'DatosPresentacion': {
        'NIFPresentador': 'B74125311',
        'TimestampPre"
23197,1,in_invoice,S/FRA/2025/0109,2/2025,sent,"{
    'CSV': 'K3S6YXW7AZQWKQ5J',
    'DatosPresentacion': {
        'NIFPresentador': 'B74125311',
        'TimestampPre"
23198,1,in_invoice,S/FRA/2025/0108,0001/2025,sent,"{
    'CSV': 'T7J58PL2CD4MZ4DX',
    'DatosPresentacion': {
        'NIFPresentador': 'B74125311',
        'TimestampPre"
23200,1,in_invoice,S/FRA/2025/0106,AL 25000010,sent,"{
    'CSV': 'EQ7NJGAK9YDEHYJ4',
    'DatosPresentacion': {
        'NIFPresentador': 'B74125311',
        'TimestampPre"
23219,1,in_invoice,S/FRA/2025/0102,21250108010441154,sent,"{
    'CSV': 'YLK9F8CRWT84HSSR',
    'DatosPresentacion': {
        'NIFPresentador': 'B74125311',
        'TimestampPre"
23220,1,in_invoice,S/FRA/2025/0101,02,sent,"{
    'CSV': '73ACEQRX553K7ZZQ',
    'DatosPresentacion': {
        'NIFPresentador': 'B74125311',
        'TimestampPre"
23221,1,in_invoice,S/FRA/2025/0100,21250109010378239,sent,"{
    'CSV': 'UACL7EFSW3ZC3VGC',
    'DatosPresentacion': {
        'NIFPresentador': 'B74125311',
        'TimestampPre"
23222,1,in_invoice,S/FRA/2025/0099,21250114010430374,sent,"{
    'CSV': 'NR6ULQQZ2DX54UHA',
    'DatosPresentacion': {
        'NIFPresentador': 'B74125311',
        'TimestampPre"
23223,1,in_invoice,S/FRA/2025/0098,21250116010480108,sent,"{
    'CSV': 'JL8D44CVC2NM83ZR',
    'DatosPresentacion': {
        'NIFPresentador': 'B74125311',
        'TimestampPre"
23224,1,in_invoice,S/FRA/2025/0097,21250117010390594,sent,"{
    'CSV': 'YSRVHAB93GMUE62R',
    'DatosPresentacion': {
        'NIFPresentador': 'B74125311',
        'TimestampPre"
23225,1,in_invoice,S/FRA/2025/0096,21250121010384166,sent,"{
    'CSV': 'EE77RTGMY5MSYXPH',
    'DatosPresentacion': {
        'NIFPresentador': 'B74125311',
        'TimestampPre"
23226,1,in_invoice,S/FRA/2025/0095,21250123010329196,sent,"{
    'CSV': 'ZX2SKZSJPH8TAKMM',
    'DatosPresentacion': {
        'NIFPresentador': 'B74125311',
        'TimestampPre"
23228,1,in_invoice,S/FRA/2025/0094,21250127010429610,sent,"{
    'CSV': 'RZA8S2AFQ87ZMKJN',
    'DatosPresentacion': {
        'NIFPresentador': 'B74125311',
        'TimestampPre"
23258,1,in_invoice,S/FRA/2025/0092,250012,sent,"{
    'CSV': '454DZEY2HB9T88YV',
    'DatosPresentacion': {
        'NIFPresentador': 'B74125311',
        'TimestampPre"
23259,1,in_invoice,S/FRA/2025/0091,A/000202/24,sent,"{
    'CSV': 'HT5C7SSZY582K3HE',
    'DatosPresentacion': {
        'NIFPresentador': 'B74125311',
        'TimestampPre"
23260,1,in_invoice,S/FRA/2025/0090,20250006,sent,"{
    'CSV': '8Y4YV7UFGBM2CF4L',
    'DatosPresentacion': {
        'NIFPresentador': 'B74125311',
        'TimestampPre"
23261,1,in_invoice,S/FRA/2025/0089,20250009,sent,"{
    'CSV': 'LBZS2SSVSW7SZKHV',
    'DatosPresentacion': {
        'NIFPresentador': 'B74125311',
        'TimestampPre"
23262,1,in_invoice,S/FRA/2025/0088,2025000900,sent,"{
    'CSV': 'XH5HJMQ4J8AVFGY3',
    'DatosPresentacion': {
        'NIFPresentador': 'B74125311',
        'TimestampPre"
23263,1,in_invoice,S/FRA/2025/0087,A-V2025-00000216020,sent,"{
    'CSV': 'DLUKJQ9TTX76QQZT',
    'DatosPresentacion': {
        'NIFPresentador': 'B74125311',
        'TimestampPre"
23266,1,in_invoice,S/FRA/2025/0086,ITAF0000001386,sent,"{
    'CSV': 'DJ4R7YJGBZPTDJCG',
    'DatosPresentacion': {
        'NIFPresentador': 'B74125311',
        'TimestampPre"
23267,1,in_invoice,S/FRA/2025/0085,3,sent,"{
    'CSV': 'XPSSA5M9AEFMX5EH',
    'DatosPresentacion': {
        'NIFPresentador': 'B74125311',
        'TimestampPre"
23268,1,in_invoice,S/FRA/2025/0084,FAV000000052025,sent,"{
    'CSV': 'QF9AKKJXT3LB444Y',
    'DatosPresentacion': {
        'NIFPresentador': 'B74125311',
        'TimestampPre"
23269,1,in_invoice,S/FRA/2025/0083,029,sent,"{
    'CSV': 'GLYT2CTJ3VNVBF6P',
    'DatosPresentacion': {
        'NIFPresentador': 'B74125311',
        'TimestampPre"
23271,1,in_invoice,S/FRA/2025/0081,FA 250097,sent,"{
    'CSV': '4EDAG4UQP7CR3A5Z',
    'DatosPresentacion': {
        'NIFPresentador': 'B74125311',
        'TimestampPre"
23274,1,in_invoice,S/FRA/2025/0078,3095222,sent,"{
    'CSV': 'V82MF4M76TH3G5FM',
    'DatosPresentacion': {
        'NIFPresentador': 'B74125311',
        'TimestampPre"
23279,1,in_invoice,S/FRA/2025/0073,FM25-43,sent,"{
    'CSV': 'GSZEXRFJC89U9TAP',
    'DatosPresentacion': {
        'NIFPresentador': 'B74125311',
        'TimestampPre"
23280,1,in_invoice,S/FRA/2025/0072,FM25-108,sent,"{
    'CSV': '9H37CDMEJUHGW2HS',
    'DatosPresentacion': {
        'NIFPresentador': 'B74125311',
        'TimestampPre"
23281,1,in_invoice,S/FRA/2025/0071,530/25,sent,"{
    'CSV': 'S7RAM2HNN7VV5MRM',
    'DatosPresentacion': {
        'NIFPresentador': 'B74125311',
        'TimestampPre"
23282,1,in_invoice,S/FRA/2025/0070,VF25-01-0403,sent,"{
    'CSV': 'EFA2XXEVRS2V9V3A',
    'DatosPresentacion': {
        'NIFPresentador': 'B74125311',
        'TimestampPre"
23291,1,in_invoice,S/FRA/2025/0069,25/ 20,sent,"{
    'CSV': 'VZGLU5SAVGA45DAX',
    'DatosPresentacion': {
        'NIFPresentador': 'B74125311',
        'TimestampPre"
23296,1,in_invoice,S/FRA/2025/0065,2025/001,sent,"{
    'CSV': 'N5LFZFDFAR6MBFKL',
    'DatosPresentacion': {
        'NIFPresentador': 'B74125311',
        'TimestampPre"
23297,1,in_invoice,S/FRA/2025/0064,2025/002,sent,"{
    'CSV': '6C3GVAPUK5HTTJPG',
    'DatosPresentacion': {
        'NIFPresentador': 'B74125311',
        'TimestampPre"
23317,1,in_invoice,S/FRA/2025/0058,2025-ENERO-001,sent,"{
    'CSV': 'LBDAH6EPUMRY4JDF',
    'DatosPresentacion': {
        'NIFPresentador': 'B74125311',
        'TimestampPre"
23333,1,in_invoice,S/FRA/2025/0057,2024001312,sent,"{
    'CSV': '6PKKH2HVYV6WBKF9',
    'DatosPresentacion': {
        'NIFPresentador': 'B74125311',
        'TimestampPre"
22532,1,in_invoice,S/FRA/2025/0053,T/14/2025,sent,"{
    'CSV': 'PQ8GBCLDAT6XADQ3',
    'DatosPresentacion': {
        'NIFPresentador': 'B74125311',
        'TimestampPre"
22741,1,in_invoice,S/FRA/2025/0052,2025_4,sent,"{
    'CSV': 'M7HCTW6DGNZD46L3',
    'DatosPresentacion': {
        'NIFPresentador': 'B74125311',
        'TimestampPre"
22757,1,in_invoice,S/FRA/2025/0051,10-2025,sent,"{
    'CSV': 'CEBRX4LZP7UX7NEH',
    'DatosPresentacion': {
        'NIFPresentador': 'B74125311',
        'TimestampPre"
23038,1,in_invoice,S/FRA/2025/0050,8,sent,"{
    'CSV': 'K3XJ5CPFLRP3T32U',
    'DatosPresentacion': {
        'NIFPresentador': 'B74125311',
        'TimestampPre"
23046,1,in_invoice,S/FRA/2025/0049,TB-2025-F 5,sent,"{
    'CSV': 'ARBWGCTJQ6KU5SYR',
    'DatosPresentacion': {
        'NIFPresentador': 'B74125311',
        'TimestampPre"
23084,1,in_invoice,S/FRA/2025/0048,F012-2025,sent,"{
    'CSV': 'HJ8CHXKD9NDJERC5',
    'DatosPresentacion': {
        'NIFPresentador': 'B74125311',
        'TimestampPre"
23083,1,in_invoice,S/FRA/2025/0047,1NSN250100547796,sent,"{
    'CSV': 'XS9WTPTM36BTSQR5',
    'DatosPresentacion': {
        'NIFPresentador': 'B74125311',
        'TimestampPre"
22449,1,in_invoice,S/FRA/2025/0046,ES5BC5ABEY,sent,"{
    'CSV': '6E2ZVNX6P9K23MDM',
    'DatosPresentacion': {
        'NIFPresentador': 'B74125311',
        'TimestampPre"
22466,1,in_invoice,S/FRA/2025/0045,ES5CVSABEY,sent,"{
    'CSV': 'X625UGZW5UZ82GPL',
    'DatosPresentacion': {
        'NIFPresentador': 'B74125311',
        'TimestampPre"
22500,1,in_invoice,S/FRA/2025/0044,S/01-25,sent,"{
    'CSV': '2RCDSVDNFK6UMSKF',
    'DatosPresentacion': {
        'NIFPresentador': 'B74125311',
        'TimestampPre"
22672,1,in_invoice,S/FRA/2025/0043,2024000918,sent,"{
    'CSV': 'HCAUEAG7F6N62TYS',
    'DatosPresentacion': {
        'NIFPresentador': 'B74125311',
        'TimestampPre"
22739,1,in_invoice,S/FRA/2025/0042,OVIE-240648,sent,"{
    'CSV': '99SFDL3EGEBHUC5K',
    'DatosPresentacion': {
        'NIFPresentador': 'B74125311',
        'TimestampPre"
22740,1,in_invoice,S/FRA/2025/0041,OVIE-240604,sent,"{
    'CSV': 'B9KM6MM2D6VER7FA',
    'DatosPresentacion': {
        'NIFPresentador': 'B74125311',
        'TimestampPre"
22742,1,in_invoice,S/FRA/2025/0040,02/25,sent,"{
    'CSV': 'Y5TKZGLDAN4MQ2ZH',
    'DatosPresentacion': {
        'NIFPresentador': 'B74125311',
        'TimestampPre"
22755,1,in_invoice,S/FRA/2025/0039,97,sent,"{
    'CSV': 'C5H9WW2PGTQZPVZ3',
    'DatosPresentacion': {
        'NIFPresentador': 'B74125311',
        'TimestampPre"
22759,1,in_invoice,S/FRA/2025/0038,2024001231,sent,"{
    'CSV': 'KVRCWP7L7MQ25D9A',
    'DatosPresentacion': {
        'NIFPresentador': 'B74125311',
        'TimestampPre"
22760,1,in_invoice,S/FRA/2025/0037,7/2025,sent,"{
    'CSV': '7SSMQEXUNLEECKHK',
    'DatosPresentacion': {
        'NIFPresentador': 'B74125311',
        'TimestampPre"
22762,1,in_invoice,S/FRA/2025/0036,3/2025,sent,"{
    'CSV': '7ZB9TECWKHD5UZ69',
    'DatosPresentacion': {
        'NIFPresentador': 'B74125311',
        'TimestampPre"
22800,1,in_invoice,S/FRA/2025/0035,0225,sent,"{
    'CSV': 'HKW76RWLQLYUEQSZ',
    'DatosPresentacion': {
        'NIFPresentador': 'B74125311',
        'TimestampPre"
22801,1,in_invoice,S/FRA/2025/0034,5-2025,sent,"{
    'CSV': 'PNERTSB97TWVM6PN',
    'DatosPresentacion': {
        'NIFPresentador': 'B74125311',
        'TimestampPre"
23042,1,in_invoice,S/FRA/2025/0033,ES5N3PABEY,sent,"{
    'CSV': 'KCYF746BVQPHQ7L9',
    'DatosPresentacion': {
        'NIFPresentador': 'B74125311',
        'TimestampPre"
23044,1,in_invoice,S/FRA/2025/0032,E252074070,sent,"{
    'CSV': 'YXNZQDTKA8MYLR3J',
    'DatosPresentacion': {
        'NIFPresentador': 'B74125311',
        'TimestampPre"
23045,1,in_invoice,S/FRA/2025/0031,E250000222,sent,"{
    'CSV': 'VC49K8UNXUCZUHVE',
    'DatosPresentacion': {
        'NIFPresentador': 'B74125311',
        'TimestampPre"
23082,1,in_invoice,S/FRA/2025/0030,18742501P0014603,sent,"{
    'CSV': 'JACG99QVN25UA562',
    'DatosPresentacion': {
        'NIFPresentador': 'B74125311',
        'TimestampPre"
23126,1,in_invoice,S/FRA/2025/0029,01/2025,sent,"{
    'CSV': 'V9AHADBQARC7M9KQ',
    'DatosPresentacion': {
        'NIFPresentador': 'B74125311',
        'TimestampPre"
23127,1,in_invoice,S/FRA/2025/0028,02/2025,sent,"{
    'CSV': 'HU9XL5EVA4TA8CYH',
    'DatosPresentacion': {
        'NIFPresentador': 'B74125311',
        'TimestampPre"
23128,1,in_invoice,S/FRA/2025/0027,03/2025,sent,"{
    'CSV': 'J5P7DTZ693S99ZKW',
    'DatosPresentacion': {
        'NIFPresentador': 'B74125311',
        'TimestampPre"
23129,1,in_invoice,S/FRA/2025/0026,04/2025,sent,"{
    'CSV': 'Q7L4FW4NUR2BWXGA',
    'DatosPresentacion': {
        'NIFPresentador': 'B74125311',
        'TimestampPre"
23130,1,in_invoice,S/FRA/2025/0025,05/2025,sent,"{
    'CSV': 'KUEDMPNHJH3XWZUJ',
    'DatosPresentacion': {
        'NIFPresentador': 'B74125311',
        'TimestampPre"
22558,1,in_invoice,S/FRA/2025/0024,00142025,sent,"{
    'CSV': '94UG4F4LG74XBDJE',
    'DatosPresentacion': {
        'NIFPresentador': 'B74125311',
        'TimestampPre"
22465,1,in_invoice,S/FRA/2025/0023,250031,sent,"{
    'CSV': '4UADD9U3UM4PLTY4',
    'DatosPresentacion': {
        'NIFPresentador': 'B74125311',
        'TimestampPre"
22477,1,in_invoice,S/FRA/2025/0022,1250004151,sent,"{
    'CSV': '47JC9LHRVJYNEQ7R',
    'DatosPresentacion': {
        'NIFPresentador': 'B74125311',
        'TimestampPre"
22498,1,in_invoice,S/FRA/2025/0021,291,sent,"{
    'CSV': 'GF82JEDK4YPBLNQ4',
    'DatosPresentacion': {
        'NIFPresentador': 'B74125311',
        'TimestampPre"
22499,1,in_invoice,S/FRA/2025/0020,53,sent,"{
    'CSV': 'HW3ZRR9TEG5Y8K33',
    'DatosPresentacion': {
        'NIFPresentador': 'B74125311',
        'TimestampPre"
21541,1,in_invoice,S/FRA/2025/0019,268/E,sent,"{
    'CSV': 'MSLKWZPGY4Q7VRWD',
    'DatosPresentacion': {
        'NIFPresentador': 'B74125311',
        'TimestampPre"
22496,1,in_invoice,S/FRA/2025/0018,G 04-25,sent,"{
    'CSV': '5KRHTASF7FJDMC59',
    'DatosPresentacion': {
        'NIFPresentador': 'B74125311',
        'TimestampPre"
22497,1,in_invoice,S/FRA/2025/0017,406 A,sent,"{
    'CSV': 'P7KGYDLHP47CYQV3',
    'DatosPresentacion': {
        'NIFPresentador': 'B74125311',
        'TimestampPre"
22196,1,in_invoice,S/FRA/2025/0016,20250016,sent,"{
    'CSV': '4M3EZY4F8F6KVDBD',
    'DatosPresentacion': {
        'NIFPresentador': 'B74125311',
        'TimestampPre"
22402,1,in_invoice,S/FRA/2025/0015,1TSN250100052168,sent,"{
    'CSV': 'KLS88VS4ZWKTSR35',
    'DatosPresentacion': {
        'NIFPresentador': 'B74125311',
        'TimestampPre"
22425,1,in_invoice,S/FRA/2025/0014,A-21,sent,"{
    'CSV': 'BP33DA4BFEYYA5XL',
    'DatosPresentacion': {
        'NIFPresentador': 'B74125311',
        'TimestampPre"
22176,1,in_invoice,S/FRA/2025/0013,01-2025,sent,"{
    'CSV': '6YPLB7PYRQK6JG5A',
    'DatosPresentacion': {
        'NIFPresentador': 'B74125311',
        'TimestampPre"
22370,1,in_invoice,S/FRA/2025/0012,ES59MNABEY,sent,"{
    'CSV': 'S4CBYT9SK27LRKTS',
    'DatosPresentacion': {
        'NIFPresentador': 'B74125311',
        'TimestampPre"
22371,1,in_invoice,S/FRA/2025/0011,ES59TIABEY,sent,"{
    'CSV': 'EZAJPHARZH9JHC5A',
    'DatosPresentacion': {
        'NIFPresentador': 'B74125311',
        'TimestampPre"
22393,1,in_invoice,S/FRA/2025/0010,A10019427377-0125,sent,"{
    'CSV': '3N9MWFZAHKVD2FM4',
    'DatosPresentacion': {
        'NIFPresentador': 'B74125311',
        'TimestampPre"
22394,1,in_invoice,S/FRA/2025/0009,A10019464143-0125,sent,"{
    'CSV': 'QHE36CN5CC7WXZYF',
    'DatosPresentacion': {
        'NIFPresentador': 'B74125311',
        'TimestampPre"
22395,1,in_invoice,S/FRA/2025/0008,312-KF25-240,sent,"{
    'CSV': 'B83D3CPZG5U3LDKH',
    'DatosPresentacion': {
        'NIFPresentador': 'B74125311',
        'TimestampPre"
22247,1,in_invoice,S/FRA/2025/0007,250101,sent,"{
    'CSV': 'BA4YARBLALLXART3',
    'DatosPresentacion': {
        'NIFPresentador': 'B74125311',
        'TimestampPre"
22050,1,in_invoice,S/FRA/2025/0006,INV-077710,sent,"{
    'CSV': 'PDFZMVD7JH89PC9S',
    'DatosPresentacion': {
        'NIFPresentador': 'B74125311',
        'TimestampPre"
22074,1,in_invoice,S/FRA/2025/0005,ES53ORABEY,sent,"{
    'CSV': 'T6MC49KPXHAT5Z2P',
    'DatosPresentacion': {
        'NIFPresentador': 'B74125311',
        'TimestampPre"
22119,1,in_invoice,S/FRA/2025/0004,ES546AABEY,sent,"{
    'CSV': '7RJDMYKCFM97FPCP',
    'DatosPresentacion': {
        'NIFPresentador': 'B74125311',
        'TimestampPre"
22130,1,in_invoice,S/FRA/2025/0003,FV22083,sent,"{
    'CSV': '7G7UW4Z6BLEYUJ9Y',
    'DatosPresentacion': {
        'NIFPresentador': 'B74125311',
        'TimestampPre"
22197,1,in_invoice,S/FRA/2025/0002,2,sent,"{
    'CSV': '3QKB4RXSGH47NG65',
    'DatosPresentacion': {
        'NIFPresentador': 'B74125311',
        'TimestampPre"
22045,1,in_invoice,S/FRA/2025/0001,24,sent,"{
    'CSV': 'XU2E5U4Z2J7R8YF2',
    'DatosPresentacion': {
        'NIFPresentador': 'B74125311',
        'TimestampPre"
22761,1,in_refund,RS/FRA/2025/0001,1/2025,sent,"{
    'CSV': 'SJFSFWCZ4E9ACB2C',
    'DatosPresentacion': {
        'NIFPresentador': 'B74125311',
        'TimestampPre"
19031,1,in_invoice,S/FRA/2024/1070,4049,not_sent,
22381,1,in_invoice,S/FRA/2024/1069,20240688,sent,"{
    'CSV': 'FJC7REQGCGSVSLCM',
    'DatosPresentacion': {
        'NIFPresentador': 'B74125311',
        'TimestampPre"
22397,1,in_invoice,S/FRA/2024/1068,1HSN241000087917,sent,"{
    'CSV': 'KASVPLBJ5UR23JEG',
    'DatosPresentacion': {
        'NIFPresentador': 'B74125311',
        'TimestampPre"
22403,1,in_invoice,S/FRA/2024/1067,170-24,sent,"{
    'CSV': 'TY4QCMZC9DL39AY8',
    'DatosPresentacion': {
        'NIFPresentador': 'B74125311',
        'TimestampPre"
22404,1,in_invoice,S/FRA/2024/1066,174-24,sent,"{
    'CSV': '89YURNE3UXH2TQYU',
    'DatosPresentacion': {
        'NIFPresentador': 'B74125311',
        'TimestampPre"
22405,1,in_invoice,S/FRA/2024/1065,200-24,sent,"{
    'CSV': 'NHMAS8ETM9RP3F5A',
    'DatosPresentacion': {
        'NIFPresentador': 'B74125311',
        'TimestampPre"
22406,1,in_invoice,S/FRA/2024/1064,175-24,sent,"{
    'CSV': 'MLJB9EM6Z3F5NRJ8',
    'DatosPresentacion': {
        'NIFPresentador': 'B74125311',
        'TimestampPre"
22407,1,in_invoice,S/FRA/2024/1063,187-24,sent,"{
    'CSV': 'V29GAEM32ZQMPXQH',
    'DatosPresentacion': {
        'NIFPresentador': 'B74125311',
        'TimestampPre"
22408,1,in_invoice,S/FRA/2024/1062,24/844,sent,"{
    'CSV': 'B7RQ3UFB67DNCJLF',
    'DatosPresentacion': {
        'NIFPresentador': 'B74125311',
        'TimestampPre"
22409,1,in_invoice,S/FRA/2024/1061,24/845,sent,"{
    'CSV': 'VJWNZESVF4TU9P2W',
    'DatosPresentacion': {
        'NIFPresentador': 'B74125311',
        'TimestampPre"
22413,1,in_invoice,S/FRA/2024/1060,24/0540,sent,"{
    'CSV': 'TCEGAPQCP8PF88YC',
    'DatosPresentacion': {
        'NIFPresentador': 'B74125311',
        'TimestampPre"
22414,1,in_invoice,S/FRA/2024/1059,14,sent,"{
    'CSV': 'N8MUWTFEPXLZV7N4',
    'DatosPresentacion': {
        'NIFPresentador': 'B74125311',
        'TimestampPre"
22415,1,in_invoice,S/FRA/2024/1058,5.632/F,sent,"{
    'CSV': '795BMV5YNRPC26V9',
    'DatosPresentacion': {
        'NIFPresentador': 'B74125311',
        'TimestampPre"
22416,1,in_invoice,S/FRA/2024/1057,FM24-3020,sent_modified,"{
    'CSV': '7NE9AB2VP7SEA9U7',
    'DatosPresentacion': {
        'NIFPresentador': 'B74125311',
        'TimestampPre"
22417,1,in_invoice,S/FRA/2024/1056,FM24-3086,sent,"{
    'CSV': 'G2N3CDLJMU8KQ88J',
    'DatosPresentacion': {
        'NIFPresentador': 'B74125311',
        'TimestampPre"
22418,1,in_invoice,S/FRA/2024/1055,FA 243191,sent,"{
    'CSV': '844ELQGADRVMLAZV',
    'DatosPresentacion': {
        'NIFPresentador': 'B74125311',
        'TimestampPre"
22419,1,in_invoice,S/FRA/2024/1054,001742,sent,"{
    'CSV': 'CAR78RZRBLSW75VC',
    'DatosPresentacion': {
        'NIFPresentador': 'B74125311',
        'TimestampPre"
22427,1,in_invoice,S/FRA/2024/1053,000379,sent,"{
    'CSV': '4XAKQ7L2TKEX7F6E',
    'DatosPresentacion': {
        'NIFPresentador': 'B74125311',
        'TimestampPre"
22428,1,in_invoice,S/FRA/2024/1052,000380,sent,"{
    'CSV': 'U8LKU4FG268EXZFF',
    'DatosPresentacion': {
        'NIFPresentador': 'B74125311',
        'TimestampPre"
22429,1,in_invoice,S/FRA/2024/1051,000381,sent,"{
    'CSV': 'W8FTMFWLUATA42FF',
    'DatosPresentacion': {
        'NIFPresentador': 'B74125311',
        'TimestampPre"
22430,1,in_invoice,S/FRA/2024/1050,2370010245,sent,"{
    'CSV': 'LGBMZ492CW85CN6A',
    'DatosPresentacion': {
        'NIFPresentador': 'B74125311',
        'TimestampPre"
22382,1,in_invoice,S/FRA/2024/1049,FC4312400368,sent,"{
    'CSV': 'A3W69MCEHLW26M9R',
    'DatosPresentacion': {
        'NIFPresentador': 'B74125311',
        'TimestampPre"
22383,1,in_invoice,S/FRA/2024/1048,A-V2024-00005888739,sent,"{
    'CSV': 'F5WP294APK4LGCGN',
    'DatosPresentacion': {
        'NIFPresentador': 'B74125311',
        'TimestampPre"
22384,1,in_invoice,S/FRA/2024/1047,79,sent,"{
    'CSV': 'GN49DKEL7Y4QK8Q6',
    'DatosPresentacion': {
        'NIFPresentador': 'B74125311',
        'TimestampPre"
22385,1,in_invoice,S/FRA/2024/1046,A/3088/2024,sent,"{
    'CSV': 'S29RDNLW34VGH44B',
    'DatosPresentacion': {
        'NIFPresentador': 'B74125311',
        'TimestampPre"
22386,1,in_invoice,S/FRA/2024/1045,FAC-1611,sent,"{
    'CSV': 'SN73LC38NKK86V4C',
    'DatosPresentacion': {
        'NIFPresentador': 'B74125311',
        'TimestampPre"
22387,1,in_invoice,S/FRA/2024/1044,A10019276976-1124,sent,"{
    'CSV': 'SSGJYVC7UEV7HZNG',
    'DatosPresentacion': {
        'NIFPresentador': 'B74125311',
        'TimestampPre"
22388,1,in_invoice,S/FRA/2024/1043,A10019313874-1124,sent,"{
    'CSV': '3SDERHUPE4QWTYNG',
    'DatosPresentacion': {
        'NIFPresentador': 'B74125311',
        'TimestampPre"
22389,1,in_invoice,S/FRA/2024/1042,312-KF24-13050,sent,"{
    'CSV': '9T5T4JAF378ZH5TA',
    'DatosPresentacion': {
        'NIFPresentador': 'B74125311',
        'TimestampPre"
22390,1,in_invoice,S/FRA/2024/1041,A10019352282-1224,sent,"{
    'CSV': 'TMUCBVRGM9U67WS6',
    'DatosPresentacion': {
        'NIFPresentador': 'B74125311',
        'TimestampPre"
22391,1,in_invoice,S/FRA/2024/1040,A10019389271-1224,sent,"{
    'CSV': 'KLEFJY6CBXP678EE',
    'DatosPresentacion': {
        'NIFPresentador': 'B74125311',
        'TimestampPre"
22392,1,in_invoice,S/FRA/2024/1039,312-KF24-14335,sent,"{
    'CSV': '7P9P7B6AZTJWBK39',
    'DatosPresentacion': {
        'NIFPresentador': 'B74125311',
        'TimestampPre"
22396,1,in_invoice,S/FRA/2024/1038,11426/24,sent,"{
    'CSV': 'GHG5MJRW8Y9JNH3C',
    'DatosPresentacion': {
        'NIFPresentador': 'B74125311',
        'TimestampPre"
22398,1,in_invoice,S/FRA/2024/1037,1NSN241000156554,sent,"{
    'CSV': '6TW4A4SA9M3HPYQD',
    'DatosPresentacion': {
        'NIFPresentador': 'B74125311',
        'TimestampPre"
22399,1,in_invoice,S/FRA/2024/1036,1NSN241200072023,sent,"{
    'CSV': 'WKWFKCBQRNBM6FBN',
    'DatosPresentacion': {
        'NIFPresentador': 'B74125311',
        'TimestampPre"
22400,1,in_invoice,S/FRA/2024/1035,1NSN241200389668,sent,"{
    'CSV': 'QA9V4ZB5D96YX84Y',
    'DatosPresentacion': {
        'NIFPresentador': 'B74125311',
        'TimestampPre"
22401,1,in_invoice,S/FRA/2024/1034,1NSN241200023623,sent,"{
    'CSV': 'ZHX45ZSYH4LTTS7Q',
    'DatosPresentacion': {
        'NIFPresentador': 'B74125311',
        'TimestampPre"
22410,1,in_invoice,S/FRA/2024/1033,15,sent,"{
    'CSV': 'EDFXNNTZ5ERU5A2K',
    'DatosPresentacion': {
        'NIFPresentador': 'B74125311',
        'TimestampPre"
22411,1,in_invoice,S/FRA/2024/1032,4241100088,sent,"{
    'CSV': '97ZFGHW8TH9Y53V2',
    'DatosPresentacion': {
        'NIFPresentador': 'B74125311',
        'TimestampPre"
22412,1,in_invoice,S/FRA/2024/1031,FO4/1892,sent,"{
    'CSV': 'Q4ZP4R9RRYBUJVQA',
    'DatosPresentacion': {
        'NIFPresentador': 'B74125311',
        'TimestampPre"
22420,1,in_invoice,S/FRA/2024/1030,1760-2024,sent,"{
    'CSV': 'TYXXB56L7XZCBUZP',
    'DatosPresentacion': {
        'NIFPresentador': 'B74125311',
        'TimestampPre"
22423,1,in_invoice,S/FRA/2024/1029,A2409221,sent,"{
    'CSV': 'JQWBV3PHUDEGSHAC',
    'DatosPresentacion': {
        'NIFPresentador': 'B74125311',
        'TimestampPre"
22424,1,in_invoice,S/FRA/2024/1028,3030575,sent,"{
    'CSV': '7F2Q5W2NJ6KKZYEZ',
    'DatosPresentacion': {
        'NIFPresentador': 'B74125311',
        'TimestampPre"
22426,1,in_invoice,S/FRA/2024/1027,FRO20250006891,sent_modified,"{
    'CSV': 'H5DXFUCVEFKWU6DN',
    'DatosPresentacion': {
        'NIFPresentador': 'B74125311',
        'TimestampPre"
22178,1,in_invoice,S/FRA/2024/1026,024.079,sent,"{
    'CSV': 'ZSTP8PUBSD2UGRL8',
    'DatosPresentacion': {
        'NIFPresentador': 'B74125311',
        'TimestampPre"
22179,1,in_invoice,S/FRA/2024/1025,24/36,sent,"{
    'CSV': 'D8RT443VAHN625LR',
    'DatosPresentacion': {
        'NIFPresentador': 'B74125311',
        'TimestampPre"
22129,1,in_invoice,S/FRA/2024/1024,1,sent,"{
    'CSV': 'LAUUZFD4TSUHGS3Y',
    'DatosPresentacion': {
        'NIFPresentador': 'B74125311',
        'TimestampPre"
22177,1,in_invoice,S/FRA/2024/1023,FA24/654,sent,"{
    'CSV': 'QTRDNM2CQ8VRVVDS',
    'DatosPresentacion': {
        'NIFPresentador': 'B74125311',
        'TimestampPre"
21935,1,in_invoice,S/FRA/2024/1022,682591,sent,"{
    'CSV': '9WWNFKCP4VLYT7AX',
    'DatosPresentacion': {
        'NIFPresentador': 'B74125311',
        'TimestampPre"
22077,1,in_invoice,S/FRA/2024/1021,21241122010360658,sent,"{
    'CSV': 'UFEZPN5PBHMDK467',
    'DatosPresentacion': {
        'NIFPresentador': 'B74125311',
        'TimestampPre"
22078,1,in_invoice,S/FRA/2024/1020,21241202010338700,sent,"{
    'CSV': 'DSJT635CXYWBJFEB',
    'DatosPresentacion': {
        'NIFPresentador': 'B74125311',
        'TimestampPre"
22079,1,in_invoice,S/FRA/2024/1019,21241111010357343,sent,"{
    'CSV': 'DUL4VGL6HWVL9QYB',
    'DatosPresentacion': {
        'NIFPresentador': 'B74125311',
        'TimestampPre"
22080,1,in_invoice,S/FRA/2024/1018,21241111010357344,sent,"{
    'CSV': '46GQ4T2L6VLWERGG',
    'DatosPresentacion': {
        'NIFPresentador': 'B74125311',
        'TimestampPre"
22081,1,in_invoice,S/FRA/2024/1017,21241112010419334,sent,"{
    'CSV': 'RPMJJU624SB6RHBK',
    'DatosPresentacion': {
        'NIFPresentador': 'B74125311',
        'TimestampPre"
22082,1,in_invoice,S/FRA/2024/1016,21241211010436651,sent,"{
    'CSV': 'MJWE688DMSAZ6C8X',
    'DatosPresentacion': {
        'NIFPresentador': 'B74125311',
        'TimestampPre"
22083,1,in_invoice,S/FRA/2024/1015,21241217010501548,sent,"{
    'CSV': 'P7WJU3Y9CK4MWTBL',
    'DatosPresentacion': {
        'NIFPresentador': 'B74125311',
        'TimestampPre"
22084,1,in_invoice,S/FRA/2024/1014,21241230010807637,sent,"{
    'CSV': 'VCBE8UFB6SFHR6YJ',
    'DatosPresentacion': {
        'NIFPresentador': 'B74125311',
        'TimestampPre"
22118,1,in_invoice,S/FRA/2024/1013,21241111010357342,sent,"{
    'CSV': 'WZRG7V3GEWW868UA',
    'DatosPresentacion': {
        'NIFPresentador': 'B74125311',
        'TimestampPre"
22072,1,in_invoice,S/FRA/2024/1012,2024-408,sent,"{
    'CSV': '993VGXZYH9BXV9TW',
    'DatosPresentacion': {
        'NIFPresentador': 'B74125311',
        'TimestampPre"
22073,1,in_invoice,S/FRA/2024/1011,2024-387,sent,"{
    'CSV': 'ZK6PD27TKVX4FAKU',
    'DatosPresentacion': {
        'NIFPresentador': 'B74125311',
        'TimestampPre"
20623,1,in_invoice,S/FRA/2024/1010,TV-010869,sent,"{
    'CSV': 'BT5HN9GQ3GQHF9ML',
    'DatosPresentacion': {
        'NIFPresentador': 'B74125311',
        'TimestampPre"
21274,1,in_invoice,S/FRA/2024/1009,8D330CF5-0001,not_sent,
21275,1,in_invoice,S/FRA/2024/1008,8D330CF5-0002,sent,"{
    'CSV': 'J9PDXJXJNWNNJ8F8',
    'DatosPresentacion': {
        'NIFPresentador': 'B74125311',
        'TimestampPre"
21631,1,in_invoice,S/FRA/2024/1007,INV/2024/09252,sent,"{
    'CSV': 'GXF3EQVZWWM5YYC4',
    'DatosPresentacion': {
        'NIFPresentador': 'B74125311',
        'TimestampPre"
21643,1,in_invoice,S/FRA/2024/1006,10538/24,sent,"{
    'CSV': 'ENKKWUVV7XAPPVU8',
    'DatosPresentacion': {
        'NIFPresentador': 'B74125311',
        'TimestampPre"
22015,1,in_invoice,S/FRA/2024/1005,146/2024,sent,"{
    'CSV': 'AUKYEPKJVZM5VNYD',
    'DatosPresentacion': {
        'NIFPresentador': 'B74125311',
        'TimestampPre"
22047,1,in_invoice,S/FRA/2024/1004,05-04-2024,sent,"{
    'CSV': 'Y9GRAJ3XCLP4ZCPJ',
    'DatosPresentacion': {
        'NIFPresentador': 'B74125311',
        'TimestampPre"
21759,1,in_invoice,S/FRA/2024/1003,298/24,sent,"{
    'CSV': 'PYNCYEWQL8RTASBZ',
    'DatosPresentacion': {
        'NIFPresentador': 'B74125311',
        'TimestampPre"
21879,1,in_invoice,S/FRA/2024/1002,05/2024,sent,"{
    'CSV': 'DM7WRZEDFZW3A52Y',
    'DatosPresentacion': {
        'NIFPresentador': 'B74125311',
        'TimestampPre"
21880,1,in_invoice,S/FRA/2024/1001,06/2024,sent,"{
    'CSV': '7NWKKMGWBVBH8HHM',
    'DatosPresentacion': {
        'NIFPresentador': 'B74125311',
        'TimestampPre"
21881,1,in_invoice,S/FRA/2024/1000,17/2024,sent,"{
    'CSV': 'T53366L9A3PMC6PC',
    'DatosPresentacion': {
        'NIFPresentador': 'B74125311',
        'TimestampPre"
21882,1,in_invoice,S/FRA/2024/0999,002/24,sent,"{
    'CSV': 'MNF35K99UCA62288',
    'DatosPresentacion': {
        'NIFPresentador': 'B74125311',
        'TimestampPre"
21884,1,in_invoice,S/FRA/2024/0998,MV-35472,sent,"{
    'CSV': 'JMH2G7N8WG2G5CUV',
    'DatosPresentacion': {
        'NIFPresentador': 'B74125311',
        'TimestampPre"
21886,1,in_invoice,S/FRA/2024/0997,2076,sent,"{
    'CSV': 'N4299RFFWU7ERZAA',
    'DatosPresentacion': {
        'NIFPresentador': 'B74125311',
        'TimestampPre"
21887,1,in_invoice,S/FRA/2024/0996,04/2024,sent,"{
    'CSV': '4JEWSNRP7EERWGHT',
    'DatosPresentacion': {
        'NIFPresentador': 'B74125311',
        'TimestampPre"
21893,1,in_invoice,S/FRA/2024/0995,1/2024,sent,"{
    'CSV': 'K8H9KQQCYQGEVJC8',
    'DatosPresentacion': {
        'NIFPresentador': 'B74125311',
        'TimestampPre"
21909,1,in_invoice,S/FRA/2024/0994,1,sent,"{
    'CSV': 'PSG449JUXXZF6UAG',
    'DatosPresentacion': {
        'NIFPresentador': 'B74125311',
        'TimestampPre"
21914,1,in_invoice,S/FRA/2024/0993,2024-158,sent,"{
    'CSV': 'H4DCWNX77YZSGX47',
    'DatosPresentacion': {
        'NIFPresentador': 'B74125311',
        'TimestampPre"
21921,1,in_invoice,S/FRA/2024/0992,10/2024,sent,"{
    'CSV': '7PNMXBVQCME2LJMR',
    'DatosPresentacion': {
        'NIFPresentador': 'B74125311',
        'TimestampPre"
22008,1,in_invoice,S/FRA/2024/0991,2400016,sent,"{
    'CSV': 'G86WKVQ8G524N7SD',
    'DatosPresentacion': {
        'NIFPresentador': 'B74125311',
        'TimestampPre"
22009,1,in_invoice,S/FRA/2024/0990,11-2024,sent,"{
    'CSV': '6G84L5GSW2D45CX7',
    'DatosPresentacion': {
        'NIFPresentador': 'B74125311',
        'TimestampPre"
22010,1,in_invoice,S/FRA/2024/0989,09,sent,"{
    'CSV': 'YLHZ86S3UDMS83DR',
    'DatosPresentacion': {
        'NIFPresentador': 'B74125311',
        'TimestampPre"
22012,1,in_invoice,S/FRA/2024/0988,A6/2024,sent,"{
    'CSV': 'ELCLT55M3VHZH4XX',
    'DatosPresentacion': {
        'NIFPresentador': 'B74125311',
        'TimestampPre"
22014,1,in_invoice,S/FRA/2024/0987,00005,sent,"{
    'CSV': '4ZQJMKHCV4XTVE8M',
    'DatosPresentacion': {
        'NIFPresentador': 'B74125311',
        'TimestampPre"
22016,1,in_invoice,S/FRA/2024/0986,144/2024,sent,"{
    'CSV': '56CF27H7RR3TZ6RP',
    'DatosPresentacion': {
        'NIFPresentador': 'B74125311',
        'TimestampPre"
22017,1,in_invoice,S/FRA/2024/0985,145/2024,sent,"{
    'CSV': '7LWT39CHTLHLDBPM',
    'DatosPresentacion': {
        'NIFPresentador': 'B74125311',
        'TimestampPre"
22018,1,in_invoice,S/FRA/2024/0984,143/2024,sent,"{
    'CSV': 'RFY85RP9HLK9S38C',
    'DatosPresentacion': {
        'NIFPresentador': 'B74125311',
        'TimestampPre"
22019,1,in_invoice,S/FRA/2024/0983,4,sent,"{
    'CSV': 'L9V3V42R9BM2DX67',
    'DatosPresentacion': {
        'NIFPresentador': 'B74125311',
        'TimestampPre"
22048,1,in_invoice,S/FRA/2024/0982,15/2024,sent,"{
    'CSV': '8RRY5Z4JPJPKH3Z6',
    'DatosPresentacion': {
        'NIFPresentador': 'B74125311',
        'TimestampPre"
22049,1,in_invoice,S/FRA/2024/0981,1/2024,sent,"{
    'CSV': 'CX83TGATPKVRHX5A',
    'DatosPresentacion': {
        'NIFPresentador': 'B74125311',
        'TimestampPre"
21399,1,in_invoice,S/FRA/2024/0980,240187,sent_modified,"{
    'CSV': 'LCHA6RZD4VGRSAET',
    'DatosPresentacion': {
        'NIFPresentador': 'B74125311',
        'TimestampPre"
21512,1,in_invoice,S/FRA/2024/0979,FA 242822,sent,"{
    'CSV': 'ZQVGJMLWWNYTWB8U',
    'DatosPresentacion': {
        'NIFPresentador': 'B74125311',
        'TimestampPre"
21728,1,in_invoice,S/FRA/2024/0978,00006985,sent,"{
    'CSV': 'U6X7BHLGCWL23FP3',
    'DatosPresentacion': {
        'NIFPresentador': 'B74125311',
        'TimestampPre"
21919,1,in_invoice,S/FRA/2024/0977,ES46GNIABEY,sent,"{
    'CSV': 'CAEE59EL4WR8AGTL',
    'DatosPresentacion': {
        'NIFPresentador': 'B74125311',
        'TimestampPre"
21934,1,in_invoice,S/FRA/2024/0976,23-2024,sent,"{
    'CSV': 'CAUXCKPFNMPGZQQ4',
    'DatosPresentacion': {
        'NIFPresentador': 'B74125311',
        'TimestampPre"
21964,1,in_invoice,S/FRA/2024/0975,FO4/2097,sent,"{
    'CSV': '45E8BXLMQDY3V424',
    'DatosPresentacion': {
        'NIFPresentador': 'B74125311',
        'TimestampPre"
21965,1,in_invoice,S/FRA/2024/0974,FO4/2261,sent,"{
    'CSV': '7YXD4EKJPBR7KE6V',
    'DatosPresentacion': {
        'NIFPresentador': 'B74125311',
        'TimestampPre"
22032,1,in_invoice,S/FRA/2024/0973,TB-2024-F 59,sent,"{
    'CSV': 'R55UMSQCVJMQXQQM',
    'DatosPresentacion': {
        'NIFPresentador': 'B74125311',
        'TimestampPre"
22007,1,in_invoice,S/FRA/2024/0972,11/2024,sent,"{
    'CSV': 'X367MTFL4STFPPG5',
    'DatosPresentacion': {
        'NIFPresentador': 'B74125311',
        'TimestampPre"
21920,1,in_invoice,S/FRA/2024/0971,2024 A 0000244,sent,"{
    'CSV': 'GWUHKZFDGCNA57FV',
    'DatosPresentacion': {
        'NIFPresentador': 'B74125311',
        'TimestampPre"
21955,1,in_invoice,S/FRA/2024/0970,024.076,sent,"{
    'CSV': '6P69WFKTXCTTEDVC',
    'DatosPresentacion': {
        'NIFPresentador': 'B74125311',
        'TimestampPre"
21722,1,in_invoice,S/FRA/2024/0969,111/EST,sent,"{
    'CSV': 'TR8EEBDLRFRDF386',
    'DatosPresentacion': {
        'NIFPresentador': 'B74125311',
        'TimestampPre"
21883,1,in_invoice,S/FRA/2024/0968,05/2024,sent,"{
    'CSV': 'XC6UZGVBWECX2LSR',
    'DatosPresentacion': {
        'NIFPresentador': 'B74125311',
        'TimestampPre"
21910,1,in_invoice,S/FRA/2024/0967,S242008166,sent,"{
    'CSV': 'JSE3XTJK5PTN6QSH',
    'DatosPresentacion': {
        'NIFPresentador': 'B74125311',
        'TimestampPre"
21911,1,in_invoice,S/FRA/2024/0966,O240090988,sent,"{
    'CSV': '8ED2BTLWEMEU4B8F',
    'DatosPresentacion': {
        'NIFPresentador': 'B74125311',
        'TimestampPre"
21912,1,in_invoice,S/FRA/2024/0965,D240033349,sent,"{
    'CSV': 'FTV3LNEUBZY8ZLGB',
    'DatosPresentacion': {
        'NIFPresentador': 'B74125311',
        'TimestampPre"
21913,1,in_invoice,S/FRA/2024/0964,D242063948,sent,"{
    'CSV': 'SGYATCZGWLBNSPEU',
    'DatosPresentacion': {
        'NIFPresentador': 'B74125311',
        'TimestampPre"
21915,1,in_invoice,S/FRA/2024/0963,2024001230,sent,"{
    'CSV': '58FZSTD7USHN5QBS',
    'DatosPresentacion': {
        'NIFPresentador': 'B74125311',
        'TimestampPre"
21916,1,in_invoice,S/FRA/2024/0962,2024001229,sent,"{
    'CSV': 'E62FQCWBZ63PX8L5',
    'DatosPresentacion': {
        'NIFPresentador': 'B74125311',
        'TimestampPre"
21917,1,in_invoice,S/FRA/2024/0961,2024001156,sent,"{
    'CSV': '6PZMDB7AWGNVP6LF',
    'DatosPresentacion': {
        'NIFPresentador': 'B74125311',
        'TimestampPre"
21918,1,in_invoice,S/FRA/2024/0960,18742401P0316858,sent,"{
    'CSV': '8MKFQGKV5X2WF4SG',
    'DatosPresentacion': {
        'NIFPresentador': 'B74125311',
        'TimestampPre"
21967,1,in_invoice,S/FRA/2024/0959,AF/1363/02,sent,"{
    'CSV': 'KX8ZHPCM5SR2QFD5',
    'DatosPresentacion': {
        'NIFPresentador': 'B74125311',
        'TimestampPre"
21966,1,in_invoice,S/FRA/2024/0958,AF/3074/01,sent,"{
    'CSV': 'CFNX83ZW22LDYAVB',
    'DatosPresentacion': {
        'NIFPresentador': 'B74125311',
        'TimestampPre"
21891,1,in_invoice,S/FRA/2024/0957,198/2024,sent,"{
    'CSV': '4FMAH897YAMHWKF9',
    'DatosPresentacion': {
        'NIFPresentador': 'B74125311',
        'TimestampPre"
21848,1,in_invoice,S/FRA/2024/0956,D24 558,sent,"{
    'CSV': 'VJDJBWA83TUZX9A3',
    'DatosPresentacion': {
        'NIFPresentador': 'B74125311',
        'TimestampPre"
21888,1,in_invoice,S/FRA/2024/0955,F181-2024,sent,"{
    'CSV': '2HZDBJFW32EHBZSP',
    'DatosPresentacion': {
        'NIFPresentador': 'B74125311',
        'TimestampPre"
21890,1,in_invoice,S/FRA/2024/0954,0222-2024,sent,"{
    'CSV': 'X54CFTJ796L2KRFN',
    'DatosPresentacion': {
        'NIFPresentador': 'B74125311',
        'TimestampPre"
21885,1,in_invoice,S/FRA/2024/0953,14/2024,sent,"{
    'CSV': '3U3RZ997XY4H6SVS',
    'DatosPresentacion': {
        'NIFPresentador': 'B74125311',
        'TimestampPre"
21790,1,in_invoice,S/FRA/2024/0952,0212-2024,sent,"{
    'CSV': 'YFR2CN6TMECK6QCT',
    'DatosPresentacion': {
        'NIFPresentador': 'B74125311',
        'TimestampPre"
21808,1,in_invoice,S/FRA/2024/0951,34/2024,sent,"{
    'CSV': '3D78NJRBZRB7VYZM',
    'DatosPresentacion': {
        'NIFPresentador': 'B74125311',
        'TimestampPre"
21809,1,in_invoice,S/FRA/2024/0950,22/2024,sent,"{
    'CSV': 'HYFGL78Z9MCKECV8',
    'DatosPresentacion': {
        'NIFPresentador': 'B74125311',
        'TimestampPre"
21810,1,in_invoice,S/FRA/2024/0949,24/333,sent,"{
    'CSV': 'KC3F88BUXSSXPJ44',
    'DatosPresentacion': {
        'NIFPresentador': 'B74125311',
        'TimestampPre"
21811,1,in_invoice,S/FRA/2024/0948,24/334,sent_modified,"{
    'CSV': 'MSPDQJQF4QRV46VC',
    'DatosPresentacion': {
        'NIFPresentador': 'B74125311',
        'TimestampPre"
21815,1,in_invoice,S/FRA/2024/0947,A240000632,sent,"{
    'CSV': 'L62KYQK9QRTJL6MV',
    'DatosPresentacion': {
        'NIFPresentador': 'B74125311',
        'TimestampPre"
21731,1,in_invoice,S/FRA/2024/0946,0001,sent,"{
    'CSV': '32QZLXAMK9HGSC9P',
    'DatosPresentacion': {
        'NIFPresentador': 'B74125311',
        'TimestampPre"
21732,1,in_invoice,S/FRA/2024/0945,ES46AU3ABEY,sent,"{
    'CSV': 'Z3ZCZGLLWU2BMZ56',
    'DatosPresentacion': {
        'NIFPresentador': 'B74125311',
        'TimestampPre"
21789,1,in_invoice,S/FRA/2024/0944,18,sent,"{
    'CSV': '7UNJG34PHZYHUHPS',
    'DatosPresentacion': {
        'NIFPresentador': 'B74125311',
        'TimestampPre"
21795,1,in_invoice,S/FRA/2024/0943,OO202406,sent_modified,"{
    'CSV': 'XVZBFERHUJJ4E9TX',
    'DatosPresentacion': {
        'NIFPresentador': 'B74125311',
        'TimestampPre"
21812,1,in_invoice,S/FRA/2024/0942,02 2024 FGL,sent,"{
    'CSV': '4N3KXDY299A3CQJM',
    'DatosPresentacion': {
        'NIFPresentador': 'B74125311',
        'TimestampPre"
21813,1,in_invoice,S/FRA/2024/0941,10/2024,sent,"{
    'CSV': 'VCTJP8Y3LU4X6RK4',
    'DatosPresentacion': {
        'NIFPresentador': 'B74125311',
        'TimestampPre"
21729,1,in_invoice,S/FRA/2024/0939,436,sent,"{
    'CSV': '2KU29GD8J3W426CZ',
    'DatosPresentacion': {
        'NIFPresentador': 'B74125311',
        'TimestampPre"
21669,1,in_invoice,S/FRA/2024/0935,5452,sent,"{
    'CSV': 'LBNALQLPNZKPLSEQ',
    'DatosPresentacion': {
        'NIFPresentador': 'B74125311',
        'TimestampPre"
21675,1,in_invoice,S/FRA/2024/0934,24-0046,sent,"{
    'CSV': 'ZS43372EHLT4EQHQ',
    'DatosPresentacion': {
        'NIFPresentador': 'B74125311',
        'TimestampPre"
21425,1,in_invoice,S/FRA/2024/0931,A-1724,sent,"{
    'CSV': 'UFAZ4935Q4HGYYQ8',
    'DatosPresentacion': {
        'NIFPresentador': 'B74125311',
        'TimestampPre"
21620,1,in_invoice,S/FRA/2024/0930,1TSN241200038893,sent,"{
    'CSV': 'BMHAWFCKZQETRL9U',
    'DatosPresentacion': {
        'NIFPresentador': 'B74125311',
        'TimestampPre"
21642,1,in_invoice,S/FRA/2024/0919,F000101-658,sent,"{
    'CSV': 'D2DFYLNQCA7K5G39',
    'DatosPresentacion': {
        'NIFPresentador': 'B74125311',
        'TimestampPre"
21647,1,in_invoice,S/FRA/2024/0916,ES464EBABEY,sent,"{
    'CSV': 'YBGZWZYBYFP7XAY6',
    'DatosPresentacion': {
        'NIFPresentador': 'B74125311',
        'TimestampPre"
21648,1,in_invoice,S/FRA/2024/0915,2024-O01,sent,"{
    'CSV': '39LNXW7C4HHKUGNA',
    'DatosPresentacion': {
        'NIFPresentador': 'B74125311',
        'TimestampPre"
21666,1,in_invoice,S/FRA/2024/0914,A2408605,sent,"{
    'CSV': '4Z2ZHHXEBMLZH83B',
    'DatosPresentacion': {
        'NIFPresentador': 'B74125311',
        'TimestampPre"
21667,1,in_invoice,S/FRA/2024/0913,VF24-12-0091,sent,"{
    'CSV': '76HSRYME6K9JPDW8',
    'DatosPresentacion': {
        'NIFPresentador': 'B74125311',
        'TimestampPre"
21670,1,in_invoice,S/FRA/2024/0911,19-2024,sent,"{
    'CSV': 'CKER4XLBGZWCZEWM',
    'DatosPresentacion': {
        'NIFPresentador': 'B74125311',
        'TimestampPre"
21686,1,in_invoice,S/FRA/2024/0905,1188,sent,"{
    'CSV': 'MZDC9WF6VPHPZHME',
    'DatosPresentacion': {
        'NIFPresentador': 'B74125311',
        'TimestampPre"
21687,1,in_invoice,S/FRA/2024/0904,ES4679RABEY,sent,"{
    'CSV': '6BZLL2V4RGGP2JQX',
    'DatosPresentacion': {
        'NIFPresentador': 'B74125311',
        'TimestampPre"
21446,1,in_invoice,S/FRA/2024/0900,FV22029,sent,"{
    'CSV': 'GZMTNBK5MGKA9PFT',
    'DatosPresentacion': {
        'NIFPresentador': 'B74125311',
        'TimestampPre"
21463,1,in_invoice,S/FRA/2024/0888,AL 24000975,sent,"{
    'CSV': 'RT5YSB52592PZ7LP',
    'DatosPresentacion': {
        'NIFPresentador': 'B74125311',
        'TimestampPre"
21513,1,in_invoice,S/FRA/2024/0881,OO202405,sent,"{
    'CSV': 'U4RHGFD3EDTRCTGY',
    'DatosPresentacion': {
        'NIFPresentador': 'B74125311',
        'TimestampPre"
21514,1,in_invoice,S/FRA/2024/0880,FA2400474,sent,"{
    'CSV': 'FPE85ETXARQN5KVX',
    'DatosPresentacion': {
        'NIFPresentador': 'B74125311',
        'TimestampPre"
21515,1,in_invoice,S/FRA/2024/0879,FA2400475,sent,"{
    'CSV': 'VHBGFSAE596QJ972',
    'DatosPresentacion': {
        'NIFPresentador': 'B74125311',
        'TimestampPre"
21557,1,in_invoice,S/FRA/2024/0878,ES45ZORABEY,sent,"{
    'CSV': '3BNKZLVQGLVBHPLV',
    'DatosPresentacion': {
        'NIFPresentador': 'B74125311',
        'TimestampPre"
21558,1,in_invoice,S/FRA/2024/0877,ES4604TABEY,sent,"{
    'CSV': 'BRS5UJEE3UWVDS2M',
    'DatosPresentacion': {
        'NIFPresentador': 'B74125311',
        'TimestampPre"
21516,1,in_invoice,S/FRA/2024/0876,FA2410806,sent,"{
    'CSV': 'CSAYULWSAU9XGF6Y',
    'DatosPresentacion': {
        'NIFPresentador': 'B74125311',
        'TimestampPre"
21517,1,in_invoice,S/FRA/2024/0875,FA2410807,sent,"{
    'CSV': 'P49RFVQMLCJQZAP7',
    'DatosPresentacion': {
        'NIFPresentador': 'B74125311',
        'TimestampPre"
21519,1,in_invoice,S/FRA/2024/0874,ES45XUHABEY,sent,"{
    'CSV': '8YYH56MV2JBUQEGS',
    'DatosPresentacion': {
        'NIFPresentador': 'B74125311',
        'TimestampPre"
21538,1,in_invoice,S/FRA/2024/0873,B/2458,sent_modified,"{
    'CSV': 'V9EDKU2BK8NRZ53Y',
    'DatosPresentacion': {
        'NIFPresentador': 'B74125311',
        'TimestampPre"
21540,1,in_invoice,S/FRA/2024/0871,162 * 12 / 24,sent,"{
    'CSV': '7SNAVCDUBR6YA2P2',
    'DatosPresentacion': {
        'NIFPresentador': 'B74125311',
        'TimestampPre"
21572,1,in_invoice,S/FRA/2024/0870,ES460TFABEY,sent,"{
    'CSV': '8ST8BHDXB5E4GVBA',
    'DatosPresentacion': {
        'NIFPresentador': 'B74125311',
        'TimestampPre"
21849,1,in_refund,RS/FRA/2024/0009,ES42ZU1ABEC,sent,"{
    'CSV': 'BM3TVY37BHMLEAS4',
    'DatosPresentacion': {
        'NIFPresentador': 'B74125311',
        'TimestampPre"
17397,1,in_refund,RS/FRA/2024/0003,R01/2024,sent_modified,"{
    'CSV': 'PPW8KRYEY354PJ2Z',
    'DatosPresentacion': {
        'NIFPresentador': 'B74125311',
        'TimestampPre"
21726,1,in_invoice,S/FRA/2024/0940,17-2024,sent,"{
    'CSV': 'X4F7RQYSSRBY8UZD',
    'DatosPresentacion': {
        'NIFPresentador': 'B74125311',
        'TimestampPre"
21727,1,in_invoice,S/FRA/2024/0938,1,sent,"{
    'CSV': 'AVX8V4MNH4HD2TDU',
    'DatosPresentacion': {
        'NIFPresentador': 'B74125311',
        'TimestampPre"
21725,1,in_invoice,S/FRA/2024/0937,184/2024,sent,"{
    'CSV': 'EMJ87PMVR8ZBZU2V',
    'DatosPresentacion': {
        'NIFPresentador': 'B74125311',
        'TimestampPre"
21644,1,in_invoice,S/FRA/2024/0936,24-0044,sent,"{
    'CSV': 'K26R748LFZXSTJ7M',
    'DatosPresentacion': {
        'NIFPresentador': 'B74125311',
        'TimestampPre"
21001,1,in_invoice,S/FRA/2024/0933,FA 242490,sent,"{
    'CSV': 'TXDS8MCQ97XQVQAP',
    'DatosPresentacion': {
        'NIFPresentador': 'B74125311',
        'TimestampPre"
21365,1,in_invoice,S/FRA/2024/0932,102,sent,"{
    'CSV': 'RQABZPSJM3AKVBFL',
    'DatosPresentacion': {
        'NIFPresentador': 'B74125311',
        'TimestampPre"
21632,1,in_invoice,S/FRA/2024/0929,20240620,sent,"{
    'CSV': 'UFWTBAVVFFJQUJ8Q',
    'DatosPresentacion': {
        'NIFPresentador': 'B74125311',
        'TimestampPre"
21633,1,in_invoice,S/FRA/2024/0928,09424007615,sent,"{
    'CSV': 'DMU8LJLXHHWNMDN4',
    'DatosPresentacion': {
        'NIFPresentador': 'B74125311',
        'TimestampPre"
21634,1,in_invoice,S/FRA/2024/0927,95-226312,sent,"{
    'CSV': '9NWV6FEXTKYRQ74P',
    'DatosPresentacion': {
        'NIFPresentador': 'B74125311',
        'TimestampPre"
21635,1,in_invoice,S/FRA/2024/0926,95-226388,sent,"{
    'CSV': '4KH76JQX66L24FLF',
    'DatosPresentacion': {
        'NIFPresentador': 'B74125311',
        'TimestampPre"
21636,1,in_invoice,S/FRA/2024/0925,140766,sent,"{
    'CSV': '3CEJXMQ3W3BYCCGL',
    'DatosPresentacion': {
        'NIFPresentador': 'B74125311',
        'TimestampPre"
21637,1,in_invoice,S/FRA/2024/0924,263,sent,"{
    'CSV': '6EQFGM5EUM6D28VD',
    'DatosPresentacion': {
        'NIFPresentador': 'B74125311',
        'TimestampPre"
21638,1,in_invoice,S/FRA/2024/0923,2411003,sent,"{
    'CSV': 'YZQ5GS4BM5XTM2FR',
    'DatosPresentacion': {
        'NIFPresentador': 'B74125311',
        'TimestampPre"
21639,1,in_invoice,S/FRA/2024/0922,20241,sent,"{
    'CSV': 'NCXQH4CFENLQNKGY',
    'DatosPresentacion': {
        'NIFPresentador': 'B74125311',
        'TimestampPre"
21640,1,in_invoice,S/FRA/2024/0921,1569/24,sent,"{
    'CSV': 'CJHZM87KLJ6ST3K6',
    'DatosPresentacion': {
        'NIFPresentador': 'B74125311',
        'TimestampPre"
21641,1,in_invoice,S/FRA/2024/0920,1574/24,sent,"{
    'CSV': 'L3QP4XMWKNQH4HBV',
    'DatosPresentacion': {
        'NIFPresentador': 'B74125311',
        'TimestampPre"
21645,1,in_invoice,S/FRA/2024/0918,477,sent,"{
    'CSV': '6NP2YVLDZBRTVZ7J',
    'DatosPresentacion': {
        'NIFPresentador': 'B74125311',
        'TimestampPre"
21646,1,in_invoice,S/FRA/2024/0917,482,sent,"{
    'CSV': '9MHDP2YFVYJ5L5EL',
    'DatosPresentacion': {
        'NIFPresentador': 'B74125311',
        'TimestampPre"
21668,1,in_invoice,S/FRA/2024/0912,8839/24,sent,"{
    'CSV': '28WSW6KLQ2TM2GUX',
    'DatosPresentacion': {
        'NIFPresentador': 'B74125311',
        'TimestampPre"
21671,1,in_invoice,S/FRA/2024/0910,7.712,sent,"{
    'CSV': 'RANUWXMTMBM2QWAH',
    'DatosPresentacion': {
        'NIFPresentador': 'B74125311',
        'TimestampPre"
21672,1,in_invoice,S/FRA/2024/0909,6.891,sent,"{
    'CSV': 'JW95KSGBNWNN5Y9T',
    'DatosPresentacion': {
        'NIFPresentador': 'B74125311',
        'TimestampPre"
21673,1,in_invoice,S/FRA/2024/0908,CU189105,sent,"{
    'CSV': 'DMZAQN5KLZCRBN5M',
    'DatosPresentacion': {
        'NIFPresentador': 'B74125311',
        'TimestampPre"
21674,1,in_invoice,S/FRA/2024/0907,T07621/24,sent,"{
    'CSV': 'Y7BTVJUFWBL39TSH',
    'DatosPresentacion': {
        'NIFPresentador': 'B74125311',
        'TimestampPre"
21676,1,in_invoice,S/FRA/2024/0906,181B/2024,sent,"{
    'CSV': 'QRTFZ396LYZSVEH3',
    'DatosPresentacion': {
        'NIFPresentador': 'B74125311',
        'TimestampPre"
21464,1,in_invoice,S/FRA/2024/0903,160737,sent,"{
    'CSV': 'WTXCVA939USJ7TTH',
    'DatosPresentacion': {
        'NIFPresentador': 'B74125311',
        'TimestampPre"
21486,1,in_invoice,S/FRA/2024/0902,F162-2024,sent,"{
    'CSV': 'AWZY5NUNDVHV2ERS',
    'DatosPresentacion': {
        'NIFPresentador': 'B74125311',
        'TimestampPre"
21537,1,in_invoice,S/FRA/2024/0901,E/-19,sent,"{
    'CSV': 'VXPZPLGB37NGEVHH',
    'DatosPresentacion': {
        'NIFPresentador': 'B74125311',
        'TimestampPre"
21452,1,in_invoice,S/FRA/2024/0899,2963703,sent,"{
    'CSV': '3XBCANCPYARG6SNN',
    'DatosPresentacion': {
        'NIFPresentador': 'B74125311',
        'TimestampPre"
21453,1,in_invoice,S/FRA/2024/0898,FRO20242021721,sent,"{
    'CSV': 'XAGADPMT6RBBCA2V',
    'DatosPresentacion': {
        'NIFPresentador': 'B74125311',
        'TimestampPre"
21454,1,in_invoice,S/FRA/2024/0897,24/ 678,sent,"{
    'CSV': 'EBW7EA88GWUYWPER',
    'DatosPresentacion': {
        'NIFPresentador': 'B74125311',
        'TimestampPre"
21455,1,in_invoice,S/FRA/2024/0896,24/ 679,sent,"{
    'CSV': 'D9UH76SFT5PEC3S6',
    'DatosPresentacion': {
        'NIFPresentador': 'B74125311',
        'TimestampPre"
21456,1,in_invoice,S/FRA/2024/0895,24/ 680,sent,"{
    'CSV': '6D9PSQZ72S69ZJXR',
    'DatosPresentacion': {
        'NIFPresentador': 'B74125311',
        'TimestampPre"
21457,1,in_invoice,S/FRA/2024/0894,FM24-2752,sent,"{
    'CSV': 'RZZSKUECVYC6XY6J',
    'DatosPresentacion': {
        'NIFPresentador': 'B74125311',
        'TimestampPre"
21458,1,in_invoice,S/FRA/2024/0893,FM24-2820,sent,"{
    'CSV': 'SJKLV7G72VSV3RGZ',
    'DatosPresentacion': {
        'NIFPresentador': 'B74125311',
        'TimestampPre"
21459,1,in_invoice,S/FRA/2024/0892,000D007313,sent_modified,"{
    'CSV': 'L2NPYLZB8RVY6T3A',
    'DatosPresentacion': {
        'NIFPresentador': 'B74125311',
        'TimestampPre"
21460,1,in_invoice,S/FRA/2024/0891,000320,sent,"{
    'CSV': 'SQP9MXN8QVTBR8TS',
    'DatosPresentacion': {
        'NIFPresentador': 'B74125311',
        'TimestampPre"
21461,1,in_invoice,S/FRA/2024/0890,000321,sent,"{
    'CSV': 'WEUK4NBM3JZHTXYE',
    'DatosPresentacion': {
        'NIFPresentador': 'B74125311',
        'TimestampPre"
21462,1,in_invoice,S/FRA/2024/0889,5/2024,sent,"{
    'CSV': '7DKZS2USUPKPKMNU',
    'DatosPresentacion': {
        'NIFPresentador': 'B74125311',
        'TimestampPre"
21478,1,in_invoice,S/FRA/2024/0887,A2408396,sent,"{
    'CSV': '6PZZERKGNAXTW9MH',
    'DatosPresentacion': {
        'NIFPresentador': 'B74125311',
        'TimestampPre"
21479,1,in_invoice,S/FRA/2024/0886,001570,sent,"{
    'CSV': 'A93WLYJXCQ8JCCNE',
    'DatosPresentacion': {
        'NIFPresentador': 'B74125311',
        'TimestampPre"
21480,1,in_invoice,S/FRA/2024/0885,124,sent,"{
    'CSV': '8N4Z8Z26V45XZMVH',
    'DatosPresentacion': {
        'NIFPresentador': 'B74125311',
        'TimestampPre"
21481,1,in_invoice,S/FRA/2024/0884,1,sent,"{
    'CSV': '7WUE4CRJ5ENT5MPL',
    'DatosPresentacion': {
        'NIFPresentador': 'B74125311',
        'TimestampPre"
21487,1,in_invoice,S/FRA/2024/0883,8.414,sent,"{
    'CSV': 'EEY99BQWKTFXHGRU',
    'DatosPresentacion': {
        'NIFPresentador': 'B74125311',
        'TimestampPre"
21511,1,in_invoice,S/FRA/2024/0882,VARIOS2400025595,sent,"{
    'CSV': '6PA9UHL76RNNHK8C',
    'DatosPresentacion': {
        'NIFPresentador': 'B74125311',
        'TimestampPre"
21539,1,in_invoice,S/FRA/2024/0872,5.402/F,sent,"{
    'CSV': 'B6V7SG4YG3J5YJPD',
    'DatosPresentacion': {
        'NIFPresentador': 'B74125311',
        'TimestampPre"
21596,1,in_invoice,S/FRA/2024/0869,012-24/25,sent,"{
    'CSV': 'K4QZBJNFVMSD4G5V',
    'DatosPresentacion': {
        'NIFPresentador': 'B74125311',
        'TimestampPre"
21597,1,in_invoice,S/FRA/2024/0868,013/24/25,sent,"{
    'CSV': 'R93DFQWPUB97M5DS',
    'DatosPresentacion': {
        'NIFPresentador': 'B74125311',
        'TimestampPre"
21315,1,in_invoice,S/FRA/2024/0867,2-2024,sent,"{
    'CSV': 'G4NPEN89RX34YKYS',
    'DatosPresentacion': {
        'NIFPresentador': 'B74125311',
        'TimestampPre"
21379,1,in_invoice,S/FRA/2024/0866,TB-2024-F 48,sent,"{
    'CSV': 'NB2A69N2WZPH92N7',
    'DatosPresentacion': {
        'NIFPresentador': 'B74125311',
        'TimestampPre"
21380,1,in_invoice,S/FRA/2024/0865,TB-2024-F 49,sent,"{
    'CSV': 'JBXW6EL39WDWC8KL',
    'DatosPresentacion': {
        'NIFPresentador': 'B74125311',
        'TimestampPre"
21381,1,in_invoice,S/FRA/2024/0864,TB-2024-F 51,sent,"{
    'CSV': 'LVVF96Z76TNNU8CN',
    'DatosPresentacion': {
        'NIFPresentador': 'B74125311',
        'TimestampPre"
21447,1,in_invoice,S/FRA/2024/0863,16,sent,"{
    'CSV': '77JNZVAPMKQ2MWYB',
    'DatosPresentacion': {
        'NIFPresentador': 'B74125311',
        'TimestampPre"
21448,1,in_invoice,S/FRA/2024/0862,67,sent,"{
    'CSV': 'S9YD96P8F6UU3GUE',
    'DatosPresentacion': {
        'NIFPresentador': 'B74125311',
        'TimestampPre"
21449,1,in_invoice,S/FRA/2024/0861,24/27,sent,"{
    'CSV': 'X54EL3HE8XBH4MXL',
    'DatosPresentacion': {
        'NIFPresentador': 'B74125311',
        'TimestampPre"
21451,1,in_invoice,S/FRA/2024/0860,107/EST,sent,"{
    'CSV': 'ZD8SB2CXAUQ8C5GA',
    'DatosPresentacion': {
        'NIFPresentador': 'B74125311',
        'TimestampPre"
21331,1,in_invoice,S/FRA/2024/0859,8.210,sent,"{
    'CSV': '8Y5YXVMURN7AQHRY',
    'DatosPresentacion': {
        'NIFPresentador': 'B74125311',
        'TimestampPre"
21328,1,in_invoice,S/FRA/2024/0858,8.112,sent,"{
    'CSV': 'KXKKFDBH2ZY6PCWY',
    'DatosPresentacion': {
        'NIFPresentador': 'B74125311',
        'TimestampPre"
21327,1,in_invoice,S/FRA/2024/0857,8.114,sent,"{
    'CSV': 'Q2PC98LVTVBWW8DS',
    'DatosPresentacion': {
        'NIFPresentador': 'B74125311',
        'TimestampPre"
21326,1,in_invoice,S/FRA/2024/0856,9/24,sent,"{
    'CSV': 'PQP3UAHKR8PHGFEF',
    'DatosPresentacion': {
        'NIFPresentador': 'B74125311',
        'TimestampPre"
21312,1,in_invoice,S/FRA/2024/0855,008/2024,sent,"{
    'CSV': 'BHGNQ236LTD8QVUQ',
    'DatosPresentacion': {
        'NIFPresentador': 'B74125311',
        'TimestampPre"
21313,1,in_invoice,S/FRA/2024/0854,16/24,sent,"{
    'CSV': 'JC7DEEBZM6E8TB6S',
    'DatosPresentacion': {
        'NIFPresentador': 'B74125311',
        'TimestampPre"
21330,1,in_invoice,S/FRA/2024/0853,8.253,sent,"{
    'CSV': 'T63PT74B4QWTYDGS',
    'DatosPresentacion': {
        'NIFPresentador': 'B74125311',
        'TimestampPre"
21329,1,in_invoice,S/FRA/2024/0852,8.256,sent,"{
    'CSV': '4ERPZKCZXDG3UVL5',
    'DatosPresentacion': {
        'NIFPresentador': 'B74125311',
        'TimestampPre"
21314,1,in_invoice,S/FRA/2024/0851,13/2024,sent,"{
    'CSV': 'XP29UP7HDWFVN4J7',
    'DatosPresentacion': {
        'NIFPresentador': 'B74125311',
        'TimestampPre"
21311,1,in_invoice,S/FRA/2024/0850,05/2024,sent,"{
    'CSV': 'WDRQYTARDDN2QE7S',
    'DatosPresentacion': {
        'NIFPresentador': 'B74125311',
        'TimestampPre"
21310,1,in_invoice,S/FRA/2024/0849,025/2024,sent,"{
    'CSV': '22Z9E6DKXX3KRD27',
    'DatosPresentacion': {
        'NIFPresentador': 'B74125311',
        'TimestampPre"
21325,1,in_invoice,S/FRA/2024/0848,09/2024,sent,"{
    'CSV': '3RQW8VZW6K2D3KTF',
    'DatosPresentacion': {
        'NIFPresentador': 'B74125311',
        'TimestampPre"
21316,1,in_invoice,S/FRA/2024/0847,D24 502,sent,"{
    'CSV': 'Q6LB3LPNUUDE6H72',
    'DatosPresentacion': {
        'NIFPresentador': 'B74125311',
        'TimestampPre"
21383,1,in_invoice,S/FRA/2024/0846,18742401P0271632,sent,"{
    'CSV': '9WZYHD7E5CKTB9KM',
    'DatosPresentacion': {
        'NIFPresentador': 'B74125311',
        'TimestampPre"
21366,1,in_invoice,S/FRA/2024/0845,N242042775,sent,"{
    'CSV': '49E7JF2LUHGBNMED',
    'DatosPresentacion': {
        'NIFPresentador': 'B74125311',
        'TimestampPre"
21306,1,in_invoice,S/FRA/2024/0844,129/2024,sent,"{
    'CSV': 'RN4S5L3KRHHTCQ4Y',
    'DatosPresentacion': {
        'NIFPresentador': 'B74125311',
        'TimestampPre"
21305,1,in_invoice,S/FRA/2024/0843,01 2024 FGL,sent,"{
    'CSV': 'MY4MPHJ7WHCGYLEE',
    'DatosPresentacion': {
        'NIFPresentador': 'B74125311',
        'TimestampPre"
21367,1,in_invoice,S/FRA/2024/0842,N240068654,sent,"{
    'CSV': 'DPCUSYYXTP3TTR39',
    'DatosPresentacion': {
        'NIFPresentador': 'B74125311',
        'TimestampPre"
21362,1,in_invoice,S/FRA/2024/0841,25/2024,sent,"{
    'CSV': '9WKQ9FTYSYYUXUAK',
    'DatosPresentacion': {
        'NIFPresentador': 'B74125311',
        'TimestampPre"
21378,1,in_invoice,S/FRA/2024/0840,0201-2024,sent,"{
    'CSV': 'NQ3MNEUBDQ89EZFE',
    'DatosPresentacion': {
        'NIFPresentador': 'B74125311',
        'TimestampPre"
21161,1,in_invoice,S/FRA/2024/0839,ES45G11ABEY,sent,"{
    'CSV': 'QJXWLG6H6JHYHS6J',
    'DatosPresentacion': {
        'NIFPresentador': 'B74125311',
        'TimestampPre"
21178,1,in_invoice,S/FRA/2024/0838,003.11.2024,sent,"{
    'CSV': 'G8MSM7KL95ZPWHK3',
    'DatosPresentacion': {
        'NIFPresentador': 'B74125311',
        'TimestampPre"
21332,1,in_invoice,S/FRA/2024/0837,1-013/2024,sent,"{
    'CSV': 'JNPSE3NYATAPW5FS',
    'DatosPresentacion': {
        'NIFPresentador': 'B74125311',
        'TimestampPre"
21424,1,in_invoice,S/FRA/2024/0836,8.348,sent,"{
    'CSV': 'GB5E7LQV5RYFZBKN',
    'DatosPresentacion': {
        'NIFPresentador': 'B74125311',
        'TimestampPre"
21384,1,in_invoice,S/FRA/2024/0835,24-0043,sent,"{
    'CSV': 'DHCRJ65KGTK958PH',
    'DatosPresentacion': {
        'NIFPresentador': 'B74125311',
        'TimestampPre"
21382,1,in_invoice,S/FRA/2024/0834,05/2024,sent,"{
    'CSV': 'UTF33YCW86JSCHPZ',
    'DatosPresentacion': {
        'NIFPresentador': 'B74125311',
        'TimestampPre"
21333,1,in_invoice,S/FRA/2024/0833,0199-2024,sent,"{
    'CSV': 'KJ4RVKQBZVZ9WWVT',
    'DatosPresentacion': {
        'NIFPresentador': 'B74125311',
        'TimestampPre"
21289,1,in_invoice,S/FRA/2024/0832,2024A/0001,sent,"{
    'CSV': 'BAKC8YJHEC9SUP8K',
    'DatosPresentacion': {
        'NIFPresentador': 'B74125311',
        'TimestampPre"
21400,1,in_invoice,S/FRA/2024/0831,AF/3052/01,sent,"{
    'CSV': 'TGNM5SWDD43D53MR',
    'DatosPresentacion': {
        'NIFPresentador': 'B74125311',
        'TimestampPre"
21254,1,in_invoice,S/FRA/2024/0830,2894329,sent,"{
    'CSV': 'PSXRZECUAFJNKDVT',
    'DatosPresentacion': {
        'NIFPresentador': 'B74125311',
        'TimestampPre"
21364,1,in_invoice,S/FRA/2024/0829,AF/3047/01,sent,"{
    'CSV': 'X76LMZV5F2SJ8SH2',
    'DatosPresentacion': {
        'NIFPresentador': 'B74125311',
        'TimestampPre"
21363,1,in_invoice,S/FRA/2024/0828,AF/3046/01,sent,"{
    'CSV': 'ECEK4DAF3G25DHWV',
    'DatosPresentacion': {
        'NIFPresentador': 'B74125311',
        'TimestampPre"
21361,1,in_invoice,S/FRA/2024/0827,AF/3045/01,sent,"{
    'CSV': 'EDS54PUJHLX36S4E',
    'DatosPresentacion': {
        'NIFPresentador': 'B74125311',
        'TimestampPre"
21360,1,in_invoice,S/FRA/2024/0826,AF/3044/01,sent,"{
    'CSV': '64W3KKJSEBMZ4TJZ',
    'DatosPresentacion': {
        'NIFPresentador': 'B74125311',
        'TimestampPre"
21358,1,in_invoice,S/FRA/2024/0825,AF/3043/01,sent,"{
    'CSV': 'HP4DGWAS38EBRH4Q',
    'DatosPresentacion': {
        'NIFPresentador': 'B74125311',
        'TimestampPre"
21357,1,in_invoice,S/FRA/2024/0824,AF/1423/01,sent,"{
    'CSV': '2ZQX5634KMQEJDM7',
    'DatosPresentacion': {
        'NIFPresentador': 'B74125311',
        'TimestampPre"
21160,1,in_invoice,S/FRA/2024/0823,P1-2024,sent,"{
    'CSV': 'UNWAG56ABBZDRUGJ',
    'DatosPresentacion': {
        'NIFPresentador': 'B74125311',
        'TimestampPre"
21176,1,in_invoice,S/FRA/2024/0822,06/24,sent,"{
    'CSV': '9JXGUQKLLEDFLWRR',
    'DatosPresentacion': {
        'NIFPresentador': 'B74125311',
        'TimestampPre"
21177,1,in_invoice,S/FRA/2024/0821,A324621,sent,"{
    'CSV': 'H2NA6HV828SRRSUE',
    'DatosPresentacion': {
        'NIFPresentador': 'B74125311',
        'TimestampPre"
21218,1,in_invoice,S/FRA/2024/0820,18/2024,sent,"{
    'CSV': 'SRSNUWZZXLVJR5D5',
    'DatosPresentacion': {
        'NIFPresentador': 'B74125311',
        'TimestampPre"
21252,1,in_invoice,S/FRA/2024/0819,24334,sent,"{
    'CSV': 'H8ZLNQEWGJAYMTXX',
    'DatosPresentacion': {
        'NIFPresentador': 'B74125311',
        'TimestampPre"
21253,1,in_invoice,S/FRA/2024/0818,A/154,sent,"{
    'CSV': 'U2TERP9UG5RABD8E',
    'DatosPresentacion': {
        'NIFPresentador': 'B74125311',
        'TimestampPre"
21157,1,in_invoice,S/FRA/2024/0817,7.011,sent,"{
    'CSV': 'LNFNKA8W9GRWHU6B',
    'DatosPresentacion': {
        'NIFPresentador': 'B74125311',
        'TimestampPre"
21158,1,in_invoice,S/FRA/2024/0816,7.012,sent,"{
    'CSV': 'KRMWPQJ7Z8Z83X8Z',
    'DatosPresentacion': {
        'NIFPresentador': 'B74125311',
        'TimestampPre"
21159,1,in_invoice,S/FRA/2024/0815,6.988,sent,"{
    'CSV': 'J529U5YV6XSYEJHT',
    'DatosPresentacion': {
        'NIFPresentador': 'B74125311',
        'TimestampPre"
21192,1,in_invoice,S/FRA/2024/0814,ES45HYIABEY,sent,"{
    'CSV': '5K9CZ3GCMVTFPU3F',
    'DatosPresentacion': {
        'NIFPresentador': 'B74125311',
        'TimestampPre"
21219,1,in_invoice,S/FRA/2024/0813,147 - 11 / 24,sent,"{
    'CSV': 'U2DGJCNQEENQEG36',
    'DatosPresentacion': {
        'NIFPresentador': 'B74125311',
        'TimestampPre"
21154,1,in_invoice,S/FRA/2024/0807,7.711 A,sent,"{
    'CSV': 'D6YT8UBYB2KLD469',
    'DatosPresentacion': {
        'NIFPresentador': 'B74125311',
        'TimestampPre"
21151,1,in_invoice,S/FRA/2024/0804,167/2024,sent,"{
    'CSV': 'F2QDUB4PA8W553BL',
    'DatosPresentacion': {
        'NIFPresentador': 'B74125311',
        'TimestampPre"
21106,1,in_invoice,S/FRA/2024/0803,24/329,sent,"{
    'CSV': 'JGPTTUVME8M9CTHR',
    'DatosPresentacion': {
        'NIFPresentador': 'B74125311',
        'TimestampPre"
21137,1,in_invoice,S/FRA/2024/0801,24/30,sent,"{
    'CSV': 'AVU6GAXWVDMKK5CX',
    'DatosPresentacion': {
        'NIFPresentador': 'B74125311',
        'TimestampPre"
21149,1,in_invoice,S/FRA/2024/0799,FV22000,sent,"{
    'CSV': 'XDV7JAA3FC85ERDH',
    'DatosPresentacion': {
        'NIFPresentador': 'B74125311',
        'TimestampPre"
20918,1,in_invoice,S/FRA/2024/0795,AL 24000922,sent,"{
    'CSV': 'PRTP3J9DUT3RK6RA',
    'DatosPresentacion': {
        'NIFPresentador': 'B74125311',
        'TimestampPre"
20986,1,in_invoice,S/FRA/2024/0794,ES4567YABEY,sent,"{
    'CSV': '2LH35426XYSZPH62',
    'DatosPresentacion': {
        'NIFPresentador': 'B74125311',
        'TimestampPre"
20987,1,in_invoice,S/FRA/2024/0793,ES4567ZABEY,sent,"{
    'CSV': 'DA24QCHM5DS2TBLF',
    'DatosPresentacion': {
        'NIFPresentador': 'B74125311',
        'TimestampPre"
21011,1,in_invoice,S/FRA/2024/0792,ES457HDABEY,sent,"{
    'CSV': '8FREVG389DPB32ZR',
    'DatosPresentacion': {
        'NIFPresentador': 'B74125311',
        'TimestampPre"
21054,1,in_invoice,S/FRA/2024/0791,VF24-11-0103,sent,"{
    'CSV': 'SYA5XPBSXZP26RWV',
    'DatosPresentacion': {
        'NIFPresentador': 'B74125311',
        'TimestampPre"
21066,1,in_invoice,S/FRA/2024/0790,ES459WYABEY,sent,"{
    'CSV': 'WCFY2T7WNXVANSWB',
    'DatosPresentacion': {
        'NIFPresentador': 'B74125311',
        'TimestampPre"
21068,1,in_invoice,S/FRA/2024/0789,1TSN241100073798,sent,"{
    'CSV': 'T8XPK53XB9MGPVRU',
    'DatosPresentacion': {
        'NIFPresentador': 'B74125311',
        'TimestampPre"
21083,1,in_invoice,S/FRA/2024/0787,0120/2024,sent,"{
    'CSV': 'EL6BTZM3QN773NXD',
    'DatosPresentacion': {
        'NIFPresentador': 'B74125311',
        'TimestampPre"
21094,1,in_invoice,S/FRA/2024/0781,ES45CY1ABEY,sent,"{
    'CSV': 'JJHY3T56FYJ6ZKJC',
    'DatosPresentacion': {
        'NIFPresentador': 'B74125311',
        'TimestampPre"
21109,1,in_invoice,S/FRA/2024/0778,ES45DINABEY,sent,"{
    'CSV': 'HCT9E422MLF2QELD',
    'DatosPresentacion': {
        'NIFPresentador': 'B74125311',
        'TimestampPre"
21110,1,in_invoice,S/FRA/2024/0777,ES45E3NABEY,sent,"{
    'CSV': 'YKDEUD3BZ2Q63EE6',
    'DatosPresentacion': {
        'NIFPresentador': 'B74125311',
        'TimestampPre"
21133,1,in_invoice,S/FRA/2024/0774,2024/006,sent,"{
    'CSV': '52UAP5HNZQ3T8FZS',
    'DatosPresentacion': {
        'NIFPresentador': 'B74125311',
        'TimestampPre"
21134,1,in_invoice,S/FRA/2024/0773,2024-07,sent,"{
    'CSV': '4EB9TJT78F5PJYPD',
    'DatosPresentacion': {
        'NIFPresentador': 'B74125311',
        'TimestampPre"
21135,1,in_invoice,S/FRA/2024/0772,ES45F71ABEY,sent,"{
    'CSV': '49EHBEVGGNKU98ZW',
    'DatosPresentacion': {
        'NIFPresentador': 'B74125311',
        'TimestampPre"
20960,1,in_invoice,S/FRA/2024/0768,11/2024,sent,"{
    'CSV': 'PUHF8PRU3SFWKKA6',
    'DatosPresentacion': {
        'NIFPresentador': 'B74125311',
        'TimestampPre"
20961,1,in_invoice,S/FRA/2024/0767,12/2024,sent,"{
    'CSV': 'RJYNSTL6X5KPC8YV',
    'DatosPresentacion': {
        'NIFPresentador': 'B74125311',
        'TimestampPre"
21067,1,in_invoice,S/FRA/2024/0766,A001759,sent,"{
    'CSV': 'UA4JQD2AJHKAJCCN',
    'DatosPresentacion': {
        'NIFPresentador': 'B74125311',
        'TimestampPre"
21039,1,in_invoice,S/FRA/2024/0765,24-0040,sent,"{
    'CSV': '9KWWE262H6XELLAF',
    'DatosPresentacion': {
        'NIFPresentador': 'B74125311',
        'TimestampPre"
21033,1,in_invoice,S/FRA/2024/0764,RS24 1431,sent,"{
    'CSV': '5FSJN3KN64N2U3RY',
    'DatosPresentacion': {
        'NIFPresentador': 'B74125311',
        'TimestampPre"
21000,1,in_invoice,S/FRA/2024/0763,13-2400087,sent,"{
    'CSV': 'HT99BBNV5JXVNAFF',
    'DatosPresentacion': {
        'NIFPresentador': 'B74125311',
        'TimestampPre"
20682,1,in_invoice,S/FRA/2024/0723,A-1554,sent,"{
    'CSV': '2F95UJXKN8GQMKCZ',
    'DatosPresentacion': {
        'NIFPresentador': 'B74125311',
        'TimestampPre"
20410,1,in_invoice,S/FRA/2024/0812,6.996 A,sent,"{
    'CSV': 'HUDW92F7WC455YCL',
    'DatosPresentacion': {
        'NIFPresentador': 'B74125311',
        'TimestampPre"
21152,1,in_invoice,S/FRA/2024/0811,2024001048,sent,"{
    'CSV': 'J7MYUFEW4SZBK6HV',
    'DatosPresentacion': {
        'NIFPresentador': 'B74125311',
        'TimestampPre"
21122,1,in_invoice,S/FRA/2024/0810,11-2024,sent,"{
    'CSV': '54MXS7X3UD43UP2Q',
    'DatosPresentacion': {
        'NIFPresentador': 'B74125311',
        'TimestampPre"
21123,1,in_invoice,S/FRA/2024/0809,13-2024,sent,"{
    'CSV': 'YBEURV7YEZFR66HA',
    'DatosPresentacion': {
        'NIFPresentador': 'B74125311',
        'TimestampPre"
21153,1,in_invoice,S/FRA/2024/0808,41/2024,sent,"{
    'CSV': 'D2SBYSK47N87XWD9',
    'DatosPresentacion': {
        'NIFPresentador': 'B74125311',
        'TimestampPre"
21155,1,in_invoice,S/FRA/2024/0806,024182,sent,"{
    'CSV': 'WGFDVVHHT7VNE6X5',
    'DatosPresentacion': {
        'NIFPresentador': 'B74125311',
        'TimestampPre"
21156,1,in_invoice,S/FRA/2024/0805,140-24,sent,"{
    'CSV': '77XKYJH48AT6L336',
    'DatosPresentacion': {
        'NIFPresentador': 'B74125311',
        'TimestampPre"
21136,1,in_invoice,S/FRA/2024/0802,24/29,sent,"{
    'CSV': 'N9CKH5GU8YCXULVB',
    'DatosPresentacion': {
        'NIFPresentador': 'B74125311',
        'TimestampPre"
21148,1,in_invoice,S/FRA/2024/0800,FV21971,sent,"{
    'CSV': '3Q37ARTQZZ6F93JA',
    'DatosPresentacion': {
        'NIFPresentador': 'B74125311',
        'TimestampPre"
21150,1,in_invoice,S/FRA/2024/0798,240150,sent_modified,"{
    'CSV': 'FEBCW84LAQ3WH72K',
    'DatosPresentacion': {
        'NIFPresentador': 'B74125311',
        'TimestampPre"
20704,1,in_invoice,S/FRA/2024/0797,FRO20241848771,sent,"{
    'CSV': 'YXXWVG7ZVNHFS3LY',
    'DatosPresentacion': {
        'NIFPresentador': 'B74125311',
        'TimestampPre"
20745,1,in_invoice,S/FRA/2024/0796,1370-2024,sent,"{
    'CSV': 'RYP6S7SFFKMEQ3P3',
    'DatosPresentacion': {
        'NIFPresentador': 'B74125311',
        'TimestampPre"
21082,1,in_invoice,S/FRA/2024/0788,000D006948,sent_modified,"{
    'CSV': 'DSY3H6JNH2BW76AP',
    'DatosPresentacion': {
        'NIFPresentador': 'B74125311',
        'TimestampPre"
21084,1,in_invoice,S/FRA/2024/0786,000D006949,sent,"{
    'CSV': 'G796W9SU4CFRSEMV',
    'DatosPresentacion': {
        'NIFPresentador': 'B74125311',
        'TimestampPre"
21085,1,in_invoice,S/FRA/2024/0785,000D006950,sent,"{
    'CSV': 'ZVKGUTFVS2GFZ97L',
    'DatosPresentacion': {
        'NIFPresentador': 'B74125311',
        'TimestampPre"
21086,1,in_invoice,S/FRA/2024/0784,000D006951,sent,"{
    'CSV': 'M8S7862HYXD5KB3A',
    'DatosPresentacion': {
        'NIFPresentador': 'B74125311',
        'TimestampPre"
21087,1,in_invoice,S/FRA/2024/0783,000G007542,sent,"{
    'CSV': 'JKTZ6FQRQZ8HWQRQ',
    'DatosPresentacion': {
        'NIFPresentador': 'B74125311',
        'TimestampPre"
21088,1,in_invoice,S/FRA/2024/0782,000G007543,sent,"{
    'CSV': 'AZ4J2HSX74CK5XWU',
    'DatosPresentacion': {
        'NIFPresentador': 'B74125311',
        'TimestampPre"
21107,1,in_invoice,S/FRA/2024/0780,FM24-2554,sent,"{
    'CSV': '5YF47PPAQAD5NYX5',
    'DatosPresentacion': {
        'NIFPresentador': 'B74125311',
        'TimestampPre"
21108,1,in_invoice,S/FRA/2024/0779,FM24-2486,sent,"{
    'CSV': '9NL3PYQM3LFCE6G4',
    'DatosPresentacion': {
        'NIFPresentador': 'B74125311',
        'TimestampPre"
21121,1,in_invoice,S/FRA/2024/0776,4.401/F,sent,"{
    'CSV': 'DE7WR679MM9TQ59N',
    'DatosPresentacion': {
        'NIFPresentador': 'B74125311',
        'TimestampPre"
21125,1,in_invoice,S/FRA/2024/0775,1122-2024,sent,"{
    'CSV': '8KAYTWPJ8TN85MCG',
    'DatosPresentacion': {
        'NIFPresentador': 'B74125311',
        'TimestampPre"
21055,1,in_invoice,S/FRA/2024/0771,28/2024,sent,"{
    'CSV': '95FCC5ACTXSZCE2T',
    'DatosPresentacion': {
        'NIFPresentador': 'B74125311',
        'TimestampPre"
20964,1,in_invoice,S/FRA/2024/0770,13,sent,"{
    'CSV': '38NUAK5WMJXC85VK',
    'DatosPresentacion': {
        'NIFPresentador': 'B74125311',
        'TimestampPre"
20962,1,in_invoice,S/FRA/2024/0769,155-24,sent,"{
    'CSV': 'VZX72LW8K2YF42FN',
    'DatosPresentacion': {
        'NIFPresentador': 'B74125311',
        'TimestampPre"
20984,1,in_invoice,S/FRA/2024/0762,000273,sent,"{
    'CSV': 'EVXM3N6H46Z8VQKZ',
    'DatosPresentacion': {
        'NIFPresentador': 'B74125311',
        'TimestampPre"
20982,1,in_invoice,S/FRA/2024/0761,000271,sent,"{
    'CSV': '8X78D2LJJXAY4DW3',
    'DatosPresentacion': {
        'NIFPresentador': 'B74125311',
        'TimestampPre"
20985,1,in_invoice,S/FRA/2024/0760,000274,sent,"{
    'CSV': 'ZAFYZ2DCAQG629UW',
    'DatosPresentacion': {
        'NIFPresentador': 'B74125311',
        'TimestampPre"
20983,1,in_invoice,S/FRA/2024/0759,000272,sent,"{
    'CSV': 'B5S3NRL379W767XA',
    'DatosPresentacion': {
        'NIFPresentador': 'B74125311',
        'TimestampPre"
20812,1,in_invoice,S/FRA/2024/0758,052-0010-R282659,sent,"{
    'CSV': 'CAR9ARLUBQA9YXQ6',
    'DatosPresentacion': {
        'NIFPresentador': 'B74125311',
        'TimestampPre"
20813,1,in_invoice,S/FRA/2024/0757,018-0011-R676393,sent,"{
    'CSV': 'LXNGSCFEYHVMNDHA',
    'DatosPresentacion': {
        'NIFPresentador': 'B74125311',
        'TimestampPre"
20809,1,in_invoice,S/FRA/2024/0756,1963404,sent_modified,"{
    'CSV': 'L3KES5LMESJ6WQS9',
    'DatosPresentacion': {
        'NIFPresentador': 'B74125311',
        'TimestampPre"
20703,1,in_invoice,S/FRA/2024/0755,NN-24-35833,sent,"{
    'CSV': 'CJYL4NB74T5FKPGT',
    'DatosPresentacion': {
        'NIFPresentador': 'B74125311',
        'TimestampPre"
20811,1,in_invoice,S/FRA/2024/0754,052-0010-R282657,sent,"{
    'CSV': 'JY74P3RL6EJPLQTE',
    'DatosPresentacion': {
        'NIFPresentador': 'B74125311',
        'TimestampPre"
20958,1,in_invoice,S/FRA/2024/0753,OO2024-03,sent,"{
    'CSV': 'BLGK926FDUJ8M53L',
    'DatosPresentacion': {
        'NIFPresentador': 'B74125311',
        'TimestampPre"
20959,1,in_invoice,S/FRA/2024/0752,OO2024-04,sent,"{
    'CSV': '6KWCL9V2TF5HPPCJ',
    'DatosPresentacion': {
        'NIFPresentador': 'B74125311',
        'TimestampPre"
20686,1,in_invoice,S/FRA/2024/0751,04/2024,sent,"{
    'CSV': '9VPETUJNYP79TE3G',
    'DatosPresentacion': {
        'NIFPresentador': 'B74125311',
        'TimestampPre"
20624,1,in_invoice,S/FRA/2024/0750,24-0038,sent,"{
    'CSV': 'WLRH4SW6WWKYS8GC',
    'DatosPresentacion': {
        'NIFPresentador': 'B74125311',
        'TimestampPre"
20068,1,in_invoice,S/FRA/2024/0749,FO4/1675,sent,"{
    'CSV': 'FTTGD32B3M3FY3W7',
    'DatosPresentacion': {
        'NIFPresentador': 'B74125311',
        'TimestampPre"
20081,1,in_invoice,S/FRA/2024/0748,FA 242212,sent,"{
    'CSV': 'YRHVFEZYC9BS9T4T',
    'DatosPresentacion': {
        'NIFPresentador': 'B74125311',
        'TimestampPre"
20109,1,in_invoice,S/FRA/2024/0747,FM24-2271,sent,"{
    'CSV': 'B3MKJQW2T9ZQPGBT',
    'DatosPresentacion': {
        'NIFPresentador': 'B74125311',
        'TimestampPre"
20149,1,in_invoice,S/FRA/2024/0746,8526/24,sent,"{
    'CSV': 'F6A4VDYFERTLG5YC',
    'DatosPresentacion': {
        'NIFPresentador': 'B74125311',
        'TimestampPre"
20198,1,in_invoice,S/FRA/2024/0745,24/323,sent,"{
    'CSV': 'GW2Z7P3KE5B6MA42',
    'DatosPresentacion': {
        'NIFPresentador': 'B74125311',
        'TimestampPre"
20425,1,in_invoice,S/FRA/2024/0744,00005742,sent,"{
    'CSV': 'H4H7ANH6PX523U64',
    'DatosPresentacion': {
        'NIFPresentador': 'B74125311',
        'TimestampPre"
20446,1,in_invoice,S/FRA/2024/0743,13-2400077,sent,"{
    'CSV': 'XPDAEDQBDAG3WU8B',
    'DatosPresentacion': {
        'NIFPresentador': 'B74125311',
        'TimestampPre"
20603,1,in_invoice,S/FRA/2024/0742,05/2024,sent,"{
    'CSV': 'UWXFUJGLFANDNKC2',
    'DatosPresentacion': {
        'NIFPresentador': 'B74125311',
        'TimestampPre"
20654,1,in_invoice,S/FRA/2024/0741,ES45285ABEY,sent,"{
    'CSV': 'XCP8E5Q65RDMXWQZ',
    'DatosPresentacion': {
        'NIFPresentador': 'B74125311',
        'TimestampPre"
20655,1,in_invoice,S/FRA/2024/0740,49486,sent,"{
    'CSV': 'BKWLHHLH63Q9KPAH',
    'DatosPresentacion': {
        'NIFPresentador': 'B74125311',
        'TimestampPre"
20656,1,in_invoice,S/FRA/2024/0739,49487,sent,"{
    'CSV': 'CQX7HHWSXLMNUK9E',
    'DatosPresentacion': {
        'NIFPresentador': 'B74125311',
        'TimestampPre"
20657,1,in_invoice,S/FRA/2024/0738,4240900076,sent,"{
    'CSV': 'QGWYC6KR42F9N32F',
    'DatosPresentacion': {
        'NIFPresentador': 'B74125311',
        'TimestampPre"
20668,1,in_invoice,S/FRA/2024/0737,A-V2024-00004617024,sent,"{
    'CSV': '3UP6GLDAC6VFSY4B',
    'DatosPresentacion': {
        'NIFPresentador': 'B74125311',
        'TimestampPre"
20669,1,in_invoice,S/FRA/2024/0736,95-224998,sent,"{
    'CSV': 'SEY48KY85Y63MK4Y',
    'DatosPresentacion': {
        'NIFPresentador': 'B74125311',
        'TimestampPre"
20670,1,in_invoice,S/FRA/2024/0735,A-V2024-00004632141,sent,"{
    'CSV': 'S5SRHRRVQHSAH9UF',
    'DatosPresentacion': {
        'NIFPresentador': 'B74125311',
        'TimestampPre"
20671,1,in_invoice,S/FRA/2024/0734,A-V2024-00004715683,sent,"{
    'CSV': 'D29HRLP8A5EFDZ2S',
    'DatosPresentacion': {
        'NIFPresentador': 'B74125311',
        'TimestampPre"
20672,1,in_invoice,S/FRA/2024/0733,A-V2024-00004747259,sent,"{
    'CSV': 'PEFRQEKZUVSBQVXQ',
    'DatosPresentacion': {
        'NIFPresentador': 'B74125311',
        'TimestampPre"
20673,1,in_invoice,S/FRA/2024/0732,2024019231,sent,"{
    'CSV': 'WAK8CTANUUVTPPYA',
    'DatosPresentacion': {
        'NIFPresentador': 'B74125311',
        'TimestampPre"
20674,1,in_invoice,S/FRA/2024/0731,002-0010-095721,sent,"{
    'CSV': 'YLHV3WZZXYVZKXXX',
    'DatosPresentacion': {
        'NIFPresentador': 'B74125311',
        'TimestampPre"
20675,1,in_invoice,S/FRA/2024/0730,A/ 3062 /2024,sent,"{
    'CSV': 'A2BWAMH3SF8JTCJJ',
    'DatosPresentacion': {
        'NIFPresentador': 'B74125311',
        'TimestampPre"
20676,1,in_invoice,S/FRA/2024/0729,12383/100000033,sent,"{
    'CSV': 'A6L6EKWPPK9VFXJ3',
    'DatosPresentacion': {
        'NIFPresentador': 'B74125311',
        'TimestampPre"
20677,1,in_invoice,S/FRA/2024/0728,A/000188/24,sent,"{
    'CSV': 'QD859KCWBM6WHAV6',
    'DatosPresentacion': {
        'NIFPresentador': 'B74125311',
        'TimestampPre"
20678,1,in_invoice,S/FRA/2024/0727,TB081920,sent,"{
    'CSV': '2E7B6ECPK638SE36',
    'DatosPresentacion': {
        'NIFPresentador': 'B74125311',
        'TimestampPre"
20679,1,in_invoice,S/FRA/2024/0726,00001TB221376,sent,"{
    'CSV': '8ARB7VRGX3SDJWTA',
    'DatosPresentacion': {
        'NIFPresentador': 'B74125311',
        'TimestampPre"
20680,1,in_invoice,S/FRA/2024/0725,62,sent,"{
    'CSV': '6KFPQUFG4XW42MR7',
    'DatosPresentacion': {
        'NIFPresentador': 'B74125311',
        'TimestampPre"
20681,1,in_invoice,S/FRA/2024/0724,A2407422,sent,"{
    'CSV': 'W6U97CJKDCZK3UJN',
    'DatosPresentacion': {
        'NIFPresentador': 'B74125311',
        'TimestampPre"
20602,1,in_invoice,S/FRA/2024/0722,E/-18,sent,"{
    'CSV': 'KNQD9FKSUXV493GN',
    'DatosPresentacion': {
        'NIFPresentador': 'B74125311',
        'TimestampPre"
20582,1,in_invoice,S/FRA/2024/0721,18742401P0261782,sent,"{
    'CSV': 'GEKKLFPQP4L86RRA',
    'DatosPresentacion': {
        'NIFPresentador': 'B74125311',
        'TimestampPre"
20596,1,in_invoice,S/FRA/2024/0720,04/2024,sent,"{
    'CSV': 'AQVJDVQ3UM7P9D7F',
    'DatosPresentacion': {
        'NIFPresentador': 'B74125311',
        'TimestampPre"
20597,1,in_invoice,S/FRA/2024/0719,10/2024,sent,"{
    'CSV': 'HGTMGRUZH84S5KGM',
    'DatosPresentacion': {
        'NIFPresentador': 'B74125311',
        'TimestampPre"
20598,1,in_invoice,S/FRA/2024/0718,6,sent,"{
    'CSV': 'RD4T7JBAGFDZA7G3',
    'DatosPresentacion': {
        'NIFPresentador': 'B74125311',
        'TimestampPre"
20599,1,in_invoice,S/FRA/2024/0717,08/2024,sent,"{
    'CSV': 'XBMZQS9CGSASMKP3',
    'DatosPresentacion': {
        'NIFPresentador': 'B74125311',
        'TimestampPre"
20600,1,in_invoice,S/FRA/2024/0716,35/2024,sent,"{
    'CSV': 'AFEK92P4PSKG67LQ',
    'DatosPresentacion': {
        'NIFPresentador': 'B74125311',
        'TimestampPre"
20601,1,in_invoice,S/FRA/2024/0715,36/2024,sent,"{
    'CSV': 'AKDFNWSJ8N3W4YGC',
    'DatosPresentacion': {
        'NIFPresentador': 'B74125311',
        'TimestampPre"
20535,1,in_invoice,S/FRA/2024/0714,202409214,sent,"{
    'CSV': 'Z2Y4R37RB8QB96JG',
    'DatosPresentacion': {
        'NIFPresentador': 'B74125311',
        'TimestampPre"
20524,1,in_invoice,S/FRA/2024/0713,3,sent,"{
    'CSV': 'KRUQJHS98ZTPBM9V',
    'DatosPresentacion': {
        'NIFPresentador': 'B74125311',
        'TimestampPre"
20580,1,in_invoice,S/FRA/2024/0712,0242023452,sent_modified,"{
    'CSV': 'ECGGLE9L6CMQKR57',
    'DatosPresentacion': {
        'NIFPresentador': 'B74125311',
        'TimestampPre"
20503,1,in_invoice,S/FRA/2024/0711,8-2024,sent,"{
    'CSV': '6R9UNXCKFT6335XK',
    'DatosPresentacion': {
        'NIFPresentador': 'B74125311',
        'TimestampPre"
20502,1,in_invoice,S/FRA/2024/0710,1-2024,sent,"{
    'CSV': '7RG48USHTTD74Y9C',
    'DatosPresentacion': {
        'NIFPresentador': 'B74125311',
        'TimestampPre"
20570,1,in_invoice,S/FRA/2024/0709,312-KF24-11861,sent,"{
    'CSV': '4UWTYC28Q7QKDHPJ',
    'DatosPresentacion': {
        'NIFPresentador': 'B74125311',
        'TimestampPre"
20569,1,in_invoice,S/FRA/2024/0708,A10019238361-1024,sent,"{
    'CSV': 'VYJEACDNZ6VRSEND',
    'DatosPresentacion': {
        'NIFPresentador': 'B74125311',
        'TimestampPre"
20568,1,in_invoice,S/FRA/2024/0707,A10019201739-1024,sent,"{
    'CSV': 'XYQE7S6F9K2V8PPZ',
    'DatosPresentacion': {
        'NIFPresentador': 'B74125311',
        'TimestampPre"
20557,1,in_invoice,S/FRA/2024/0706,1155,sent,"{
    'CSV': 'XHKG6DZKDBNEPWEM',
    'DatosPresentacion': {
        'NIFPresentador': 'B74125311',
        'TimestampPre"
20537,1,in_invoice,S/FRA/2024/0705,130 - 10 / 24,sent,"{
    'CSV': 'TZKUU9DCMND7YP9D',
    'DatosPresentacion': {
        'NIFPresentador': 'B74125311',
        'TimestampPre"
20536,1,in_invoice,S/FRA/2024/0704,024.060,sent,"{
    'CSV': '3T5K87T5NW5UHBPY',
    'DatosPresentacion': {
        'NIFPresentador': 'B74125311',
        'TimestampPre"
20558,1,in_invoice,S/FRA/2024/0703,16/24,sent,"{
    'CSV': 'FE2ENH22LE2FWUD3',
    'DatosPresentacion': {
        'NIFPresentador': 'B74125311',
        'TimestampPre"
20556,1,in_invoice,S/FRA/2024/0702,F146-2024,sent,"{
    'CSV': 'T9GKYY9FD42JSUVQ',
    'DatosPresentacion': {
        'NIFPresentador': 'B74125311',
        'TimestampPre"
20505,1,in_invoice,S/FRA/2024/0701,2024-298,sent,"{
    'CSV': '228ZBH5RZ5V7XDZH',
    'DatosPresentacion': {
        'NIFPresentador': 'B74125311',
        'TimestampPre"
20504,1,in_invoice,S/FRA/2024/0700,2024 A 0000201,sent,"{
    'CSV': 'TLEAM2QK6EUTETZ4',
    'DatosPresentacion': {
        'NIFPresentador': 'B74125311',
        'TimestampPre"
20329,1,in_invoice,S/FRA/2024/0699,F139-2024,sent,"{
    'CSV': 'GP2Z634VWTF53XBD',
    'DatosPresentacion': {
        'NIFPresentador': 'B74125311',
        'TimestampPre"
20447,1,in_invoice,S/FRA/2024/0698,D24 439,sent,"{
    'CSV': 'X2CVPSDXRD9EBELD',
    'DatosPresentacion': {
        'NIFPresentador': 'B74125311',
        'TimestampPre"
20459,1,in_invoice,S/FRA/2024/0697,93,sent,"{
    'CSV': 'X69VG4NVAW2GNAS3',
    'DatosPresentacion': {
        'NIFPresentador': 'B74125311',
        'TimestampPre"
20449,1,in_invoice,S/FRA/2024/0696,5,sent,"{
    'CSV': 'FXWCW4G4D4E5CRN6',
    'DatosPresentacion': {
        'NIFPresentador': 'B74125311',
        'TimestampPre"
20448,1,in_invoice,S/FRA/2024/0695,010/2024,sent,"{
    'CSV': 'M6QR2PE3DNS6S9B8',
    'DatosPresentacion': {
        'NIFPresentador': 'B74125311',
        'TimestampPre"
20403,1,in_invoice,S/FRA/2024/0694,118/2024,sent,"{
    'CSV': 'E2TC5U3JXYVC8WLZ',
    'DatosPresentacion': {
        'NIFPresentador': 'B74125311',
        'TimestampPre"
20404,1,in_invoice,S/FRA/2024/0693,119/2024,sent,"{
    'CSV': '7M9JCQZQLFPPKWFA',
    'DatosPresentacion': {
        'NIFPresentador': 'B74125311',
        'TimestampPre"
20402,1,in_invoice,S/FRA/2024/0692,117/2024,sent,"{
    'CSV': 'HKXLYXXA55VQ6888',
    'DatosPresentacion': {
        'NIFPresentador': 'B74125311',
        'TimestampPre"
20401,1,in_invoice,S/FRA/2024/0691,116/2024,sent,"{
    'CSV': '9V25C5WUDU8UZ95J',
    'DatosPresentacion': {
        'NIFPresentador': 'B74125311',
        'TimestampPre"
20465,1,in_invoice,S/FRA/2024/0690,P-167,sent,"{
    'CSV': 'NJZ27X9Z9YHUC3L9',
    'DatosPresentacion': {
        'NIFPresentador': 'B74125311',
        'TimestampPre"
20466,1,in_invoice,S/FRA/2024/0689,A2/2024,sent,"{
    'CSV': '3NP45HDMMNYB5MCP',
    'DatosPresentacion': {
        'NIFPresentador': 'B74125311',
        'TimestampPre"
20450,1,in_invoice,S/FRA/2024/0688,2024-0050,sent,"{
    'CSV': '6JQUXKHLB8VKP79M',
    'DatosPresentacion': {
        'NIFPresentador': 'B74125311',
        'TimestampPre"
20441,1,in_invoice,S/FRA/2024/0687,19/2024,sent,"{
    'CSV': 'ZS6DA2GRP9N5RALU',
    'DatosPresentacion': {
        'NIFPresentador': 'B74125311',
        'TimestampPre"
20405,1,in_invoice,S/FRA/2024/0686,120/2024,sent,"{
    'CSV': 'T5GFU5JWB7GH64FW',
    'DatosPresentacion': {
        'NIFPresentador': 'B74125311',
        'TimestampPre"
20426,1,in_invoice,S/FRA/2024/0685,VF24-10-0105,sent,"{
    'CSV': 'M4UUBD6Z87X7AXK4',
    'DatosPresentacion': {
        'NIFPresentador': 'B74125311',
        'TimestampPre"
20424,1,in_invoice,S/FRA/2024/0684,240137,sent_modified,"{
    'CSV': 'K5PEQW7VDEC8HCLQ',
    'DatosPresentacion': {
        'NIFPresentador': 'B74125311',
        'TimestampPre"
20477,1,in_invoice,S/FRA/2024/0683,P-168,sent,"{
    'CSV': 'VFVS45MPFUGRWQ8B',
    'DatosPresentacion': {
        'NIFPresentador': 'B74125311',
        'TimestampPre"
20464,1,in_invoice,S/FRA/2024/0682,P-165,sent,"{
    'CSV': '769PJ2RMQV2VCSYA',
    'DatosPresentacion': {
        'NIFPresentador': 'B74125311',
        'TimestampPre"
20462,1,in_invoice,S/FRA/2024/0681,P-164,sent,"{
    'CSV': 'KB2CDYGRPTHBNT4Q',
    'DatosPresentacion': {
        'NIFPresentador': 'B74125311',
        'TimestampPre"
20461,1,in_invoice,S/FRA/2024/0680,008,sent,"{
    'CSV': 'X8MMHVJEUPQHPAQ5',
    'DatosPresentacion': {
        'NIFPresentador': 'B74125311',
        'TimestampPre"
20463,1,in_invoice,S/FRA/2024/0679,P-166,sent,"{
    'CSV': 'BKSAM77Y8TSQFD66',
    'DatosPresentacion': {
        'NIFPresentador': 'B74125311',
        'TimestampPre"
20445,1,in_invoice,S/FRA/2024/0678,AF/1829/02,sent,"{
    'CSV': 'QD2UJDED77KHNP4J',
    'DatosPresentacion': {
        'NIFPresentador': 'B74125311',
        'TimestampPre"
20444,1,in_invoice,S/FRA/2024/0677,AF/1756/03,sent,"{
    'CSV': '54625KEP24BV4BSG',
    'DatosPresentacion': {
        'NIFPresentador': 'B74125311',
        'TimestampPre"
20443,1,in_invoice,S/FRA/2024/0676,AF/3011/01,sent,"{
    'CSV': 'HCHH5YUPKYRHLAHL',
    'DatosPresentacion': {
        'NIFPresentador': 'B74125311',
        'TimestampPre"
20230,1,in_invoice,S/FRA/2024/0671,ES44M3LABEY,sent_modified,"{
    'CSV': 'BK8KLEC48G594GCZ',
    'DatosPresentacion': {
        'NIFPresentador': 'B74125311',
        'TimestampPre"
20022,1,in_invoice,S/FRA/2024/0662,A-1397,sent,"{
    'CSV': 'H6AC7F43DNYXKXXS',
    'DatosPresentacion': {
        'NIFPresentador': 'B74125311',
        'TimestampPre"
20328,1,in_invoice,S/FRA/2024/0621,2024/00200/00000232,sent,"{
    'CSV': 'XZQV75ZZGPTN6MCU',
    'DatosPresentacion': {
        'NIFPresentador': 'B74125311',
        'TimestampPre"
20295,1,in_invoice,S/FRA/2024/0615,AL 24000819,sent,"{
    'CSV': '7MGBZ7V8AK4AU6JX',
    'DatosPresentacion': {
        'NIFPresentador': 'B74125311',
        'TimestampPre"
20285,1,in_invoice,S/FRA/2024/0591,07/2024,sent,"{
    'CSV': 'ENUEP5PFDLBNPKQL',
    'DatosPresentacion': {
        'NIFPresentador': 'B74125311',
        'TimestampPre"
20286,1,in_invoice,S/FRA/2024/0579,33,sent,"{
    'CSV': 'K2JHRWUNHEU3PMAA',
    'DatosPresentacion': {
        'NIFPresentador': 'B74125311',
        'TimestampPre"
20206,1,in_invoice,S/FRA/2024/0571,2024/066,sent,"{
    'CSV': 'KV4TTWG632Y9CX42',
    'DatosPresentacion': {
        'NIFPresentador': 'B74125311',
        'TimestampPre"
20207,1,in_invoice,S/FRA/2024/0570,40/24,sent,"{
    'CSV': 'LHLMSSU4Y45Q97RK',
    'DatosPresentacion': {
        'NIFPresentador': 'B74125311',
        'TimestampPre"
20108,1,in_invoice,S/FRA/2024/0553,7/2024,sent,"{
    'CSV': '6WBQ83BA6B99F97J',
    'DatosPresentacion': {
        'NIFPresentador': 'B74125311',
        'TimestampPre"
20150,1,in_invoice,S/FRA/2024/0549,0174-2024,sent,"{
    'CSV': 'GY8VBN9HYVMFRTHD',
    'DatosPresentacion': {
        'NIFPresentador': 'B74125311',
        'TimestampPre"
20214,1,in_invoice,S/FRA/2024/0548,1TSN241000069177,sent,"{
    'CSV': 'NQ3CJW8PS3XHUHCK',
    'DatosPresentacion': {
        'NIFPresentador': 'B74125311',
        'TimestampPre"
20153,1,in_invoice,S/FRA/2024/0545,ES44J0HABEY,sent,"{
    'CSV': 'UENKNWQRK6FKTZEJ',
    'DatosPresentacion': {
        'NIFPresentador': 'B74125311',
        'TimestampPre"
20119,1,in_invoice,S/FRA/2024/0543,ES44FAUABEY,sent,"{
    'CSV': 'YRX3TTFHGWLLBHJC',
    'DatosPresentacion': {
        'NIFPresentador': 'B74125311',
        'TimestampPre"
20083,1,in_invoice,S/FRA/2024/0542,87/2024,sent,"{
    'CSV': 'GYY9NJABXDWP9CAY',
    'DatosPresentacion': {
        'NIFPresentador': 'B74125311',
        'TimestampPre"
20021,1,in_invoice,S/FRA/2024/0538,24008CA,sent,"{
    'CSV': 'QJ24HUCX7CBZEFXM',
    'DatosPresentacion': {
        'NIFPresentador': 'B74125311',
        'TimestampPre"
19987,1,in_invoice,S/FRA/2024/0517,7/24,sent,"{
    'CSV': 'JAK2SNHZT65B2GVG',
    'DatosPresentacion': {
        'NIFPresentador': 'B74125311',
        'TimestampPre"
20810,1,in_refund,RS/FRA/2024/0008,052-0010-R282658,sent,"{
    'CSV': '82YRNTT93KE465QZ',
    'DatosPresentacion': {
        'NIFPresentador': 'B74125311',
        'TimestampPre"
20408,1,in_invoice,S/FRA/2024/0675,2024-276,sent,"{
    'CSV': 'FFNQPSTMZXLTEUGX',
    'DatosPresentacion': {
        'NIFPresentador': 'B74125311',
        'TimestampPre"
20409,1,in_invoice,S/FRA/2024/0674,6.740 A,sent,"{
    'CSV': 'EP46FUN43R4CEXWW',
    'DatosPresentacion': {
        'NIFPresentador': 'B74125311',
        'TimestampPre"
20406,1,in_invoice,S/FRA/2024/0673,33/2024,sent,"{
    'CSV': '5DB47H5SGZJWNYXE',
    'DatosPresentacion': {
        'NIFPresentador': 'B74125311',
        'TimestampPre"
20407,1,in_invoice,S/FRA/2024/0672,6.446 A,sent,"{
    'CSV': '2MJFBKHZYYQVY75B',
    'DatosPresentacion': {
        'NIFPresentador': 'B74125311',
        'TimestampPre"
19937,1,in_invoice,S/FRA/2024/0670,ES448VDABEY,sent,"{
    'CSV': '5MSNKMMMPB2WS7PC',
    'DatosPresentacion': {
        'NIFPresentador': 'B74125311',
        'TimestampPre"
19932,1,in_invoice,S/FRA/2024/0669,2,sent,"{
    'CSV': '8BBQV47FQUFYEPFQ',
    'DatosPresentacion': {
        'NIFPresentador': 'B74125311',
        'TimestampPre"
20212,1,in_invoice,S/FRA/2024/0668,A 240386,sent,"{
    'CSV': 'AWR5QQM79H6Z7VHJ',
    'DatosPresentacion': {
        'NIFPresentador': 'B74125311',
        'TimestampPre"
20211,1,in_invoice,S/FRA/2024/0667,A 240383,sent,"{
    'CSV': 'VWCK3VKVC9SRZH52',
    'DatosPresentacion': {
        'NIFPresentador': 'B74125311',
        'TimestampPre"
20210,1,in_invoice,S/FRA/2024/0666,C4/106771,sent,"{
    'CSV': 'KNM5LVFF2U8Z7CJN',
    'DatosPresentacion': {
        'NIFPresentador': 'B74125311',
        'TimestampPre"
20209,1,in_invoice,S/FRA/2024/0665,2024/038,sent,"{
    'CSV': 'ANVG7CUJWUMV2SFB',
    'DatosPresentacion': {
        'NIFPresentador': 'B74125311',
        'TimestampPre"
19879,1,in_invoice,S/FRA/2024/0664,22FG24,sent,"{
    'CSV': 'DUFA57LUTKA68AC7',
    'DatosPresentacion': {
        'NIFPresentador': 'B74125311',
        'TimestampPre"
19877,1,in_invoice,S/FRA/2024/0663,FA004485,sent_modified,"{
    'CSV': '2V4BCNNU9DTV82VR',
    'DatosPresentacion': {
        'NIFPresentador': 'B74125311',
        'TimestampPre"
20400,1,in_invoice,S/FRA/2024/0661,A 240550,sent,"{
    'CSV': 'WCJHPSZXU9Z8HZ3X',
    'DatosPresentacion': {
        'NIFPresentador': 'B74125311',
        'TimestampPre"
20398,1,in_invoice,S/FRA/2024/0660,000002 TB 012222,sent,"{
    'CSV': 'PXY5TU925DU4ZDYA',
    'DatosPresentacion': {
        'NIFPresentador': 'B74125311',
        'TimestampPre"
20397,1,in_invoice,S/FRA/2024/0659,000002 TB 011797,sent,"{
    'CSV': 'A3V8PSN5JJ28ZXN6',
    'DatosPresentacion': {
        'NIFPresentador': 'B74125311',
        'TimestampPre"
20399,1,in_invoice,S/FRA/2024/0658,000002 TB 012765,sent,"{
    'CSV': 'HRSQCJTD648GPDCT',
    'DatosPresentacion': {
        'NIFPresentador': 'B74125311',
        'TimestampPre"
20395,1,in_invoice,S/FRA/2024/0657,000002 TB 011683,sent,"{
    'CSV': '7YZ3M3NLYD45U9GK',
    'DatosPresentacion': {
        'NIFPresentador': 'B74125311',
        'TimestampPre"
20383,1,in_invoice,S/FRA/2024/0656,FMI/6514,sent,"{
    'CSV': 'S76EAPQS3LSP5ZNY',
    'DatosPresentacion': {
        'NIFPresentador': 'B74125311',
        'TimestampPre"
20385,1,in_invoice,S/FRA/2024/0655,FMI/6844,sent,"{
    'CSV': 'ZTKEK57PSUCJYK2Z',
    'DatosPresentacion': {
        'NIFPresentador': 'B74125311',
        'TimestampPre"
20384,1,in_invoice,S/FRA/2024/0654,FMI/7099,sent,"{
    'CSV': 'E3WKW6GC5C99DNCA',
    'DatosPresentacion': {
        'NIFPresentador': 'B74125311',
        'TimestampPre"
20382,1,in_invoice,S/FRA/2024/0653,FMI/7090,sent,"{
    'CSV': 'XDYVFYBMDRL57MAA',
    'DatosPresentacion': {
        'NIFPresentador': 'B74125311',
        'TimestampPre"
20380,1,in_invoice,S/FRA/2024/0652,FMI/6430,sent,"{
    'CSV': '5BCJEZLEZBQWLTSW',
    'DatosPresentacion': {
        'NIFPresentador': 'B74125311',
        'TimestampPre"
20379,1,in_invoice,S/FRA/2024/0651,FMI/6886,sent,"{
    'CSV': 'DRE536VDXHDYFMWT',
    'DatosPresentacion': {
        'NIFPresentador': 'B74125311',
        'TimestampPre"
20378,1,in_invoice,S/FRA/2024/0650,66862,sent,"{
    'CSV': 'AYNE25PFWLJBUSFJ',
    'DatosPresentacion': {
        'NIFPresentador': 'B74125311',
        'TimestampPre"
20377,1,in_invoice,S/FRA/2024/0649,2024063779,sent,"{
    'CSV': '2QUEEMW5RQEWJKER',
    'DatosPresentacion': {
        'NIFPresentador': 'B74125311',
        'TimestampPre"
20391,1,in_invoice,S/FRA/2024/0648,000002 TB 011439,sent,"{
    'CSV': 'PYNNESCMSBRGEY2B',
    'DatosPresentacion': {
        'NIFPresentador': 'B74125311',
        'TimestampPre"
20376,1,in_invoice,S/FRA/2024/0647,20240430,sent,"{
    'CSV': '7FKCMEKZHVBHGFMX',
    'DatosPresentacion': {
        'NIFPresentador': 'B74125311',
        'TimestampPre"
20374,1,in_invoice,S/FRA/2024/0646,3616,sent,"{
    'CSV': 'JEBAYNK3YYMPLVST',
    'DatosPresentacion': {
        'NIFPresentador': 'B74125311',
        'TimestampPre"
20373,1,in_invoice,S/FRA/2024/0645,3559,sent,"{
    'CSV': 'ZSWT3HSZXXRRTGQC',
    'DatosPresentacion': {
        'NIFPresentador': 'B74125311',
        'TimestampPre"
20375,1,in_invoice,S/FRA/2024/0644,3615,sent,"{
    'CSV': 'QWUHNWZKDTVPBYKP',
    'DatosPresentacion': {
        'NIFPresentador': 'B74125311',
        'TimestampPre"
20370,1,in_invoice,S/FRA/2024/0643,C4/109612,sent,"{
    'CSV': 'ESL843QBG88XCN6M',
    'DatosPresentacion': {
        'NIFPresentador': 'B74125311',
        'TimestampPre"
20372,1,in_invoice,S/FRA/2024/0642,C4/109733,sent,"{
    'CSV': '7F4NFAG4A4FNTECT',
    'DatosPresentacion': {
        'NIFPresentador': 'B74125311',
        'TimestampPre"
20369,1,in_invoice,S/FRA/2024/0641,C4/110545,sent,"{
    'CSV': 'BR5B9HC97FN5F6MN',
    'DatosPresentacion': {
        'NIFPresentador': 'B74125311',
        'TimestampPre"
20368,1,in_invoice,S/FRA/2024/0640,240008800,sent,"{
    'CSV': '6HR5QVE2W4GBUSA5',
    'DatosPresentacion': {
        'NIFPresentador': 'B74125311',
        'TimestampPre"
20342,1,in_invoice,S/FRA/2024/0639,240008767,sent,"{
    'CSV': '9P6NTFH7T3KB72SN',
    'DatosPresentacion': {
        'NIFPresentador': 'B74125311',
        'TimestampPre"
20341,1,in_invoice,S/FRA/2024/0638,240008844,sent,"{
    'CSV': 'BESGTW2UWFEB7TSA',
    'DatosPresentacion': {
        'NIFPresentador': 'B74125311',
        'TimestampPre"
20340,1,in_invoice,S/FRA/2024/0637,20240543,sent,"{
    'CSV': 'FRN3A22FTGEYHUTF',
    'DatosPresentacion': {
        'NIFPresentador': 'B74125311',
        'TimestampPre"
20339,1,in_invoice,S/FRA/2024/0636,09414001292,sent,"{
    'CSV': 'HWQHZ2AV24HVAQAL',
    'DatosPresentacion': {
        'NIFPresentador': 'B74125311',
        'TimestampPre"
20338,1,in_invoice,S/FRA/2024/0635,A 240499,sent,"{
    'CSV': 'YHVSQF6UVWQGH8SD',
    'DatosPresentacion': {
        'NIFPresentador': 'B74125311',
        'TimestampPre"
20336,1,in_invoice,S/FRA/2024/0634,000002 TB 011303,sent,"{
    'CSV': 'ESS282HSGPWBEHZJ',
    'DatosPresentacion': {
        'NIFPresentador': 'B74125311',
        'TimestampPre"
20325,1,in_invoice,S/FRA/2024/0633,240008988,sent,"{
    'CSV': 'G2XRW84Y26SYA2T4',
    'DatosPresentacion': {
        'NIFPresentador': 'B74125311',
        'TimestampPre"
20324,1,in_invoice,S/FRA/2024/0632,4.849,sent,"{
    'CSV': 'UA4Q3ZVPNK64USAB',
    'DatosPresentacion': {
        'NIFPresentador': 'B74125311',
        'TimestampPre"
20371,1,in_invoice,S/FRA/2024/0631,C4/109326,sent,"{
    'CSV': 'YJYR869W3JGZPPS5',
    'DatosPresentacion': {
        'NIFPresentador': 'B74125311',
        'TimestampPre"
20337,1,in_invoice,S/FRA/2024/0630,C4/110286,sent,"{
    'CSV': 'AWM3ZSQJSRR3KMLJ',
    'DatosPresentacion': {
        'NIFPresentador': 'B74125311',
        'TimestampPre"
20335,1,in_invoice,S/FRA/2024/0629,000002 TB 012850,sent,"{
    'CSV': 'BT37FJ9F9A49AKSF',
    'DatosPresentacion': {
        'NIFPresentador': 'B74125311',
        'TimestampPre"
20208,1,in_invoice,S/FRA/2024/0628,000002 TB 008525,sent,"{
    'CSV': 'K77T4XKB4P9SXB4G',
    'DatosPresentacion': {
        'NIFPresentador': 'B74125311',
        'TimestampPre"
20330,1,in_invoice,S/FRA/2024/0627,145285,sent,"{
    'CSV': '9YVSH9M5Z4GSKBVT',
    'DatosPresentacion': {
        'NIFPresentador': 'B74125311',
        'TimestampPre"
20331,1,in_invoice,S/FRA/2024/0626,2024017459,sent,"{
    'CSV': '5FAGMSZPVRRBWVN7',
    'DatosPresentacion': {
        'NIFPresentador': 'B74125311',
        'TimestampPre"
20332,1,in_invoice,S/FRA/2024/0625,11-24/00687,sent,"{
    'CSV': 'QRBTLGZ7EJ58K6QJ',
    'DatosPresentacion': {
        'NIFPresentador': 'B74125311',
        'TimestampPre"
20333,1,in_invoice,S/FRA/2024/0624,11-24/00688,sent,"{
    'CSV': '3US9AL5JK4Z6K5YK',
    'DatosPresentacion': {
        'NIFPresentador': 'B74125311',
        'TimestampPre"
20326,1,in_invoice,S/FRA/2024/0623,FAC-1562,sent,"{
    'CSV': 'VCGWFHTPQF9488YF',
    'DatosPresentacion': {
        'NIFPresentador': 'B74125311',
        'TimestampPre"
20327,1,in_invoice,S/FRA/2024/0622,BL7/2024/2/19197,sent,"{
    'CSV': '77GXKLDJQCUZ42DZ',
    'DatosPresentacion': {
        'NIFPresentador': 'B74125311',
        'TimestampPre"
20297,1,in_invoice,S/FRA/2024/0620,259,sent_modified,"{
    'CSV': 'VKJ6VL37SXHZYRKS',
    'DatosPresentacion': {
        'NIFPresentador': 'B74125311',
        'TimestampPre"
20320,1,in_invoice,S/FRA/2024/0619,3231,sent,"{
    'CSV': 'Q3AZ7CMYFLCSVURA',
    'DatosPresentacion': {
        'NIFPresentador': 'B74125311',
        'TimestampPre"
20321,1,in_invoice,S/FRA/2024/0618,FV24_00062,sent,"{
    'CSV': '49Q7SS4435DVUHBC',
    'DatosPresentacion': {
        'NIFPresentador': 'B74125311',
        'TimestampPre"
20003,1,in_invoice,S/FRA/2024/0617,CF/0000044696-2024,sent,"{
    'CSV': 'PGWRDU9H4DAAD587',
    'DatosPresentacion': {
        'NIFPresentador': 'B74125311',
        'TimestampPre"
20292,1,in_invoice,S/FRA/2024/0616,AL 24000526,sent,"{
    'CSV': 'Z33DPDSWE6C7RN4B',
    'DatosPresentacion': {
        'NIFPresentador': 'B74125311',
        'TimestampPre"
20294,1,in_invoice,S/FRA/2024/0614,AL 24000715,sent,"{
    'CSV': 'ZZNTQW229GENZ4DQ',
    'DatosPresentacion': {
        'NIFPresentador': 'B74125311',
        'TimestampPre"
20314,1,in_invoice,S/FRA/2024/0613,A 240488,sent,"{
    'CSV': 'PJZC5U3YJCMCLFDL',
    'DatosPresentacion': {
        'NIFPresentador': 'B74125311',
        'TimestampPre"
20307,1,in_invoice,S/FRA/2024/0612,C4 /107336,sent,"{
    'CSV': 'TNW92F6NU53TXD5Z',
    'DatosPresentacion': {
        'NIFPresentador': 'B74125311',
        'TimestampPre"
20303,1,in_invoice,S/FRA/2024/0611,FMI/4986,sent,"{
    'CSV': 'JRHJRJU83H6QK4VC',
    'DatosPresentacion': {
        'NIFPresentador': 'B74125311',
        'TimestampPre"
20310,1,in_invoice,S/FRA/2024/0610,FMI/5678,sent,"{
    'CSV': 'V6M5D6ZEUMAMAPC6',
    'DatosPresentacion': {
        'NIFPresentador': 'B74125311',
        'TimestampPre"
20313,1,in_invoice,S/FRA/2024/0609,FMI/5845,sent,"{
    'CSV': '5AV9L3LABVUSRQ5R',
    'DatosPresentacion': {
        'NIFPresentador': 'B74125311',
        'TimestampPre"
20317,1,in_invoice,S/FRA/2024/0608,A 240494,sent,"{
    'CSV': 'JXQ5W347BP9N6YL3',
    'DatosPresentacion': {
        'NIFPresentador': 'B74125311',
        'TimestampPre"
20305,1,in_invoice,S/FRA/2024/0607,FMI/5086,sent,"{
    'CSV': 'VP77UGL4J9GBPAK2',
    'DatosPresentacion': {
        'NIFPresentador': 'B74125311',
        'TimestampPre"
20296,1,in_invoice,S/FRA/2024/0606,000002 TB 008751,sent,"{
    'CSV': '4M66ZTQQJT726TBA',
    'DatosPresentacion': {
        'NIFPresentador': 'B74125311',
        'TimestampPre"
20299,1,in_invoice,S/FRA/2024/0605,000002 TB 008791,sent,"{
    'CSV': 'B8V7CRXL7Q7YES5U',
    'DatosPresentacion': {
        'NIFPresentador': 'B74125311',
        'TimestampPre"
20301,1,in_invoice,S/FRA/2024/0604,000002 TB 008878,sent,"{
    'CSV': 'PS5Y6D9X47T37HBT',
    'DatosPresentacion': {
        'NIFPresentador': 'B74125311',
        'TimestampPre"
20304,1,in_invoice,S/FRA/2024/0603,000002 TB 009105,sent,"{
    'CSV': 'WURZPBMNTPVYWDET',
    'DatosPresentacion': {
        'NIFPresentador': 'B74125311',
        'TimestampPre"
20306,1,in_invoice,S/FRA/2024/0602,A 240408,sent,"{
    'CSV': '5Z7PL8H8VA6ZQPAV',
    'DatosPresentacion': {
        'NIFPresentador': 'B74125311',
        'TimestampPre"
20291,1,in_invoice,S/FRA/2024/0601,AL 24000438,sent,"{
    'CSV': 'AZRX5KJCVTM49D5U',
    'DatosPresentacion': {
        'NIFPresentador': 'B74125311',
        'TimestampPre"
20290,1,in_invoice,S/FRA/2024/0600,AL 24000349,sent,"{
    'CSV': 'Q8XQFT6EUQY7Y267',
    'DatosPresentacion': {
        'NIFPresentador': 'B74125311',
        'TimestampPre"
20289,1,in_invoice,S/FRA/2024/0599,AL 24000284,sent,"{
    'CSV': 'G64ZQKXK9V2FKTBE',
    'DatosPresentacion': {
        'NIFPresentador': 'B74125311',
        'TimestampPre"
20288,1,in_invoice,S/FRA/2024/0598,AL 24000197,sent,"{
    'CSV': 'XW29HMEHTRM5LUJE',
    'DatosPresentacion': {
        'NIFPresentador': 'B74125311',
        'TimestampPre"
20287,1,in_invoice,S/FRA/2024/0597,AL 24000116,sent,"{
    'CSV': 'ARQUQ8XQGL6RRF8P',
    'DatosPresentacion': {
        'NIFPresentador': 'B74125311',
        'TimestampPre"
20293,1,in_invoice,S/FRA/2024/0596,AL 24000638,sent,"{
    'CSV': '229GFS4DWUA5MDP4',
    'DatosPresentacion': {
        'NIFPresentador': 'B74125311',
        'TimestampPre"
20300,1,in_invoice,S/FRA/2024/0595,A 240393,sent,"{
    'CSV': 'U8E5HWHRJ7GTDTJW',
    'DatosPresentacion': {
        'NIFPresentador': 'B74125311',
        'TimestampPre"
20309,1,in_invoice,S/FRA/2024/0594,A 240458,sent,"{
    'CSV': 'B5NV5LAUCGS9XLPK',
    'DatosPresentacion': {
        'NIFPresentador': 'B74125311',
        'TimestampPre"
20312,1,in_invoice,S/FRA/2024/0593,240027293,sent,"{
    'CSV': 'ES75JTQ2JPZQAWWA',
    'DatosPresentacion': {
        'NIFPresentador': 'B74125311',
        'TimestampPre"
20315,1,in_invoice,S/FRA/2024/0592,FMI/6024,sent,"{
    'CSV': '7JT5TLY27E422EFD',
    'DatosPresentacion': {
        'NIFPresentador': 'B74125311',
        'TimestampPre"
20392,1,in_invoice,S/FRA/2024/0590,24/19,sent,"{
    'CSV': 'VHP8N74A45W3UHFK',
    'DatosPresentacion': {
        'NIFPresentador': 'B74125311',
        'TimestampPre"
20394,1,in_invoice,S/FRA/2024/0589,24/28,sent,"{
    'CSV': 'C4GSHMSMDJNYXSSF',
    'DatosPresentacion': {
        'NIFPresentador': 'B74125311',
        'TimestampPre"
20386,1,in_invoice,S/FRA/2024/0588,24/5,sent,"{
    'CSV': 'Q8CS63CMFT2ASTML',
    'DatosPresentacion': {
        'NIFPresentador': 'B74125311',
        'TimestampPre"
20393,1,in_invoice,S/FRA/2024/0587,24/26,sent,"{
    'CSV': '4ER9NLV93VLEWNCJ',
    'DatosPresentacion': {
        'NIFPresentador': 'B74125311',
        'TimestampPre"
20388,1,in_invoice,S/FRA/2024/0586,24/11,sent,"{
    'CSV': 'R4UZLPGSYN4VJG6L',
    'DatosPresentacion': {
        'NIFPresentador': 'B74125311',
        'TimestampPre"
20390,1,in_invoice,S/FRA/2024/0585,24/18,sent,"{
    'CSV': 'XTXUWJSVFF4F3NYP',
    'DatosPresentacion': {
        'NIFPresentador': 'B74125311',
        'TimestampPre"
20389,1,in_invoice,S/FRA/2024/0584,24/17,sent,"{
    'CSV': 'M9MBHSY738ZWB4QG',
    'DatosPresentacion': {
        'NIFPresentador': 'B74125311',
        'TimestampPre"
20381,1,in_invoice,S/FRA/2024/0583,FMI/6371,sent_modified,"{
    'CSV': 'ZMS3KCWH67JJD5FU',
    'DatosPresentacion': {
        'NIFPresentador': 'B74125311',
        'TimestampPre"
20387,1,in_invoice,S/FRA/2024/0582,24/9,sent,"{
    'CSV': 'W8K6HCAEN32WJPXW',
    'DatosPresentacion': {
        'NIFPresentador': 'B74125311',
        'TimestampPre"
20213,1,in_invoice,S/FRA/2024/0581,C4/106929,sent,"{
    'CSV': '52K9ADM8E2MJZWND',
    'DatosPresentacion': {
        'NIFPresentador': 'B74125311',
        'TimestampPre"
20318,1,in_invoice,S/FRA/2024/0580,65175,sent,"{
    'CSV': 'R9PA3PKTBPFKX2WU',
    'DatosPresentacion': {
        'NIFPresentador': 'B74125311',
        'TimestampPre"
19843,1,in_invoice,S/FRA/2024/0578,2223,sent,"{
    'CSV': 'NBF4E83RF5C4CL74',
    'DatosPresentacion': {
        'NIFPresentador': 'B74125311',
        'TimestampPre"
19878,1,in_invoice,S/FRA/2024/0577,2228/F-1502,sent,"{
    'CSV': 'HMMU2BKA6JUASLD3',
    'DatosPresentacion': {
        'NIFPresentador': 'B74125311',
        'TimestampPre"
19876,1,in_invoice,S/FRA/2024/0576,FA004675,sent,"{
    'CSV': 'XDRQAFVZMYBAPM9T',
    'DatosPresentacion': {
        'NIFPresentador': 'B74125311',
        'TimestampPre"
19989,1,in_invoice,S/FRA/2024/0575,24-0026,sent,"{
    'CSV': 'F8622Y9T2934AU8A',
    'DatosPresentacion': {
        'NIFPresentador': 'B74125311',
        'TimestampPre"
19881,1,in_invoice,S/FRA/2024/0574,03/2024,sent,"{
    'CSV': 'YTBXHQ5GSGTRPJF3',
    'DatosPresentacion': {
        'NIFPresentador': 'B74125311',
        'TimestampPre"
19720,1,in_invoice,S/FRA/2024/0573,FV21945,sent,"{
    'CSV': 'WXW2AGXPU3A7R4VD',
    'DatosPresentacion': {
        'NIFPresentador': 'B74125311',
        'TimestampPre"
19352,1,in_invoice,S/FRA/2024/0572,FV21919,sent,"{
    'CSV': '8YPWQS235T2HWCUE',
    'DatosPresentacion': {
        'NIFPresentador': 'B74125311',
        'TimestampPre"
20277,1,in_invoice,S/FRA/2024/0569,2024/010,sent,"{
    'CSV': 'QJKM2PWQZSQ3KJEK',
    'DatosPresentacion': {
        'NIFPresentador': 'B74125311',
        'TimestampPre"
20278,1,in_invoice,S/FRA/2024/0568,31,sent,"{
    'CSV': 'URD4JHCR7BCXB75V',
    'DatosPresentacion': {
        'NIFPresentador': 'B74125311',
        'TimestampPre"
20282,1,in_invoice,S/FRA/2024/0567,OO/2024/012,sent,"{
    'CSV': 'G66JYNHTUFCRUW8H',
    'DatosPresentacion': {
        'NIFPresentador': 'B74125311',
        'TimestampPre"
20281,1,in_invoice,S/FRA/2024/0566,OO/2024/011,sent,"{
    'CSV': '9D7A78STWPFJFE6W',
    'DatosPresentacion': {
        'NIFPresentador': 'B74125311',
        'TimestampPre"
20280,1,in_invoice,S/FRA/2024/0565,OO/2024/010,sent,"{
    'CSV': 'SFL5YVGLZUB2JEJA',
    'DatosPresentacion': {
        'NIFPresentador': 'B74125311',
        'TimestampPre"
20279,1,in_invoice,S/FRA/2024/0564,OO/2024/009,sent,"{
    'CSV': 'F2PL4N6V5W2DQJMD',
    'DatosPresentacion': {
        'NIFPresentador': 'B74125311',
        'TimestampPre"
20075,1,in_invoice,S/FRA/2024/0563,24/562,sent,"{
    'CSV': 'QH7M46MMD276A5UJ',
    'DatosPresentacion': {
        'NIFPresentador': 'B74125311',
        'TimestampPre"
20079,1,in_invoice,S/FRA/2024/0562,A2406586,sent,"{
    'CSV': 'EP95874C4Y7LY3A9',
    'DatosPresentacion': {
        'NIFPresentador': 'B74125311',
        'TimestampPre"
20077,1,in_invoice,S/FRA/2024/0561,24/564,sent,"{
    'CSV': 'DWRWSVH5W4DU7CZK',
    'DatosPresentacion': {
        'NIFPresentador': 'B74125311',
        'TimestampPre"
20073,1,in_invoice,S/FRA/2024/0560,24/560,sent,"{
    'CSV': '4V25RKQKPD9SNL4A',
    'DatosPresentacion': {
        'NIFPresentador': 'B74125311',
        'TimestampPre"
20076,1,in_invoice,S/FRA/2024/0559,24/563,sent,"{
    'CSV': 'DYDU5BYFDH7QRWUK',
    'DatosPresentacion': {
        'NIFPresentador': 'B74125311',
        'TimestampPre"
20080,1,in_invoice,S/FRA/2024/0558,3.899/F,sent,"{
    'CSV': 'EY5YRQZHQ4J6ZMAG',
    'DatosPresentacion': {
        'NIFPresentador': 'B74125311',
        'TimestampPre"
20078,1,in_invoice,S/FRA/2024/0557,24/565,sent,"{
    'CSV': '4KNVZ8ZDDD8ENLNY',
    'DatosPresentacion': {
        'NIFPresentador': 'B74125311',
        'TimestampPre"
20082,1,in_invoice,S/FRA/2024/0556,FM24-2202,sent,"{
    'CSV': 'KQLE7N9M778XML3Q',
    'DatosPresentacion': {
        'NIFPresentador': 'B74125311',
        'TimestampPre"
20093,1,in_invoice,S/FRA/2024/0555,FRO20241655707,sent,"{
    'CSV': 'TYCVKVZRD3VP9VXR',
    'DatosPresentacion': {
        'NIFPresentador': 'B74125311',
        'TimestampPre"
20103,1,in_invoice,S/FRA/2024/0554,000D006459,sent,"{
    'CSV': 'X4XUR6NBXCPCCPEX',
    'DatosPresentacion': {
        'NIFPresentador': 'B74125311',
        'TimestampPre"
20104,1,in_invoice,S/FRA/2024/0552,000G007182,sent,"{
    'CSV': '5PNEFV3VW4JJ9C3N',
    'DatosPresentacion': {
        'NIFPresentador': 'B74125311',
        'TimestampPre"
20105,1,in_invoice,S/FRA/2024/0551,000G007181,sent,"{
    'CSV': '32DYQJYQXQVECP99',
    'DatosPresentacion': {
        'NIFPresentador': 'B74125311',
        'TimestampPre"
20074,1,in_invoice,S/FRA/2024/0550,24/561,sent,"{
    'CSV': 'NB3SZ9NUGVGA2CHH',
    'DatosPresentacion': {
        'NIFPresentador': 'B74125311',
        'TimestampPre"
20151,1,in_invoice,S/FRA/2024/0547,2835550,sent,"{
    'CSV': 'XRA9873PPB5XBNNC',
    'DatosPresentacion': {
        'NIFPresentador': 'B74125311',
        'TimestampPre"
20072,1,in_invoice,S/FRA/2024/0546,24/559,sent,"{
    'CSV': '6R2XYW9E84ALS7WR',
    'DatosPresentacion': {
        'NIFPresentador': 'B74125311',
        'TimestampPre"
20152,1,in_invoice,S/FRA/2024/0544,1HSN240900285401,sent,"{
    'CSV': 'U8BHE3SKKV47FGG8',
    'DatosPresentacion': {
        'NIFPresentador': 'B74125311',
        'TimestampPre"
20024,1,in_invoice,S/FRA/2024/0541,12,sent,"{
    'CSV': '5CBFJ8EC87RK839V',
    'DatosPresentacion': {
        'NIFPresentador': 'B74125311',
        'TimestampPre"
20023,1,in_invoice,S/FRA/2024/0540,24/19,sent,"{
    'CSV': 'U43ASWPFRNMHA6J6',
    'DatosPresentacion': {
        'NIFPresentador': 'B74125311',
        'TimestampPre"
20002,1,in_invoice,S/FRA/2024/0539,18742401P0226262,sent,"{
    'CSV': '3X7EPHKUQZZJMJWM',
    'DatosPresentacion': {
        'NIFPresentador': 'B74125311',
        'TimestampPre"
19955,1,in_invoice,S/FRA/2024/0537,95-223304,sent,"{
    'CSV': 'NTAEGU3E2AAR53JB',
    'DatosPresentacion': {
        'NIFPresentador': 'B74125311',
        'TimestampPre"
19956,1,in_invoice,S/FRA/2024/0536,95-223619,sent,"{
    'CSV': 'VJTWX3QRH4U49JEV',
    'DatosPresentacion': {
        'NIFPresentador': 'B74125311',
        'TimestampPre"
19957,1,in_invoice,S/FRA/2024/0535,040/325993,sent,"{
    'CSV': 'AFNZ3R773QAP6UJZ',
    'DatosPresentacion': {
        'NIFPresentador': 'B74125311',
        'TimestampPre"
19958,1,in_invoice,S/FRA/2024/0534,185,sent,"{
    'CSV': 'PFQB6R6XC4JB2HF8',
    'DatosPresentacion': {
        'NIFPresentador': 'B74125311',
        'TimestampPre"
19959,1,in_invoice,S/FRA/2024/0533,184,sent,"{
    'CSV': '4EPX2N79KNZMELW3',
    'DatosPresentacion': {
        'NIFPresentador': 'B74125311',
        'TimestampPre"
19960,1,in_invoice,S/FRA/2024/0532,186,sent,"{
    'CSV': 'MWEN4G8YZ5UB56KG',
    'DatosPresentacion': {
        'NIFPresentador': 'B74125311',
        'TimestampPre"
19962,1,in_invoice,S/FRA/2024/0531,09424006275,sent,"{
    'CSV': 'AST2RPRYEK3G8GT5',
    'DatosPresentacion': {
        'NIFPresentador': 'B74125311',
        'TimestampPre"
19986,1,in_invoice,S/FRA/2024/0530,20240492,sent,"{
    'CSV': 'GUMJNR3FZX38CFRQ',
    'DatosPresentacion': {
        'NIFPresentador': 'B74125311',
        'TimestampPre"
19963,1,in_invoice,S/FRA/2024/0529,A-V2024-00004306292,sent,"{
    'CSV': 'JNX34DFL547HLYDP',
    'DatosPresentacion': {
        'NIFPresentador': 'B74125311',
        'TimestampPre"
19964,1,in_invoice,S/FRA/2024/0528,108,sent,"{
    'CSV': '9YGB9C4NFFN7GLMX',
    'DatosPresentacion': {
        'NIFPresentador': 'B74125311',
        'TimestampPre"
19961,1,in_invoice,S/FRA/2024/0527,A/ 3044/2024,sent,"{
    'CSV': 'WPYX7WNHLVRFCL8Z',
    'DatosPresentacion': {
        'NIFPresentador': 'B74125311',
        'TimestampPre"
19965,1,in_invoice,S/FRA/2024/0526,A/000182/24,sent,"{
    'CSV': 'QJGMDXVQY4XGCEAV',
    'DatosPresentacion': {
        'NIFPresentador': 'B74125311',
        'TimestampPre"
19966,1,in_invoice,S/FRA/2024/0525,57,sent,"{
    'CSV': 'DJ43H6X5DXLF2S36',
    'DatosPresentacion': {
        'NIFPresentador': 'B74125311',
        'TimestampPre"
19952,1,in_invoice,S/FRA/2024/0524,119-2024,sent,"{
    'CSV': 'CA7XJHZ2EA97MNHF',
    'DatosPresentacion': {
        'NIFPresentador': 'B74125311',
        'TimestampPre"
19951,1,in_invoice,S/FRA/2024/0523,2024/060,sent,"{
    'CSV': 'E59DQDJ9LZU2XF87',
    'DatosPresentacion': {
        'NIFPresentador': 'B74125311',
        'TimestampPre"
19936,1,in_invoice,S/FRA/2024/0522,6.207 A,sent,"{
    'CSV': 'AWAH9885GWWW4FYX',
    'DatosPresentacion': {
        'NIFPresentador': 'B74125311',
        'TimestampPre"
19981,1,in_invoice,S/FRA/2024/0521,018-0009-214799,sent,"{
    'CSV': '3F3FX48MDFPM2WJC',
    'DatosPresentacion': {
        'NIFPresentador': 'B74125311',
        'TimestampPre"
19651,1,in_invoice,S/FRA/2024/0520,FA 241947,sent,"{
    'CSV': 'WMVPK9EC4KXBJCEW',
    'DatosPresentacion': {
        'NIFPresentador': 'B74125311',
        'TimestampPre"
19935,1,in_invoice,S/FRA/2024/0519,6.338 A,sent,"{
    'CSV': 'TFHMV8W4F832FHQ5',
    'DatosPresentacion': {
        'NIFPresentador': 'B74125311',
        'TimestampPre"
19990,1,in_invoice,S/FRA/2024/0518,S240103624,sent,"{
    'CSV': '7QQSXHYTRCS98CT4',
    'DatosPresentacion': {
        'NIFPresentador': 'B74125311',
        'TimestampPre"
19985,1,in_invoice,S/FRA/2024/0516,000224,sent,"{
    'CSV': 'PP8PP393G3R5GTYM',
    'DatosPresentacion': {
        'NIFPresentador': 'B74125311',
        'TimestampPre"
19984,1,in_invoice,S/FRA/2024/0515,000223,sent,"{
    'CSV': '64B9XB9K5UVWKAB7',
    'DatosPresentacion': {
        'NIFPresentador': 'B74125311',
        'TimestampPre"
19983,1,in_invoice,S/FRA/2024/0514,A/24-0176,sent,"{
    'CSV': '3MJVEV52U8W2DFWW',
    'DatosPresentacion': {
        'NIFPresentador': 'B74125311',
        'TimestampPre"
19982,1,in_invoice,S/FRA/2024/0513,121-2024,sent,"{
    'CSV': 'L68823ZRVUPNBEMV',
    'DatosPresentacion': {
        'NIFPresentador': 'B74125311',
        'TimestampPre"
19953,1,in_invoice,S/FRA/2024/0512,84/EST,sent,"{
    'CSV': 'B9YR7MTQT2CDPUAP',
    'DatosPresentacion': {
        'NIFPresentador': 'B74125311',
        'TimestampPre"
19954,1,in_invoice,S/FRA/2024/0511,152/2024,sent,"{
    'CSV': 'SXLFHB3GBAX4DYHJ',
    'DatosPresentacion': {
        'NIFPresentador': 'B74125311',
        'TimestampPre"
19721,1,in_invoice,S/FRA/2024/0510,3449F24,sent,"{
    'CSV': 'G34QW3EEDLUHV5KL',
    'DatosPresentacion': {
        'NIFPresentador': 'B74125311',
        'TimestampPre"
19859,1,in_invoice,S/FRA/2024/0509,A10019126556-0924,sent,"{
    'CSV': 'KBJ3YR898ZPULT28',
    'DatosPresentacion': {
        'NIFPresentador': 'B74125311',
        'TimestampPre"
19858,1,in_invoice,S/FRA/2024/0508,A10019163455-0924,sent,"{
    'CSV': '4NDUSEXTQE66RRV3',
    'DatosPresentacion': {
        'NIFPresentador': 'B74125311',
        'TimestampPre"
19860,1,in_invoice,S/FRA/2024/0507,312-KF24-10581,sent,"{
    'CSV': 'WB4B93N2XSQXJ6XQ',
    'DatosPresentacion': {
        'NIFPresentador': 'B74125311',
        'TimestampPre"
19855,1,in_invoice,S/FRA/2024/0506,FAO241834,sent,"{
    'CSV': 'FC8LR3K8X5Q52TKD',
    'DatosPresentacion': {
        'NIFPresentador': 'B74125311',
        'TimestampPre"
19649,1,in_invoice,S/FRA/2024/0505,FM24-1968,sent,"{
    'CSV': '28CSRYB8SZE9F93C',
    'DatosPresentacion': {
        'NIFPresentador': 'B74125311',
        'TimestampPre"
19909,1,in_invoice,S/FRA/2024/0504,ES447JZABEY,sent,"{
    'CSV': 'EGHGDXC8GP7BY5LG',
    'DatosPresentacion': {
        'NIFPresentador': 'B74125311',
        'TimestampPre"
19808,1,in_invoice,S/FRA/2024/0503,ES44248ABEY,sent,"{
    'CSV': 'EXKH8TWNL2BCGA3E',
    'DatosPresentacion': {
        'NIFPresentador': 'B74125311',
        'TimestampPre"
19857,1,in_invoice,S/FRA/2024/0502,ES443RUABEY,sent,"{
    'CSV': '584F7EBAYNN3NBE5',
    'DatosPresentacion': {
        'NIFPresentador': 'B74125311',
        'TimestampPre"
19910,1,in_invoice,S/FRA/2024/0501,ES447LQABEY,sent,"{
    'CSV': 'XCT3Q6U3BBZDMQGJ',
    'DatosPresentacion': {
        'NIFPresentador': 'B74125311',
        'TimestampPre"
19880,1,in_invoice,S/FRA/2024/0500,F120-2024,sent,"{
    'CSV': 'H7PSSX95BBQNX4BQ',
    'DatosPresentacion': {
        'NIFPresentador': 'B74125311',
        'TimestampPre"
19833,1,in_invoice,S/FRA/2024/0499,F809054,sent,"{
    'CSV': 'WA73DEBU7UQLXVFY',
    'DatosPresentacion': {
        'NIFPresentador': 'B74125311',
        'TimestampPre"
19856,1,in_invoice,S/FRA/2024/0498,D24 388,sent,"{
    'CSV': 'KWWU2A64B2YZ4BWT',
    'DatosPresentacion': {
        'NIFPresentador': 'B74125311',
        'TimestampPre"
19883,1,in_invoice,S/FRA/2024/0497,TB-2024-F 45,sent,"{
    'CSV': '2A8RY4HUNUCTA2Q6',
    'DatosPresentacion': {
        'NIFPresentador': 'B74125311',
        'TimestampPre"
19882,1,in_invoice,S/FRA/2024/0496,TB-2024-F 43,sent,"{
    'CSV': '9Y9VYZVTMWFXTC45',
    'DatosPresentacion': {
        'NIFPresentador': 'B74125311',
        'TimestampPre"
19783,1,in_invoice,S/FRA/2024/0495,F806563,sent,"{
    'CSV': 'RFTKVBG66AYJK22T',
    'DatosPresentacion': {
        'NIFPresentador': 'B74125311',
        'TimestampPre"
19832,1,in_invoice,S/FRA/2024/0494,0158-2024,sent,"{
    'CSV': 'EQLP92KHXQJ2974D',
    'DatosPresentacion': {
        'NIFPresentador': 'B74125311',
        'TimestampPre"
19934,1,in_invoice,S/FRA/2024/0493,26,sent,"{
    'CSV': '97NY6XH6NJLEWN3E',
    'DatosPresentacion': {
        'NIFPresentador': 'B74125311',
        'TimestampPre"
19839,1,in_invoice,S/FRA/2024/0492,F-5063,sent,"{
    'CSV': 'NB9VKR9V5LQ3MTVT',
    'DatosPresentacion': {
        'NIFPresentador': 'B74125311',
        'TimestampPre"
19834,1,in_invoice,S/FRA/2024/0491,6,sent,"{
    'CSV': 'BQVPRLYBMWAPYSDW',
    'DatosPresentacion': {
        'NIFPresentador': 'B74125311',
        'TimestampPre"
19838,1,in_invoice,S/FRA/2024/0490,78,sent,"{
    'CSV': 'NHBX2X4CRRJF8SQR',
    'DatosPresentacion': {
        'NIFPresentador': 'B74125311',
        'TimestampPre"
19842,1,in_invoice,S/FRA/2024/0489,2477,sent,"{
    'CSV': 'PYJ33F3SYTZKK8WU',
    'DatosPresentacion': {
        'NIFPresentador': 'B74125311',
        'TimestampPre"
19788,1,in_invoice,S/FRA/2024/0488,06/2024,sent,"{
    'CSV': '7JZJRS4AHWPW6MT4',
    'DatosPresentacion': {
        'NIFPresentador': 'B74125311',
        'TimestampPre"
19800,1,in_invoice,S/FRA/2024/0487,3/2024,sent,"{
    'CSV': 'VDFMKRSZJMH5VQE9',
    'DatosPresentacion': {
        'NIFPresentador': 'B74125311',
        'TimestampPre"
19791,1,in_invoice,S/FRA/2024/0486,15/24,sent,"{
    'CSV': 'QMQA8YMYU4R2FLZT',
    'DatosPresentacion': {
        'NIFPresentador': 'B74125311',
        'TimestampPre"
19790,1,in_invoice,S/FRA/2024/0485,006/2024,sent,"{
    'CSV': 'WC3RSZSTFMHBUGFR',
    'DatosPresentacion': {
        'NIFPresentador': 'B74125311',
        'TimestampPre"
19737,1,in_invoice,S/FRA/2024/0484,07/05/2024,sent,"{
    'CSV': '2KJT5QKN7M3JGRGR',
    'DatosPresentacion': {
        'NIFPresentador': 'B74125311',
        'TimestampPre"
19864,1,in_invoice,S/FRA/2024/0483,75798/F-4921,sent,"{
    'CSV': 'UA66F49HNWKBCE4A',
    'DatosPresentacion': {
        'NIFPresentador': 'B74125311',
        'TimestampPre"
19863,1,in_invoice,S/FRA/2024/0482,75363/F-4902,sent,"{
    'CSV': 'C8N2WWT69XR9TJPN',
    'DatosPresentacion': {
        'NIFPresentador': 'B74125311',
        'TimestampPre"
19786,1,in_invoice,S/FRA/2024/0481,24-78,sent,"{
    'CSV': 'PDTW2ZBCAPRDZE6Q',
    'DatosPresentacion': {
        'NIFPresentador': 'B74125311',
        'TimestampPre"
19785,1,in_invoice,S/FRA/2024/0480,00003,sent,"{
    'CSV': 'LPPJX2ZJRVKH2VCW',
    'DatosPresentacion': {
        'NIFPresentador': 'B74125311',
        'TimestampPre"
19787,1,in_invoice,S/FRA/2024/0479,092024,sent,"{
    'CSV': '9RWGAGU4SJASSEHC',
    'DatosPresentacion': {
        'NIFPresentador': 'B74125311',
        'TimestampPre"
19911,1,in_invoice,S/FRA/2024/0478,TB-2024-F6,sent,"{
    'CSV': 'LPNKYYLXY6FBBCDT',
    'DatosPresentacion': {
        'NIFPresentador': 'B74125311',
        'TimestampPre"
19740,1,in_invoice,S/FRA/2024/0477,0011-24,sent,"{
    'CSV': 'T5P3WLAU4KQ8YJU5',
    'DatosPresentacion': {
        'NIFPresentador': 'B74125311',
        'TimestampPre"
19913,1,in_invoice,S/FRA/2024/0476,OO2024-02,sent,"{
    'CSV': 'CFS63K8GXV6XMKQG',
    'DatosPresentacion': {
        'NIFPresentador': 'B74125311',
        'TimestampPre"
19912,1,in_invoice,S/FRA/2024/0475,3243,sent,"{
    'CSV': '4LQF7MRU8WP64QWC',
    'DatosPresentacion': {
        'NIFPresentador': 'B74125311',
        'TimestampPre"
19807,1,in_invoice,S/FRA/2024/0474,03/2024,sent,"{
    'CSV': 'RR4HYRJNPT4EHG8G',
    'DatosPresentacion': {
        'NIFPresentador': 'B74125311',
        'TimestampPre"
19792,1,in_invoice,S/FRA/2024/0473,8/2024,sent,"{
    'CSV': 'P5U6678ZH58AQR5D',
    'DatosPresentacion': {
        'NIFPresentador': 'B74125311',
        'TimestampPre"
19784,1,in_invoice,S/FRA/2024/0472,06/2024,sent,"{
    'CSV': '9S46AE3Q4XWGUP4W',
    'DatosPresentacion': {
        'NIFPresentador': 'B74125311',
        'TimestampPre"
19907,1,in_invoice,S/FRA/2024/0471,AF/2982/01,sent,"{
    'CSV': '2CWCYSE26MZJ2Z3F',
    'DatosPresentacion': {
        'NIFPresentador': 'B74125311',
        'TimestampPre"
19906,1,in_invoice,S/FRA/2024/0470,AF/1006/01,sent,"{
    'CSV': 'WP54QPWWUPQSJFBC',
    'DatosPresentacion': {
        'NIFPresentador': 'B74125311',
        'TimestampPre"
19702,1,in_invoice,S/FRA/2024/0465,79,sent,"{
    'CSV': '97X68DDCTKZZGZPJ',
    'DatosPresentacion': {
        'NIFPresentador': 'B74125311',
        'TimestampPre"
19673,1,in_invoice,S/FRA/2024/0464,1TSN240900061033,sent,"{
    'CSV': 'HEMLMYS4MHW5BGDK',
    'DatosPresentacion': {
        'NIFPresentador': 'B74125311',
        'TimestampPre"
19674,1,in_invoice,S/FRA/2024/0463,VF24-09-0098,sent,"{
    'CSV': '9YAS7L2L94AMB9JP',
    'DatosPresentacion': {
        'NIFPresentador': 'B74125311',
        'TimestampPre"
19719,1,in_invoice,S/FRA/2024/0456,24901,sent,"{
    'CSV': 'CQJS4RXDKRYLGC5U',
    'DatosPresentacion': {
        'NIFPresentador': 'B74125311',
        'TimestampPre"
19618,1,in_invoice,S/FRA/2024/0452,AEU-INV-ES-2024-21709237,sent,"{
    'CSV': 'MV8HLNQK75HGDF4M',
    'DatosPresentacion': {
        'NIFPresentador': 'B74125311',
        'TimestampPre"
19521,1,in_invoice,S/FRA/2024/0448,A-1257,sent,"{
    'CSV': '64MEJAYDXGRK9V6D',
    'DatosPresentacion': {
        'NIFPresentador': 'B74125311',
        'TimestampPre"
19554,1,in_invoice,S/FRA/2024/0447,ES4Q7VQABEI,sent,"{
    'CSV': '8VQYRT9RDXLU6Z4R',
    'DatosPresentacion': {
        'NIFPresentador': 'B74125311',
        'TimestampPre"
19569,1,in_invoice,S/FRA/2024/0446,ES43R2WABEY,sent,"{
    'CSV': 'TVHMCCSCG8C5E82Q',
    'DatosPresentacion': {
        'NIFPresentador': 'B74125311',
        'TimestampPre"
19570,1,in_invoice,S/FRA/2024/0445,ES43R9IABEY,sent,"{
    'CSV': 'XP2FLC8N4PAHKEUW',
    'DatosPresentacion': {
        'NIFPresentador': 'B74125311',
        'TimestampPre"
19568,1,in_invoice,S/FRA/2024/0444,ES43QO5ABEY,sent,"{
    'CSV': 'A5BMNSRZYENL4SAE',
    'DatosPresentacion': {
        'NIFPresentador': 'B74125311',
        'TimestampPre"
19619,1,in_invoice,S/FRA/2024/0442,ES43STKABEY,sent,"{
    'CSV': 'FYL8KHNXJYWZ7KSR',
    'DatosPresentacion': {
        'NIFPresentador': 'B74125311',
        'TimestampPre"
19620,1,in_invoice,S/FRA/2024/0441,A-1291,sent,"{
    'CSV': 'DQ3X9RERB56XV5P8',
    'DatosPresentacion': {
        'NIFPresentador': 'B74125311',
        'TimestampPre"
19632,1,in_invoice,S/FRA/2024/0438,1114,sent,"{
    'CSV': 'NGVH8GK6S7AQEDXY',
    'DatosPresentacion': {
        'NIFPresentador': 'B74125311',
        'TimestampPre"
19522,1,in_invoice,S/FRA/2024/0406,2024-04,sent,"{
    'CSV': 'FRWXMZPN3K3GDUBW',
    'DatosPresentacion': {
        'NIFPresentador': 'B74125311',
        'TimestampPre"
19752,1,in_invoice,S/FRA/2024/0469,139/2024,sent,"{
    'CSV': 'K36X67NUJKKGSDFC',
    'DatosPresentacion': {
        'NIFPresentador': 'B74125311',
        'TimestampPre"
19751,1,in_invoice,S/FRA/2024/0468,121/2024,sent,"{
    'CSV': 'FPYHZEHYRHREAGX4',
    'DatosPresentacion': {
        'NIFPresentador': 'B74125311',
        'TimestampPre"
19650,1,in_invoice,S/FRA/2024/0467,FM24-1897,sent,"{
    'CSV': 'WNPAAKFH9KC24V6Z',
    'DatosPresentacion': {
        'NIFPresentador': 'B74125311',
        'TimestampPre"
19636,1,in_invoice,S/FRA/2024/0466,B00054367,sent,"{
    'CSV': 'EWCPKDBZUGR2DW7J',
    'DatosPresentacion': {
        'NIFPresentador': 'B74125311',
        'TimestampPre"
19701,1,in_invoice,S/FRA/2024/0462,2779783,sent,"{
    'CSV': 'V59VFGJ8JLAZKR72',
    'DatosPresentacion': {
        'NIFPresentador': 'B74125311',
        'TimestampPre"
19538,1,in_invoice,S/FRA/2024/0461,2024,sent,"{
    'CSV': 'L9KSTWAWGGMVNX5Q',
    'DatosPresentacion': {
        'NIFPresentador': 'B74125311',
        'TimestampPre"
19741,1,in_invoice,S/FRA/2024/0460,2023000946,sent,"{
    'CSV': 'KWYTR49YE8X979BV',
    'DatosPresentacion': {
        'NIFPresentador': 'B74125311',
        'TimestampPre"
19735,1,in_invoice,S/FRA/2024/0459,08/2024,sent,"{
    'CSV': 'KPKLUQVT2TZMX9LH',
    'DatosPresentacion': {
        'NIFPresentador': 'B74125311',
        'TimestampPre"
19742,1,in_invoice,S/FRA/2024/0458,533,sent,"{
    'CSV': '6HV853GHVFP6A4C7',
    'DatosPresentacion': {
        'NIFPresentador': 'B74125311',
        'TimestampPre"
19736,1,in_invoice,S/FRA/2024/0457,2024/0378,sent,"{
    'CSV': 'XJR882HB8NK5SWGN',
    'DatosPresentacion': {
        'NIFPresentador': 'B74125311',
        'TimestampPre"
19738,1,in_invoice,S/FRA/2024/0455,A2/2023/012,sent,"{
    'CSV': 'DBUJ6VW5LH288WZK',
    'DatosPresentacion': {
        'NIFPresentador': 'B74125311',
        'TimestampPre"
19743,1,in_invoice,S/FRA/2024/0454,1136,sent,"{
    'CSV': '8QBC279CK4XR78PP',
    'DatosPresentacion': {
        'NIFPresentador': 'B74125311',
        'TimestampPre"
19739,1,in_invoice,S/FRA/2024/0453,A2/2023/013,sent,"{
    'CSV': 'MWVAB2W3UFSKQT5W',
    'DatosPresentacion': {
        'NIFPresentador': 'B74125311',
        'TimestampPre"
19596,1,in_invoice,S/FRA/2024/0451,A2406120,sent,"{
    'CSV': 'Z9JVAFSEFPBXRS5U',
    'DatosPresentacion': {
        'NIFPresentador': 'B74125311',
        'TimestampPre"
19597,1,in_invoice,S/FRA/2024/0450,FRO20241493539,sent,"{
    'CSV': 'HDW8UK66RQUZR6KV',
    'DatosPresentacion': {
        'NIFPresentador': 'B74125311',
        'TimestampPre"
19460,1,in_invoice,S/FRA/2024/0449,ES43LGNABEY,sent,"{
    'CSV': 'NPQKC2B4XSLT9GBT',
    'DatosPresentacion': {
        'NIFPresentador': 'B74125311',
        'TimestampPre"
19567,1,in_invoice,S/FRA/2024/0443,3.519 / F,sent,"{
    'CSV': 'LF7ULN6TDUQF7QRH',
    'DatosPresentacion': {
        'NIFPresentador': 'B74125311',
        'TimestampPre"
19617,1,in_invoice,S/FRA/2024/0440,2024000836,sent,"{
    'CSV': '9NNH7J45XJTTHP2Q',
    'DatosPresentacion': {
        'NIFPresentador': 'B74125311',
        'TimestampPre"
19599,1,in_invoice,S/FRA/2024/0439,2024000608,sent,"{
    'CSV': 'EKMS57SSP5L4S5S7',
    'DatosPresentacion': {
        'NIFPresentador': 'B74125311',
        'TimestampPre"
19537,1,in_invoice,S/FRA/2024/0437,24/482,sent,"{
    'CSV': 'SFM4AP5QTRF8P4JT',
    'DatosPresentacion': {
        'NIFPresentador': 'B74125311',
        'TimestampPre"
19313,1,in_invoice,S/FRA/2024/0436,1TSN240800070036,sent,"{
    'CSV': '53UXQD2H268K5WAK',
    'DatosPresentacion': {
        'NIFPresentador': 'B74125311',
        'TimestampPre"
19506,1,in_invoice,S/FRA/2024/0435,TB-2024-F 26,sent,"{
    'CSV': 'NFMZJLZKK4S8XU7T',
    'DatosPresentacion': {
        'NIFPresentador': 'B74125311',
        'TimestampPre"
19507,1,in_invoice,S/FRA/2024/0434,TB-2024-F 41,sent,"{
    'CSV': 'F42JBWSJ9QB5A3YV',
    'DatosPresentacion': {
        'NIFPresentador': 'B74125311',
        'TimestampPre"
19505,1,in_invoice,S/FRA/2024/0433,4TM00124112,sent,"{
    'CSV': '2PS9UGHUCKNBGFPC',
    'DatosPresentacion': {
        'NIFPresentador': 'B74125311',
        'TimestampPre"
19491,1,in_invoice,S/FRA/2024/0432,18742401P0210025,sent,"{
    'CSV': 'YGJEBYZXUVZW2G8B',
    'DatosPresentacion': {
        'NIFPresentador': 'B74125311',
        'TimestampPre"
19375,1,in_invoice,S/FRA/2024/0431,F798428,sent,"{
    'CSV': 'LNS6JAJNSZE86V9D',
    'DatosPresentacion': {
        'NIFPresentador': 'B74125311',
        'TimestampPre"
19373,1,in_invoice,S/FRA/2024/0430,1HSN240800034069,sent,"{
    'CSV': 'GC4MSTBGGJ2LUMJ6',
    'DatosPresentacion': {
        'NIFPresentador': 'B74125311',
        'TimestampPre"
19372,1,in_invoice,S/FRA/2024/0429,1HSN240700328905,sent,"{
    'CSV': 'THFV9HVNJ9FCA8R4',
    'DatosPresentacion': {
        'NIFPresentador': 'B74125311',
        'TimestampPre"
19469,1,in_invoice,S/FRA/2024/0428,G240057083,sent,"{
    'CSV': 'FR8EGVHCR5VF8J4B',
    'DatosPresentacion': {
        'NIFPresentador': 'B74125311',
        'TimestampPre"
19374,1,in_invoice,S/FRA/2024/0427,1NSN240700374261,sent,"{
    'CSV': 'VAW5KBBZ5L5UXMN8',
    'DatosPresentacion': {
        'NIFPresentador': 'B74125311',
        'TimestampPre"
19351,1,in_invoice,S/FRA/2024/0426,1TSN240800080166,sent,"{
    'CSV': 'GP7HNTZRGD5NKC4V',
    'DatosPresentacion': {
        'NIFPresentador': 'B74125311',
        'TimestampPre"
19322,1,in_invoice,S/FRA/2024/0425,VF24-08-0092,sent,"{
    'CSV': 'ZK46KAY2AGZFR7HP',
    'DatosPresentacion': {
        'NIFPresentador': 'B74125311',
        'TimestampPre"
19415,1,in_invoice,S/FRA/2024/0424,ES43JCJABEY,sent,"{
    'CSV': '9PV2QNYN88ZN45FC',
    'DatosPresentacion': {
        'NIFPresentador': 'B74125311',
        'TimestampPre"
19429,1,in_invoice,S/FRA/2024/0423,24400984,sent,"{
    'CSV': 'NF6BTDY4HAG2E9Z3',
    'DatosPresentacion': {
        'NIFPresentador': 'B74125311',
        'TimestampPre"
19401,1,in_invoice,S/FRA/2024/0422,ES43J15ABEY,sent,"{
    'CSV': 'QCKLJ6APGLZY6B9J',
    'DatosPresentacion': {
        'NIFPresentador': 'B74125311',
        'TimestampPre"
19404,1,in_invoice,S/FRA/2024/0421,312-KF24-9305,sent,"{
    'CSV': '6DCEGRCGJ5WW6BBT',
    'DatosPresentacion': {
        'NIFPresentador': 'B74125311',
        'TimestampPre"
19403,1,in_invoice,S/FRA/2024/0420,A10019051455-0824,sent,"{
    'CSV': 'CJNT3HGKQKWV9RT4',
    'DatosPresentacion': {
        'NIFPresentador': 'B74125311',
        'TimestampPre"
19402,1,in_invoice,S/FRA/2024/0419,A10019088217-0824,sent,"{
    'CSV': 'N3RZE8BR3BS5JAF8',
    'DatosPresentacion': {
        'NIFPresentador': 'B74125311',
        'TimestampPre"
19508,1,in_invoice,S/FRA/2024/0418,ES43NHOABEY,sent,"{
    'CSV': 'KFUARX25BMDHQG9M',
    'DatosPresentacion': {
        'NIFPresentador': 'B74125311',
        'TimestampPre"
19461,1,in_invoice,S/FRA/2024/0417,ES43LRWABEY,sent,"{
    'CSV': 'PGP9C94URHMHDXWQ',
    'DatosPresentacion': {
        'NIFPresentador': 'B74125311',
        'TimestampPre"
19463,1,in_invoice,S/FRA/2024/0416,5/2024,sent,"{
    'CSV': 'WKMEQT2HN895S3GG',
    'DatosPresentacion': {
        'NIFPresentador': 'B74125311',
        'TimestampPre"
19459,1,in_invoice,S/FRA/2024/0415,ES43L16ABEY,sent,"{
    'CSV': '3QARW8A96ZMXRUGR',
    'DatosPresentacion': {
        'NIFPresentador': 'B74125311',
        'TimestampPre"
19400,1,in_invoice,S/FRA/2024/0414,A/FA00416,sent,"{
    'CSV': 'BT4RQE9JDZESDRUN',
    'DatosPresentacion': {
        'NIFPresentador': 'B74125311',
        'TimestampPre"
19398,1,in_invoice,S/FRA/2024/0413,14/2024,sent,"{
    'CSV': '6C4HD9UA2F6YQTFP',
    'DatosPresentacion': {
        'NIFPresentador': 'B74125311',
        'TimestampPre"
19468,1,in_invoice,S/FRA/2024/0412,24-0016,sent,"{
    'CSV': 'L92G28Z9V75BK9W2',
    'DatosPresentacion': {
        'NIFPresentador': 'B74125311',
        'TimestampPre"
19430,1,in_invoice,S/FRA/2024/0411,F20241102,sent,"{
    'CSV': '82SWF6PQHBDA2MS9',
    'DatosPresentacion': {
        'NIFPresentador': 'B74125311',
        'TimestampPre"
19399,1,in_invoice,S/FRA/2024/0410,64,sent,"{
    'CSV': 'QRJ2Y6SV3P6F7HUU',
    'DatosPresentacion': {
        'NIFPresentador': 'B74125311',
        'TimestampPre"
19431,1,in_invoice,S/FRA/2024/0409,14/2024,sent,"{
    'CSV': '6XGBW88FQEFCUSXN',
    'DatosPresentacion': {
        'NIFPresentador': 'B74125311',
        'TimestampPre"
19353,1,in_invoice,S/FRA/2024/0408,61/2024,sent,"{
    'CSV': 'SZLUM9M7LH7DUEGP',
    'DatosPresentacion': {
        'NIFPresentador': 'B74125311',
        'TimestampPre"
19354,1,in_invoice,S/FRA/2024/0407,24801,sent,"{
    'CSV': 'G6AJSKE73CKC8E9Q',
    'DatosPresentacion': {
        'NIFPresentador': 'B74125311',
        'TimestampPre"
19218,1,in_invoice,S/FRA/2024/0397,A-1107,sent,"{
    'CSV': 'X4LW9SJUPTPXR5BR',
    'DatosPresentacion': {
        'NIFPresentador': 'B74125311',
        'TimestampPre"
19200,1,in_invoice,S/FRA/2024/0405,18742401P0174259,sent,"{
    'CSV': 'PMN88AVDH9R3BMWF',
    'DatosPresentacion': {
        'NIFPresentador': 'B74125311',
        'TimestampPre"
19237,1,in_invoice,S/FRA/2024/0404,A2405111,sent,"{
    'CSV': 'DC99B64V6EVRQMCF',
    'DatosPresentacion': {
        'NIFPresentador': 'B74125311',
        'TimestampPre"
19252,1,in_invoice,S/FRA/2024/0403,FM24-1606,sent,"{
    'CSV': 'NFHHWPLNM4688NFE',
    'DatosPresentacion': {
        'NIFPresentador': 'B74125311',
        'TimestampPre"
19253,1,in_invoice,S/FRA/2024/0402,3.249/F,sent,"{
    'CSV': 'K678XDS9C5W2RRQF',
    'DatosPresentacion': {
        'NIFPresentador': 'B74125311',
        'TimestampPre"
19254,1,in_invoice,S/FRA/2024/0401,2723543,sent,"{
    'CSV': '32XKLCLW53RB7WR8',
    'DatosPresentacion': {
        'NIFPresentador': 'B74125311',
        'TimestampPre"
19255,1,in_invoice,S/FRA/2024/0400,1891889,sent,"{
    'CSV': 'B5XX3BG7MDTETY57',
    'DatosPresentacion': {
        'NIFPresentador': 'B74125311',
        'TimestampPre"
19256,1,in_invoice,S/FRA/2024/0399,FRO20241370312,sent,"{
    'CSV': '7YUVC73WT6K9KZX2',
    'DatosPresentacion': {
        'NIFPresentador': 'B74125311',
        'TimestampPre"
19288,1,in_invoice,S/FRA/2024/0398,2024/10,sent,"{
    'CSV': 'KDXSBY3R3ERDA7LM',
    'DatosPresentacion': {
        'NIFPresentador': 'B74125311',
        'TimestampPre"
19219,1,in_invoice,S/FRA/2024/0396,24/411,sent,"{
    'CSV': '38Q4VUC9SBX3T4H7',
    'DatosPresentacion': {
        'NIFPresentador': 'B74125311',
        'TimestampPre"
19235,1,in_invoice,S/FRA/2024/0395,F20240846,sent,"{
    'CSV': 'DALENNCQYDT6KW3E',
    'DatosPresentacion': {
        'NIFPresentador': 'B74125311',
        'TimestampPre"
19236,1,in_invoice,S/FRA/2024/0394,E2024-00235,sent,"{
    'CSV': 'UGV7DHAMY4HYXSPY',
    'DatosPresentacion': {
        'NIFPresentador': 'B74125311',
        'TimestampPre"
19144,1,in_invoice,S/FRA/2024/0393,110-2024,sent,"{
    'CSV': 'YVHMWK8VXAT98L7G',
    'DatosPresentacion': {
        'NIFPresentador': 'B74125311',
        'TimestampPre"
19145,1,in_invoice,S/FRA/2024/0392,312-KF24-8074,sent,"{
    'CSV': '5VZADWBL435KKX82',
    'DatosPresentacion': {
        'NIFPresentador': 'B74125311',
        'TimestampPre"
19184,1,in_invoice,S/FRA/2024/0391,L240057852,sent,"{
    'CSV': 'MQ6RMY4SXRR3RUZ5',
    'DatosPresentacion': {
        'NIFPresentador': 'B74125311',
        'TimestampPre"
19071,1,in_invoice,S/FRA/2024/0390,FRO20241212422,sent,"{
    'CSV': 'G7B6XRFB7NNXQH7S',
    'DatosPresentacion': {
        'NIFPresentador': 'B74125311',
        'TimestampPre"
18842,1,in_invoice,S/FRA/2024/0389,8494878941,sent,"{
    'CSV': '838KE673SYV4XRRQ',
    'DatosPresentacion': {
        'NIFPresentador': 'B74125311',
        'TimestampPre"
19072,1,in_invoice,S/FRA/2024/0388,24-001,sent,"{
    'CSV': 'W7TNGGULWLQAZANE',
    'DatosPresentacion': {
        'NIFPresentador': 'B74125311',
        'TimestampPre"
19078,1,in_invoice,S/FRA/2024/0387,Y240102804,sent,"{
    'CSV': 'QE2ENNUAXPVSSY6T',
    'DatosPresentacion': {
        'NIFPresentador': 'B74125311',
        'TimestampPre"
19062,1,in_invoice,S/FRA/2024/0386,Q240029312,sent,"{
    'CSV': '4HAD5W7ALSTR46AR',
    'DatosPresentacion': {
        'NIFPresentador': 'B74125311',
        'TimestampPre"
19081,1,in_invoice,S/FRA/2024/0385,A2404287,sent,"{
    'CSV': 'ZNLV5SENRN6H8U3M',
    'DatosPresentacion': {
        'NIFPresentador': 'B74125311',
        'TimestampPre"
19082,1,in_invoice,S/FRA/2024/0384,828-2024,sent,"{
    'CSV': '7QYG4D6N6RSF3YC9',
    'DatosPresentacion': {
        'NIFPresentador': 'B74125311',
        'TimestampPre"
19083,1,in_invoice,S/FRA/2024/0383,FRO20241189051,sent,"{
    'CSV': 'Z4SM7SMF76RRQ4ZN',
    'DatosPresentacion': {
        'NIFPresentador': 'B74125311',
        'TimestampPre"
19084,1,in_invoice,S/FRA/2024/0382,24/344,sent,"{
    'CSV': 'BDNFKRQCGYFV8SSR',
    'DatosPresentacion': {
        'NIFPresentador': 'B74125311',
        'TimestampPre"
19085,1,in_invoice,S/FRA/2024/0381,24/345,sent,"{
    'CSV': '3QA4CYWWUHV9TSDZ',
    'DatosPresentacion': {
        'NIFPresentador': 'B74125311',
        'TimestampPre"
19086,1,in_invoice,S/FRA/2024/0380,24/346,sent,"{
    'CSV': 'ANAB4DEFBWUFUWJM',
    'DatosPresentacion': {
        'NIFPresentador': 'B74125311',
        'TimestampPre"
19087,1,in_invoice,S/FRA/2024/0379,A-948,sent,"{
    'CSV': 'C3K3E5UD8RKWQZMC',
    'DatosPresentacion': {
        'NIFPresentador': 'B74125311',
        'TimestampPre"
19088,1,in_invoice,S/FRA/2024/0378,B00054197,sent,"{
    'CSV': 'AY73ACTSHVQ5JBGW',
    'DatosPresentacion': {
        'NIFPresentador': 'B74125311',
        'TimestampPre"
19113,1,in_invoice,S/FRA/2024/0377,55/2024,sent,"{
    'CSV': 'AZ723GMGZD44U7AE',
    'DatosPresentacion': {
        'NIFPresentador': 'B74125311',
        'TimestampPre"
18845,1,in_invoice,S/FRA/2024/0370,PG4R000351,sent,"{
    'CSV': 'JR6MZTZXWNJ5KP5K',
    'DatosPresentacion': {
        'NIFPresentador': 'B74125311',
        'TimestampPre"
19010,1,in_invoice,S/FRA/2024/0360,A10018976064-0724,sent,"{
    'CSV': '3F59WJAGKVXWKRTH',
    'DatosPresentacion': {
        'NIFPresentador': 'B74125311',
        'TimestampPre"
19011,1,in_invoice,S/FRA/2024/0359,A10019012678-0724,sent,"{
    'CSV': 'LSC7P4UFRGNV7SPM',
    'DatosPresentacion': {
        'NIFPresentador': 'B74125311',
        'TimestampPre"
19030,1,in_invoice,S/FRA/2024/0358,24/288,sent,"{
    'CSV': 'N5RT7MPEU597GGXH',
    'DatosPresentacion': {
        'NIFPresentador': 'B74125311',
        'TimestampPre"
19041,1,in_invoice,S/FRA/2024/0357,VF24-07-0094,sent,"{
    'CSV': 'CVC5E2DKZ2JT9ZSR',
    'DatosPresentacion': {
        'NIFPresentador': 'B74125311',
        'TimestampPre"
18941,1,in_invoice,S/FRA/2024/0344,FV21894,sent,"{
    'CSV': 'PCWHZNCMB3LXAV68',
    'DatosPresentacion': {
        'NIFPresentador': 'B74125311',
        'TimestampPre"
18841,1,in_invoice,S/FRA/2024/0376,0000079656 14,sent,"{
    'CSV': 'FFP7MYQ9Q38SHX8F',
    'DatosPresentacion': {
        'NIFPresentador': 'B74125311',
        'TimestampPre"
19005,1,in_invoice,S/FRA/2024/0375,A10018861470-0524,sent,"{
    'CSV': 'DHQW763BZAPCLAHY',
    'DatosPresentacion': {
        'NIFPresentador': 'B74125311',
        'TimestampPre"
19006,1,in_invoice,S/FRA/2024/0374,312-KF24-5538,sent,"{
    'CSV': '97HPBU8W3YYW963E',
    'DatosPresentacion': {
        'NIFPresentador': 'B74125311',
        'TimestampPre"
19007,1,in_invoice,S/FRA/2024/0373,A10018899833-0624,sent,"{
    'CSV': 'K2C8NA8BNT8KW5MC',
    'DatosPresentacion': {
        'NIFPresentador': 'B74125311',
        'TimestampPre"
19008,1,in_invoice,S/FRA/2024/0372,A10018937272-0624,sent,"{
    'CSV': 'UFBNQDY84P7LVH2X',
    'DatosPresentacion': {
        'NIFPresentador': 'B74125311',
        'TimestampPre"
19055,1,in_invoice,S/FRA/2024/0371,000D005543,sent,"{
    'CSV': 'SV3ZMHANCE44KR6T',
    'DatosPresentacion': {
        'NIFPresentador': 'B74125311',
        'TimestampPre"
19061,1,in_invoice,S/FRA/2024/0369,NN-24-17937,sent,"{
    'CSV': 'WRDLQ5MZT3TH4EA3',
    'DatosPresentacion': {
        'NIFPresentador': 'B74125311',
        'TimestampPre"
18998,1,in_invoice,S/FRA/2024/0368,1HSN240500294588,sent_modified,"{
    'CSV': '7JK46Y4WZ9QYGURQ',
    'DatosPresentacion': {
        'NIFPresentador': 'B74125311',
        'TimestampPre"
18999,1,in_invoice,S/FRA/2024/0367,1NSN240600014926,sent,"{
    'CSV': 'G4YBU2BRTHLUUNP9',
    'DatosPresentacion': {
        'NIFPresentador': 'B74125311',
        'TimestampPre"
19000,1,in_invoice,S/FRA/2024/0366,1HSN240600047510,sent_modified,"{
    'CSV': 'VFKWAS57LSMZYXVG',
    'DatosPresentacion': {
        'NIFPresentador': 'B74125311',
        'TimestampPre"
19001,1,in_invoice,S/FRA/2024/0365,A10018749049-0424,sent,"{
    'CSV': '63WLHMRES8DFGZ4X',
    'DatosPresentacion': {
        'NIFPresentador': 'B74125311',
        'TimestampPre"
19002,1,in_invoice,S/FRA/2024/0364,A10018786535-0424,sent,"{
    'CSV': '9GFUMPERPPNXE82W',
    'DatosPresentacion': {
        'NIFPresentador': 'B74125311',
        'TimestampPre"
19003,1,in_invoice,S/FRA/2024/0363,312-KF24-4233,sent,"{
    'CSV': 'ZEH877LDDZB3HB9C',
    'DatosPresentacion': {
        'NIFPresentador': 'B74125311',
        'TimestampPre"
19004,1,in_invoice,S/FRA/2024/0362,A10018824298-0524,sent,"{
    'CSV': 'D8SU4R3CEQKN78G7',
    'DatosPresentacion': {
        'NIFPresentador': 'B74125311',
        'TimestampPre"
19009,1,in_invoice,S/FRA/2024/0361,312-KF24-6780,sent,"{
    'CSV': 'NYHMZ5F977VTNZUK',
    'DatosPresentacion': {
        'NIFPresentador': 'B74125311',
        'TimestampPre"
19042,1,in_invoice,S/FRA/2024/0356,FM24-1325,sent,"{
    'CSV': 'PAX5KXUFF5EURW8A',
    'DatosPresentacion': {
        'NIFPresentador': 'B74125311',
        'TimestampPre"
19054,1,in_invoice,S/FRA/2024/0355,2.614/F,sent,"{
    'CSV': 'N3AH3ZN5Y5X59UYW',
    'DatosPresentacion': {
        'NIFPresentador': 'B74125311',
        'TimestampPre"
19056,1,in_invoice,S/FRA/2024/0354,000G006362,sent,"{
    'CSV': 'AF6EZTED2LUSPKWU',
    'DatosPresentacion': {
        'NIFPresentador': 'B74125311',
        'TimestampPre"
18889,1,in_invoice,S/FRA/2024/0353,FV21864,sent,"{
    'CSV': 'KS7GDPNVWVR8GPK5',
    'DatosPresentacion': {
        'NIFPresentador': 'B74125311',
        'TimestampPre"
18997,1,in_invoice,S/FRA/2024/0352,J240070428,sent,"{
    'CSV': 'DA4S9HYVS4YLREC5',
    'DatosPresentacion': {
        'NIFPresentador': 'B74125311',
        'TimestampPre"
18657,1,in_invoice,S/FRA/2024/0351,A24037378,sent,"{
    'CSV': 'F9FAXHXXHN74SDYJ',
    'DatosPresentacion': {
        'NIFPresentador': 'B74125311',
        'TimestampPre"
18659,1,in_invoice,S/FRA/2024/0350,FRO20241013077,sent,"{
    'CSV': 'KU89VERJ7PENRWGJ',
    'DatosPresentacion': {
        'NIFPresentador': 'B74125311',
        'TimestampPre"
18660,1,in_invoice,S/FRA/2024/0349,2612313,sent,"{
    'CSV': 'DWPFARQLL5MLHM3S',
    'DatosPresentacion': {
        'NIFPresentador': 'B74125311',
        'TimestampPre"
18661,1,in_invoice,S/FRA/2024/0348,FM24-1055,sent,"{
    'CSV': 'BBE5ZVE6F5NM9CQ2',
    'DatosPresentacion': {
        'NIFPresentador': 'B74125311',
        'TimestampPre"
18662,1,in_invoice,S/FRA/2024/0347,24/270,sent_modified,"{
    'CSV': 'VBZ2TADJN9SSHYZR',
    'DatosPresentacion': {
        'NIFPresentador': 'B74125311',
        'TimestampPre"
18668,1,in_invoice,S/FRA/2024/0346,A-796,sent_modified,"{
    'CSV': '65TUZZ3SDJVXX8ZW',
    'DatosPresentacion': {
        'NIFPresentador': 'B74125311',
        'TimestampPre"
18888,1,in_invoice,S/FRA/2024/0345,202406162,sent,"{
    'CSV': '34T3HUJ9C624NLW6',
    'DatosPresentacion': {
        'NIFPresentador': 'B74125311',
        'TimestampPre"
18993,1,in_invoice,S/FRA/2024/0343,INV/2024/03754,sent,"{
    'CSV': 'V2HVGVPQV37YQGRV',
    'DatosPresentacion': {
        'NIFPresentador': 'B74125311',
        'TimestampPre"
18994,1,in_invoice,S/FRA/2024/0342,1TSN240600240911,sent,"{
    'CSV': '3XVEHNUSPBMXDV8D',
    'DatosPresentacion': {
        'NIFPresentador': 'B74125311',
        'TimestampPre"
18995,1,in_invoice,S/FRA/2024/0341,2665897,sent,"{
    'CSV': 'TXAYDP7FUZWCZL7X',
    'DatosPresentacion': {
        'NIFPresentador': 'B74125311',
        'TimestampPre"
18996,1,in_invoice,S/FRA/2024/0340,1TSN240600426783,sent,"{
    'CSV': 'PQYQXULF9YSCZAYE',
    'DatosPresentacion': {
        'NIFPresentador': 'B74125311',
        'TimestampPre"
18658,1,in_invoice,S/FRA/2024/0339,2.244/F,sent,"{
    'CSV': '69999UUM2BXWENAD',
    'DatosPresentacion': {
        'NIFPresentador': 'B74125311',
        'TimestampPre"
18663,1,in_invoice,S/FRA/2024/0338,000D005262,sent,"{
    'CSV': 'B63UVZMDVUNGQ93A',
    'DatosPresentacion': {
        'NIFPresentador': 'B74125311',
        'TimestampPre"
18664,1,in_invoice,S/FRA/2024/0337,000G006050,sent,"{
    'CSV': 'NWY3D9FM84TVBT6B',
    'DatosPresentacion': {
        'NIFPresentador': 'B74125311',
        'TimestampPre"
18665,1,in_invoice,S/FRA/2024/0336,000G006054,sent,"{
    'CSV': 'LKAQ6S5P6MSGVT5K',
    'DatosPresentacion': {
        'NIFPresentador': 'B74125311',
        'TimestampPre"
18666,1,in_invoice,S/FRA/2024/0335,T/848/2024,sent,"{
    'CSV': 'EQD34PBQNQA2GMRF',
    'DatosPresentacion': {
        'NIFPresentador': 'B74125311',
        'TimestampPre"
18667,1,in_invoice,S/FRA/2024/0334,18742401P0120818,sent,"{
    'CSV': 'CTL2RTM7T63RQS3A',
    'DatosPresentacion': {
        'NIFPresentador': 'B74125311',
        'TimestampPre"
18669,1,in_invoice,S/FRA/2024/0333,B00054077,sent,"{
    'CSV': 'MXUYLE9ANLCREJEM',
    'DatosPresentacion': {
        'NIFPresentador': 'B74125311',
        'TimestampPre"
18670,1,in_invoice,S/FRA/2024/0332,462/24,sent,"{
    'CSV': '3GLNWK62ST2PG5SM',
    'DatosPresentacion': {
        'NIFPresentador': 'B74125311',
        'TimestampPre"
18726,1,in_invoice,S/FRA/2024/0331,1124001991,sent,"{
    'CSV': 'QQ8XPT3FNPVD9X5T',
    'DatosPresentacion': {
        'NIFPresentador': 'B74125311',
        'TimestampPre"
18816,1,in_invoice,S/FRA/2024/0330,24/102,sent,"{
    'CSV': '8UGVNQCL4MEGDQKX',
    'DatosPresentacion': {
        'NIFPresentador': 'B74125311',
        'TimestampPre"
18844,1,in_invoice,S/FRA/2024/0329,PG4O006285,sent,"{
    'CSV': '7A4KSN5SMBCGYU3K',
    'DatosPresentacion': {
        'NIFPresentador': 'B74125311',
        'TimestampPre"
18992,1,in_invoice,S/FRA/2024/0328,OO/2024/008,sent,"{
    'CSV': 'WJ5BL5XNTQY2GFTE',
    'DatosPresentacion': {
        'NIFPresentador': 'B74125311',
        'TimestampPre"
18797,1,in_invoice,S/FRA/2024/0327,6/2024,sent,"{
    'CSV': 'QT7W8GKC733EG2US',
    'DatosPresentacion': {
        'NIFPresentador': 'B74125311',
        'TimestampPre"
18815,1,in_invoice,S/FRA/2024/0326,A2404048,sent,"{
    'CSV': '6NEZWM6KLD7RYHGH',
    'DatosPresentacion': {
        'NIFPresentador': 'B74125311',
        'TimestampPre"
18825,1,in_invoice,S/FRA/2024/0325,5/2024,sent,"{
    'CSV': 'VDY4GUS7QMRMWUCW',
    'DatosPresentacion': {
        'NIFPresentador': 'B74125311',
        'TimestampPre"
18826,1,in_invoice,S/FRA/2024/0324,17/2024,sent,"{
    'CSV': 'RQ9BA593YU9HBHMS',
    'DatosPresentacion': {
        'NIFPresentador': 'B74125311',
        'TimestampPre"
18843,1,in_invoice,S/FRA/2024/0323,FA24/356,sent,"{
    'CSV': '68ZFZNFLGTZNANCZ',
    'DatosPresentacion': {
        'NIFPresentador': 'B74125311',
        'TimestampPre"
18854,1,in_invoice,S/FRA/2024/0322,15/2024,sent,"{
    'CSV': 'NCUN7786PW4ZVAX8',
    'DatosPresentacion': {
        'NIFPresentador': 'B74125311',
        'TimestampPre"
18858,1,in_invoice,S/FRA/2024/0321,OO/2024/007,sent,"{
    'CSV': 'MJSWAZQBX3QXWE37',
    'DatosPresentacion': {
        'NIFPresentador': 'B74125311',
        'TimestampPre"
18426,1,in_invoice,S/FRA/2024/0320,OO/2024/006,sent,"{
    'CSV': 'PKEPAM62F78VME5D',
    'DatosPresentacion': {
        'NIFPresentador': 'B74125311',
        'TimestampPre"
18857,1,in_invoice,S/FRA/2024/0319,OO/2024/005,sent,"{
    'CSV': 'QKKZVMSRF4LE9Q94',
    'DatosPresentacion': {
        'NIFPresentador': 'B74125311',
        'TimestampPre"
18856,1,in_invoice,S/FRA/2024/0318,98/2024,sent,"{
    'CSV': '5J6F9PBTLWUYRXPS',
    'DatosPresentacion': {
        'NIFPresentador': 'B74125311',
        'TimestampPre"
18855,1,in_invoice,S/FRA/2024/0317,97/2024,sent,"{
    'CSV': 'JDWEJ2M7NVCK4T8V',
    'DatosPresentacion': {
        'NIFPresentador': 'B74125311',
        'TimestampPre"
18840,1,in_invoice,S/FRA/2024/0316,84/2024,sent,"{
    'CSV': 'NQ5FH67TZ3DN9XD7',
    'DatosPresentacion': {
        'NIFPresentador': 'B74125311',
        'TimestampPre"
18745,1,in_invoice,S/FRA/2024/0315,VF24-06-0105,sent,"{
    'CSV': 'Z9M4S7BGFP3LEFGS',
    'DatosPresentacion': {
        'NIFPresentador': 'B74125311',
        'TimestampPre"
18776,1,in_invoice,S/FRA/2024/0314,A2403988,sent,"{
    'CSV': 'LSTW57HYLWQ4LAZP',
    'DatosPresentacion': {
        'NIFPresentador': 'B74125311',
        'TimestampPre"
18727,1,in_invoice,S/FRA/2024/0313,90-2024,sent,"{
    'CSV': 'DSJ9X37GEQ6U698C',
    'DatosPresentacion': {
        'NIFPresentador': 'B74125311',
        'TimestampPre"
18709,1,in_invoice,S/FRA/2024/0309,11045/24,sent,"{
    'CSV': '8SHAT57LWX5MTJTS',
    'DatosPresentacion': {
        'NIFPresentador': 'B74125311',
        'TimestampPre"
18766,1,in_invoice,S/FRA/2024/0312,2024/041,sent,"{
    'CSV': 'UUUT2KPUT25GM7JS',
    'DatosPresentacion': {
        'NIFPresentador': 'B74125311',
        'TimestampPre"
18577,1,in_invoice,S/FRA/2024/0311,OVIE-240247,sent,"{
    'CSV': 'DD5J2LC59T97TXA7',
    'DatosPresentacion': {
        'NIFPresentador': 'B74125311',
        'TimestampPre"
18600,1,in_invoice,S/FRA/2024/0310,2401246,sent,"{
    'CSV': 'HUM5TTFZ9FYFJNJ8',
    'DatosPresentacion': {
        'NIFPresentador': 'B74125311',
        'TimestampPre"
18546,1,in_invoice,S/FRA/2024/0308,24/0229,sent,"{
    'CSV': 'M2Y9DJKA3L8BFZ7Y',
    'DatosPresentacion': {
        'NIFPresentador': 'B74125311',
        'TimestampPre"
18547,1,in_invoice,S/FRA/2024/0307,13122147,sent,"{
    'CSV': 'FWQAA84PUYZWHZHR',
    'DatosPresentacion': {
        'NIFPresentador': 'B74125311',
        'TimestampPre"
18442,1,in_invoice,S/FRA/2024/0306,INV-ES-158921351-2024-16,sent_modified,"{
    'CSV': '2M9U5BB44GVEAH48',
    'DatosPresentacion': {
        'NIFPresentador': 'B74125311',
        'TimestampPre"
18459,1,in_invoice,S/FRA/2024/0305,1TSN240500057228,sent,"{
    'CSV': '5W9T28G7PAWWNBJS',
    'DatosPresentacion': {
        'NIFPresentador': 'B74125311',
        'TimestampPre"
18530,1,in_invoice,S/FRA/2024/0304,A-6363,sent,"{
    'CSV': 'R8D5LCCFD7LYJ9BM',
    'DatosPresentacion': {
        'NIFPresentador': 'B74125311',
        'TimestampPre"
18460,1,in_invoice,S/FRA/2024/0303,FM24-787,sent,"{
    'CSV': 'BYSTTN8S9S57QWNY',
    'DatosPresentacion': {
        'NIFPresentador': 'B74125311',
        'TimestampPre"
18462,1,in_invoice,S/FRA/2024/0302,2558258,sent,"{
    'CSV': 'N97PPHVC5QCCVZ6M',
    'DatosPresentacion': {
        'NIFPresentador': 'B74125311',
        'TimestampPre"
18463,1,in_invoice,S/FRA/2024/0301,1.560/F,sent,"{
    'CSV': 'VUGZA6MKAQQP9PMH',
    'DatosPresentacion': {
        'NIFPresentador': 'B74125311',
        'TimestampPre"
18464,1,in_invoice,S/FRA/2024/0300,24/188,sent_modified,"{
    'CSV': 'WUVC2F6T5R4X3X67',
    'DatosPresentacion': {
        'NIFPresentador': 'B74125311',
        'TimestampPre"
18465,1,in_invoice,S/FRA/2024/0299,24/189,sent_modified,"{
    'CSV': 'GLT3W664XWPZ2G82',
    'DatosPresentacion': {
        'NIFPresentador': 'B74125311',
        'TimestampPre"
18466,1,in_invoice,S/FRA/2024/0298,24/190,sent_modified,"{
    'CSV': 'HD8SW5WS27ZMST8B',
    'DatosPresentacion': {
        'NIFPresentador': 'B74125311',
        'TimestampPre"
18467,1,in_invoice,S/FRA/2024/0297,24/191,sent_modified,"{
    'CSV': 'BKK278LWDCEZXUD7',
    'DatosPresentacion': {
        'NIFPresentador': 'B74125311',
        'TimestampPre"
18531,1,in_invoice,S/FRA/2024/0296,000D004946,sent,"{
    'CSV': '8EM79QHQSTTA42X8',
    'DatosPresentacion': {
        'NIFPresentador': 'B74125311',
        'TimestampPre"
18532,1,in_invoice,S/FRA/2024/0295,000G005739,sent,"{
    'CSV': 'DBTHQN38LBZSKAHM',
    'DatosPresentacion': {
        'NIFPresentador': 'B74125311',
        'TimestampPre"
18545,1,in_invoice,S/FRA/2024/0294,0960470063159,sent,"{
    'CSV': 'T4NXZFK4ZWSBLRU7',
    'DatosPresentacion': {
        'NIFPresentador': 'B74125311',
        'TimestampPre"
18461,1,in_invoice,S/FRA/2024/0293,FRO20240819452,sent,"{
    'CSV': '3K7UZMSESESVR49U',
    'DatosPresentacion': {
        'NIFPresentador': 'B74125311',
        'TimestampPre"
18356,1,in_invoice,S/FRA/2024/0292,18742401P0104473,sent,"{
    'CSV': '3VGSRWPW7YRDUAW6',
    'DatosPresentacion': {
        'NIFPresentador': 'B74125311',
        'TimestampPre"
18364,1,in_invoice,S/FRA/2024/0291,A-643,sent_modified,"{
    'CSV': 'HYVUA8CYD95NTCYD',
    'DatosPresentacion': {
        'NIFPresentador': 'B74125311',
        'TimestampPre"
18394,1,in_invoice,S/FRA/2024/0290,240501,sent,"{
    'CSV': '22E2HUJDERBE926H',
    'DatosPresentacion': {
        'NIFPresentador': 'B74125311',
        'TimestampPre"
18414,1,in_invoice,S/FRA/2024/0289,VF24-05-0089,sent,"{
    'CSV': '4ZVWEEA3VKHDRWWP',
    'DatosPresentacion': {
        'NIFPresentador': 'B74125311',
        'TimestampPre"
18205,1,in_invoice,S/FRA/2024/0288,A-485,sent_modified,"{
    'CSV': 'QVUUDN2N62ARF9D6',
    'DatosPresentacion': {
        'NIFPresentador': 'B74125311',
        'TimestampPre"
18376,1,in_invoice,S/FRA/2024/0286,FV21838,sent,"{
    'CSV': '73AAQ5YYJ7AVZUXP',
    'DatosPresentacion': {
        'NIFPresentador': 'B74125311',
        'TimestampPre"
18446,1,in_invoice,S/FRA/2024/0285,1/2024,sent_modified,"{
    'CSV': 'DAQ4XSS8762BWABP',
    'DatosPresentacion': {
        'NIFPresentador': 'B74125311',
        'TimestampPre"
18445,1,in_invoice,S/FRA/2024/0284,2/2024,sent_modified,"{
    'CSV': 'XF5TEFAFQW42XCQS',
    'DatosPresentacion': {
        'NIFPresentador': 'B74125311',
        'TimestampPre"
18448,1,in_invoice,S/FRA/2024/0287,68/2024,sent,"{
    'CSV': 'MBCJWYRZ9FNJBF3U',
    'DatosPresentacion': {
        'NIFPresentador': 'B74125311',
        'TimestampPre"
18297,1,in_invoice,S/FRA/2024/0283,2024.04.03,sent,"{
    'CSV': '9GJV3QYDHKL7J6TV',
    'DatosPresentacion': {
        'NIFPresentador': 'B74125311',
        'TimestampPre"
18343,1,in_invoice,S/FRA/2024/0282,FV21773,sent,"{
    'CSV': '82PDFSXM7EZL996E',
    'DatosPresentacion': {
        'NIFPresentador': 'B74125311',
        'TimestampPre"
18332,1,in_invoice,S/FRA/2024/0281,FV21804,sent,"{
    'CSV': '7YWV4X6X2KK8AL4Y',
    'DatosPresentacion': {
        'NIFPresentador': 'B74125311',
        'TimestampPre"
18292,1,in_invoice,S/FRA/2024/0280,1NSN240300391872,sent,"{
    'CSV': 'KGXGX454KQ7XLD9W',
    'DatosPresentacion': {
        'NIFPresentador': 'B74125311',
        'TimestampPre"
18293,1,in_invoice,S/FRA/2024/0279,1HSN240300373151,sent_modified,"{
    'CSV': '4YRR9256EK8MR6M7',
    'DatosPresentacion': {
        'NIFPresentador': 'B74125311',
        'TimestampPre"
18291,1,in_invoice,S/FRA/2024/0278,1HSN240300324908,sent_modified,"{
    'CSV': 'CEPJG33USLA94NWF',
    'DatosPresentacion': {
        'NIFPresentador': 'B74125311',
        'TimestampPre"
18331,1,in_invoice,S/FRA/2024/0277,A240102987,sent,"{
    'CSV': 'LHUDY4GWS58NU5U2',
    'DatosPresentacion': {
        'NIFPresentador': 'B74125311',
        'TimestampPre"
18339,1,in_invoice,S/FRA/2024/0276,9/2023,sent,"{
    'CSV': 'ESAJQL79B62RA2HH',
    'DatosPresentacion': {
        'NIFPresentador': 'B74125311',
        'TimestampPre"
18344,1,in_invoice,S/FRA/2024/0275,EV/24000067,sent,"{
    'CSV': 'AHPGFNERSSFWATYS',
    'DatosPresentacion': {
        'NIFPresentador': 'B74125311',
        'TimestampPre"
18363,1,in_invoice,S/FRA/2024/0274,24401,sent,"{
    'CSV': 'ZB5ESUAPQNGYFLJD',
    'DatosPresentacion': {
        'NIFPresentador': 'B74125311',
        'TimestampPre"
18338,1,in_invoice,S/FRA/2024/0273,B/1767,sent,"{
    'CSV': 'QP6B7R8YQ3EUKDH2',
    'DatosPresentacion': {
        'NIFPresentador': 'B74125311',
        'TimestampPre"
18342,1,in_invoice,S/FRA/2024/0272,2024 A 0000061,sent,"{
    'CSV': 'RMM8ZMRKP9ALUZXT',
    'DatosPresentacion': {
        'NIFPresentador': 'B74125311',
        'TimestampPre"
18310,1,in_invoice,S/FRA/2024/0271,3553,sent,"{
    'CSV': 'FRCC6VUY8SYV9N6R',
    'DatosPresentacion': {
        'NIFPresentador': 'B74125311',
        'TimestampPre"
18303,1,in_invoice,S/FRA/2024/0270,3544 R,sent_modified,"{
    'CSV': 'H2CVHW7B8L9D6LD3',
    'DatosPresentacion': {
        'NIFPresentador': 'B74125311',
        'TimestampPre"
18294,1,in_invoice,S/FRA/2024/0269,L118844,sent,"{
    'CSV': 'U7FRMWVVF9YJF8CS',
    'DatosPresentacion': {
        'NIFPresentador': 'B74125311',
        'TimestampPre"
18295,1,in_invoice,S/FRA/2024/0268,1TSN240300408921,sent,"{
    'CSV': 'GGGKQXSNQ5CB3T2N',
    'DatosPresentacion': {
        'NIFPresentador': 'B74125311',
        'TimestampPre"
18304,1,in_invoice,S/FRA/2024/0267,D230069666,sent,"{
    'CSV': 'DFTLCNXQ7DUSQX5B',
    'DatosPresentacion': {
        'NIFPresentador': 'B74125311',
        'TimestampPre"
18252,1,in_invoice,S/FRA/2024/0262,VF24-04-0091,sent,"{
    'CSV': 'NEEESQL7TTASWTVF',
    'DatosPresentacion': {
        'NIFPresentador': 'B74125311',
        'TimestampPre"
18260,1,in_invoice,S/FRA/2024/0260,240401,sent,"{
    'CSV': 'CS3J3TEGB3FU47KS',
    'DatosPresentacion': {
        'NIFPresentador': 'B74125311',
        'TimestampPre"
18208,1,in_invoice,S/FRA/2024/0238,00003406,sent,"{
    'CSV': 'GQPBMX37TQCVHCNK',
    'DatosPresentacion': {
        'NIFPresentador': 'B74125311',
        'TimestampPre"
18355,1,in_refund,RS/FRA/2024/0007,R/24000053,sent,"{
    'CSV': '4F77RC5TYEF4QT39',
    'DatosPresentacion': {
        'NIFPresentador': 'B74125311',
        'TimestampPre"
18279,1,in_invoice,S/FRA/2024/0266,23ES00331130028785,sent_w_errors,2024 | El valor de ImporteTotal no coincide con el sumatorio de Bas
18277,1,in_invoice,S/FRA/2024/0265,57/2024,sent,"{
    'CSV': 'Y2DA7JXE3W38BSHT',
    'DatosPresentacion': {
        'NIFPresentador': 'B74125311',
        'TimestampPre"
18276,1,in_invoice,S/FRA/2024/0264,34/2024,sent,"{
    'CSV': 'ZCE25E7G8D6A8TCA',
    'DatosPresentacion': {
        'NIFPresentador': 'B74125311',
        'TimestampPre"
18275,1,in_invoice,S/FRA/2024/0263,16/2024,sent,"{
    'CSV': 'LCTT6XZSPY4K2VYD',
    'DatosPresentacion': {
        'NIFPresentador': 'B74125311',
        'TimestampPre"
18253,1,in_invoice,S/FRA/2024/0261,382-2024,sent,"{
    'CSV': '3THGTZ4XGECLTC9D',
    'DatosPresentacion': {
        'NIFPresentador': 'B74125311',
        'TimestampPre"
18261,1,in_invoice,S/FRA/2024/0259,224199,sent,"{
    'CSV': 'HU4RGS2P73HZ9GUE',
    'DatosPresentacion': {
        'NIFPresentador': 'B74125311',
        'TimestampPre"
18258,1,in_invoice,S/FRA/2024/0258,5/23,sent,"{
    'CSV': 'H6E7LKK4RJV5RQ5K',
    'DatosPresentacion': {
        'NIFPresentador': 'B74125311',
        'TimestampPre"
18243,1,in_invoice,S/FRA/2024/0257,OO/2024/004,sent,"{
    'CSV': '8P8Z82W3H96NQUFC',
    'DatosPresentacion': {
        'NIFPresentador': 'B74125311',
        'TimestampPre"
18242,1,in_invoice,S/FRA/2024/0256,OO/2024/003,sent,"{
    'CSV': '9XVHJUA5FPR5YL7E',
    'DatosPresentacion': {
        'NIFPresentador': 'B74125311',
        'TimestampPre"
18241,1,in_invoice,S/FRA/2024/0255,OO/2024/002,sent,"{
    'CSV': 'Q5CEQNXKDLW532XU',
    'DatosPresentacion': {
        'NIFPresentador': 'B74125311',
        'TimestampPre"
18240,1,in_invoice,S/FRA/2024/0254,OO/2024/001,sent,"{
    'CSV': '7ZWMX65MZHEV4BUP',
    'DatosPresentacion': {
        'NIFPresentador': 'B74125311',
        'TimestampPre"
17970,1,in_invoice,S/FRA/2024/0253,1792310,sent,"{
    'CSV': 'DRH6B98BKM6E97Q9',
    'DatosPresentacion': {
        'NIFPresentador': 'B74125311',
        'TimestampPre"
18173,1,in_invoice,S/FRA/2024/0252,Q240014708,sent,"{
    'CSV': 'PKWQZGQBKLZT94AB',
    'DatosPresentacion': {
        'NIFPresentador': 'B74125311',
        'TimestampPre"
18174,1,in_invoice,S/FRA/2024/0251,FA00996,sent,"{
    'CSV': 'H3HW3VKV842VYCST',
    'DatosPresentacion': {
        'NIFPresentador': 'B74125311',
        'TimestampPre"
18179,1,in_invoice,S/FRA/2024/0250,24/293,sent,"{
    'CSV': 'JEYF92YCMPRJFZNM',
    'DatosPresentacion': {
        'NIFPresentador': 'B74125311',
        'TimestampPre"
18181,1,in_invoice,S/FRA/2024/0249,T/424/2024,sent,"{
    'CSV': 'JRZSRACY6QYTVQEB',
    'DatosPresentacion': {
        'NIFPresentador': 'B74125311',
        'TimestampPre"
18185,1,in_invoice,S/FRA/2024/0248,INV249274675,sent,"{
    'CSV': 'NURGSN7S5JFB38KR',
    'DatosPresentacion': {
        'NIFPresentador': 'B74125311',
        'TimestampPre"
18186,1,in_invoice,S/FRA/2024/0247,M240022148,sent,"{
    'CSV': 'ZXD8B6GVQXQYK5R3',
    'DatosPresentacion': {
        'NIFPresentador': 'B74125311',
        'TimestampPre"
18194,1,in_invoice,S/FRA/2024/0246,ES4XLOABEY,sent_modified,"{
    'CSV': 'EVJKTGHDRDARW5DF',
    'DatosPresentacion': {
        'NIFPresentador': 'B74125311',
        'TimestampPre"
18195,1,in_invoice,S/FRA/2024/0245,000D004697,sent,"{
    'CSV': 'QDLV9UNEBAG28SKK',
    'DatosPresentacion': {
        'NIFPresentador': 'B74125311',
        'TimestampPre"
18197,1,in_invoice,S/FRA/2024/0244,A2401896,sent,"{
    'CSV': 'C2LHSNGQAQ6UELEX',
    'DatosPresentacion': {
        'NIFPresentador': 'B74125311',
        'TimestampPre"
18198,1,in_invoice,S/FRA/2024/0243,1.223/F,sent,"{
    'CSV': 'R6JAG7TPUM65R5EY',
    'DatosPresentacion': {
        'NIFPresentador': 'B74125311',
        'TimestampPre"
18200,1,in_invoice,S/FRA/2024/0242,FRO20240620990,sent,"{
    'CSV': 'EEM66XRUMYBW4PH6',
    'DatosPresentacion': {
        'NIFPresentador': 'B74125311',
        'TimestampPre"
18203,1,in_invoice,S/FRA/2024/0241,18742401P0064493,sent,"{
    'CSV': '6MFDRAS3E6BVKZ3W',
    'DatosPresentacion': {
        'NIFPresentador': 'B74125311',
        'TimestampPre"
18204,1,in_invoice,S/FRA/2024/0240,2024-39,sent,"{
    'CSV': 'XNBPSKZMXMJEDPM4',
    'DatosPresentacion': {
        'NIFPresentador': 'B74125311',
        'TimestampPre"
18207,1,in_invoice,S/FRA/2024/0239,0001879768,sent,"{
    'CSV': 'FCKCP7WMTDERU3FR',
    'DatosPresentacion': {
        'NIFPresentador': 'B74125311',
        'TimestampPre"
18209,1,in_invoice,S/FRA/2024/0237,2021000271,sent,"{
    'CSV': 'DWHDCJ9LSCGRP87B',
    'DatosPresentacion': {
        'NIFPresentador': 'B74125311',
        'TimestampPre"
17405,1,in_invoice,S/FRA/2024/0236,FACT.008738,sent,"{
    'CSV': '4563AKA7QYEHFFET',
    'DatosPresentacion': {
        'NIFPresentador': 'B74125311',
        'TimestampPre"
17504,1,in_invoice,S/FRA/2024/0235,000008,sent,"{
    'CSV': '5HQVC7XN84S4A8KH',
    'DatosPresentacion': {
        'NIFPresentador': 'B74125311',
        'TimestampPre"
17398,1,in_invoice,S/FRA/2024/0234,18742401P0016261,sent,"{
    'CSV': 'RZ2SUWYPMP9M4JDZ',
    'DatosPresentacion': {
        'NIFPresentador': 'B74125311',
        'TimestampPre"
17404,1,in_invoice,S/FRA/2024/0233,3275114824,sent_modified,"{
    'CSV': 'ZE44GB5BW24Q8EJG',
    'DatosPresentacion': {
        'NIFPresentador': 'B74125311',
        'TimestampPre"
17408,1,in_invoice,S/FRA/2024/0232,ESINV20000001239930,sent,"{
    'CSV': 'QKFVVHW7RAZRFZN3',
    'DatosPresentacion': {
        'NIFPresentador': 'B74125311',
        'TimestampPre"
17409,1,in_invoice,S/FRA/2024/0231,ORD_428_2021 / 0002340,sent,"{
    'CSV': 'TKLQT2N2L4MN4U98',
    'DatosPresentacion': {
        'NIFPresentador': 'B74125311',
        'TimestampPre"
17410,1,in_invoice,S/FRA/2024/0230,9556235561,sent,"{
    'CSV': '2FMDUKHZFKMDWXYZ',
    'DatosPresentacion': {
        'NIFPresentador': 'B74125311',
        'TimestampPre"
17411,1,in_invoice,S/FRA/2024/0229,13698607,sent,"{
    'CSV': 'VSK2FVU9HSR8FGDX',
    'DatosPresentacion': {
        'NIFPresentador': 'B74125311',
        'TimestampPre"
17412,1,in_invoice,S/FRA/2024/0228,11-220338,sent,"{
    'CSV': '54R2EYT8BZFUHQ6U',
    'DatosPresentacion': {
        'NIFPresentador': 'B74125311',
        'TimestampPre"
17413,1,in_invoice,S/FRA/2024/0227,1 22 0005 0003645013,sent,"{
    'CSV': '2HW6JET984FCDUS8',
    'DatosPresentacion': {
        'NIFPresentador': 'B74125311',
        'TimestampPre"
17414,1,in_invoice,S/FRA/2024/0226,CU023566,sent,"{
    'CSV': 'UUVGYPWREFJN8AC6',
    'DatosPresentacion': {
        'NIFPresentador': 'B74125311',
        'TimestampPre"
17415,1,in_invoice,S/FRA/2024/0225,1 23 0005 0003308099,sent,"{
    'CSV': 'RCZ2T4UKN9CDMJQB',
    'DatosPresentacion': {
        'NIFPresentador': 'B74125311',
        'TimestampPre"
17417,1,in_invoice,S/FRA/2024/0224,VP2310180056,sent,"{
    'CSV': 'XDLYGBXXBMZGZLHB',
    'DatosPresentacion': {
        'NIFPresentador': 'B74125311',
        'TimestampPre"
17418,1,in_invoice,S/FRA/2024/0223,00904028499,sent,"{
    'CSV': 'BGV6XBG6BCKSRLKJ',
    'DatosPresentacion': {
        'NIFPresentador': 'B74125311',
        'TimestampPre"
17406,1,in_invoice,S/FRA/2024/0222,FA#2020/19126901,sent,"{
    'CSV': 'XK525F7SDZPF7JNJ',
    'DatosPresentacion': {
        'NIFPresentador': 'B74125311',
        'TimestampPre"
17407,1,in_invoice,S/FRA/2024/0221,2020/19127034,sent,"{
    'CSV': 'PFQU2AVUXUHP9JNP',
    'DatosPresentacion': {
        'NIFPresentador': 'B74125311',
        'TimestampPre"
17470,1,in_invoice,S/FRA/2024/0220,VF24-03-0101,sent,"{
    'CSV': 'ZNUKXJ87GTHUQA4E',
    'DatosPresentacion': {
        'NIFPresentador': 'B74125311',
        'TimestampPre"
17489,1,in_invoice,S/FRA/2024/0219,2024 -24,sent,"{
    'CSV': '36YDMCNNGEXD4ZDE',
    'DatosPresentacion': {
        'NIFPresentador': 'B74125311',
        'TimestampPre"
17490,1,in_invoice,S/FRA/2024/0218,2023 -400,sent,"{
    'CSV': 'MAW55EGDCJUWZYTH',
    'DatosPresentacion': {
        'NIFPresentador': 'B74125311',
        'TimestampPre"
17491,1,in_invoice,S/FRA/2024/0217,2023 -449,sent,"{
    'CSV': 'UZ5F5FDBXSAA6MPH',
    'DatosPresentacion': {
        'NIFPresentador': 'B74125311',
        'TimestampPre"
17497,1,in_invoice,S/FRA/2024/0216,312-KF24-2850,sent,"{
    'CSV': 'WZ248EYXDPQ99U5P',
    'DatosPresentacion': {
        'NIFPresentador': 'B74125311',
        'TimestampPre"
17498,1,in_invoice,S/FRA/2024/0215,2020/0327,sent,"{
    'CSV': 'V85FWM77P64XJSVR',
    'DatosPresentacion': {
        'NIFPresentador': 'B74125311',
        'TimestampPre"
17501,1,in_invoice,S/FRA/2024/0214,000040,sent,"{
    'CSV': '9J7DCT26WTCFFEA9',
    'DatosPresentacion': {
        'NIFPresentador': 'B74125311',
        'TimestampPre"
17502,1,in_invoice,S/FRA/2024/0213,000280,sent,"{
    'CSV': 'NNQVJPNL8CGHL98V',
    'DatosPresentacion': {
        'NIFPresentador': 'B74125311',
        'TimestampPre"
17503,1,in_invoice,S/FRA/2024/0212,210009845,sent,"{
    'CSV': 'VQS263GTAN7DTJE2',
    'DatosPresentacion': {
        'NIFPresentador': 'B74125311',
        'TimestampPre"
17718,1,in_invoice,S/FRA/2024/0211,000466,sent,"{
    'CSV': 'K474EXBH6YSC83JT',
    'DatosPresentacion': {
        'NIFPresentador': 'B74125311',
        'TimestampPre"
17746,1,in_invoice,S/FRA/2024/0210,01/24,sent,"{
    'CSV': 'WDPEH7KRS6KKP5XE',
    'DatosPresentacion': {
        'NIFPresentador': 'B74125311',
        'TimestampPre"
17750,1,in_invoice,S/FRA/2024/0209,000430,sent,"{
    'CSV': '83W6XG397R8J8WNQ',
    'DatosPresentacion': {
        'NIFPresentador': 'B74125311',
        'TimestampPre"
17755,1,in_invoice,S/FRA/2024/0208,2023-AS-LOPDOS-106,sent,"{
    'CSV': '8QEV55AUBPFKLJG3',
    'DatosPresentacion': {
        'NIFPresentador': 'B74125311',
        'TimestampPre"
17754,1,in_invoice,S/FRA/2024/0207,FCL-09154698,sent,"{
    'CSV': 'XB5KWRN4626DRKWT',
    'DatosPresentacion': {
        'NIFPresentador': 'B74125311',
        'TimestampPre"
17379,1,in_invoice,S/FRA/2024/0200,A2401381,sent,"{
    'CSV': 'AQNVCJLYP5MYZ4M3',
    'DatosPresentacion': {
        'NIFPresentador': 'B74125311',
        'TimestampPre"
17380,1,in_invoice,S/FRA/2024/0199,A10018674075-0324,sent,"{
    'CSV': '562JY69VBKY7YK2L',
    'DatosPresentacion': {
        'NIFPresentador': 'B74125311',
        'TimestampPre"
17381,1,in_invoice,S/FRA/2024/0198,A10018710694-0324,sent,"{
    'CSV': '25W2BQM87CNTH79P',
    'DatosPresentacion': {
        'NIFPresentador': 'B74125311',
        'TimestampPre"
17317,1,in_invoice,S/FRA/2024/0183,A-328,sent_modified,"{
    'CSV': 'YFKXGSK3V7N25U8K',
    'DatosPresentacion': {
        'NIFPresentador': 'B74125311',
        'TimestampPre"
16012,1,in_refund,RS/FRA/2024/0006,BL7/2023/1/22875,sent_modified,"{
    'CSV': 'QWFSFTSVHX96NEU7',
    'DatosPresentacion': {
        'NIFPresentador': 'B74125311',
        'TimestampPre"
17220,1,in_refund,RS/FRA/2024/0005,D9700 / 11 / 5420,sent,"{
    'CSV': 'LFNECMGAPJQEEHC5',
    'DatosPresentacion': {
        'NIFPresentador': 'B74125311',
        'TimestampPre"
17219,1,in_refund,RS/FRA/2024/0004,D9700 / 19 / 5424,sent,"{
    'CSV': 'STJXS9F9USUAW723',
    'DatosPresentacion': {
        'NIFPresentador': 'B74125311',
        'TimestampPre"
18278,1,in_invoice,/,33112023002878,sent_w_errors,2024 | El valor de ImporteTotal no coincide con el sumatorio de Bas
17492,1,in_invoice,/,AF/0001/01,sent_w_errors,2024 | El valor de ImporteTotal no coincide con el sumatorio de Bas
17367,1,in_invoice,S/FRA/2024/0205,330001020240226000134,sent,"{
    'CSV': 'NG58B6GQNE3ER9FC',
    'DatosPresentacion': {
        'NIFPresentador': 'B74125311',
        'TimestampPre"
17375,1,in_invoice,S/FRA/2024/0204,24001292,sent,"{
    'CSV': 'R2MVGCHSUYHHMWHV',
    'DatosPresentacion': {
        'NIFPresentador': 'B74125311',
        'TimestampPre"
17376,1,in_invoice,S/FRA/2024/0203,24001293,sent,"{
    'CSV': 'Z4TSX5DHGSSS22LF',
    'DatosPresentacion': {
        'NIFPresentador': 'B74125311',
        'TimestampPre"
17377,1,in_invoice,S/FRA/2024/0202,6-24,sent,"{
    'CSV': 'N8GEBYHWSF3PGG6U',
    'DatosPresentacion': {
        'NIFPresentador': 'B74125311',
        'TimestampPre"
17378,1,in_invoice,S/FRA/2024/0201,FA 240393,sent,"{
    'CSV': 'B3FTQRUEJEAV8T5G',
    'DatosPresentacion': {
        'NIFPresentador': 'B74125311',
        'TimestampPre"
17396,1,in_invoice,S/FRA/2024/0197,2452250,sent,"{
    'CSV': '3LDSGKCQL62WMQMW',
    'DatosPresentacion': {
        'NIFPresentador': 'B74125311',
        'TimestampPre"
17225,1,in_invoice,S/FRA/2024/0196,SH7202300097644,sent,"{
    'CSV': 'MPSDLS96UTSB8WBM',
    'DatosPresentacion': {
        'NIFPresentador': 'B74125311',
        'TimestampPre"
17226,1,in_invoice,S/FRA/2024/0195,SH7202300097624,sent,"{
    'CSV': 'FNAF4UXHZE9UURAT',
    'DatosPresentacion': {
        'NIFPresentador': 'B74125311',
        'TimestampPre"
17240,1,in_invoice,S/FRA/2024/0194,318249,sent,"{
    'CSV': '3FC5HPJFDLFY2BAZ',
    'DatosPresentacion': {
        'NIFPresentador': 'B74125311',
        'TimestampPre"
17241,1,in_invoice,S/FRA/2024/0193,F240034814,sent,"{
    'CSV': 'XZJE9W3RP2DZ2ECJ',
    'DatosPresentacion': {
        'NIFPresentador': 'B74125311',
        'TimestampPre"
17224,1,in_invoice,S/FRA/2024/0192,R_39712_2008,sent,"{
    'CSV': '6TFRC2PEYDCED984',
    'DatosPresentacion': {
        'NIFPresentador': 'B74125311',
        'TimestampPre"
17227,1,in_invoice,S/FRA/2024/0191,3/2024,sent,"{
    'CSV': 'TX7XFJGLT6P26MSH',
    'DatosPresentacion': {
        'NIFPresentador': 'B74125311',
        'TimestampPre"
17231,1,in_invoice,S/FRA/2024/0190,EV/23000367,sent,"{
    'CSV': '9SECM2D4TNQNY7QQ',
    'DatosPresentacion': {
        'NIFPresentador': 'B74125311',
        'TimestampPre"
17232,1,in_invoice,S/FRA/2024/0189,EV/23000437,sent,"{
    'CSV': 'JTHGVLU89JFHVDSF',
    'DatosPresentacion': {
        'NIFPresentador': 'B74125311',
        'TimestampPre"
17233,1,in_invoice,S/FRA/2024/0188,EV/23000436,sent,"{
    'CSV': 'DY5ZEENSANNLP265',
    'DatosPresentacion': {
        'NIFPresentador': 'B74125311',
        'TimestampPre"
17234,1,in_invoice,S/FRA/2024/0187,2,sent,"{
    'CSV': '26BVW9B5HGS6TWP7',
    'DatosPresentacion': {
        'NIFPresentador': 'B74125311',
        'TimestampPre"
17242,1,in_invoice,S/FRA/2024/0186,187/24,sent,"{
    'CSV': 'ERSCP9ECBYWZJMVB',
    'DatosPresentacion': {
        'NIFPresentador': 'B74125311',
        'TimestampPre"
17243,1,in_invoice,S/FRA/2024/0185,UN-28/24,sent,"{
    'CSV': 'EGRMCBTA3NAPDL7A',
    'DatosPresentacion': {
        'NIFPresentador': 'B74125311',
        'TimestampPre"
17307,1,in_invoice,S/FRA/2024/0184,1TSN240200381744,sent,"{
    'CSV': 'QMR2NUG6CW9GB78V',
    'DatosPresentacion': {
        'NIFPresentador': 'B74125311',
        'TimestampPre"
17318,1,in_invoice,S/FRA/2024/0182,24/59,sent_modified,"{
    'CSV': '5KBLDSCPMEB5Q4CC',
    'DatosPresentacion': {
        'NIFPresentador': 'B74125311',
        'TimestampPre"
17319,1,in_invoice,S/FRA/2024/0181,UN-62/24,sent,"{
    'CSV': '2CTXM3AM49CGQPEK',
    'DatosPresentacion': {
        'NIFPresentador': 'B74125311',
        'TimestampPre"
17331,1,in_invoice,S/FRA/2024/0180,FM24-297,sent,"{
    'CSV': '7D5VQYBQQTYUV4ME',
    'DatosPresentacion': {
        'NIFPresentador': 'B74125311',
        'TimestampPre"
17333,1,in_invoice,S/FRA/2024/0179,705/F,sent,"{
    'CSV': 'DB8XDQN6UM6LDC8E',
    'DatosPresentacion': {
        'NIFPresentador': 'B74125311',
        'TimestampPre"
17334,1,in_invoice,S/FRA/2024/0178,000D004461,sent,"{
    'CSV': '4NT5NK7TCFLXKYFP',
    'DatosPresentacion': {
        'NIFPresentador': 'B74125311',
        'TimestampPre"
17335,1,in_invoice,S/FRA/2024/0177,000G005213,sent,"{
    'CSV': '939F4XTC5PADVYSF',
    'DatosPresentacion': {
        'NIFPresentador': 'B74125311',
        'TimestampPre"
17206,1,in_invoice,S/FRA/2024/0176,404-6474789-5761906,sent,"{
    'CSV': 'KM7Q2983WFFMX43T',
    'DatosPresentacion': {
        'NIFPresentador': 'B74125311',
        'TimestampPre"
17137,1,in_invoice,S/FRA/2024/0175,175-23,sent,"{
    'CSV': '9FXLJXCG293Q4J9J',
    'DatosPresentacion': {
        'NIFPresentador': 'B74125311',
        'TimestampPre"
17185,1,in_invoice,S/FRA/2024/0174,OE/2024/M0145,sent,"{
    'CSV': '5ED6BJYR9SW4F6K3',
    'DatosPresentacion': {
        'NIFPresentador': 'B74125311',
        'TimestampPre"
17214,1,in_invoice,S/FRA/2024/0173,FMI/10951,sent,"{
    'CSV': 'PXLMVRJMNRCKZ4WB',
    'DatosPresentacion': {
        'NIFPresentador': 'B74125311',
        'TimestampPre"
17135,1,in_invoice,S/FRA/2024/0172,24-009,sent,"{
    'CSV': '98B46PYBNU29WEHM',
    'DatosPresentacion': {
        'NIFPresentador': 'B74125311',
        'TimestampPre"
17136,1,in_invoice,S/FRA/2024/0171,6,sent,"{
    'CSV': 'Y88KMTSC3BM5G8AW',
    'DatosPresentacion': {
        'NIFPresentador': 'B74125311',
        'TimestampPre"
17138,1,in_invoice,S/FRA/2024/0170,000036,sent,"{
    'CSV': 'PW55SR6HPG2ZWW46',
    'DatosPresentacion': {
        'NIFPresentador': 'B74125311',
        'TimestampPre"
17139,1,in_invoice,S/FRA/2024/0169,000037,sent,"{
    'CSV': 'GT5SESSWMQ54C2JC',
    'DatosPresentacion': {
        'NIFPresentador': 'B74125311',
        'TimestampPre"
17140,1,in_invoice,S/FRA/2024/0168,000038,sent,"{
    'CSV': '22UKXT2D4GYVPGLP',
    'DatosPresentacion': {
        'NIFPresentador': 'B74125311',
        'TimestampPre"
17142,1,in_invoice,S/FRA/2024/0167,312-KF24-1629,sent,"{
    'CSV': 'KFUEHLVNGRP548L9',
    'DatosPresentacion': {
        'NIFPresentador': 'B74125311',
        'TimestampPre"
17146,1,in_invoice,S/FRA/2024/0166,24-0010,sent,"{
    'CSV': 'ULM3SPXV2W7QT7JU',
    'DatosPresentacion': {
        'NIFPresentador': 'B74125311',
        'TimestampPre"
17147,1,in_invoice,S/FRA/2024/0165,TB-2024-F 6,sent,"{
    'CSV': 'DJKJGL7KFGLLYF26',
    'DatosPresentacion': {
        'NIFPresentador': 'B74125311',
        'TimestampPre"
17181,1,in_invoice,S/FRA/2024/0164,13-2400007,sent,"{
    'CSV': 'HZ5U57BPUJEWU263',
    'DatosPresentacion': {
        'NIFPresentador': 'B74125311',
        'TimestampPre"
17182,1,in_invoice,S/FRA/2024/0163,A/000147/24,sent,"{
    'CSV': 'NDE8BCLCL4YDQN9F',
    'DatosPresentacion': {
        'NIFPresentador': 'B74125311',
        'TimestampPre"
17183,1,in_invoice,S/FRA/2024/0162,09414000211,sent,"{
    'CSV': 'L265MZ45FNFQQKBR',
    'DatosPresentacion': {
        'NIFPresentador': 'B74125311',
        'TimestampPre"
17187,1,in_invoice,S/FRA/2024/0161,0781880106074,sent_modified,"{
    'CSV': 'NQ95YBDGL5H8C64S',
    'DatosPresentacion': {
        'NIFPresentador': 'B74125311',
        'TimestampPre"
17132,1,in_invoice,S/FRA/2024/0160,02/2024,sent,"{
    'CSV': 'K586BHNQH6BLN58A',
    'DatosPresentacion': {
        'NIFPresentador': 'B74125311',
        'TimestampPre"
17145,1,in_invoice,S/FRA/2024/0159,2023-0106,sent,"{
    'CSV': 'X85HX6VN4STXASWA',
    'DatosPresentacion': {
        'NIFPresentador': 'B74125311',
        'TimestampPre"
17205,1,in_invoice,S/FRA/2024/0158,24A001,sent,"{
    'CSV': 'YQ84VN7QR7BGEF8M',
    'DatosPresentacion': {
        'NIFPresentador': 'B74125311',
        'TimestampPre"
17207,1,in_invoice,S/FRA/2024/0157,2304003,sent,"{
    'CSV': '7APNBCC4BZNA5PLL',
    'DatosPresentacion': {
        'NIFPresentador': 'B74125311',
        'TimestampPre"
17208,1,in_invoice,S/FRA/2024/0156,FRO20240119360,sent,"{
    'CSV': 'WN7GY9FGT47PYUNA',
    'DatosPresentacion': {
        'NIFPresentador': 'B74125311',
        'TimestampPre"
17210,1,in_invoice,S/FRA/2024/0155,09984000006,sent,"{
    'CSV': 'JVJPF785W53YMRCG',
    'DatosPresentacion': {
        'NIFPresentador': 'B74125311',
        'TimestampPre"
17211,1,in_invoice,S/FRA/2024/0154,H267237922,sent,"{
    'CSV': '6WBHMAD6XJS32ASR',
    'DatosPresentacion': {
        'NIFPresentador': 'B74125311',
        'TimestampPre"
17212,1,in_invoice,S/FRA/2024/0153,20953/2024,sent,"{
    'CSV': '7SMWJW6ZB3YNKDHY',
    'DatosPresentacion': {
        'NIFPresentador': 'B74125311',
        'TimestampPre"
17213,1,in_invoice,S/FRA/2024/0152,20960/2024,sent,"{
    'CSV': '5GSGHN5HNRFAXDN7',
    'DatosPresentacion': {
        'NIFPresentador': 'B74125311',
        'TimestampPre"
17215,1,in_invoice,S/FRA/2024/0151,FMI/357,sent,"{
    'CSV': 'KSZHEDQLJ245Z7ML',
    'DatosPresentacion': {
        'NIFPresentador': 'B74125311',
        'TimestampPre"
17216,1,in_invoice,S/FRA/2024/0150,FMI/364,sent,"{
    'CSV': 'PXPZTZLS6X9UNHZF',
    'DatosPresentacion': {
        'NIFPresentador': 'B74125311',
        'TimestampPre"
17217,1,in_invoice,S/FRA/2024/0149,L9550 / 1931,sent,"{
    'CSV': '77VUU2Q7XMP6DUER',
    'DatosPresentacion': {
        'NIFPresentador': 'B74125311',
        'TimestampPre"
17218,1,in_invoice,S/FRA/2024/0148,A9700 / 17 / 14752,sent,"{
    'CSV': 'LNFAGUH5AVTGCZYF',
    'DatosPresentacion': {
        'NIFPresentador': 'B74125311',
        'TimestampPre"
17221,1,in_invoice,S/FRA/2024/0147,L9700 / 14847,sent,"{
    'CSV': '4FL6PZ3MUYT7ZL73',
    'DatosPresentacion': {
        'NIFPresentador': 'B74125311',
        'TimestampPre"
17222,1,in_invoice,S/FRA/2024/0146,2024000011,sent,"{
    'CSV': 'XQFWME8BF8T4BNPQ',
    'DatosPresentacion': {
        'NIFPresentador': 'B74125311',
        'TimestampPre"
16724,1,in_invoice,S/FRA/2024/0145,A2400719,sent,"{
    'CSV': 'Y5LLWNVD46NEY244',
    'DatosPresentacion': {
        'NIFPresentador': 'B74125311',
        'TimestampPre"
16751,1,in_invoice,S/FRA/2024/0144,VF24-02-0106,sent,"{
    'CSV': 'A2KKTFD5QR7VSG4R',
    'DatosPresentacion': {
        'NIFPresentador': 'B74125311',
        'TimestampPre"
16403,1,in_invoice,S/FRA/2024/0138,003-2024,sent,"{
    'CSV': 'R8Q73K2VHBJBTFZH',
    'DatosPresentacion': {
        'NIFPresentador': 'B74125311',
        'TimestampPre"
16506,1,in_invoice,S/FRA/2024/0133,481 A,sent,"{
    'CSV': 'M8MQA68LBSWJRDZ7',
    'DatosPresentacion': {
        'NIFPresentador': 'B74125311',
        'TimestampPre"
16373,1,in_invoice,S/FRA/2024/0126,20240000000000001,sent,"{
    'CSV': 'D5259UNNDKTTTUAY',
    'DatosPresentacion': {
        'NIFPresentador': 'B74125311',
        'TimestampPre"
16374,1,in_invoice,S/FRA/2024/0125,01/2024,sent,"{
    'CSV': '86HF2SGYA5ZXJXR7',
    'DatosPresentacion': {
        'NIFPresentador': 'B74125311',
        'TimestampPre"
16411,1,in_invoice,S/FRA/2024/0123,4,sent,"{
    'CSV': 'TMA5XEFKQNNDU2AK',
    'DatosPresentacion': {
        'NIFPresentador': 'B74125311',
        'TimestampPre"
16597,1,in_invoice,S/FRA/2024/0087,A-190,sent_modified,"{
    'CSV': 'NRQ5JNDFSSRX6MVN',
    'DatosPresentacion': {
        'NIFPresentador': 'B74125311',
        'TimestampPre"
16616,1,in_invoice,S/FRA/2024/0086,FRO20240236830,sent,"{
    'CSV': 'NMKRKBYVB33BNRRB',
    'DatosPresentacion': {
        'NIFPresentador': 'B74125311',
        'TimestampPre"
16640,1,in_invoice,S/FRA/2024/0081,FV21747,sent,"{
    'CSV': '6X4RYZDAFWGWG8AZ',
    'DatosPresentacion': {
        'NIFPresentador': 'B74125311',
        'TimestampPre"
16655,1,in_invoice,S/FRA/2024/0060,11,sent,"{
    'CSV': '55NZ2ZJJS93XSK5R',
    'DatosPresentacion': {
        'NIFPresentador': 'B74125311',
        'TimestampPre"
16679,1,in_invoice,S/FRA/2024/0059,04/24,sent,"{
    'CSV': '8F87LNMPHL9Z3Y3W',
    'DatosPresentacion': {
        'NIFPresentador': 'B74125311',
        'TimestampPre"
16681,1,in_invoice,S/FRA/2024/0058,A10018597272-0224,sent,"{
    'CSV': 'HDAFP6RC2HDEJLGX',
    'DatosPresentacion': {
        'NIFPresentador': 'B74125311',
        'TimestampPre"
16682,1,in_invoice,S/FRA/2024/0057,A10018635418-0224,sent,"{
    'CSV': 'S9Q9JB8G3WXKSSMB',
    'DatosPresentacion': {
        'NIFPresentador': 'B74125311',
        'TimestampPre"
16687,1,in_invoice,S/FRA/2024/0056,0017-2024,sent,"{
    'CSV': 'YM9SB5TDCVYHCXQY',
    'DatosPresentacion': {
        'NIFPresentador': 'B74125311',
        'TimestampPre"
16688,1,in_invoice,S/FRA/2024/0055,F010-2024,sent,"{
    'CSV': 'PNVB3JDEZMB4DM7M',
    'DatosPresentacion': {
        'NIFPresentador': 'B74125311',
        'TimestampPre"
16689,1,in_invoice,S/FRA/2024/0054,1NSN240200037579,sent,"{
    'CSV': 'QZTUDWERYPB5DTKE',
    'DatosPresentacion': {
        'NIFPresentador': 'B74125311',
        'TimestampPre"
16690,1,in_invoice,S/FRA/2024/0053,D24 047,sent,"{
    'CSV': '5GMNMPJE45HBMGMX',
    'DatosPresentacion': {
        'NIFPresentador': 'B74125311',
        'TimestampPre"
16691,1,in_invoice,S/FRA/2024/0051,A101,sent,"{
    'CSV': 'ZD6VA62CBRNRY8UD',
    'DatosPresentacion': {
        'NIFPresentador': 'B74125311',
        'TimestampPre"
16716,1,in_invoice,S/FRA/2024/0047,13-2400006,sent,"{
    'CSV': 'LC88FHYGRPJBTBRS',
    'DatosPresentacion': {
        'NIFPresentador': 'B74125311',
        'TimestampPre"
16717,1,in_invoice,S/FRA/2024/0046,2,sent,"{
    'CSV': '5HB7994X6XTNK2AC',
    'DatosPresentacion': {
        'NIFPresentador': 'B74125311',
        'TimestampPre"
16613,1,in_invoice,S/FRA/2024/0043,01/2024,sent,"{
    'CSV': 'DQC4F87FNGP8QY4T',
    'DatosPresentacion': {
        'NIFPresentador': 'B74125311',
        'TimestampPre"
16657,1,in_invoice,S/FRA/2024/0039,001/2024,sent,"{
    'CSV': 'R93YNVG82M5CRTVF',
    'DatosPresentacion': {
        'NIFPresentador': 'B74125311',
        'TimestampPre"
16680,1,in_invoice,S/FRA/2024/0033,001/2024,sent,"{
    'CSV': '2J2UABLUSD924K68',
    'DatosPresentacion': {
        'NIFPresentador': 'B74125311',
        'TimestampPre"
16692,1,in_invoice,S/FRA/2024/0032,TB-2024-F1,sent,"{
    'CSV': 'LJ9QSQ2NA9WHVH5R',
    'DatosPresentacion': {
        'NIFPresentador': 'B74125311',
        'TimestampPre"
16705,1,in_invoice,S/FRA/2024/0031,2/2024,sent,"{
    'CSV': 'ZNCU4PXRGY876FNB',
    'DatosPresentacion': {
        'NIFPresentador': 'B74125311',
        'TimestampPre"
16718,1,in_invoice,S/FRA/2024/0029,01/2024,sent,"{
    'CSV': '27H6CBMKAEQ3HVRL',
    'DatosPresentacion': {
        'NIFPresentador': 'B74125311',
        'TimestampPre"
16704,1,in_invoice,S/FRA/2024/0028,AF/2015/01,sent,"{
    'CSV': '7X4XNHLPDXKV8YBW',
    'DatosPresentacion': {
        'NIFPresentador': 'B74125311',
        'TimestampPre"
16703,1,in_invoice,S/FRA/2024/0027,AF/2014/01,sent,"{
    'CSV': 'UYDYCAFWHES5HKE9',
    'DatosPresentacion': {
        'NIFPresentador': 'B74125311',
        'TimestampPre"
16701,1,in_invoice,S/FRA/2024/0026,AF/2013/01,sent,"{
    'CSV': '9ZGHEKQG8BZBJGYE',
    'DatosPresentacion': {
        'NIFPresentador': 'B74125311',
        'TimestampPre"
16697,1,in_invoice,S/FRA/2024/0025,AF/2012/01,sent,"{
    'CSV': 'R696Q6UX69DQZECE',
    'DatosPresentacion': {
        'NIFPresentador': 'B74125311',
        'TimestampPre"
16696,1,in_invoice,S/FRA/2024/0024,AF/2011/01,sent,"{
    'CSV': 'PSNJBEVQQ9QQA5HS',
    'DatosPresentacion': {
        'NIFPresentador': 'B74125311',
        'TimestampPre"
16235,1,in_invoice,S/FRA/2024/0021,24-005,sent,"{
    'CSV': 'ZVT9Q748DPBDSJMG',
    'DatosPresentacion': {
        'NIFPresentador': 'B74125311',
        'TimestampPre"
16234,1,in_invoice,S/FRA/2024/0020,24-004,sent,"{
    'CSV': 'VGCM7DX5TX2TF8YG',
    'DatosPresentacion': {
        'NIFPresentador': 'B74125311',
        'TimestampPre"
16080,1,in_invoice,S/FRA/2024/0013,INV-02420-Z5S2C2,sent,"{
    'CSV': 'JY2XH4NXBLKGBB98',
    'DatosPresentacion': {
        'NIFPresentador': 'B74125311',
        'TimestampPre"
16077,1,in_invoice,S/FRA/2024/0006,03-2024,sent,"{
    'CSV': 'N3CVK5WNA75KS2GF',
    'DatosPresentacion': {
        'NIFPresentador': 'B74125311',
        'TimestampPre"
16078,1,in_invoice,S/FRA/2024/0005,04-2024,sent,"{
    'CSV': 'F7VTETSEYP85QMDV',
    'DatosPresentacion': {
        'NIFPresentador': 'B74125311',
        'TimestampPre"
15963,1,in_invoice,S/FRA/2024/0003,A-33,sent_modified,"{
    'CSV': 'D8C7F8LF7GS6HW7F',
    'DatosPresentacion': {
        'NIFPresentador': 'B74125311',
        'TimestampPre"
17336,1,in_refund,RS/FRA/2024/0002,000GR00366,sent,"{
    'CSV': '489VTZAQFLQVNSZK',
    'DatosPresentacion': {
        'NIFPresentador': 'B74125311',
        'TimestampPre"
17209,1,in_refund,RS/FRA/2024/0001,57892179191,sent,"{
    'CSV': '94HHVWTRKB2HL5QY',
    'DatosPresentacion': {
        'NIFPresentador': 'B74125311',
        'TimestampPre"
16634,1,in_invoice,S/FRA/2024/0143,95-216121,sent,"{
    'CSV': 'EZMAH7EYMZUFTUF9',
    'DatosPresentacion': {
        'NIFPresentador': 'B74125311',
        'TimestampPre"
16678,1,in_invoice,S/FRA/2024/0142,ESINV23000001444412,sent,"{
    'CSV': 'P45ZC79EZK544G2C',
    'DatosPresentacion': {
        'NIFPresentador': 'B74125311',
        'TimestampPre"
16224,1,in_invoice,S/FRA/2024/0141,24/1,sent,"{
    'CSV': '8DF49TLTSWUD9WD2',
    'DatosPresentacion': {
        'NIFPresentador': 'B74125311',
        'TimestampPre"
16236,1,in_invoice,S/FRA/2024/0140,ES44W3ABEY,sent,"{
    'CSV': 'NJ7SUUMSDWE9SYYY',
    'DatosPresentacion': {
        'NIFPresentador': 'B74125311',
        'TimestampPre"
16329,1,in_invoice,S/FRA/2024/0139,ES451HABEY,sent,"{
    'CSV': 'E73MHFJGTXAMGQHC',
    'DatosPresentacion': {
        'NIFPresentador': 'B74125311',
        'TimestampPre"
16410,1,in_invoice,S/FRA/2024/0137,B00053406,sent,"{
    'CSV': 'K38N7QT7U9K5PTEE',
    'DatosPresentacion': {
        'NIFPresentador': 'B74125311',
        'TimestampPre"
16425,1,in_invoice,S/FRA/2024/0136,ES48KFABEY,sent,"{
    'CSV': 'FHTHU5KB73VAVBAK',
    'DatosPresentacion': {
        'NIFPresentador': 'B74125311',
        'TimestampPre"
16465,1,in_invoice,S/FRA/2024/0135,ES49DOABEY,sent_modified,"{
    'CSV': '97FSHV7ZTHTE69NN',
    'DatosPresentacion': {
        'NIFPresentador': 'B74125311',
        'TimestampPre"
16505,1,in_invoice,S/FRA/2024/0134,E240045783,sent,"{
    'CSV': '3PUHU26DRMZ6EQM8',
    'DatosPresentacion': {
        'NIFPresentador': 'B74125311',
        'TimestampPre"
16532,1,in_invoice,S/FRA/2024/0132,24-008,sent,"{
    'CSV': 'NBYY375UZE8HZU47',
    'DatosPresentacion': {
        'NIFPresentador': 'B74125311',
        'TimestampPre"
16534,1,in_invoice,S/FRA/2024/0131,09414600006,sent,"{
    'CSV': '4A64MGG9XMRRYQ74',
    'DatosPresentacion': {
        'NIFPresentador': 'B74125311',
        'TimestampPre"
16116,1,in_invoice,S/FRA/2024/0130,613,sent,"{
    'CSV': 'FE9K4AJ34FSXX7FG',
    'DatosPresentacion': {
        'NIFPresentador': 'B74125311',
        'TimestampPre"
16254,1,in_invoice,S/FRA/2024/0129,08012400,sent,"{
    'CSV': 'Q3XU6V49JHQTDZ8R',
    'DatosPresentacion': {
        'NIFPresentador': 'B74125311',
        'TimestampPre"
16361,1,in_invoice,S/FRA/2024/0128,09424000367,sent,"{
    'CSV': 'EJDPR4TXCHGGHDL2',
    'DatosPresentacion': {
        'NIFPresentador': 'B74125311',
        'TimestampPre"
16362,1,in_invoice,S/FRA/2024/0127,FRO20240072146,sent,"{
    'CSV': 'AZEN9XUSGLMQSD3E',
    'DatosPresentacion': {
        'NIFPresentador': 'B74125311',
        'TimestampPre"
16409,1,in_invoice,S/FRA/2024/0124,INV-071177,sent,"{
    'CSV': 'ZPD2TWUJHGL8W9MG',
    'DatosPresentacion': {
        'NIFPresentador': 'B74125311',
        'TimestampPre"
16422,1,in_invoice,S/FRA/2024/0122,24/285,sent,"{
    'CSV': 'LZXQXAW58U2GA9TV',
    'DatosPresentacion': {
        'NIFPresentador': 'B74125311',
        'TimestampPre"
16504,1,in_invoice,S/FRA/2024/0121,OO2024-01,sent,"{
    'CSV': 'WWCH7DHTSYTCPLTU',
    'DatosPresentacion': {
        'NIFPresentador': 'B74125311',
        'TimestampPre"
16533,1,in_invoice,S/FRA/2024/0120,1,sent,"{
    'CSV': 'QWBC5ANBXRP2PLH4',
    'DatosPresentacion': {
        'NIFPresentador': 'B74125311',
        'TimestampPre"
16535,1,in_invoice,S/FRA/2024/0119,157,sent,"{
    'CSV': 'MKMQQ4ZUARSEMV5D',
    'DatosPresentacion': {
        'NIFPresentador': 'B74125311',
        'TimestampPre"
16536,1,in_invoice,S/FRA/2024/0118,24F0128,sent,"{
    'CSV': 'TF5GE24J3ZPAP376',
    'DatosPresentacion': {
        'NIFPresentador': 'B74125311',
        'TimestampPre"
16537,1,in_invoice,S/FRA/2024/0117,09984000005,sent,"{
    'CSV': 'Z23H5SE3ATEWZ7D4',
    'DatosPresentacion': {
        'NIFPresentador': 'B74125311',
        'TimestampPre"
16538,1,in_invoice,S/FRA/2024/0116,09414000149,sent,"{
    'CSV': '77B57FHE7XMCWXAW',
    'DatosPresentacion': {
        'NIFPresentador': 'B74125311',
        'TimestampPre"
16539,1,in_invoice,S/FRA/2024/0115,5571,sent,"{
    'CSV': 'JCAPNXQQ9W46KVGY',
    'DatosPresentacion': {
        'NIFPresentador': 'B74125311',
        'TimestampPre"
16540,1,in_invoice,S/FRA/2024/0114,09984000004,sent,"{
    'CSV': 'FAXKMMJF3KNYZ8NN',
    'DatosPresentacion': {
        'NIFPresentador': 'B74125311',
        'TimestampPre"
16541,1,in_invoice,S/FRA/2024/0113,C4/100065,sent,"{
    'CSV': '9HERWVQU5GZBF2L8',
    'DatosPresentacion': {
        'NIFPresentador': 'B74125311',
        'TimestampPre"
16542,1,in_invoice,S/FRA/2024/0112,FMI/71,sent,"{
    'CSV': 'GV6X75NS8ND6P5HD',
    'DatosPresentacion': {
        'NIFPresentador': 'B74125311',
        'TimestampPre"
16543,1,in_invoice,S/FRA/2024/0111,44/0608,sent,"{
    'CSV': 'JMA8K37S5FERNCY6',
    'DatosPresentacion': {
        'NIFPresentador': 'B74125311',
        'TimestampPre"
16544,1,in_invoice,S/FRA/2024/0110,2024000011,sent,"{
    'CSV': '49BV7NPH8FTLRDS7',
    'DatosPresentacion': {
        'NIFPresentador': 'B74125311',
        'TimestampPre"
16545,1,in_invoice,S/FRA/2024/0109,2024000793,sent,"{
    'CSV': 'XRMCPNENBGJA6GMU',
    'DatosPresentacion': {
        'NIFPresentador': 'B74125311',
        'TimestampPre"
16546,1,in_invoice,S/FRA/2024/0108,2024000782,sent,"{
    'CSV': 'WV65STKJ8DPM6YTJ',
    'DatosPresentacion': {
        'NIFPresentador': 'B74125311',
        'TimestampPre"
16547,1,in_invoice,S/FRA/2024/0107,13,sent,"{
    'CSV': 'HHU6E6QSEHG66CHE',
    'DatosPresentacion': {
        'NIFPresentador': 'B74125311',
        'TimestampPre"
16548,1,in_invoice,S/FRA/2024/0106,12,sent,"{
    'CSV': 'LA98GP9U3BYVXW7S',
    'DatosPresentacion': {
        'NIFPresentador': 'B74125311',
        'TimestampPre"
16549,1,in_invoice,S/FRA/2024/0105,4,sent,"{
    'CSV': '3HPGDTJSB6RWLV46',
    'DatosPresentacion': {
        'NIFPresentador': 'B74125311',
        'TimestampPre"
16550,1,in_invoice,S/FRA/2024/0104,T000102-89855,sent,"{
    'CSV': 'BR5MHN6X4LVUH39M',
    'DatosPresentacion': {
        'NIFPresentador': 'B74125311',
        'TimestampPre"
16551,1,in_invoice,S/FRA/2024/0103,3040737420000072,sent,"{
    'CSV': '32QGPQ8JAZ5AJZRE',
    'DatosPresentacion': {
        'NIFPresentador': 'B74125311',
        'TimestampPre"
16552,1,in_invoice,S/FRA/2024/0102,FO8145010000017,sent,"{
    'CSV': '7QQ9GPC6JB9PUJRH',
    'DatosPresentacion': {
        'NIFPresentador': 'B74125311',
        'TimestampPre"
16553,1,in_invoice,S/FRA/2024/0101,FO8145010000016,sent,"{
    'CSV': 'UGUD2X4MVWC2AX6M',
    'DatosPresentacion': {
        'NIFPresentador': 'B74125311',
        'TimestampPre"
16554,1,in_invoice,S/FRA/2024/0100,FO8145010000015,sent,"{
    'CSV': '552FG38BX59CBPZP',
    'DatosPresentacion': {
        'NIFPresentador': 'B74125311',
        'TimestampPre"
16555,1,in_invoice,S/FRA/2024/0099,12383/10000004,sent,"{
    'CSV': '3SE3U9Y429DH4U63',
    'DatosPresentacion': {
        'NIFPresentador': 'B74125311',
        'TimestampPre"
16556,1,in_invoice,S/FRA/2024/0098,T000102-89923,sent,"{
    'CSV': 'ZV6ABRSYHF4KV7SB',
    'DatosPresentacion': {
        'NIFPresentador': 'B74125311',
        'TimestampPre"
16557,1,in_invoice,S/FRA/2024/0097,10399/10100203,sent,"{
    'CSV': 'AXH2UH7EGPQ3FFJR',
    'DatosPresentacion': {
        'NIFPresentador': 'B74125311',
        'TimestampPre"
16558,1,in_invoice,S/FRA/2024/0096,18742401P0017329,sent,"{
    'CSV': '2GUT44T7ZYZWLMGD',
    'DatosPresentacion': {
        'NIFPresentador': 'B74125311',
        'TimestampPre"
16559,1,in_invoice,S/FRA/2024/0095,3529 R,sent,"{
    'CSV': 'RJHD6WDZBVQJAANF',
    'DatosPresentacion': {
        'NIFPresentador': 'B74125311',
        'TimestampPre"
16560,1,in_invoice,S/FRA/2024/0094,1TSN240100416616,sent,"{
    'CSV': '6HLUXFW3DSRDJT5T',
    'DatosPresentacion': {
        'NIFPresentador': 'B74125311',
        'TimestampPre"
16576,1,in_invoice,S/FRA/2024/0093,1,sent,"{
    'CSV': 'T3CBU29PBNNSPJ4B',
    'DatosPresentacion': {
        'NIFPresentador': 'B74125311',
        'TimestampPre"
16575,1,in_invoice,S/FRA/2024/0092,FA 240022,sent,"{
    'CSV': '3XWG3XQCNSGXMM9V',
    'DatosPresentacion': {
        'NIFPresentador': 'B74125311',
        'TimestampPre"
16593,1,in_invoice,S/FRA/2024/0091,VF24-01-0360,sent,"{
    'CSV': 'FS7PXV3XPA9ZJZGK',
    'DatosPresentacion': {
        'NIFPresentador': 'B74125311',
        'TimestampPre"
16594,1,in_invoice,S/FRA/2024/0090,FM24-50,sent,"{
    'CSV': 'EBDC44FWNDCCCVT7',
    'DatosPresentacion': {
        'NIFPresentador': 'B74125311',
        'TimestampPre"
16595,1,in_invoice,S/FRA/2024/0089,FM24-129,sent,"{
    'CSV': '2TTGZXZHEEJU4AVN',
    'DatosPresentacion': {
        'NIFPresentador': 'B74125311',
        'TimestampPre"
16596,1,in_invoice,S/FRA/2024/0088,121/F,sent,"{
    'CSV': 'QS7YQBYUUUSJVFNS',
    'DatosPresentacion': {
        'NIFPresentador': 'B74125311',
        'TimestampPre"
16617,1,in_invoice,S/FRA/2024/0085,79-2024,sent,"{
    'CSV': '53N3GDUQWDLFBK9A',
    'DatosPresentacion': {
        'NIFPresentador': 'B74125311',
        'TimestampPre"
16618,1,in_invoice,S/FRA/2024/0084,02/24,sent,"{
    'CSV': '64V3X698HVRGXBN8',
    'DatosPresentacion': {
        'NIFPresentador': 'B74125311',
        'TimestampPre"
16619,1,in_invoice,S/FRA/2024/0083,1HSN240100270525,sent_modified,"{
    'CSV': 'HFANMW4QLLVLYQL9',
    'DatosPresentacion': {
        'NIFPresentador': 'B74125311',
        'TimestampPre"
16620,1,in_invoice,S/FRA/2024/0082,1HSN240100395555,sent_modified,"{
    'CSV': 'X29M33F4BSQUHD7U',
    'DatosPresentacion': {
        'NIFPresentador': 'B74125311',
        'TimestampPre"
16621,1,in_invoice,S/FRA/2024/0080,422,sent_modified,"{
    'CSV': 'V6YKDA39MYVPLNTP',
    'DatosPresentacion': {
        'NIFPresentador': 'B74125311',
        'TimestampPre"
16622,1,in_invoice,S/FRA/2024/0079,018-0001-154504,sent_modified,"{
    'CSV': 'NMAKJQWEWC7CF427',
    'DatosPresentacion': {
        'NIFPresentador': 'B74125311',
        'TimestampPre"
16623,1,in_invoice,S/FRA/2024/0078,002-0001-905396,sent,"{
    'CSV': '9NR8SNF5Y3VV3CAP',
    'DatosPresentacion': {
        'NIFPresentador': 'B74125311',
        'TimestampPre"
16624,1,in_invoice,S/FRA/2024/0077,24/10,sent_modified,"{
    'CSV': 'JDJKX8Y8FZHU6DKZ',
    'DatosPresentacion': {
        'NIFPresentador': 'B74125311',
        'TimestampPre"
16625,1,in_invoice,S/FRA/2024/0076,24/11,sent_modified,"{
    'CSV': 'DTCKVMWZ3B5NWQX8',
    'DatosPresentacion': {
        'NIFPresentador': 'B74125311',
        'TimestampPre"
16626,1,in_invoice,S/FRA/2024/0075,000D004211,sent,"{
    'CSV': '3W23V9NE3VRAD6UW',
    'DatosPresentacion': {
        'NIFPresentador': 'B74125311',
        'TimestampPre"
16627,1,in_invoice,S/FRA/2024/0074,000G004932,sent,"{
    'CSV': 'AU45L55LZE6VB9SJ',
    'DatosPresentacion': {
        'NIFPresentador': 'B74125311',
        'TimestampPre"
16628,1,in_invoice,S/FRA/2024/0073,000G004933,sent,"{
    'CSV': '28ZL239K3BSLXXUD',
    'DatosPresentacion': {
        'NIFPresentador': 'B74125311',
        'TimestampPre"
16629,1,in_invoice,S/FRA/2024/0072,A/2915/2023,sent,"{
    'CSV': 'USX2J9D6DFYNGREG',
    'DatosPresentacion': {
        'NIFPresentador': 'B74125311',
        'TimestampPre"
16630,1,in_invoice,S/FRA/2024/0071,20240013,sent,"{
    'CSV': '432CM64S9DZ7ZN3F',
    'DatosPresentacion': {
        'NIFPresentador': 'B74125311',
        'TimestampPre"
16631,1,in_invoice,S/FRA/2024/0070,0070/01/2024/0000003,sent_modified,"{
    'CSV': 'VQWN24R92ZYV3AQJ',
    'DatosPresentacion': {
        'NIFPresentador': 'B74125311',
        'TimestampPre"
16632,1,in_invoice,S/FRA/2024/0069,000002-TN136983,sent,"{
    'CSV': 'JMHMS389S2MERUDF',
    'DatosPresentacion': {
        'NIFPresentador': 'B74125311',
        'TimestampPre"
16633,1,in_invoice,S/FRA/2024/0068,01/2024,sent,"{
    'CSV': 'X9ZNZSHWT6STJFHH',
    'DatosPresentacion': {
        'NIFPresentador': 'B74125311',
        'TimestampPre"
16635,1,in_invoice,S/FRA/2024/0067,AJ17 127721,sent_modified,"{
    'CSV': 'USDH5FLAWJGLF48D',
    'DatosPresentacion': {
        'NIFPresentador': 'B74125311',
        'TimestampPre"
16636,1,in_invoice,S/FRA/2024/0066,FQ24/003984,sent_modified,"{
    'CSV': 'Y6EA45JC854EK7CG',
    'DatosPresentacion': {
        'NIFPresentador': 'B74125311',
        'TimestampPre"
16637,1,in_invoice,S/FRA/2024/0065,I513502F0000134,sent,"{
    'CSV': 'NVAADRQ72XZDATPZ',
    'DatosPresentacion': {
        'NIFPresentador': 'B74125311',
        'TimestampPre"
16638,1,in_invoice,S/FRA/2024/0064,5,sent,"{
    'CSV': 'RRLBHSADEGQDMBJ3',
    'DatosPresentacion': {
        'NIFPresentador': 'B74125311',
        'TimestampPre"
16639,1,in_invoice,S/FRA/2024/0063,09424000946,sent,"{
    'CSV': 'S44XA6862WR32RBJ',
    'DatosPresentacion': {
        'NIFPresentador': 'B74125311',
        'TimestampPre"
16658,1,in_invoice,S/FRA/2024/0062,153816,sent,"{
    'CSV': 'ZZ4FN82PTDQ3KBDU',
    'DatosPresentacion': {
        'NIFPresentador': 'B74125311',
        'TimestampPre"
16660,1,in_invoice,S/FRA/2024/0061,2393471,sent,"{
    'CSV': 'Q4MQZGL7VVRDFVW3',
    'DatosPresentacion': {
        'NIFPresentador': 'B74125311',
        'TimestampPre"
16302,1,in_invoice,S/FRA/2024/0052,24-006,sent,"{
    'CSV': 'A9DC8WVQKGLPUGQ8',
    'DatosPresentacion': {
        'NIFPresentador': 'B74125311',
        'TimestampPre"
16707,1,in_invoice,S/FRA/2024/0050,1-2024,sent,"{
    'CSV': '7CY6WL33VJHRYC58',
    'DatosPresentacion': {
        'NIFPresentador': 'B74125311',
        'TimestampPre"
16714,1,in_invoice,S/FRA/2024/0049,02-2024,sent,"{
    'CSV': 'J5ZCHX99LBM2DRQD',
    'DatosPresentacion': {
        'NIFPresentador': 'B74125311',
        'TimestampPre"
16715,1,in_invoice,S/FRA/2024/0048,E/-12,sent,"{
    'CSV': '9DTR56E7B5FDZZ3S',
    'DatosPresentacion': {
        'NIFPresentador': 'B74125311',
        'TimestampPre"
16423,1,in_invoice,S/FRA/2024/0045,24/826,sent_modified,"{
    'CSV': 'E355JSSFGZSWB8PN',
    'DatosPresentacion': {
        'NIFPresentador': 'B74125311',
        'TimestampPre"
16424,1,in_invoice,S/FRA/2024/0044,24/287,sent,"{
    'CSV': '6SXR6C4465TBYS7V',
    'DatosPresentacion': {
        'NIFPresentador': 'B74125311',
        'TimestampPre"
16614,1,in_invoice,S/FRA/2024/0042,1,sent,"{
    'CSV': 'EFMBNPTT5PD2CRJJ',
    'DatosPresentacion': {
        'NIFPresentador': 'B74125311',
        'TimestampPre"
16615,1,in_invoice,S/FRA/2024/0041,2,sent,"{
    'CSV': 'Y6GRUKKXWCVMDSX3',
    'DatosPresentacion': {
        'NIFPresentador': 'B74125311',
        'TimestampPre"
16654,1,in_invoice,S/FRA/2024/0040,01/2024,sent,"{
    'CSV': 'F4HMDEFJ42JDKTMV',
    'DatosPresentacion': {
        'NIFPresentador': 'B74125311',
        'TimestampPre"
16659,1,in_invoice,S/FRA/2024/0038,I-146,sent,"{
    'CSV': 'LG8HZTRNNA3KYWB9',
    'DatosPresentacion': {
        'NIFPresentador': 'B74125311',
        'TimestampPre"
16661,1,in_invoice,S/FRA/2024/0037,01/2024,sent,"{
    'CSV': 'HXF9ZL8K4VKBY8W2',
    'DatosPresentacion': {
        'NIFPresentador': 'B74125311',
        'TimestampPre"
16675,1,in_invoice,S/FRA/2024/0036,B00053577,sent,"{
    'CSV': '5GT43S844DSBAJCV',
    'DatosPresentacion': {
        'NIFPresentador': 'B74125311',
        'TimestampPre"
16676,1,in_invoice,S/FRA/2024/0035,2024000046,sent,"{
    'CSV': 'RVUTYUESESPP8D9D',
    'DatosPresentacion': {
        'NIFPresentador': 'B74125311',
        'TimestampPre"
16677,1,in_invoice,S/FRA/2024/0034,02/2024,sent,"{
    'CSV': '9CYTXKBSKKZPMG8C',
    'DatosPresentacion': {
        'NIFPresentador': 'B74125311',
        'TimestampPre"
16706,1,in_invoice,S/FRA/2024/0030,24/289,sent,"{
    'CSV': 'R37KN5Q5TNMSZ9HA',
    'DatosPresentacion': {
        'NIFPresentador': 'B74125311',
        'TimestampPre"
16205,1,in_invoice,S/FRA/2024/0023,312-KF24-267,sent,"{
    'CSV': 'VZBWFU94FGKAEK9B',
    'DatosPresentacion': {
        'NIFPresentador': 'B74125311',
        'TimestampPre"
16203,1,in_invoice,S/FRA/2024/0022,1/2024,sent,"{
    'CSV': 'RDWD6WZL7RQ4ACE7',
    'DatosPresentacion': {
        'NIFPresentador': 'B74125311',
        'TimestampPre"
16191,1,in_invoice,S/FRA/2024/0019,ES437NABEY,sent,"{
    'CSV': '7XQPYBFQ2FRSSDPF',
    'DatosPresentacion': {
        'NIFPresentador': 'B74125311',
        'TimestampPre"
16233,1,in_invoice,S/FRA/2024/0018,24-003,sent,"{
    'CSV': '6RZAEE8SFAXG2XCL',
    'DatosPresentacion': {
        'NIFPresentador': 'B74125311',
        'TimestampPre"
16208,1,in_invoice,S/FRA/2024/0017,A/11,sent,"{
    'CSV': 'VNQJFFKY9QBE4JB9',
    'DatosPresentacion': {
        'NIFPresentador': 'B74125311',
        'TimestampPre"
16188,1,in_invoice,S/FRA/2024/0016,MHA24001,sent,"{
    'CSV': 'PLX7J58QQENR9QYD',
    'DatosPresentacion': {
        'NIFPresentador': 'B74125311',
        'TimestampPre"
16162,1,in_invoice,S/FRA/2024/0015,21,sent,"{
    'CSV': 'EFB8M4VK45BM6TB3',
    'DatosPresentacion': {
        'NIFPresentador': 'B74125311',
        'TimestampPre"
16168,1,in_invoice,S/FRA/2024/0014,1,sent,"{
    'CSV': 'WDT7C6KYGVLBPKBB',
    'DatosPresentacion': {
        'NIFPresentador': 'B74125311',
        'TimestampPre"
16206,1,in_invoice,S/FRA/2024/0012,A10018522218-0124,sent,"{
    'CSV': 'YCSMS8PTZHFEJZ97',
    'DatosPresentacion': {
        'NIFPresentador': 'B74125311',
        'TimestampPre"
16085,1,in_invoice,S/FRA/2024/0011,FV21714,sent,"{
    'CSV': '2LEBM8KSDD9SJAFJ',
    'DatosPresentacion': {
        'NIFPresentador': 'B74125311',
        'TimestampPre"
16207,1,in_invoice,S/FRA/2024/0010,A10018559142-0124,sent,"{
    'CSV': 'LM59EALEUL9DU6QA',
    'DatosPresentacion': {
        'NIFPresentador': 'B74125311',
        'TimestampPre"
16079,1,in_invoice,S/FRA/2024/0009,05-2024,sent,"{
    'CSV': '6AAC96C2Q8XYVRGH',
    'DatosPresentacion': {
        'NIFPresentador': 'B74125311',
        'TimestampPre"
16117,1,in_invoice,S/FRA/2024/0008,C4/100068,sent,"{
    'CSV': '64DUPLGEPMUVZGDP',
    'DatosPresentacion': {
        'NIFPresentador': 'B74125311',
        'TimestampPre"
16165,1,in_invoice,S/FRA/2024/0007,240002,sent,"{
    'CSV': 'TBY8HMWKMHBEVBLX',
    'DatosPresentacion': {
        'NIFPresentador': 'B74125311',
        'TimestampPre"
16232,1,in_invoice,S/FRA/2024/0004,AL 24000056,sent,"{
    'CSV': 'AQVVX6LUU2DKJX2P',
    'DatosPresentacion': {
        'NIFPresentador': 'B74125311',
        'TimestampPre"
16237,1,in_invoice,S/FRA/2024/0002,2023 A 0000346,sent,"{
    'CSV': 'YDYN5JNWK76BU3CP',
    'DatosPresentacion': {
        'NIFPresentador': 'B74125311',
        'TimestampPre"
15949,1,in_invoice,S/FRA/2024/0001,A1316117/2024,sent,"{
    'CSV': 'YVMUF9GNUYRBL4RR',
    'DatosPresentacion': {
        'NIFPresentador': 'B74125311',
        'TimestampPre"
16223,1,in_invoice,S/FRA/2023/1168,23/25,sent,"{
    'CSV': 'M9N4NWQAPQRGJXLX',
    'DatosPresentacion': {
        'NIFPresentador': 'B74125311',
        'TimestampPre"
16231,1,in_invoice,S/FRA/2023/1167,AL 23000996,sent,"{
    'CSV': 'FPYA8QQE6R9Z3MPQ',
    'DatosPresentacion': {
        'NIFPresentador': 'B74125311',
        'TimestampPre"
16230,1,in_invoice,S/FRA/2023/1166,AL 23000893,sent,"{
    'CSV': 'B4GKS4HXDPX2RYA5',
    'DatosPresentacion': {
        'NIFPresentador': 'B74125311',
        'TimestampPre"
16222,1,in_invoice,S/FRA/2023/1165,23/18,sent,"{
    'CSV': 'XM23B5UPNFZWXSL9',
    'DatosPresentacion': {
        'NIFPresentador': 'B74125311',
        'TimestampPre"
16229,1,in_invoice,S/FRA/2023/1164,AL 23000807,sent,"{
    'CSV': 'DZL4YUTZ7ZL55YS2',
    'DatosPresentacion': {
        'NIFPresentador': 'B74125311',
        'TimestampPre"
16228,1,in_invoice,S/FRA/2023/1163,AL 23000766,sent,"{
    'CSV': 'HXQULWJYSEY22LK3',
    'DatosPresentacion': {
        'NIFPresentador': 'B74125311',
        'TimestampPre"
16221,1,in_invoice,S/FRA/2023/1162,23/15,sent,"{
    'CSV': '4DU2HRFXT8TY9AC9',
    'DatosPresentacion': {
        'NIFPresentador': 'B74125311',
        'TimestampPre"
16220,1,in_invoice,S/FRA/2023/1161,23/14,sent,"{
    'CSV': '4R6PPVU82YN7ZGW3',
    'DatosPresentacion': {
        'NIFPresentador': 'B74125311',
        'TimestampPre"
16227,1,in_invoice,S/FRA/2023/1160,AL 23000637,sent,"{
    'CSV': 'KTK9XL4HSEZR8LG8',
    'DatosPresentacion': {
        'NIFPresentador': 'B74125311',
        'TimestampPre"
16226,1,in_invoice,S/FRA/2023/1159,AL 23000550,sent,"{
    'CSV': 'JBU7DBEKDTZWQEFZ',
    'DatosPresentacion': {
        'NIFPresentador': 'B74125311',
        'TimestampPre"
16225,1,in_invoice,S/FRA/2023/1158,AL 23000465,sent,"{
    'CSV': 'PX9PW76HBLAG76RC',
    'DatosPresentacion': {
        'NIFPresentador': 'B74125311',
        'TimestampPre"
16219,1,in_invoice,S/FRA/2023/1157,201/2023,sent,"{
    'CSV': '74S5VYTREZMN3LDC',
    'DatosPresentacion': {
        'NIFPresentador': 'B74125311',
        'TimestampPre"
16217,1,in_invoice,S/FRA/2023/1156,187/2023,sent,"{
    'CSV': 'MDR7KNTVT84963LX',
    'DatosPresentacion': {
        'NIFPresentador': 'B74125311',
        'TimestampPre"
15950,1,in_invoice,S/FRA/2023/1155,2348356,sent,"{
    'CSV': '5K5KMSH7XW3P4CQG',
    'DatosPresentacion': {
        'NIFPresentador': 'B74125311',
        'TimestampPre"
15954,1,in_invoice,S/FRA/2023/1154,5.589/F,sent,"{
    'CSV': '5ZR5RSE5VLJPBKEM',
    'DatosPresentacion': {
        'NIFPresentador': 'B74125311',
        'TimestampPre"
16160,1,in_invoice,S/FRA/2023/1153,000333,sent,"{
    'CSV': 'PHEL3L8LG5JMK38R',
    'DatosPresentacion': {
        'NIFPresentador': 'B74125311',
        'TimestampPre"
16161,1,in_invoice,S/FRA/2023/1152,000334,sent,"{
    'CSV': 'AQ6RBG245TK9LV68',
    'DatosPresentacion': {
        'NIFPresentador': 'B74125311',
        'TimestampPre"
15971,1,in_invoice,S/FRA/2023/1151,000354,sent,"{
    'CSV': 'GBL6EWYXBKG5WU45',
    'DatosPresentacion': {
        'NIFPresentador': 'B74125311',
        'TimestampPre"
16190,1,in_invoice,S/FRA/2023/1150,1167/23,sent,"{
    'CSV': 'PHQLQUFWSWHKF54X',
    'DatosPresentacion': {
        'NIFPresentador': 'B74125311',
        'TimestampPre"
15956,1,in_invoice,S/FRA/2023/1149,000332,sent,"{
    'CSV': 'QASGGDJ9KAJ4LANZ',
    'DatosPresentacion': {
        'NIFPresentador': 'B74125311',
        'TimestampPre"
16015,1,in_invoice,S/FRA/2023/1148,23/884,sent,"{
    'CSV': 'Y2PLW5HW4FDPPDSZ',
    'DatosPresentacion': {
        'NIFPresentador': 'B74125311',
        'TimestampPre"
15962,1,in_invoice,S/FRA/2023/1147,A2308709,sent,"{
    'CSV': 'YSWLTEMDL4AUS8VT',
    'DatosPresentacion': {
        'NIFPresentador': 'B74125311',
        'TimestampPre"
15955,1,in_invoice,S/FRA/2023/1146,000331,sent,"{
    'CSV': 'FRNXU4WK3RAHZNF8',
    'DatosPresentacion': {
        'NIFPresentador': 'B74125311',
        'TimestampPre"
16014,1,in_invoice,S/FRA/2023/1145,23/883,sent,"{
    'CSV': 'ZY5TT7DF5ERT2Y6N',
    'DatosPresentacion': {
        'NIFPresentador': 'B74125311',
        'TimestampPre"
15959,1,in_invoice,S/FRA/2023/1144,FM23-3017,sent,"{
    'CSV': '2BUTTJ4MQWQVRH4X',
    'DatosPresentacion': {
        'NIFPresentador': 'B74125311',
        'TimestampPre"
15960,1,in_invoice,S/FRA/2023/1143,FM23-2936,sent,"{
    'CSV': 'H4XTBMAXBWKFXTBC',
    'DatosPresentacion': {
        'NIFPresentador': 'B74125311',
        'TimestampPre"
15961,1,in_invoice,S/FRA/2023/1142,FRO20240007757,sent,"{
    'CSV': 'Y759MF7RTJ5625L4',
    'DatosPresentacion': {
        'NIFPresentador': 'B74125311',
        'TimestampPre"
16016,1,in_invoice,S/FRA/2023/1141,23/885,sent,"{
    'CSV': 'ZCSKLB7BAGPYSPQM',
    'DatosPresentacion': {
        'NIFPresentador': 'B74125311',
        'TimestampPre"
16171,1,in_invoice,S/FRA/2023/1140,16,sent,"{
    'CSV': 'GXC6KTGDSD53Q2YW',
    'DatosPresentacion': {
        'NIFPresentador': 'B74125311',
        'TimestampPre"
16007,1,in_invoice,S/FRA/2023/1139,000D003967,sent,"{
    'CSV': 'WKQ7XEAW8UCVW5NM',
    'DatosPresentacion': {
        'NIFPresentador': 'B74125311',
        'TimestampPre"
16169,1,in_invoice,S/FRA/2023/1138,15,sent,"{
    'CSV': 'TB3VS3HW9FQL7R4L',
    'DatosPresentacion': {
        'NIFPresentador': 'B74125311',
        'TimestampPre"
16008,1,in_invoice,S/FRA/2023/1137,000G004694,sent,"{
    'CSV': 'BWDEYQQJ2QLJ6544',
    'DatosPresentacion': {
        'NIFPresentador': 'B74125311',
        'TimestampPre"
15964,1,in_invoice,S/FRA/2023/1136,FO3 / 2302,sent,"{
    'CSV': 'LVUT6H7DMM9WLU49',
    'DatosPresentacion': {
        'NIFPresentador': 'B74125311',
        'TimestampPre"
16170,1,in_invoice,S/FRA/2023/1135,13,sent,"{
    'CSV': 'LZAYD7FU7VM8ZNGR',
    'DatosPresentacion': {
        'NIFPresentador': 'B74125311',
        'TimestampPre"
16135,1,in_invoice,S/FRA/2023/1134,C4/115294,sent,"{
    'CSV': '7XM3XU35PYQ54LCL',
    'DatosPresentacion': {
        'NIFPresentador': 'B74125311',
        'TimestampPre"
16013,1,in_invoice,S/FRA/2023/1133,BL7/2023/1/27196,sent,"{
    'CSV': '8BN477329UP7ZS6T',
    'DatosPresentacion': {
        'NIFPresentador': 'B74125311',
        'TimestampPre"
16118,1,in_invoice,S/FRA/2023/1132,C4/115319,sent,"{
    'CSV': '2GX2G8MZ6UY5EEXL',
    'DatosPresentacion': {
        'NIFPresentador': 'B74125311',
        'TimestampPre"
16114,1,in_invoice,S/FRA/2023/1131,5559,sent,"{
    'CSV': '7RS29ZZKAYRSPWA3',
    'DatosPresentacion': {
        'NIFPresentador': 'B74125311',
        'TimestampPre"
16163,1,in_invoice,S/FRA/2023/1130,1TSN231200368882,sent,"{
    'CSV': '4AXQ8T43SZZ7KWC6',
    'DatosPresentacion': {
        'NIFPresentador': 'B74125311',
        'TimestampPre"
16111,1,in_invoice,S/FRA/2023/1129,968,sent,"{
    'CSV': 'JQLDHXXNWXFV9L76',
    'DatosPresentacion': {
        'NIFPresentador': 'B74125311',
        'TimestampPre"
16112,1,in_invoice,S/FRA/2023/1128,970,sent,"{
    'CSV': '4ZWCXZE2QG2SKJ7Q',
    'DatosPresentacion': {
        'NIFPresentador': 'B74125311',
        'TimestampPre"
16110,1,in_invoice,S/FRA/2023/1127,716,sent,"{
    'CSV': '9NVQ57P2PK3DVUBC',
    'DatosPresentacion': {
        'NIFPresentador': 'B74125311',
        'TimestampPre"
16164,1,in_invoice,S/FRA/2023/1126,18742301P0098671,sent,"{
    'CSV': 'DCMZB6WSLQF8T6QD',
    'DatosPresentacion': {
        'NIFPresentador': 'B74125311',
        'TimestampPre"
16108,1,in_invoice,S/FRA/2023/1125,5532,sent,"{
    'CSV': '8VG9FS9LLT97V76V',
    'DatosPresentacion': {
        'NIFPresentador': 'B74125311',
        'TimestampPre"
16115,1,in_invoice,S/FRA/2023/1124,960,sent,"{
    'CSV': 'LEWMURXYEKG59EH6',
    'DatosPresentacion': {
        'NIFPresentador': 'B74125311',
        'TimestampPre"
16136,1,in_invoice,S/FRA/2023/1123,C4/115084,sent,"{
    'CSV': 'VMLUZS7FMZHRUHUF',
    'DatosPresentacion': {
        'NIFPresentador': 'B74125311',
        'TimestampPre"
16061,1,in_invoice,S/FRA/2023/1122,A00007,sent,"{
    'CSV': 'R77HE8AFBRVRU2T4',
    'DatosPresentacion': {
        'NIFPresentador': 'B74125311',
        'TimestampPre"
16054,1,in_invoice,S/FRA/2023/1121,286,sent,"{
    'CSV': 'HV3M9CAG98CGZS35',
    'DatosPresentacion': {
        'NIFPresentador': 'B74125311',
        'TimestampPre"
16053,1,in_invoice,S/FRA/2023/1120,71,sent_modified,"{
    'CSV': 'V8EWK7CN7QZD7G9A',
    'DatosPresentacion': {
        'NIFPresentador': 'B74125311',
        'TimestampPre"
16055,1,in_invoice,S/FRA/2023/1119,A/2916/2023,sent,"{
    'CSV': '9KLHCJ7P4HFZBLA7',
    'DatosPresentacion': {
        'NIFPresentador': 'B74125311',
        'TimestampPre"
16052,1,in_invoice,S/FRA/2023/1118,A-V2023-00005687515,sent,"{
    'CSV': 'HVJA7P4KSD98USK3',
    'DatosPresentacion': {
        'NIFPresentador': 'B74125311',
        'TimestampPre"
16107,1,in_invoice,S/FRA/2023/1117,A 230739,sent,"{
    'CSV': 'Y47XBHYNW9NHRM4H',
    'DatosPresentacion': {
        'NIFPresentador': 'B74125311',
        'TimestampPre"
16100,1,in_invoice,S/FRA/2023/1116,5345,sent,"{
    'CSV': 'TCFRDP4WWWKMGWMX',
    'DatosPresentacion': {
        'NIFPresentador': 'B74125311',
        'TimestampPre"
16050,1,in_invoice,S/FRA/2023/1115,95-214840,sent,"{
    'CSV': 'R6GMNW4SKC8PCLCP',
    'DatosPresentacion': {
        'NIFPresentador': 'B74125311',
        'TimestampPre"
16051,1,in_invoice,S/FRA/2023/1114,G33465790,sent,"{
    'CSV': '4YZCWPHJ6CZ2EC6J',
    'DatosPresentacion': {
        'NIFPresentador': 'B74125311',
        'TimestampPre"
16101,1,in_invoice,S/FRA/2023/1113,C4/114725,sent,"{
    'CSV': 'VBLKYFF3PGXN6A9M',
    'DatosPresentacion': {
        'NIFPresentador': 'B74125311',
        'TimestampPre"
16120,1,in_invoice,S/FRA/2023/1112,C4/114729,sent,"{
    'CSV': 'RWTRU8E5KZAYY3ZF',
    'DatosPresentacion': {
        'NIFPresentador': 'B74125311',
        'TimestampPre"
16137,1,in_invoice,S/FRA/2023/1111,C4/114843,sent,"{
    'CSV': 'NZF3NZUWLWKRCH9E',
    'DatosPresentacion': {
        'NIFPresentador': 'B74125311',
        'TimestampPre"
16049,1,in_invoice,S/FRA/2023/1110,A/000136/23,sent,"{
    'CSV': 'Q8V9PAKDMR95G5GX',
    'DatosPresentacion': {
        'NIFPresentador': 'B74125311',
        'TimestampPre"
16102,1,in_invoice,S/FRA/2023/1109,C4/114644,sent,"{
    'CSV': 'W3XSLEPVGJYACBZ9',
    'DatosPresentacion': {
        'NIFPresentador': 'B74125311',
        'TimestampPre"
16047,1,in_invoice,S/FRA/2023/1108,95-214656,sent,"{
    'CSV': '7TLY4UNCYKF9RQSA',
    'DatosPresentacion': {
        'NIFPresentador': 'B74125311',
        'TimestampPre"
16046,1,in_invoice,S/FRA/2023/1107,A-V2023-00005585938,sent,"{
    'CSV': 'XGD5XJHGLS89ULA7',
    'DatosPresentacion': {
        'NIFPresentador': 'B74125311',
        'TimestampPre"
16103,1,in_invoice,S/FRA/2023/1106,C4/114576,sent,"{
    'CSV': 'WNUVGHSA85EGNLVZ',
    'DatosPresentacion': {
        'NIFPresentador': 'B74125311',
        'TimestampPre"
16029,1,in_invoice,S/FRA/2023/1105,233/936,sent,"{
    'CSV': 'SHUGFWRD5TEUA557',
    'DatosPresentacion': {
        'NIFPresentador': 'B74125311',
        'TimestampPre"
16048,1,in_invoice,S/FRA/2023/1104,002-02-002132,sent,"{
    'CSV': '4CNFKMTDZWV5CMSD',
    'DatosPresentacion': {
        'NIFPresentador': 'B74125311',
        'TimestampPre"
16044,1,in_invoice,S/FRA/2023/1103,95-214621,sent,"{
    'CSV': 'DU8EK8642E2JXA6S',
    'DatosPresentacion': {
        'NIFPresentador': 'B74125311',
        'TimestampPre"
16028,1,in_invoice,S/FRA/2023/1102,233/930,sent,"{
    'CSV': 'KG69GH5LZYQ9Q3UD',
    'DatosPresentacion': {
        'NIFPresentador': 'B74125311',
        'TimestampPre"
16119,1,in_invoice,S/FRA/2023/1101,A 230720,sent,"{
    'CSV': '5QWF9LNRYHV7ZGPV',
    'DatosPresentacion': {
        'NIFPresentador': 'B74125311',
        'TimestampPre"
16045,1,in_invoice,S/FRA/2023/1100,0070/02/2023/0000046,sent,"{
    'CSV': 'U5Z5JQYNV396MG38',
    'DatosPresentacion': {
        'NIFPresentador': 'B74125311',
        'TimestampPre"
16043,1,in_invoice,S/FRA/2023/1099,9694,sent_modified,"{
    'CSV': 'HJHVJKWF3Z4YSLTR',
    'DatosPresentacion': {
        'NIFPresentador': 'B74125311',
        'TimestampPre"
16042,1,in_invoice,S/FRA/2023/1098,2023/00200/00000340,sent,"{
    'CSV': '2Y64TKCVGAK9MXNU',
    'DatosPresentacion': {
        'NIFPresentador': 'B74125311',
        'TimestampPre"
16027,1,in_invoice,S/FRA/2023/1097,233/915,sent,"{
    'CSV': '2NGQRV99XKRXVPW7',
    'DatosPresentacion': {
        'NIFPresentador': 'B74125311',
        'TimestampPre"
16041,1,in_invoice,S/FRA/2023/1096,BL7/2023/1/22876,sent,"{
    'CSV': '6TALDQUJQ2YHJKU9',
    'DatosPresentacion': {
        'NIFPresentador': 'B74125311',
        'TimestampPre"
16019,1,in_invoice,S/FRA/2023/1095,042298,sent,"{
    'CSV': 'P2LT4XW4N37YU92W',
    'DatosPresentacion': {
        'NIFPresentador': 'B74125311',
        'TimestampPre"
16141,1,in_invoice,S/FRA/2023/1094,192-23,sent,"{
    'CSV': '2W8A8DXPMP7T4SDR',
    'DatosPresentacion': {
        'NIFPresentador': 'B74125311',
        'TimestampPre"
16138,1,in_invoice,S/FRA/2023/1093,61-23,sent,"{
    'CSV': 'HRFY7MLBPUHAL6A7',
    'DatosPresentacion': {
        'NIFPresentador': 'B74125311',
        'TimestampPre"
15965,1,in_invoice,S/FRA/2023/1092,FRO20232215622,sent_modified,"{
    'CSV': 'GARREPK9MZSGG34U',
    'DatosPresentacion': {
        'NIFPresentador': 'B74125311',
        'TimestampPre"
16026,1,in_invoice,S/FRA/2023/1091,A/2907/2023,sent,"{
    'CSV': 'BNYXTNZHCD6VP8EZ',
    'DatosPresentacion': {
        'NIFPresentador': 'B74125311',
        'TimestampPre"
16039,1,in_invoice,S/FRA/2023/1090,A/2906/2023,sent,"{
    'CSV': 'SK3RPTDRZ53NFWC6',
    'DatosPresentacion': {
        'NIFPresentador': 'B74125311',
        'TimestampPre"
16040,1,in_invoice,S/FRA/2023/1089,20230635,sent,"{
    'CSV': 'N9SKCV3MS7DZL3K9',
    'DatosPresentacion': {
        'NIFPresentador': 'B74125311',
        'TimestampPre"
16038,1,in_invoice,S/FRA/2023/1088,09423008986,sent,"{
    'CSV': 'R7ACC5CS6XTEMMM6',
    'DatosPresentacion': {
        'NIFPresentador': 'B74125311',
        'TimestampPre"
16036,1,in_invoice,S/FRA/2023/1087,95-214402,sent,"{
    'CSV': '5Y6LGMCUZDH76YXF',
    'DatosPresentacion': {
        'NIFPresentador': 'B74125311',
        'TimestampPre"
16037,1,in_invoice,S/FRA/2023/1086,98/23,sent,"{
    'CSV': 'E7H255XDEFV8KHPV',
    'DatosPresentacion': {
        'NIFPresentador': 'B74125311',
        'TimestampPre"
16025,1,in_invoice,S/FRA/2023/1085,A 404,sent,"{
    'CSV': 'J9DXHQCGNHMAFBV2',
    'DatosPresentacion': {
        'NIFPresentador': 'B74125311',
        'TimestampPre"
16033,1,in_invoice,S/FRA/2023/1084,A-V2023-00005377969,sent,"{
    'CSV': 'R57X4AJWC9ZS54FX',
    'DatosPresentacion': {
        'NIFPresentador': 'B74125311',
        'TimestampPre"
16035,1,in_invoice,S/FRA/2023/1083,I513504F0000262,sent,"{
    'CSV': 'WBBDYTR2238EHB7S',
    'DatosPresentacion': {
        'NIFPresentador': 'B74125311',
        'TimestampPre"
16034,1,in_invoice,S/FRA/2023/1082,95-214334,sent,"{
    'CSV': 'JTFE9R66VKAMRZA8',
    'DatosPresentacion': {
        'NIFPresentador': 'B74125311',
        'TimestampPre"
16024,1,in_invoice,S/FRA/2023/1081,233/871,sent,"{
    'CSV': '27GWP766HLF87G5Z',
    'DatosPresentacion': {
        'NIFPresentador': 'B74125311',
        'TimestampPre"
16022,1,in_invoice,S/FRA/2023/1080,A 23002305,sent,"{
    'CSV': 'GCVMPTN6FE66SHQC',
    'DatosPresentacion': {
        'NIFPresentador': 'B74125311',
        'TimestampPre"
16032,1,in_invoice,S/FRA/2023/1079,2023021467,sent,"{
    'CSV': '2FGKJX3HK8B8T9N7',
    'DatosPresentacion': {
        'NIFPresentador': 'B74125311',
        'TimestampPre"
16023,1,in_invoice,S/FRA/2023/1078,24536,sent,"{
    'CSV': '5S7J7L2E8SKWZ65H',
    'DatosPresentacion': {
        'NIFPresentador': 'B74125311',
        'TimestampPre"
15966,1,in_invoice,S/FRA/2023/1077,18742301P0071545,sent,"{
    'CSV': 'Q9FEXRU3YAL4W3SD',
    'DatosPresentacion': {
        'NIFPresentador': 'B74125311',
        'TimestampPre"
16031,1,in_invoice,S/FRA/2023/1076,OVD0201/2023/TK028583,sent,"{
    'CSV': 'TPCGEXQATTB7LAEV',
    'DatosPresentacion': {
        'NIFPresentador': 'B74125311',
        'TimestampPre"
16017,1,in_invoice,S/FRA/2023/1075,70774738,sent,"{
    'CSV': 'B4RE2FU8XRSDZN67',
    'DatosPresentacion': {
        'NIFPresentador': 'B74125311',
        'TimestampPre"
16011,1,in_invoice,S/FRA/2023/1074,BL7/2023/2/24344,sent,"{
    'CSV': '7QRD9ZASBCJYZ375',
    'DatosPresentacion': {
        'NIFPresentador': 'B74125311',
        'TimestampPre"
16021,1,in_invoice,S/FRA/2023/1073,233/858,sent,"{
    'CSV': '6YXABJDNVY8HSLF9',
    'DatosPresentacion': {
        'NIFPresentador': 'B74125311',
        'TimestampPre"
16018,1,in_invoice,S/FRA/2023/1072,042170,sent,"{
    'CSV': 'W5F7GQPVA7AZ8C5F',
    'DatosPresentacion': {
        'NIFPresentador': 'B74125311',
        'TimestampPre"
15044,1,in_invoice,S/FRA/2023/1071,5/2023,sent,"{
    'CSV': 'TQ7W5KXACSQGFMMY',
    'DatosPresentacion': {
        'NIFPresentador': 'B74125311',
        'TimestampPre"
16167,1,in_invoice,S/FRA/2023/1070,4,sent,"{
    'CSV': 'PVDBXZ52UNHT4DL8',
    'DatosPresentacion': {
        'NIFPresentador': 'B74125311',
        'TimestampPre"
16030,1,in_invoice,S/FRA/2023/1069,BL7/2023/19976,sent,"{
    'CSV': '4889D2ZYF7PX7V8G',
    'DatosPresentacion': {
        'NIFPresentador': 'B74125311',
        'TimestampPre"
16139,1,in_invoice,S/FRA/2023/1068,A/23-0244,sent,"{
    'CSV': 'V7M7ZLFK79C4EMUH',
    'DatosPresentacion': {
        'NIFPresentador': 'B74125311',
        'TimestampPre"
16009,1,in_invoice,S/FRA/2023/1067,BL7/2023/1/19810,sent,"{
    'CSV': '5LSQZXZ28YQRRFXF',
    'DatosPresentacion': {
        'NIFPresentador': 'B74125311',
        'TimestampPre"
14972,1,in_invoice,S/FRA/2023/1066,53,sent,"{
    'CSV': 'Q6VU75CKL63Q9FER',
    'DatosPresentacion': {
        'NIFPresentador': 'B74125311',
        'TimestampPre"
16020,1,in_invoice,S/FRA/2023/1065,0-2023-FC-881,sent,"{
    'CSV': 'JJ38TR3PMSR5CDKZ',
    'DatosPresentacion': {
        'NIFPresentador': 'B74125311',
        'TimestampPre"
16166,1,in_invoice,S/FRA/2023/1064,2023-360,sent,"{
    'CSV': 'H9JA3B6YP4QGRVFR',
    'DatosPresentacion': {
        'NIFPresentador': 'B74125311',
        'TimestampPre"
16140,1,in_invoice,S/FRA/2023/1063,2023-361,sent,"{
    'CSV': 'HUM936JXF7WSGY2N',
    'DatosPresentacion': {
        'NIFPresentador': 'B74125311',
        'TimestampPre"
16192,1,in_invoice,S/FRA/2023/1062,OO/2023/014,sent,"{
    'CSV': 'VPCQ6QG32PYQXLWD',
    'DatosPresentacion': {
        'NIFPresentador': 'B74125311',
        'TimestampPre"
15953,1,in_invoice,S/FRA/2023/1061,46/2023,sent,"{
    'CSV': 'VGJLMEAC9WU5Q3T8',
    'DatosPresentacion': {
        'NIFPresentador': 'B74125311',
        'TimestampPre"
15967,1,in_invoice,S/FRA/2023/1060,0205-2023,sent,"{
    'CSV': 'KD387EHSARLLE6M4',
    'DatosPresentacion': {
        'NIFPresentador': 'B74125311',
        'TimestampPre"
15969,1,in_invoice,S/FRA/2023/1059,0209-2023,sent,"{
    'CSV': 'CHHLMSJVN9N23M9X',
    'DatosPresentacion': {
        'NIFPresentador': 'B74125311',
        'TimestampPre"
15970,1,in_invoice,S/FRA/2023/1058,23-0077,sent,"{
    'CSV': '2Z4SJDKZ5VLZP3R3',
    'DatosPresentacion': {
        'NIFPresentador': 'B74125311',
        'TimestampPre"
15972,1,in_invoice,S/FRA/2023/1057,23-0079,sent,"{
    'CSV': 'KNJP58BHBCZ49SYS',
    'DatosPresentacion': {
        'NIFPresentador': 'B74125311',
        'TimestampPre"
16006,1,in_invoice,S/FRA/2023/1056,0210-2023,sent,"{
    'CSV': 'R2J8RYP66HQHQHN6',
    'DatosPresentacion': {
        'NIFPresentador': 'B74125311',
        'TimestampPre"
15951,1,in_invoice,S/FRA/2023/1055,23/721,sent,"{
    'CSV': 'QFJVX7U5FM57T8MC',
    'DatosPresentacion': {
        'NIFPresentador': 'B74125311',
        'TimestampPre"
15952,1,in_invoice,S/FRA/2023/1054,23/19,sent,"{
    'CSV': 'P9VGWYADHMUJT65R',
    'DatosPresentacion': {
        'NIFPresentador': 'B74125311',
        'TimestampPre"
16005,1,in_invoice,S/FRA/2023/1053,2023-0012,sent,"{
    'CSV': 'LEPH6CET3YPHNJ26',
    'DatosPresentacion': {
        'NIFPresentador': 'B74125311',
        'TimestampPre"
15333,1,in_invoice,S/FRA/2023/1052,23017556,sent,"{
    'CSV': '3YX5WLZVB8BGDPGV',
    'DatosPresentacion': {
        'NIFPresentador': 'B74125311',
        'TimestampPre"
15392,1,in_invoice,S/FRA/2023/1051,A2308556,sent,"{
    'CSV': 'TPUZEFYPZYFAUJ6Q',
    'DatosPresentacion': {
        'NIFPresentador': 'B74125311',
        'TimestampPre"
15590,1,in_invoice,S/FRA/2023/1050,23-0076,sent,"{
    'CSV': 'UYPJH5WP3PCS9AL4',
    'DatosPresentacion': {
        'NIFPresentador': 'B74125311',
        'TimestampPre"
15757,1,in_invoice,S/FRA/2023/1049,D23 520,sent,"{
    'CSV': 'P7K7GTU9LA9GQXR9',
    'DatosPresentacion': {
        'NIFPresentador': 'B74125311',
        'TimestampPre"
15075,1,in_invoice,S/FRA/2023/1048,FO3/2142,sent,"{
    'CSV': 'RQZR3VUUJY9RAHM8',
    'DatosPresentacion': {
        'NIFPresentador': 'B74125311',
        'TimestampPre"
15809,1,in_invoice,S/FRA/2023/1047,13,sent,"{
    'CSV': 'QHRDTZP2CNSYVE93',
    'DatosPresentacion': {
        'NIFPresentador': 'B74125311',
        'TimestampPre"
15076,1,in_invoice,S/FRA/2023/1046,TB-2023-F 75,sent,"{
    'CSV': 'EPUKTX94E44HWY4P',
    'DatosPresentacion': {
        'NIFPresentador': 'B74125311',
        'TimestampPre"
15077,1,in_invoice,S/FRA/2023/1045,TB-2023-F 76,sent,"{
    'CSV': 'KYUXDTJH4WCAZAUB',
    'DatosPresentacion': {
        'NIFPresentador': 'B74125311',
        'TimestampPre"
15078,1,in_invoice,S/FRA/2023/1044,TB-2023-F 77,sent,"{
    'CSV': 'CML7XWC5JTXSP3EC',
    'DatosPresentacion': {
        'NIFPresentador': 'B74125311',
        'TimestampPre"
15332,1,in_invoice,S/FRA/2023/1043,15/2023,sent,"{
    'CSV': 'R44ADYNWCQRBTCMQ',
    'DatosPresentacion': {
        'NIFPresentador': 'B74125311',
        'TimestampPre"
15387,1,in_invoice,S/FRA/2023/1042,08/2023,sent,"{
    'CSV': 'VYUZXVZ9MF36VRW7',
    'DatosPresentacion': {
        'NIFPresentador': 'B74125311',
        'TimestampPre"
15462,1,in_invoice,S/FRA/2023/1041,18,sent,"{
    'CSV': 'YDF8J6YFP9ZEEDAQ',
    'DatosPresentacion': {
        'NIFPresentador': 'B74125311',
        'TimestampPre"
15600,1,in_invoice,S/FRA/2023/1040,165/2023,sent,"{
    'CSV': 'XXX6CM6SGZWP3SPL',
    'DatosPresentacion': {
        'NIFPresentador': 'B74125311',
        'TimestampPre"
15601,1,in_invoice,S/FRA/2023/1039,166/2023,sent,"{
    'CSV': 'PTWU9XRLXSYUEFE7',
    'DatosPresentacion': {
        'NIFPresentador': 'B74125311',
        'TimestampPre"
15602,1,in_invoice,S/FRA/2023/1038,167/2023,sent,"{
    'CSV': '6F96MFC99H8LPMDZ',
    'DatosPresentacion': {
        'NIFPresentador': 'B74125311',
        'TimestampPre"
15750,1,in_invoice,S/FRA/2023/1037,012/2023,sent,"{
    'CSV': 'E9QUMHS9S2UDENR6',
    'DatosPresentacion': {
        'NIFPresentador': 'B74125311',
        'TimestampPre"
15787,1,in_invoice,S/FRA/2023/1036,1,sent,"{
    'CSV': 'JVL4QFSTAMD5QLWF',
    'DatosPresentacion': {
        'NIFPresentador': 'B74125311',
        'TimestampPre"
15788,1,in_invoice,S/FRA/2023/1035,4,sent,"{
    'CSV': 'VJNQG287LLTN97SW',
    'DatosPresentacion': {
        'NIFPresentador': 'B74125311',
        'TimestampPre"
15789,1,in_invoice,S/FRA/2023/1034,1/2023,sent,"{
    'CSV': 'VVCJMWUGFX7HFRE3',
    'DatosPresentacion': {
        'NIFPresentador': 'B74125311',
        'TimestampPre"
15790,1,in_invoice,S/FRA/2023/1033,2023-29,sent,"{
    'CSV': 'QZCSXE3X2B6LQCY6',
    'DatosPresentacion': {
        'NIFPresentador': 'B74125311',
        'TimestampPre"
15791,1,in_invoice,S/FRA/2023/1032,13,sent,"{
    'CSV': '7576EVNB37RAA3UU',
    'DatosPresentacion': {
        'NIFPresentador': 'B74125311',
        'TimestampPre"
15792,1,in_invoice,S/FRA/2023/1031,6,sent,"{
    'CSV': 'T8NWW9DFATQTQTQ3',
    'DatosPresentacion': {
        'NIFPresentador': 'B74125311',
        'TimestampPre"
15793,1,in_invoice,S/FRA/2023/1030,02/2023,sent,"{
    'CSV': 'WD2G3SNPC3QJRF4D',
    'DatosPresentacion': {
        'NIFPresentador': 'B74125311',
        'TimestampPre"
15794,1,in_invoice,S/FRA/2023/1029,5/2023,sent,"{
    'CSV': '3EFYUBNFFG9UMPH2',
    'DatosPresentacion': {
        'NIFPresentador': 'B74125311',
        'TimestampPre"
15795,1,in_invoice,S/FRA/2023/1028,008/2023,sent,"{
    'CSV': 'DMP3SA9Q9BS6JMEP',
    'DatosPresentacion': {
        'NIFPresentador': 'B74125311',
        'TimestampPre"
15796,1,in_invoice,S/FRA/2023/1027,08/2023,sent,"{
    'CSV': '7BVR4C5DSZTVYWE6',
    'DatosPresentacion': {
        'NIFPresentador': 'B74125311',
        'TimestampPre"
15799,1,in_invoice,S/FRA/2023/1026,087-2023,sent,"{
    'CSV': 'RW6KXWVNLVDNKQ65',
    'DatosPresentacion': {
        'NIFPresentador': 'B74125311',
        'TimestampPre"
15800,1,in_invoice,S/FRA/2023/1025,23014,sent,"{
    'CSV': '5G66S6WCGKUSBLLR',
    'DatosPresentacion': {
        'NIFPresentador': 'B74125311',
        'TimestampPre"
15808,1,in_invoice,S/FRA/2023/1024,023.066.,sent,"{
    'CSV': '93HMTPBSSMVB9KY2',
    'DatosPresentacion': {
        'NIFPresentador': 'B74125311',
        'TimestampPre"
15818,1,in_invoice,S/FRA/2023/1023,14/23,sent,"{
    'CSV': 'SWVJG6XFYP9TEKRA',
    'DatosPresentacion': {
        'NIFPresentador': 'B74125311',
        'TimestampPre"
15819,1,in_invoice,S/FRA/2023/1022,00005,sent,"{
    'CSV': '8SKSSTW9HX99L3WE',
    'DatosPresentacion': {
        'NIFPresentador': 'B74125311',
        'TimestampPre"
15820,1,in_invoice,S/FRA/2023/1021,OO2023-05,sent,"{
    'CSV': '56SB53U65ZM2W3J7',
    'DatosPresentacion': {
        'NIFPresentador': 'B74125311',
        'TimestampPre"
15822,1,in_invoice,S/FRA/2023/1020,202300000006,sent,"{
    'CSV': 'KGWZ94FLHN7WH23D',
    'DatosPresentacion': {
        'NIFPresentador': 'B74125311',
        'TimestampPre"
15823,1,in_invoice,S/FRA/2023/1019,7/2023,sent,"{
    'CSV': 'SMFZCEPVBDHLHP8R',
    'DatosPresentacion': {
        'NIFPresentador': 'B74125311',
        'TimestampPre"
15824,1,in_invoice,S/FRA/2023/1018,965/2023,sent,"{
    'CSV': 'D8KHX9D6U7WPFUR8',
    'DatosPresentacion': {
        'NIFPresentador': 'B74125311',
        'TimestampPre"
15825,1,in_invoice,S/FRA/2023/1017,02/2023,sent,"{
    'CSV': 'NG9UDJRKJSN6NSDL',
    'DatosPresentacion': {
        'NIFPresentador': 'B74125311',
        'TimestampPre"
15843,1,in_invoice,S/FRA/2023/1016,14,sent,"{
    'CSV': 'CXYQXR2JGTCENZZ5',
    'DatosPresentacion': {
        'NIFPresentador': 'B74125311',
        'TimestampPre"
15844,1,in_invoice,S/FRA/2023/1015,202312341,sent,"{
    'CSV': 'DBU98CXXWBX5MQU7',
    'DatosPresentacion': {
        'NIFPresentador': 'B74125311',
        'TimestampPre"
15846,1,in_invoice,S/FRA/2023/1014,OO/2023/012,sent,"{
    'CSV': 'LC5LH5QZSARVH2HQ',
    'DatosPresentacion': {
        'NIFPresentador': 'B74125311',
        'TimestampPre"
15845,1,in_invoice,S/FRA/2023/1013,OO/2023/013,sent,"{
    'CSV': '4LXY7RHEMKQ8WYJ6',
    'DatosPresentacion': {
        'NIFPresentador': 'B74125311',
        'TimestampPre"
15723,1,in_invoice,S/FRA/2023/1012,AF/1955/01,sent,"{
    'CSV': 'Y3SAWLBS3MGUMFMS',
    'DatosPresentacion': {
        'NIFPresentador': 'B74125311',
        'TimestampPre"
15722,1,in_invoice,S/FRA/2023/1011,AF/1954/01,sent,"{
    'CSV': '45CWTCQ5YEA5KPA8',
    'DatosPresentacion': {
        'NIFPresentador': 'B74125311',
        'TimestampPre"
15356,1,in_invoice,S/FRA/2023/1010,AF/1188/01,sent,"{
    'CSV': 'ZU3MUYE6MFY9Z49D',
    'DatosPresentacion': {
        'NIFPresentador': 'B74125311',
        'TimestampPre"
14966,1,in_invoice,S/FRA/2023/1009,00001/18738,sent,"{
    'CSV': '4KBK6MPGMY9YUN3G',
    'DatosPresentacion': {
        'NIFPresentador': 'B74125311',
        'TimestampPre"
14971,1,in_invoice,S/FRA/2023/1008,240,sent,"{
    'CSV': '94VDJQJ6QH6TLQXD',
    'DatosPresentacion': {
        'NIFPresentador': 'B74125311',
        'TimestampPre"
15003,1,in_invoice,S/FRA/2023/1007,1/2023,sent,"{
    'CSV': '7QN3K87YU77YB5XM',
    'DatosPresentacion': {
        'NIFPresentador': 'B74125311',
        'TimestampPre"
14929,1,in_invoice,S/FRA/2023/1006,ES3265BABEY,sent,"{
    'CSV': 'WG2ARUHD5DG7YLYM',
    'DatosPresentacion': {
        'NIFPresentador': 'B74125311',
        'TimestampPre"
14988,1,in_invoice,S/FRA/2023/1005,ES327BGABEY,sent,"{
    'CSV': 'F2BKP66TCFJULMYZ',
    'DatosPresentacion': {
        'NIFPresentador': 'B74125311',
        'TimestampPre"
15111,1,in_invoice,S/FRA/2023/1004,5.229/F,sent,"{
    'CSV': 'TDB9ARSB8DH9K3A4',
    'DatosPresentacion': {
        'NIFPresentador': 'B74125311',
        'TimestampPre"
15233,1,in_invoice,S/FRA/2023/1003,A10018445061-1223,sent,"{
    'CSV': 'RLBPYUKP9SLJMYDN',
    'DatosPresentacion': {
        'NIFPresentador': 'B74125311',
        'TimestampPre"
15234,1,in_invoice,S/FRA/2023/1002,N230023968,sent,"{
    'CSV': 'D64MGJGZJMFYDQER',
    'DatosPresentacion': {
        'NIFPresentador': 'B74125311',
        'TimestampPre"
15235,1,in_invoice,S/FRA/2023/1001,1NSN231200049733,sent,"{
    'CSV': 'HT85PPYVAXXP994V',
    'DatosPresentacion': {
        'NIFPresentador': 'B74125311',
        'TimestampPre"
15236,1,in_invoice,S/FRA/2023/1000,1HSN231100390582,sent,"{
    'CSV': 'QV5LKCD585ALF9ZC',
    'DatosPresentacion': {
        'NIFPresentador': 'B74125311',
        'TimestampPre"
15237,1,in_invoice,S/FRA/2023/0999,1HSN231100341268,sent,"{
    'CSV': '5D2LQGCRMB5DYXBN',
    'DatosPresentacion': {
        'NIFPresentador': 'B74125311',
        'TimestampPre"
15238,1,in_invoice,S/FRA/2023/0998,23/23,sent,"{
    'CSV': '5HFZ9T6YDRM329XG',
    'DatosPresentacion': {
        'NIFPresentador': 'B74125311',
        'TimestampPre"
15232,1,in_invoice,S/FRA/2023/0997,A10018483327-1223,sent,"{
    'CSV': 'C8PSA3DLCRBG4824',
    'DatosPresentacion': {
        'NIFPresentador': 'B74125311',
        'TimestampPre"
15291,1,in_invoice,S/FRA/2023/0996,312-KF23-15211,sent,"{
    'CSV': 'J7MDTL54K3EMT4VH',
    'DatosPresentacion': {
        'NIFPresentador': 'B74125311',
        'TimestampPre"
15308,1,in_invoice,S/FRA/2023/0995,09413600090,sent,"{
    'CSV': 'DK8NYBT5LRX9R3MY',
    'DatosPresentacion': {
        'NIFPresentador': 'B74125311',
        'TimestampPre"
15309,1,in_invoice,S/FRA/2023/0994,F154-2023,sent,"{
    'CSV': 'BLL8CEY2D3U3X53F',
    'DatosPresentacion': {
        'NIFPresentador': 'B74125311',
        'TimestampPre"
15310,1,in_invoice,S/FRA/2023/0993,TB-2023-F 85,sent,"{
    'CSV': 'D677HL5DK5ERG2AK',
    'DatosPresentacion': {
        'NIFPresentador': 'B74125311',
        'TimestampPre"
15311,1,in_invoice,S/FRA/2023/0992,TB-2023-F 86,sent,"{
    'CSV': 'EMNJEAPZLKQCJVJD',
    'DatosPresentacion': {
        'NIFPresentador': 'B74125311',
        'TimestampPre"
15312,1,in_invoice,S/FRA/2023/0991,001216,sent,"{
    'CSV': 'DPCXJRVHPHTR29VX',
    'DatosPresentacion': {
        'NIFPresentador': 'B74125311',
        'TimestampPre"
15267,1,in_invoice,S/FRA/2023/0990,7.059,sent,"{
    'CSV': 'E3QXFJADGFGRMRTH',
    'DatosPresentacion': {
        'NIFPresentador': 'B74125311',
        'TimestampPre"
15277,1,in_invoice,S/FRA/2023/0989,21/2023,sent,"{
    'CSV': 'X93YRUA6GEEJGSKQ',
    'DatosPresentacion': {
        'NIFPresentador': 'B74125311',
        'TimestampPre"
15306,1,in_invoice,S/FRA/2023/0988,MTA2301901,sent,"{
    'CSV': 'WJMFX4JNVM67AAX6',
    'DatosPresentacion': {
        'NIFPresentador': 'B74125311',
        'TimestampPre"
15307,1,in_invoice,S/FRA/2023/0987,2023001218,sent,"{
    'CSV': 'CR9NDJ36B4DXTHCG',
    'DatosPresentacion': {
        'NIFPresentador': 'B74125311',
        'TimestampPre"
15162,1,in_invoice,S/FRA/2023/0986,VF23-12-0089,sent,"{
    'CSV': 'RWUVAPTBBVZF44GX',
    'DatosPresentacion': {
        'NIFPresentador': 'B74125311',
        'TimestampPre"
15126,1,in_invoice,S/FRA/2023/0975,000194,sent,"{
    'CSV': 'GDU97QYRP6SYPGWU',
    'DatosPresentacion': {
        'NIFPresentador': 'B74125311',
        'TimestampPre"
15072,1,in_invoice,S/FRA/2023/0950,A-1562,sent,"{
    'CSV': '7Y7DWKZZ622RYRLX',
    'DatosPresentacion': {
        'NIFPresentador': 'B74125311',
        'TimestampPre"
15104,1,in_invoice,S/FRA/2023/0947,03/2023/12,sent,"{
    'CSV': 'S99U7S74DCUHWN2P',
    'DatosPresentacion': {
        'NIFPresentador': 'B74125311',
        'TimestampPre"
14646,1,in_invoice,S/FRA/2023/0835,0014,not_sent,1117 | Error en el bloque de la Contraparte. El NIF no esta identif
16010,1,in_refund,RS/FRA/2023/0008,BL7/2023/2/24345,sent,"{
    'CSV': 'A6QSMUMWR2J3T6Y5',
    'DatosPresentacion': {
        'NIFPresentador': 'B74125311',
        'TimestampPre"
15968,1,in_refund,RS/FRA/2023/0007,0208-2023,sent,"{
    'CSV': 'RZC73EKDH83PXZ7V',
    'DatosPresentacion': {
        'NIFPresentador': 'B74125311',
        'TimestampPre"
15121,1,in_invoice,S/FRA/2023/0985,1453-2023,sent,"{
    'CSV': 'Y6JWFFVX6SF3S6UQ',
    'DatosPresentacion': {
        'NIFPresentador': 'B74125311',
        'TimestampPre"
14653,1,in_invoice,S/FRA/2023/0984,230179,sent,"{
    'CSV': 'DNQJQW4PWS452XGK',
    'DatosPresentacion': {
        'NIFPresentador': 'B74125311',
        'TimestampPre"
15073,1,in_invoice,S/FRA/2023/0983,FA 232774,sent,"{
    'CSV': '9J67ZKJU6PGPQLRR',
    'DatosPresentacion': {
        'NIFPresentador': 'B74125311',
        'TimestampPre"
15161,1,in_invoice,S/FRA/2023/0982,2292545,sent,"{
    'CSV': '59L7RSRXD8FAVGUS',
    'DatosPresentacion': {
        'NIFPresentador': 'B74125311',
        'TimestampPre"
15127,1,in_invoice,S/FRA/2023/0981,000298,sent,"{
    'CSV': 'FGRQDKX2EWBESC79',
    'DatosPresentacion': {
        'NIFPresentador': 'B74125311',
        'TimestampPre"
15128,1,in_invoice,S/FRA/2023/0980,000299,sent,"{
    'CSV': '24J3JVZYQZ67RNN4',
    'DatosPresentacion': {
        'NIFPresentador': 'B74125311',
        'TimestampPre"
15040,1,in_invoice,S/FRA/2023/0979,23-0071,sent,"{
    'CSV': '3QYS67LA5K3Y54W7',
    'DatosPresentacion': {
        'NIFPresentador': 'B74125311',
        'TimestampPre"
15041,1,in_invoice,S/FRA/2023/0978,23-0072,sent,"{
    'CSV': 'EHGDS8LCRMEC36XE',
    'DatosPresentacion': {
        'NIFPresentador': 'B74125311',
        'TimestampPre"
15042,1,in_invoice,S/FRA/2023/0977,23-0073,sent,"{
    'CSV': 'KU5YH2HEKG39AJX4',
    'DatosPresentacion': {
        'NIFPresentador': 'B74125311',
        'TimestampPre"
15043,1,in_invoice,S/FRA/2023/0976,23-0074,sent,"{
    'CSV': '2W7V82737UB94XDT',
    'DatosPresentacion': {
        'NIFPresentador': 'B74125311',
        'TimestampPre"
15125,1,in_invoice,S/FRA/2023/0974,00004,sent,"{
    'CSV': 'CUT2R6SSREGRGBRD',
    'DatosPresentacion': {
        'NIFPresentador': 'B74125311',
        'TimestampPre"
15124,1,in_invoice,S/FRA/2023/0973,001-11/2023,sent,"{
    'CSV': '4FEDAD8WR8TL5C2Y',
    'DatosPresentacion': {
        'NIFPresentador': 'B74125311',
        'TimestampPre"
15086,1,in_invoice,S/FRA/2023/0972,000D003818,sent,"{
    'CSV': 'XG9CRLT64FZETRQJ',
    'DatosPresentacion': {
        'NIFPresentador': 'B74125311',
        'TimestampPre"
15079,1,in_invoice,S/FRA/2023/0971,000G004537,sent,"{
    'CSV': 'N9HNTMKS988KCATS',
    'DatosPresentacion': {
        'NIFPresentador': 'B74125311',
        'TimestampPre"
15085,1,in_invoice,S/FRA/2023/0970,23/746,sent,"{
    'CSV': 'STDZL69AU76AC9GC',
    'DatosPresentacion': {
        'NIFPresentador': 'B74125311',
        'TimestampPre"
15081,1,in_invoice,S/FRA/2023/0969,000D003817,sent,"{
    'CSV': 'VGNB26T33WQQ6A9N',
    'DatosPresentacion': {
        'NIFPresentador': 'B74125311',
        'TimestampPre"
15035,1,in_invoice,S/FRA/2023/0968,23001,sent,"{
    'CSV': '26JJ7Y8CFJ58ZA6T',
    'DatosPresentacion': {
        'NIFPresentador': 'B74125311',
        'TimestampPre"
15036,1,in_invoice,S/FRA/2023/0967,22/2023,sent,"{
    'CSV': 'APRJB9UQ583CU4JF',
    'DatosPresentacion': {
        'NIFPresentador': 'B74125311',
        'TimestampPre"
15004,1,in_invoice,S/FRA/2023/0966,EF122902,sent,"{
    'CSV': '3W2Z69MY2NP5GRCR',
    'DatosPresentacion': {
        'NIFPresentador': 'B74125311',
        'TimestampPre"
14982,1,in_invoice,S/FRA/2023/0965,A83656,sent,"{
    'CSV': 'V49J63S57TSKG3X9',
    'DatosPresentacion': {
        'NIFPresentador': 'B74125311',
        'TimestampPre"
14983,1,in_invoice,S/FRA/2023/0964,A85395,sent,"{
    'CSV': 'E4QUF2KCB8V72HBY',
    'DatosPresentacion': {
        'NIFPresentador': 'B74125311',
        'TimestampPre"
15037,1,in_invoice,S/FRA/2023/0963,11.2023,sent,"{
    'CSV': 'MH7Z3NSSLARZXV2W',
    'DatosPresentacion': {
        'NIFPresentador': 'B74125311',
        'TimestampPre"
14978,1,in_invoice,S/FRA/2023/0962,20230574,sent,"{
    'CSV': 'YZMRL9BYJZEP8FSE',
    'DatosPresentacion': {
        'NIFPresentador': 'B74125311',
        'TimestampPre"
15074,1,in_invoice,S/FRA/2023/0961,A2308126,sent,"{
    'CSV': 'L2SVG6BZ36SBP26Y',
    'DatosPresentacion': {
        'NIFPresentador': 'B74125311',
        'TimestampPre"
15083,1,in_invoice,S/FRA/2023/0960,FM23-2656,sent,"{
    'CSV': '8BAMUSRRPC55CF2C',
    'DatosPresentacion': {
        'NIFPresentador': 'B74125311',
        'TimestampPre"
15071,1,in_invoice,S/FRA/2023/0959,0/230739,sent,"{
    'CSV': '9JMQLA53EJ3PQJ8B',
    'DatosPresentacion': {
        'NIFPresentador': 'B74125311',
        'TimestampPre"
14980,1,in_invoice,S/FRA/2023/0958,5757048,sent,"{
    'CSV': 'LYPYB9C22AGN8YX7',
    'DatosPresentacion': {
        'NIFPresentador': 'B74125311',
        'TimestampPre"
15080,1,in_invoice,S/FRA/2023/0957,1230592531,sent,"{
    'CSV': 'E9UWM4MPNUFBFT3T',
    'DatosPresentacion': {
        'NIFPresentador': 'B74125311',
        'TimestampPre"
14981,1,in_invoice,S/FRA/2023/0956,F11-372710,sent_modified,"{
    'CSV': 'E9GCMU3865A7ZZKR',
    'DatosPresentacion': {
        'NIFPresentador': 'B74125311',
        'TimestampPre"
15005,1,in_invoice,S/FRA/2023/0955,176-2023,sent,"{
    'CSV': 'CEEBW4KFFEY3Z64Q',
    'DatosPresentacion': {
        'NIFPresentador': 'B74125311',
        'TimestampPre"
15039,1,in_invoice,S/FRA/2023/0954,N-678/23,sent,"{
    'CSV': 'CS9E7L7T6FEZV3X7',
    'DatosPresentacion': {
        'NIFPresentador': 'B74125311',
        'TimestampPre"
15038,1,in_invoice,S/FRA/2023/0953,UN-302/23,sent,"{
    'CSV': 'JCJREPHTSV384GK5',
    'DatosPresentacion': {
        'NIFPresentador': 'B74125311',
        'TimestampPre"
15001,1,in_invoice,S/FRA/2023/0952,2,sent,"{
    'CSV': 'CNABVTYTT4HPAEN5',
    'DatosPresentacion': {
        'NIFPresentador': 'B74125311',
        'TimestampPre"
14976,1,in_invoice,S/FRA/2023/0951,011F/1373,sent,"{
    'CSV': 'P38ZQYUMMCBSXFU6',
    'DatosPresentacion': {
        'NIFPresentador': 'B74125311',
        'TimestampPre"
15084,1,in_invoice,S/FRA/2023/0949,23/745,sent,"{
    'CSV': 'BNVR585MMGZTA526',
    'DatosPresentacion': {
        'NIFPresentador': 'B74125311',
        'TimestampPre"
15000,1,in_invoice,S/FRA/2023/0948,123004907,sent,"{
    'CSV': 'BXRRCXQZ44XPE5Q2',
    'DatosPresentacion': {
        'NIFPresentador': 'B74125311',
        'TimestampPre"
14979,1,in_invoice,S/FRA/2023/0946,230009574,sent_modified,"{
    'CSV': 'M9BQTA2NJZ8QG5EU',
    'DatosPresentacion': {
        'NIFPresentador': 'B74125311',
        'TimestampPre"
15002,1,in_invoice,S/FRA/2023/0945,F140-2023,sent,"{
    'CSV': 'P3HM3LC5M7HHQYMN',
    'DatosPresentacion': {
        'NIFPresentador': 'B74125311',
        'TimestampPre"
15082,1,in_invoice,S/FRA/2023/0944,FM23-2739,sent,"{
    'CSV': 'TULGDUKL2UQLVS53',
    'DatosPresentacion': {
        'NIFPresentador': 'B74125311',
        'TimestampPre"
14977,1,in_invoice,S/FRA/2023/0943,F000101-114,sent,"{
    'CSV': 'NMGLL7VAQJ82YXWU',
    'DatosPresentacion': {
        'NIFPresentador': 'B74125311',
        'TimestampPre"
15045,1,in_invoice,S/FRA/2023/0942,1TSN231100384756,sent,"{
    'CSV': 'B84DFJYPHLB562EM',
    'DatosPresentacion': {
        'NIFPresentador': 'B74125311',
        'TimestampPre"
14930,1,in_invoice,S/FRA/2023/0941,ES3268XABEY,sent,"{
    'CSV': 'GFYFGP3D2CUG97BF',
    'DatosPresentacion': {
        'NIFPresentador': 'B74125311',
        'TimestampPre"
15034,1,in_invoice,S/FRA/2023/0940,05/2023,sent,"{
    'CSV': 'HUKENWX4HPEX8HV7',
    'DatosPresentacion': {
        'NIFPresentador': 'B74125311',
        'TimestampPre"
14959,1,in_invoice,S/FRA/2023/0939,19/2023,sent,"{
    'CSV': 'QDQ7FBQRDXLFH748',
    'DatosPresentacion': {
        'NIFPresentador': 'B74125311',
        'TimestampPre"
14973,1,in_invoice,S/FRA/2023/0938,FAV000001752022,sent,"{
    'CSV': '6L7PUEQX6B3VQ78D',
    'DatosPresentacion': {
        'NIFPresentador': 'B74125311',
        'TimestampPre"
14974,1,in_invoice,S/FRA/2023/0937,1/4,sent,"{
    'CSV': 'VJGXTYZ3GJNF4EAE',
    'DatosPresentacion': {
        'NIFPresentador': 'B74125311',
        'TimestampPre"
14935,1,in_invoice,S/FRA/2023/0936,11/2023/1,sent,"{
    'CSV': 'NEXRFKVTZYM92CXK',
    'DatosPresentacion': {
        'NIFPresentador': 'B74125311',
        'TimestampPre"
14879,1,in_invoice,S/FRA/2023/0935,010/2023,sent,"{
    'CSV': 'TK87NRMPNDPNXPXV',
    'DatosPresentacion': {
        'NIFPresentador': 'B74125311',
        'TimestampPre"
14937,1,in_invoice,S/FRA/2023/0934,EE16/2023,sent,"{
    'CSV': 'QQZQFDTA52334XPU',
    'DatosPresentacion': {
        'NIFPresentador': 'B74125311',
        'TimestampPre"
14864,1,in_invoice,S/FRA/2023/0933,002,sent,"{
    'CSV': 'RF58JTYW7Z9JYDYR',
    'DatosPresentacion': {
        'NIFPresentador': 'B74125311',
        'TimestampPre"
14709,1,in_invoice,S/FRA/2023/0932,9/23,sent,"{
    'CSV': '97KHVBPFAA9ZV4TL',
    'DatosPresentacion': {
        'NIFPresentador': 'B74125311',
        'TimestampPre"
14967,1,in_invoice,S/FRA/2023/0931,101761E12,sent,"{
    'CSV': 'JKQSZKQN9VQMH9YQ',
    'DatosPresentacion': {
        'NIFPresentador': 'B74125311',
        'TimestampPre"
14942,1,in_invoice,S/FRA/2023/0930,08/2023,sent,"{
    'CSV': 'HTYND7TF2N478KY4',
    'DatosPresentacion': {
        'NIFPresentador': 'B74125311',
        'TimestampPre"
14877,1,in_invoice,S/FRA/2023/0929,03,sent,"{
    'CSV': '7D2DA5FTK55WKMEF',
    'DatosPresentacion': {
        'NIFPresentador': 'B74125311',
        'TimestampPre"
14837,1,in_invoice,S/FRA/2023/0928,C9/2023,sent,"{
    'CSV': '9J5PMS3L78UEVPV3',
    'DatosPresentacion': {
        'NIFPresentador': 'B74125311',
        'TimestampPre"
14938,1,in_invoice,S/FRA/2023/0927,09/2023,sent,"{
    'CSV': '48RXGTHJV9MM5GV6',
    'DatosPresentacion': {
        'NIFPresentador': 'B74125311',
        'TimestampPre"
14872,1,in_invoice,S/FRA/2023/0926,174-23,sent,"{
    'CSV': 'ED9FTQ2JFDQ6T4TT',
    'DatosPresentacion': {
        'NIFPresentador': 'B74125311',
        'TimestampPre"
14708,1,in_invoice,S/FRA/2023/0925,001478,sent,"{
    'CSV': '57CQGLG8BL5GBW67',
    'DatosPresentacion': {
        'NIFPresentador': 'B74125311',
        'TimestampPre"
14838,1,in_invoice,S/FRA/2023/0924,A/FA00343,sent,"{
    'CSV': '63C6RRPXBC7PVEXD',
    'DatosPresentacion': {
        'NIFPresentador': 'B74125311',
        'TimestampPre"
14962,1,in_invoice,S/FRA/2023/0923,0001TB204464,sent,"{
    'CSV': 'UBFV8W4Y8KG7TH9Q',
    'DatosPresentacion': {
        'NIFPresentador': 'B74125311',
        'TimestampPre"
14712,1,in_invoice,S/FRA/2023/0922,8/2023,sent,"{
    'CSV': '3NUWCF9G2Q7M6LZP',
    'DatosPresentacion': {
        'NIFPresentador': 'B74125311',
        'TimestampPre"
14928,1,in_invoice,S/FRA/2023/0921,10/2023,sent,"{
    'CSV': 'TC96Q4AXY97KDJBB',
    'DatosPresentacion': {
        'NIFPresentador': 'B74125311',
        'TimestampPre"
14968,1,in_invoice,S/FRA/2023/0920,A-V2023-00005149586,sent,"{
    'CSV': 'H89S48E2KLVZUYKW',
    'DatosPresentacion': {
        'NIFPresentador': 'B74125311',
        'TimestampPre"
14839,1,in_invoice,S/FRA/2023/0919,957,sent,"{
    'CSV': 'ZAQVWYPYYFUGR23H',
    'DatosPresentacion': {
        'NIFPresentador': 'B74125311',
        'TimestampPre"
14711,1,in_invoice,S/FRA/2023/0918,173-2023,sent,"{
    'CSV': 'PL4QPYJ7AQQ75GUF',
    'DatosPresentacion': {
        'NIFPresentador': 'B74125311',
        'TimestampPre"
14936,1,in_invoice,S/FRA/2023/0917,159-2023,sent,"{
    'CSV': 'G8E5265CVE86MNSG',
    'DatosPresentacion': {
        'NIFPresentador': 'B74125311',
        'TimestampPre"
14878,1,in_invoice,S/FRA/2023/0916,007/2023,sent,"{
    'CSV': '834JA6AN5CNXNAGV',
    'DatosPresentacion': {
        'NIFPresentador': 'B74125311',
        'TimestampPre"
14865,1,in_invoice,S/FRA/2023/0915,23/15,sent,"{
    'CSV': 'Z6RME89824KT5EXC',
    'DatosPresentacion': {
        'NIFPresentador': 'B74125311',
        'TimestampPre"
14866,1,in_invoice,S/FRA/2023/0914,23/16,sent,"{
    'CSV': 'W5LLTLJ62C7TSDZA',
    'DatosPresentacion': {
        'NIFPresentador': 'B74125311',
        'TimestampPre"
14870,1,in_invoice,S/FRA/2023/0913,42/2023,sent,"{
    'CSV': 'ZV3CQXKWEBZEUZVZ',
    'DatosPresentacion': {
        'NIFPresentador': 'B74125311',
        'TimestampPre"
14871,1,in_invoice,S/FRA/2023/0912,41/2023,sent,"{
    'CSV': 'QQ6GQ9FMQ3WS75DM',
    'DatosPresentacion': {
        'NIFPresentador': 'B74125311',
        'TimestampPre"
14817,1,in_invoice,S/FRA/2023/0911,FA23/634,sent,"{
    'CSV': 'D3YYD4ELQ5LK8FFY',
    'DatosPresentacion': {
        'NIFPresentador': 'B74125311',
        'TimestampPre"
14964,1,in_invoice,S/FRA/2023/0910,95-213458,sent,"{
    'CSV': '6W8G5NR8YF4GRQJ5',
    'DatosPresentacion': {
        'NIFPresentador': 'B74125311',
        'TimestampPre"
14941,1,in_invoice,S/FRA/2023/0909,02/2023,sent,"{
    'CSV': 'XXNXTLDTYXYAREU8',
    'DatosPresentacion': {
        'NIFPresentador': 'B74125311',
        'TimestampPre"
14969,1,in_invoice,S/FRA/2023/0908,63,sent,"{
    'CSV': '2TRPNK8ZQ68UU4TR',
    'DatosPresentacion': {
        'NIFPresentador': 'B74125311',
        'TimestampPre"
14836,1,in_invoice,S/FRA/2023/0907,1-2023,sent,"{
    'CSV': 'YJMC7LCJB98RXRXT',
    'DatosPresentacion': {
        'NIFPresentador': 'B74125311',
        'TimestampPre"
14576,1,in_invoice,S/FRA/2023/0906,FO3/1973,sent,"{
    'CSV': 'KH2R5LHGNRNJAGCD',
    'DatosPresentacion': {
        'NIFPresentador': 'B74125311',
        'TimestampPre"
14818,1,in_invoice,S/FRA/2023/0905,23-0069,sent,"{
    'CSV': '56A7Z8LJMTZVZ5S3',
    'DatosPresentacion': {
        'NIFPresentador': 'B74125311',
        'TimestampPre"
14861,1,in_invoice,S/FRA/2023/0904,0167-2023,sent,"{
    'CSV': 'KYR9N3YG3TJNR7SG',
    'DatosPresentacion': {
        'NIFPresentador': 'B74125311',
        'TimestampPre"
14958,1,in_invoice,S/FRA/2023/0903,2023019441,sent,"{
    'CSV': 'APBNF98NCVRSRREL',
    'DatosPresentacion': {
        'NIFPresentador': 'B74125311',
        'TimestampPre"
14961,1,in_invoice,S/FRA/2023/0902,2023018691,sent,"{
    'CSV': 'BXZXVBHMLJ9S5XTM',
    'DatosPresentacion': {
        'NIFPresentador': 'B74125311',
        'TimestampPre"
14965,1,in_invoice,S/FRA/2023/0901,2023019630,sent,"{
    'CSV': 'ZS9AFYZQYUXV2P4V',
    'DatosPresentacion': {
        'NIFPresentador': 'B74125311',
        'TimestampPre"
14960,1,in_invoice,S/FRA/2023/0900,2023018459,sent,"{
    'CSV': 'JDUH2GUX975SJTSD',
    'DatosPresentacion': {
        'NIFPresentador': 'B74125311',
        'TimestampPre"
14970,1,in_invoice,S/FRA/2023/0899,09413001436,sent,"{
    'CSV': '6YWJLPXAGDZ5JAAW',
    'DatosPresentacion': {
        'NIFPresentador': 'B74125311',
        'TimestampPre"
14943,1,in_invoice,S/FRA/2023/0898,FAC-1404,sent,"{
    'CSV': '3JWYXBNPE3RESCXF',
    'DatosPresentacion': {
        'NIFPresentador': 'B74125311',
        'TimestampPre"
14963,1,in_invoice,S/FRA/2023/0897,FAC-1420,sent,"{
    'CSV': '5JWHME2E3X5MU4EW',
    'DatosPresentacion': {
        'NIFPresentador': 'B74125311',
        'TimestampPre"
14862,1,in_invoice,S/FRA/2023/0896,1-015/2023,sent,"{
    'CSV': 'ASEYBZJTLK5DN2M4',
    'DatosPresentacion': {
        'NIFPresentador': 'B74125311',
        'TimestampPre"
14957,1,in_invoice,S/FRA/2023/0895,A/2888/2023,sent,"{
    'CSV': 'CE65CMGPW6LMVHQV',
    'DatosPresentacion': {
        'NIFPresentador': 'B74125311',
        'TimestampPre"
14819,1,in_invoice,S/FRA/2023/0894,D23 462,sent,"{
    'CSV': '7SD6GM2FM3MP2KGY',
    'DatosPresentacion': {
        'NIFPresentador': 'B74125311',
        'TimestampPre"
14874,1,in_invoice,S/FRA/2023/0893,160/2023,sent,"{
    'CSV': 'UCHXVJ9JYH7TA7TR',
    'DatosPresentacion': {
        'NIFPresentador': 'B74125311',
        'TimestampPre"
14873,1,in_invoice,S/FRA/2023/0892,159/2023,sent,"{
    'CSV': 'ZAMR6GQ8VLPDYTCE',
    'DatosPresentacion': {
        'NIFPresentador': 'B74125311',
        'TimestampPre"
14875,1,in_invoice,S/FRA/2023/0891,6.493,sent,"{
    'CSV': 'LAL3XB3YDEWLMMWA',
    'DatosPresentacion': {
        'NIFPresentador': 'B74125311',
        'TimestampPre"
14867,1,in_invoice,S/FRA/2023/0890,09/2023,sent,"{
    'CSV': 'HKB9PAQQ6XHDDE2U',
    'DatosPresentacion': {
        'NIFPresentador': 'B74125311',
        'TimestampPre"
14710,1,in_invoice,S/FRA/2023/0889,07/2023,sent,"{
    'CSV': '644WN87LQTKXHD47',
    'DatosPresentacion': {
        'NIFPresentador': 'B74125311',
        'TimestampPre"
14863,1,in_invoice,S/FRA/2023/0888,23/631,sent,"{
    'CSV': '789LT2LECBCT9WLJ',
    'DatosPresentacion': {
        'NIFPresentador': 'B74125311',
        'TimestampPre"
14869,1,in_invoice,S/FRA/2023/0887,OO2023-04,sent,"{
    'CSV': '8Y6SGRVL4ART54V5',
    'DatosPresentacion': {
        'NIFPresentador': 'B74125311',
        'TimestampPre"
14831,1,in_invoice,S/FRA/2023/0886,023-011,sent,"{
    'CSV': 'F2VAH5S5Y4TZHWKN',
    'DatosPresentacion': {
        'NIFPresentador': 'B74125311',
        'TimestampPre"
14860,1,in_invoice,S/FRA/2023/0885,023-012,sent,"{
    'CSV': 'UPW3JKFRREXUMBU8',
    'DatosPresentacion': {
        'NIFPresentador': 'B74125311',
        'TimestampPre"
14698,1,in_invoice,S/FRA/2023/0884,A23/116,sent,"{
    'CSV': 'CXA3HJ9PMMCHU4JP',
    'DatosPresentacion': {
        'NIFPresentador': 'B74125311',
        'TimestampPre"
14694,1,in_invoice,S/FRA/2023/0883,151555,sent,"{
    'CSV': 'U85ANG5M2P8ZH5XF',
    'DatosPresentacion': {
        'NIFPresentador': 'B74125311',
        'TimestampPre"
14697,1,in_invoice,S/FRA/2023/0882,56-23,sent,"{
    'CSV': 'HHGHPGV39GA9ZKMN',
    'DatosPresentacion': {
        'NIFPresentador': 'B74125311',
        'TimestampPre"
14705,1,in_invoice,S/FRA/2023/0881,18/2023,sent,"{
    'CSV': 'LBD7ZXES6N7QTB7F',
    'DatosPresentacion': {
        'NIFPresentador': 'B74125311',
        'TimestampPre"
14695,1,in_invoice,S/FRA/2023/0880,A 20230682,sent,"{
    'CSV': 'PB82CD5S4TY6PLT4',
    'DatosPresentacion': {
        'NIFPresentador': 'B74125311',
        'TimestampPre"
14699,1,in_invoice,S/FRA/2023/0879,2023-311 TV,sent,"{
    'CSV': 'BFFCRQ79VSKKLDKW',
    'DatosPresentacion': {
        'NIFPresentador': 'B74125311',
        'TimestampPre"
14673,1,in_invoice,S/FRA/2023/0859,0166-2023,sent,"{
    'CSV': 'L25X4MLUZZ2K8QFA',
    'DatosPresentacion': {
        'NIFPresentador': 'B74125311',
        'TimestampPre"
14684,1,in_invoice,S/FRA/2023/0858,312-KF23-13818,sent,"{
    'CSV': '76FW9PPB5JVGT4BS',
    'DatosPresentacion': {
        'NIFPresentador': 'B74125311',
        'TimestampPre"
14619,1,in_invoice,S/FRA/2023/0848,23-0068,sent,"{
    'CSV': 'RBWQAPH4G335FRMB',
    'DatosPresentacion': {
        'NIFPresentador': 'B74125311',
        'TimestampPre"
14652,1,in_invoice,S/FRA/2023/0847,VF23-11-0094,sent,"{
    'CSV': 'PDK4VU4G3D2VRDHR',
    'DatosPresentacion': {
        'NIFPresentador': 'B74125311',
        'TimestampPre"
14687,1,in_invoice,S/FRA/2023/0846,4TM00120777,sent,"{
    'CSV': 'ZN9GLRM5JAKQ3ALX',
    'DatosPresentacion': {
        'NIFPresentador': 'B74125311',
        'TimestampPre"
14610,1,in_invoice,S/FRA/2023/0834,101,sent,"{
    'CSV': '4DWXUP739YN7L8D9',
    'DatosPresentacion': {
        'NIFPresentador': 'B74125311',
        'TimestampPre"
14665,1,in_invoice,S/FRA/2023/0830,FQ23/062650,sent,"{
    'CSV': '75MY7E8V4ZNMMZQH',
    'DatosPresentacion': {
        'NIFPresentador': 'B74125311',
        'TimestampPre"
14657,1,in_invoice,S/FRA/2023/0829,A10018406895-1123,sent,"{
    'CSV': 'DPJB43W8E6CLQ4S2',
    'DatosPresentacion': {
        'NIFPresentador': 'B74125311',
        'TimestampPre"
14656,1,in_invoice,S/FRA/2023/0828,A10018368654-1123,sent,"{
    'CSV': 'LBDALW8HT3QZC87U',
    'DatosPresentacion': {
        'NIFPresentador': 'B74125311',
        'TimestampPre"
14608,1,in_invoice,S/FRA/2023/0827,39/2023,sent,"{
    'CSV': 'Q2WB8BGX9WTHTD8V',
    'DatosPresentacion': {
        'NIFPresentador': 'B74125311',
        'TimestampPre"
14522,1,in_invoice,S/FRA/2023/0820,A-1434,sent,"{
    'CSV': 'MZ2G3YD4GRGT5BX3',
    'DatosPresentacion': {
        'NIFPresentador': 'B74125311',
        'TimestampPre"
14585,1,in_invoice,S/FRA/2023/0819,03/2023/11,sent,"{
    'CSV': 'PPM68ZXNMTYCN7E5',
    'DatosPresentacion': {
        'NIFPresentador': 'B74125311',
        'TimestampPre"
14654,1,in_invoice,S/FRA/2023/0813,SI179,sent,"{
    'CSV': '3AZEEGAMZYUUTGBU',
    'DatosPresentacion': {
        'NIFPresentador': 'B74125311',
        'TimestampPre"
14655,1,in_invoice,S/FRA/2023/0812,SI180,sent_modified,"{
    'CSV': 'KS6PKZCAF65LAQ7V',
    'DatosPresentacion': {
        'NIFPresentador': 'B74125311',
        'TimestampPre"
14693,1,in_invoice,S/FRA/2023/0878,OO/2023/011,not_sent,3000 | Factura duplicada
13367,1,in_invoice,S/FRA/2023/0877,FV21613,not_sent,3000 | Factura duplicada
13499,1,in_invoice,S/FRA/2023/0876,FV21619,not_sent,3000 | Factura duplicada
12371,1,in_invoice,S/FRA/2023/0875,1844-GF,not_sent,3000 | Factura duplicada
12369,1,in_invoice,S/FRA/2023/0874,VT5 2023034591,not_sent,3000 | Factura duplicada
14213,1,in_invoice,S/FRA/2023/0873,FA2300308,not_sent,3000 | Factura duplicada
14214,1,in_invoice,S/FRA/2023/0872,FA2310597,not_sent,3000 | Factura duplicada
14215,1,in_invoice,S/FRA/2023/0871,FA2300316,not_sent,3000 | Factura duplicada
14216,1,in_invoice,S/FRA/2023/0870,FA2310634,not_sent,3000 | Factura duplicada
14611,1,in_invoice,S/FRA/2023/0869,FA2300318,not_sent,3000 | Factura duplicada
14217,1,in_invoice,S/FRA/2023/0868,FA2300317,not_sent,3000 | Factura duplicada
14218,1,in_invoice,S/FRA/2023/0867,FA2310635,not_sent,3000 | Factura duplicada
14581,1,in_invoice,S/FRA/2023/0866,4.421/F,not_sent,3000 | Factura duplicada
14582,1,in_invoice,S/FRA/2023/0865,FA 232408,not_sent,3000 | Factura duplicada
14583,1,in_invoice,S/FRA/2023/0864,000258,not_sent,3000 | Factura duplicada
14584,1,in_invoice,S/FRA/2023/0863,000259,not_sent,3000 | Factura duplicada
14616,1,in_invoice,S/FRA/2023/0862,23/664,not_sent,3000 | Factura duplicada
14659,1,in_invoice,S/FRA/2023/0861,B00053241,not_sent,3000 | Factura duplicada
14669,1,in_invoice,S/FRA/2023/0860,TB-2023-F 71,not_sent,3000 | Factura duplicada
14571,1,in_invoice,S/FRA/2023/0857,000D003579,not_sent,3000 | Factura duplicada
14572,1,in_invoice,S/FRA/2023/0856,000D003580,not_sent,3000 | Factura duplicada
14573,1,in_invoice,S/FRA/2023/0855,000G004231,not_sent,3000 | Factura duplicada
14574,1,in_invoice,S/FRA/2023/0854,000G004232,not_sent,3000 | Factura duplicada
14575,1,in_invoice,S/FRA/2023/0853,000G004233,not_sent,3000 | Factura duplicada
14612,1,in_invoice,S/FRA/2023/0852,23-0061,not_sent,3000 | Factura duplicada
14613,1,in_invoice,S/FRA/2023/0851,23-0062,not_sent,3000 | Factura duplicada
14614,1,in_invoice,S/FRA/2023/0850,23-0065,not_sent,3000 | Factura duplicada
14615,1,in_invoice,S/FRA/2023/0849,23-0066,not_sent,3000 | Factura duplicada
14666,1,in_invoice,S/FRA/2023/0845,TB-2023-F 56,not_sent,3000 | Factura duplicada
14667,1,in_invoice,S/FRA/2023/0844,TB-2023-F 57,not_sent,3000 | Factura duplicada
14668,1,in_invoice,S/FRA/2023/0843,TB-2023-F 67,not_sent,3000 | Factura duplicada
14670,1,in_invoice,S/FRA/2023/0842,TB-2023-F 58,not_sent,3000 | Factura duplicada
14671,1,in_invoice,S/FRA/2023/0841,TB-2023-F 38,not_sent,3000 | Factura duplicada
14672,1,in_invoice,S/FRA/2023/0840,5.615,not_sent,3000 | Factura duplicada
14638,1,in_invoice,S/FRA/2023/0839,77337/1,not_sent,3000 | Factura duplicada
14639,1,in_invoice,S/FRA/2023/0838,90003191,not_sent,3000 | Factura duplicada
14641,1,in_invoice,S/FRA/2023/0837,23OOO6O4,not_sent,3000 | Factura duplicada
14564,1,in_invoice,S/FRA/2023/0836,10/20/2023 del 30/10/2023,not_sent,3000 | Factura duplicada
14637,1,in_invoice,S/FRA/2023/0833,0052498612,not_sent,3000 | Factura duplicada
14644,1,in_invoice,S/FRA/2023/0832,A-V2023-00004580057,not_sent,3000 | Factura duplicada
14645,1,in_invoice,S/FRA/2023/0831,FAV000001692022,not_sent,3000 | Factura duplicada
14650,1,in_invoice,S/FRA/2023/0826,95-212747,not_sent,3000 | Factura duplicada
14651,1,in_invoice,S/FRA/2023/0825,95-212095,not_sent,3000 | Factura duplicada
14649,1,in_invoice,S/FRA/2023/0824,95-212498,not_sent,3000 | Factura duplicada
14643,1,in_invoice,S/FRA/2023/0823,59,not_sent,3000 | Factura duplicada
14588,1,in_invoice,S/FRA/2023/0822,1301-2023,not_sent,3000 | Factura duplicada
14586,1,in_invoice,S/FRA/2023/0821,A2307690,not_sent,3000 | Factura duplicada
14640,1,in_invoice,S/FRA/2023/0818,233/544,not_sent,3000 | Factura duplicada
14642,1,in_invoice,S/FRA/2023/0817,1 23 0005 0003612583,not_sent,3000 | Factura duplicada
14580,1,in_invoice,S/FRA/2023/0816,FRO20232013476,not_sent,3000 | Factura duplicada
14648,1,in_invoice,S/FRA/2023/0815,200,not_sent,3000 | Factura duplicada
14647,1,in_invoice,S/FRA/2023/0814,207,not_sent,3000 | Factura duplicada
14609,1,in_invoice,S/FRA/2023/0811,12,not_sent,3000 | Factura duplicada
14578,1,in_invoice,S/FRA/2023/0810,FM23-2397,not_sent,3000 | Factura duplicada
14579,1,in_invoice,S/FRA/2023/0809,FM23-2476,not_sent,3000 | Factura duplicada
14587,1,in_invoice,S/FRA/2023/0808,000260,not_sent,3000 | Factura duplicada
14658,1,in_invoice,S/FRA/2023/0807,2242738,not_sent,3000 | Factura duplicada
14437,1,in_invoice,S/FRA/2023/0806,O230011434,not_sent,3000 | Factura duplicada
14451,1,in_invoice,S/FRA/2023/0805,154-2023,not_sent,3000 | Factura duplicada
13570,1,in_invoice,S/FRA/2023/0804,FO3/1598,not_sent,3000 | Factura duplicada
14453,1,in_invoice,S/FRA/2023/0803,412/2023C,not_sent,3000 | Factura duplicada
14461,1,in_invoice,S/FRA/2023/0802,1TSN231000379010,sent,"{
    'CSV': 'G9LSFYCDBE99F677',
    'DatosPresentacion': {
        'NIFPresentador': 'B74125311',
        'TimestampPre"
14432,1,in_invoice,S/FRA/2023/0801,47/2023,not_sent,3000 | Factura duplicada
11681,1,in_invoice,S/FRA/2023/0800,18742301P0123415,not_sent,3000 | Factura duplicada
14407,1,in_invoice,S/FRA/2023/0799,23/17,not_sent,3000 | Factura duplicada
14523,1,in_invoice,S/FRA/2023/0798,07/23,not_sent,3000 | Factura duplicada
14452,1,in_invoice,S/FRA/2023/0797,9/2023,not_sent,3000 | Factura duplicada
14562,1,in_invoice,S/FRA/2023/0796,AF/1908/01,not_sent,3000 | Factura duplicada
14410,1,in_invoice,S/FRA/2023/0795,230235,not_sent,3000 | Factura duplicada
14408,1,in_invoice,S/FRA/2023/0794,FA-08182023-2,not_sent,3000 | Factura duplicada
14449,1,in_invoice,S/FRA/2023/0793,3796,not_sent,3000 | Factura duplicada
14447,1,in_invoice,S/FRA/2023/0792,FV230834/71,not_sent,3000 | Factura duplicada
14450,1,in_invoice,S/FRA/2023/0791,AU20230323ZKY000198,not_sent,3000 | Factura duplicada
14125,1,in_invoice,S/FRA/2023/0790,2023000942,not_sent,3000 | Factura duplicada
13870,1,in_invoice,S/FRA/2023/0789,65255,sent,"{
    'CSV': 'CLYAZE72Z63UGDQU',
    'DatosPresentacion': {
        'NIFPresentador': 'B74125311',
        'TimestampPre"
14414,1,in_invoice,S/FRA/2023/0788,2023-291,not_sent,3000 | Factura duplicada
14413,1,in_invoice,S/FRA/2023/0787,24,not_sent,3000 | Factura duplicada
14395,1,in_invoice,S/FRA/2023/0786,05-2023,not_sent,3000 | Factura duplicada
14384,1,in_invoice,S/FRA/2023/0785,75,not_sent,3000 | Factura duplicada
14411,1,in_invoice,S/FRA/2023/0784,FV/2023/14094,not_sent,3000 | Factura duplicada
14394,1,in_invoice,S/FRA/2023/0783,06/23,not_sent,3000 | Factura duplicada
14412,1,in_invoice,S/FRA/2023/0782,20230538,not_sent,3000 | Factura duplicada
14390,1,in_invoice,S/FRA/2023/0781,2023-006,not_sent,3000 | Factura duplicada
14435,1,in_invoice,S/FRA/2023/0780,FRO20221569213,not_sent,3000 | Factura duplicada
14436,1,in_invoice,S/FRA/2023/0779,FRO20221588426,not_sent,3000 | Factura duplicada
14434,1,in_invoice,S/FRA/2023/0778,4200138563,not_sent,3000 | Factura duplicada
14433,1,in_invoice,S/FRA/2023/0777,A163548,not_sent,3000 | Factura duplicada
14406,1,in_invoice,S/FRA/2023/0776,11,not_sent,3000 | Factura duplicada
14389,1,in_invoice,S/FRA/2023/0775,A6,not_sent,3000 | Factura duplicada
14106,1,in_invoice,S/FRA/2023/0774,009/2023,not_sent,3000 | Factura duplicada
14302,1,in_invoice,S/FRA/2023/0773,03/2023,not_sent,3000 | Factura duplicada
14109,1,in_invoice,S/FRA/2023/0772,05/2023,not_sent,3000 | Factura duplicada
14163,1,in_invoice,S/FRA/2023/0771,INV-DE-148773751-2023-860,not_sent,3000 | Factura duplicada
14076,1,in_invoice,S/FRA/2023/0770,20,not_sent,3000 | Factura duplicada
14178,1,in_invoice,S/FRA/2023/0769,20230493,not_sent,3000 | Factura duplicada
14170,1,in_invoice,S/FRA/2023/0768,20230470,not_sent,3000 | Factura duplicada
14167,1,in_invoice,S/FRA/2023/0767,20230463,not_sent,3000 | Factura duplicada
14171,1,in_invoice,S/FRA/2023/0766,20230471,not_sent,3000 | Factura duplicada
14100,1,in_invoice,S/FRA/2023/0765,1638812,not_sent,3000 | Factura duplicada
14172,1,in_invoice,S/FRA/2023/0764,A/11,not_sent,3000 | Factura duplicada
14242,1,in_invoice,S/FRA/2023/0763,INV-DE-1621908995-2022-84,not_sent,3000 | Factura duplicada
14203,1,in_invoice,S/FRA/2023/0762,INV-ES-863703575-2022-612,not_sent,3000 | Factura duplicada
14283,1,in_invoice,S/FRA/2023/0761,INV-ES-113736931-2021-382,not_sent,3000 | Factura duplicada
14328,1,in_invoice,S/FRA/2023/0760,INV-ES-113736931-2022-39,not_sent,3000 | Factura duplicada
14284,1,in_invoice,S/FRA/2023/0759,INV-ES-113736931-2021-383,not_sent,3000 | Factura duplicada
14285,1,in_invoice,S/FRA/2023/0758,INV-FR-113736931-2021-29799,not_sent,3000 | Factura duplicada
14207,1,in_invoice,S/FRA/2023/0757,INV-ES-825432945-2022-2672,not_sent,3000 | Factura duplicada
14202,1,in_invoice,S/FRA/2023/0756,INV-ES-139756521-2022-2343,not_sent,3000 | Factura duplicada
14250,1,in_invoice,S/FRA/2023/0755,INV-ES-149065261-2022-54,not_sent,3000 | Factura duplicada
14205,1,in_invoice,S/FRA/2023/0754,INV-ES-149065261-2022-50,not_sent,3000 | Factura duplicada
14251,1,in_invoice,S/FRA/2023/0753,INV-ES-149065261-2022-55,not_sent,3000 | Factura duplicada
14193,1,in_invoice,S/FRA/2023/0752,INV-ES-132325241-2022-2473,not_sent,3000 | Factura duplicada
14074,1,in_invoice,S/FRA/2023/0751,152-23,not_sent,3000 | Factura duplicada
14357,1,in_invoice,S/FRA/2023/0750,1NSN230500294809,not_sent,3000 | Factura duplicada
14347,1,in_invoice,S/FRA/2023/0749,1NSN230700326468,not_sent,3000 | Factura duplicada
14358,1,in_invoice,S/FRA/2023/0748,1NSN230400036325,not_sent,3000 | Factura duplicada
14354,1,in_invoice,S/FRA/2023/0747,1NSN231000105281,sent,"{
    'CSV': 'Y2U9EF26DKR5UJ46',
    'DatosPresentacion': {
        'NIFPresentador': 'B74125311',
        'TimestampPre"
14383,1,in_invoice,S/FRA/2023/0746,1HSN230500482673,not_sent,3000 | Factura duplicada
14382,1,in_invoice,S/FRA/2023/0745,1HSN230700447805,not_sent,3000 | Factura duplicada
14386,1,in_invoice,S/FRA/2023/0744,1HSN230300518935,not_sent,3000 | Factura duplicada
14392,1,in_invoice,S/FRA/2023/0743,1TSN230900356622,sent,"{
    'CSV': 'NFHXH75HC4MPSX2F',
    'DatosPresentacion': {
        'NIFPresentador': 'B74125311',
        'TimestampPre"
14391,1,in_invoice,S/FRA/2023/0742,1TSN230800390772,sent,"{
    'CSV': 'BWFFVTHALNFGRYH9',
    'DatosPresentacion': {
        'NIFPresentador': 'B74125311',
        'TimestampPre"
14352,1,in_invoice,S/FRA/2023/0741,HSN230500402126,not_sent,3000 | Factura duplicada
14350,1,in_invoice,S/FRA/2023/0740,1HSN230700346487,not_sent,3000 | Factura duplicada
14349,1,in_invoice,S/FRA/2023/0739,1HSN230900327708,not_sent,3000 | Factura duplicada
14348,1,in_invoice,S/FRA/2023/0738,HSN230400348082,not_sent,3000 | Factura duplicada
14359,1,in_invoice,S/FRA/2023/0737,1HSN230900419777,not_sent,3000 | Factura duplicada
14346,1,in_invoice,S/FRA/2023/0736,S230071810,not_sent,3000 | Factura duplicada
14174,1,in_invoice,S/FRA/2023/0735,A-V2023-00004103408,not_sent,3000 | Factura duplicada
14075,1,in_invoice,S/FRA/2023/0734,6159,not_sent,3000 | Factura duplicada
14104,1,in_invoice,S/FRA/2023/0733,006/2023,not_sent,3000 | Factura duplicada
14262,1,in_invoice,S/FRA/2023/0732,INV-ES-308816695-2022-1222,not_sent,3000 | Factura duplicada
14246,1,in_invoice,S/FRA/2023/0731,INV-ES-1006322305-2022-145,not_sent,3000 | Factura duplicada
14255,1,in_invoice,S/FRA/2023/0730,INV-DE-1360058655-2022-87,not_sent,3000 | Factura duplicada
14297,1,in_invoice,S/FRA/2023/0729,INV-ES-695505325-2021-916,not_sent,3000 | Factura duplicada
14315,1,in_invoice,S/FRA/2023/0728,INV-FR-158081161-2021-547879,not_sent,3000 | Factura duplicada
14299,1,in_invoice,S/FRA/2023/0727,INV-ES-1358135535-2021-110,not_sent,3000 | Factura duplicada
14265,1,in_invoice,S/FRA/2023/0726,RE202240101390,not_sent,3000 | Factura duplicada
14204,1,in_invoice,S/FRA/2023/0725,INV-ES-1374853015-2022-74,not_sent,3000 | Factura duplicada
14260,1,in_invoice,S/FRA/2023/0724,INV-ES-1150084045-2022-1267,not_sent,3000 | Factura duplicada
14258,1,in_invoice,S/FRA/2023/0723,INV-ES-999004995-2022-646,not_sent,3000 | Factura duplicada
14259,1,in_invoice,S/FRA/2023/0722,INV-PL-387194815-2022-1548,not_sent,3000 | Factura duplicada
14298,1,in_invoice,S/FRA/2023/0721,INV-ES-781652505-2021-399,not_sent,3000 | Factura duplicada
14261,1,in_invoice,S/FRA/2023/0720,INV-ES-160588101-2022-686,not_sent,3000 | Factura duplicada
14264,1,in_invoice,S/FRA/2023/0719,INV-ES-759425445-2022-149,not_sent,3000 | Factura duplicada
14249,1,in_invoice,S/FRA/2023/0718,INV-ES-759425445-2022-148,not_sent,3000 | Factura duplicada
14322,1,in_invoice,S/FRA/2023/0717,INV-DE-403643395-2022-75,not_sent,3000 | Factura duplicada
14186,1,in_invoice,S/FRA/2023/0716,INV-ES-1358597665-2023-5,not_sent,3000 | Factura duplicada
14312,1,in_invoice,S/FRA/2023/0715,INV-IT-1520469535-2021-328,not_sent,3000 | Factura duplicada
14268,1,in_invoice,S/FRA/2023/0714,INV-ES-1381218625-2021-239,not_sent,3000 | Factura duplicada
14267,1,in_invoice,S/FRA/2023/0713,INV-ES-1381218625-2021-238,not_sent,3000 | Factura duplicada
14320,1,in_invoice,S/FRA/2023/0712,INV-ES-404257235-2021-290,not_sent,3000 | Factura duplicada
14256,1,in_invoice,S/FRA/2023/0711,INV-PL-156038211-2022-341,not_sent,3000 | Factura duplicada
14248,1,in_invoice,S/FRA/2023/0710,INV-PL-156038211-2022-342,not_sent,3000 | Factura duplicada
14164,1,in_invoice,S/FRA/2023/0709,INV-PL-1405939325-2023-105,not_sent,3000 | Factura duplicada
14245,1,in_invoice,S/FRA/2023/0708,INV-DE-1302236705-2022-578,not_sent,3000 | Factura duplicada
14252,1,in_invoice,S/FRA/2023/0707,INV-ES-1629590085-2022-4,not_sent,3000 | Factura duplicada
14194,1,in_invoice,S/FRA/2023/0706,INV-ES-144348211-2022-32051,not_sent,3000 | Factura duplicada
14185,1,in_invoice,S/FRA/2023/0705,INV-DE-131965521-2023-4606,not_sent,3000 | Factura duplicada
14183,1,in_invoice,S/FRA/2023/0704,INV-DE-1857833635-2023-432,not_sent,3000 | Factura duplicada
14166,1,in_invoice,S/FRA/2023/0703,INV-DE-1857833635-2023-434,not_sent,3000 | Factura duplicada
14184,1,in_invoice,S/FRA/2023/0702,INV-DE-1637405095-2023-757,not_sent,3000 | Factura duplicada
14165,1,in_invoice,S/FRA/2023/0701,INV-ES-1582215085-2023-83,not_sent,3000 | Factura duplicada
14253,1,in_invoice,S/FRA/2023/0700,INV-DE-396694085-2022-507,not_sent,3000 | Factura duplicada
14318,1,in_invoice,S/FRA/2023/0699,INV-ES-400346245-2022-557,not_sent,3000 | Factura duplicada
14190,1,in_invoice,S/FRA/2023/0698,INV-ES-100046381-2022-421,not_sent,3000 | Factura duplicada
14209,1,in_invoice,S/FRA/2023/0697,INV-PL-100046381-2022-8,not_sent,3000 | Factura duplicada
14316,1,in_invoice,S/FRA/2023/0696,INV-ES-141502961-2021-244,not_sent,3000 | Factura duplicada
14269,1,in_invoice,S/FRA/2023/0695,INV-ES-141502961-2021-238,not_sent,3000 | Factura duplicada
14243,1,in_invoice,S/FRA/2023/0694,INV-ES-496348575-2022-3891,not_sent,3000 | Factura duplicada
14196,1,in_invoice,S/FRA/2023/0693,FR21TEBJ8AEUI,not_sent,3000 | Factura duplicada
14210,1,in_invoice,S/FRA/2023/0692,INV-FR-1553285465-2022-6,not_sent,3000 | Factura duplicada
14192,1,in_invoice,S/FRA/2023/0691,INV-ES-169291761-2022-68,not_sent,3000 | Factura duplicada
14187,1,in_invoice,S/FRA/2023/0690,INV-ES-142999071-2023-2072,not_sent,3000 | Factura duplicada
14254,1,in_invoice,S/FRA/2023/0689,INV-DE-786379855-2022-262,not_sent,3000 | Factura duplicada
14239,1,in_invoice,S/FRA/2023/0688,INV-ES-1154066865-2022-23,not_sent,3000 | Factura duplicada
14295,1,in_invoice,S/FRA/2023/0687,INV-ES-132325241-2021-1586,not_sent,3000 | Factura duplicada
14296,1,in_invoice,S/FRA/2023/0686,INV-ES-132325241-2021-216,not_sent,3000 | Factura duplicada
14286,1,in_invoice,S/FRA/2023/0685,INV-ES-132325241-2021-4952,not_sent,3000 | Factura duplicada
14300,1,in_invoice,S/FRA/2023/0684,INV-IT-144348211-2021-5891,not_sent,3000 | Factura duplicada
14335,1,in_invoice,S/FRA/2023/0683,A10018101540-0723,not_sent,3000 | Factura duplicada
14337,1,in_invoice,S/FRA/2023/0682,A10018110851-0823,not_sent,3000 | Factura duplicada
14332,1,in_invoice,S/FRA/2023/0681,A10018064003-0723,not_sent,3000 | Factura duplicada
14344,1,in_invoice,S/FRA/2023/0680,A10018292469-1023,not_sent,3000 | Factura duplicada
14343,1,in_invoice,S/FRA/2023/0679,312-KF23-12532,not_sent,3000 | Factura duplicada
14342,1,in_invoice,S/FRA/2023/0678,312-KF23-11152,not_sent,3000 | Factura duplicada
14340,1,in_invoice,S/FRA/2023/0677,A10018215567-0923,not_sent,3000 | Factura duplicada
14338,1,in_invoice,S/FRA/2023/0676,A10018177076-0823,not_sent,3000 | Factura duplicada
14334,1,in_invoice,S/FRA/2023/0675,312-KF23-8490,not_sent,3000 | Factura duplicada
14336,1,in_invoice,S/FRA/2023/0674,312-KF23-9831,not_sent,3000 | Factura duplicada
14345,1,in_invoice,S/FRA/2023/0673,A10018331078-1023,not_sent,3000 | Factura duplicada
14341,1,in_invoice,S/FRA/2023/0672,A10018254454-0923,not_sent,3000 | Factura duplicada
14162,1,in_invoice,S/FRA/2023/0671,38/2023,not_sent,3000 | Factura duplicada
14144,1,in_invoice,S/FRA/2023/0670,A000032485,not_sent,3000 | Factura duplicada
14173,1,in_invoice,S/FRA/2023/0669,95-21 686,not_sent,3000 | Factura duplicada
14168,1,in_invoice,S/FRA/2023/0668,95-211053,not_sent,3000 | Factura duplicada
14169,1,in_invoice,S/FRA/2023/0667,95-211244,not_sent,3000 | Factura duplicada
14177,1,in_invoice,S/FRA/2023/0666,30/23,not_sent,3000 | Factura duplicada
14179,1,in_invoice,S/FRA/2023/0665,53,not_sent,3000 | Factura duplicada
14101,1,in_invoice,S/FRA/2023/0664,1180184138,not_sent,3000 | Factura duplicada
14182,1,in_invoice,S/FRA/2023/0663,9553,not_sent,3000 | Factura duplicada
14181,1,in_invoice,S/FRA/2023/0662,1808,not_sent,3000 | Factura duplicada
14195,1,in_invoice,S/FRA/2023/0661,5,not_sent,3000 | Factura duplicada
14180,1,in_invoice,S/FRA/2023/0660,2023/003,not_sent,3000 | Factura duplicada
14127,1,in_invoice,S/FRA/2023/0659,34/2023,not_sent,3000 | Factura duplicada
14140,1,in_invoice,S/FRA/2023/0658,0151-2023,not_sent,3000 | Factura duplicada
14188,1,in_invoice,S/FRA/2023/0657,7/2023,not_sent,3000 | Factura duplicada
14102,1,in_invoice,S/FRA/2023/0656,5-2023,sent,"{
    'CSV': '29W2NPSSPM7CAMQF',
    'DatosPresentacion': {
        'NIFPresentador': 'B74125311',
        'TimestampPre"
14176,1,in_invoice,S/FRA/2023/0655,09423006673,sent,"{
    'CSV': 'RN8H8Z4MCJAXFKWM',
    'DatosPresentacion': {
        'NIFPresentador': 'B74125311',
        'TimestampPre"
14103,1,in_invoice,S/FRA/2023/0654,D23 411,sent,"{
    'CSV': 'CFZVBPS8WKBPHXHT',
    'DatosPresentacion': {
        'NIFPresentador': 'B74125311',
        'TimestampPre"
14128,1,in_invoice,S/FRA/2023/0653,143/2023,sent,"{
    'CSV': 'UY7NWV3MZHSXLJ6L',
    'DatosPresentacion': {
        'NIFPresentador': 'B74125311',
        'TimestampPre"
14132,1,in_invoice,S/FRA/2023/0652,140/2023,sent,"{
    'CSV': 'Z8TPVPTDKLKDXD6D',
    'DatosPresentacion': {
        'NIFPresentador': 'B74125311',
        'TimestampPre"
14129,1,in_invoice,S/FRA/2023/0651,138/2023,sent,"{
    'CSV': '4X3PCGEJ3M9C9ZDP',
    'DatosPresentacion': {
        'NIFPresentador': 'B74125311',
        'TimestampPre"
14131,1,in_invoice,S/FRA/2023/0650,139/2023,sent,"{
    'CSV': 'KCM9JL7K2KW6JKUV',
    'DatosPresentacion': {
        'NIFPresentador': 'B74125311',
        'TimestampPre"
14133,1,in_invoice,S/FRA/2023/0649,141/2023,sent,"{
    'CSV': '2WCVPZ9A98VFV27S',
    'DatosPresentacion': {
        'NIFPresentador': 'B74125311',
        'TimestampPre"
14175,1,in_invoice,S/FRA/2023/0648,188,sent_modified,"{
    'CSV': '2KF4KEY8FXN77X73',
    'DatosPresentacion': {
        'NIFPresentador': 'B74125311',
        'TimestampPre"
14107,1,in_invoice,S/FRA/2023/0647,08/2023,sent,"{
    'CSV': 'FWXEM48QTYQC4YB7',
    'DatosPresentacion': {
        'NIFPresentador': 'B74125311',
        'TimestampPre"
14105,1,in_invoice,S/FRA/2023/0646,06/2023,sent,"{
    'CSV': 'USEN9HNJRFYT94KS',
    'DatosPresentacion': {
        'NIFPresentador': 'B74125311',
        'TimestampPre"
14247,1,in_invoice,S/FRA/2023/0645,PL2541YKAEUI,sent,"{
    'CSV': 'P95CCMAK7LPDRAFK',
    'DatosPresentacion': {
        'NIFPresentador': 'B74125311',
        'TimestampPre"
14189,1,in_invoice,S/FRA/2023/0644,PL23O2C2AEUI,sent,"{
    'CSV': 'WVEW72QUMCSE2FAK',
    'DatosPresentacion': {
        'NIFPresentador': 'B74125311',
        'TimestampPre"
14120,1,in_invoice,S/FRA/2023/0643,ES315HZABEY,sent,"{
    'CSV': 'TXQPD697JQ7WSB54',
    'DatosPresentacion': {
        'NIFPresentador': 'B74125311',
        'TimestampPre"
14111,1,in_invoice,S/FRA/2023/0642,ES31LXNABEY,sent,"{
    'CSV': '9FC4JGXRTDTTTF7A',
    'DatosPresentacion': {
        'NIFPresentador': 'B74125311',
        'TimestampPre"
14290,1,in_invoice,S/FRA/2023/0641,CZ19KC8AEUI,sent,"{
    'CSV': 'HCE6GNNMZNCXPB3A',
    'DatosPresentacion': {
        'NIFPresentador': 'B74125311',
        'TimestampPre"
14110,1,in_invoice,S/FRA/2023/0640,ES31GWKABEY,sent_modified,"{
    'CSV': 'QLZ65EUD682C8MR3',
    'DatosPresentacion': {
        'NIFPresentador': 'B74125311',
        'TimestampPre"
14134,1,in_invoice,S/FRA/2023/0639,ES32ETDABEI,sent_modified,"{
    'CSV': 'G8P495QW9G3MTXJ6',
    'DatosPresentacion': {
        'NIFPresentador': 'B74125311',
        'TimestampPre"
14115,1,in_invoice,S/FRA/2023/0638,ES318D8ABEY,sent,"{
    'CSV': '6W2BHHVQA9EEUVQG',
    'DatosPresentacion': {
        'NIFPresentador': 'B74125311',
        'TimestampPre"
14119,1,in_invoice,S/FRA/2023/0637,ES31CFXABEY,sent_modified,"{
    'CSV': 'NRSUP6P78KDWSG35',
    'DatosPresentacion': {
        'NIFPresentador': 'B74125311',
        'TimestampPre"
14116,1,in_invoice,S/FRA/2023/0636,ES31CQ6ABEY,sent_modified,"{
    'CSV': 'SNV8PREVTWGMNHD2',
    'DatosPresentacion': {
        'NIFPresentador': 'B74125311',
        'TimestampPre"
14121,1,in_invoice,S/FRA/2023/0635,ES3TCGABEY,sent,"{
    'CSV': 'V9S9HDH3DUSK9MM7',
    'DatosPresentacion': {
        'NIFPresentador': 'B74125311',
        'TimestampPre"
14114,1,in_invoice,S/FRA/2023/0634,ES31BOUABEY,sent_modified,"{
    'CSV': '7DQWCEKYG3LDDQL2',
    'DatosPresentacion': {
        'NIFPresentador': 'B74125311',
        'TimestampPre"
14112,1,in_invoice,S/FRA/2023/0633,ES31K9MABEY,sent,"{
    'CSV': 'FW5DSHAMQHADS7JY',
    'DatosPresentacion': {
        'NIFPresentador': 'B74125311',
        'TimestampPre"
14130,1,in_invoice,S/FRA/2023/0632,ES32EYXABEI,sent,"{
    'CSV': 'UCUVKNYBYGNS5CK7',
    'DatosPresentacion': {
        'NIFPresentador': 'B74125311',
        'TimestampPre"
14123,1,in_invoice,S/FRA/2023/0631,ES3JVHABEY,sent,"{
    'CSV': '74SQA2FNV24WW7EU',
    'DatosPresentacion': {
        'NIFPresentador': 'B74125311',
        'TimestampPre"
14113,1,in_invoice,S/FRA/2023/0630,ES31EQQABEY,sent,"{
    'CSV': 'B7ZQRR9WCZWQNVLA',
    'DatosPresentacion': {
        'NIFPresentador': 'B74125311',
        'TimestampPre"
14118,1,in_invoice,S/FRA/2023/0629,ES31DPQABEY,sent_modified,"{
    'CSV': 'M9FNK6LSZB2PNF8P',
    'DatosPresentacion': {
        'NIFPresentador': 'B74125311',
        'TimestampPre"
14211,1,in_invoice,S/FRA/2023/0628,ES31SYTABEY,sent,"{
    'CSV': 'PS8K64RW6EL4SG9X',
    'DatosPresentacion': {
        'NIFPresentador': 'B74125311',
        'TimestampPre"
14067,1,in_invoice,S/FRA/2023/0627,ES31ROLABEY,sent,"{
    'CSV': '4D29TP799Y7RT544',
    'DatosPresentacion': {
        'NIFPresentador': 'B74125311',
        'TimestampPre"
14117,1,in_invoice,S/FRA/2023/0626,ES31CZJABEY,sent,"{
    'CSV': '5D6GPCW39LWPCVSA',
    'DatosPresentacion': {
        'NIFPresentador': 'B74125311',
        'TimestampPre"
14301,1,in_invoice,S/FRA/2023/0625,AEU-INV-IT-2021-1563904,sent,"{
    'CSV': 'UP86LPYV8VGHSSN4',
    'DatosPresentacion': {
        'NIFPresentador': 'B74125311',
        'TimestampPre"
14292,1,in_invoice,S/FRA/2023/0624,ES1JZLIAEUI,sent,"{
    'CSV': '2VZF98GLFF9LG5N6',
    'DatosPresentacion': {
        'NIFPresentador': 'B74125311',
        'TimestampPre"
14197,1,in_invoice,S/FRA/2023/0623,ES231YBFAEUI,sent,"{
    'CSV': 'UNDB6FG6YMMPE259',
    'DatosPresentacion': {
        'NIFPresentador': 'B74125311',
        'TimestampPre"
14208,1,in_invoice,S/FRA/2023/0622,ES2BUCFAEUI,sent_modified,"{
    'CSV': 'PNV5BBEN64FKYNKJ',
    'DatosPresentacion': {
        'NIFPresentador': 'B74125311',
        'TimestampPre"
14240,1,in_invoice,S/FRA/2023/0621,ES274GYAEUI,sent_modified,"{
    'CSV': 'P9CV775JG7N26VUE',
    'DatosPresentacion': {
        'NIFPresentador': 'B74125311',
        'TimestampPre"
14138,1,in_invoice,S/FRA/2023/0620,ES3BY7UAEUI,sent,"{
    'CSV': 'RDM3GRMM5JBZ3NZ7',
    'DatosPresentacion': {
        'NIFPresentador': 'B74125311',
        'TimestampPre"
14141,1,in_invoice,S/FRA/2023/0619,ES21W8JXAEUI,sent,"{
    'CSV': '7NKEQQK7VQ7QK5VY',
    'DatosPresentacion': {
        'NIFPresentador': 'B74125311',
        'TimestampPre"
14317,1,in_invoice,S/FRA/2023/0618,ES110JFNAEUI,sent,"{
    'CSV': 'TULBJSXHJ9Q8FMWZ',
    'DatosPresentacion': {
        'NIFPresentador': 'B74125311',
        'TimestampPre"
14291,1,in_invoice,S/FRA/2023/0617,ES1JXY1AEUI,sent_modified,"{
    'CSV': 'WZNCJY4C4KY55R69',
    'DatosPresentacion': {
        'NIFPresentador': 'B74125311',
        'TimestampPre"
14199,1,in_invoice,S/FRA/2023/0616,ES231ZOZAEUI,sent,"{
    'CSV': 'UCSTS6FQJSK4J6V8',
    'DatosPresentacion': {
        'NIFPresentador': 'B74125311',
        'TimestampPre"
14150,1,in_invoice,S/FRA/2023/0615,ES23DZ3FAEUI,sent,"{
    'CSV': 'T49M7Q3TP8XLXXUF',
    'DatosPresentacion': {
        'NIFPresentador': 'B74125311',
        'TimestampPre"
14244,1,in_invoice,S/FRA/2023/0614,ES22WBDDAEU,sent,"{
    'CSV': 'ZCN7SF5KUABX5457',
    'DatosPresentacion': {
        'NIFPresentador': 'B74125311',
        'TimestampPre"
14282,1,in_invoice,S/FRA/2023/0613,ES1I0LDAEUI,sent_modified,"{
    'CSV': 'FBRVYPRZ25KEGRLB',
    'DatosPresentacion': {
        'NIFPresentador': 'B74125311',
        'TimestampPre"
14143,1,in_invoice,S/FRA/2023/0612,ES224C0HAEUI,sent,"{
    'CSV': '5E7MNT3A4NWN4L3N',
    'DatosPresentacion': {
        'NIFPresentador': 'B74125311',
        'TimestampPre"
14241,1,in_invoice,S/FRA/2023/0611,ES2CQKEAEUI,sent,"{
    'CSV': 'DAC4H88GEVM5MHJZ',
    'DatosPresentacion': {
        'NIFPresentador': 'B74125311',
        'TimestampPre"
14122,1,in_invoice,S/FRA/2023/0610,ES3ZU7EAEUI,sent,"{
    'CSV': '5F4SSB9AA6E65Y8Z',
    'DatosPresentacion': {
        'NIFPresentador': 'B74125311',
        'TimestampPre"
14149,1,in_invoice,S/FRA/2023/0609,ES22HS5KAEUI,sent,"{
    'CSV': 'FGKADGHEM5QTQVQF',
    'DatosPresentacion': {
        'NIFPresentador': 'B74125311',
        'TimestampPre"
14289,1,in_invoice,S/FRA/2023/0608,ES1PWMJAEUI,sent,"{
    'CSV': '74DA325XGG2GQJU9',
    'DatosPresentacion': {
        'NIFPresentador': 'B74125311',
        'TimestampPre"
14137,1,in_invoice,S/FRA/2023/0607,ES3AAGNAEUI,sent,"{
    'CSV': 'VNLBX9GEZU6HVVBC',
    'DatosPresentacion': {
        'NIFPresentador': 'B74125311',
        'TimestampPre"
14293,1,in_invoice,S/FRA/2023/0606,ES1L7ICAEUI,sent,"{
    'CSV': 'WK6LMRTLKS3XJK78',
    'DatosPresentacion': {
        'NIFPresentador': 'B74125311',
        'TimestampPre"
14142,1,in_invoice,S/FRA/2023/0605,ES224DDBAEUI,sent,"{
    'CSV': 'SQBSYYSA6FDXDY78',
    'DatosPresentacion': {
        'NIFPresentador': 'B74125311',
        'TimestampPre"
14148,1,in_invoice,S/FRA/2023/0604,ES22HSI5AEUI,sent,"{
    'CSV': '4HMLKYR2PRXHZV37',
    'DatosPresentacion': {
        'NIFPresentador': 'B74125311',
        'TimestampPre"
14212,1,in_invoice,S/FRA/2023/0603,ES2268KGAEUI,sent_modified,"{
    'CSV': 'U99QG8HFR8SJLXQ2',
    'DatosPresentacion': {
        'NIFPresentador': 'B74125311',
        'TimestampPre"
14238,1,in_invoice,S/FRA/2023/0602,ES2HN11AEUI,sent_modified,"{
    'CSV': 'YU2YAT88B2ASSYFC',
    'DatosPresentacion': {
        'NIFPresentador': 'B74125311',
        'TimestampPre"
14146,1,in_invoice,S/FRA/2023/0601,ES23D9F4AEUI,sent_modified,"{
    'CSV': 'SGXBZSZ2K4YPKQ9T',
    'DatosPresentacion': {
        'NIFPresentador': 'B74125311',
        'TimestampPre"
14266,1,in_invoice,S/FRA/2023/0600,ES1AISKAEUI,sent,"{
    'CSV': '8M6TULVZZW727KWJ',
    'DatosPresentacion': {
        'NIFPresentador': 'B74125311',
        'TimestampPre"
14313,1,in_invoice,S/FRA/2023/0599,ES1108ZCAEUI,sent_modified,"{
    'CSV': 'ZH35BKBL73TXPQ4D',
    'DatosPresentacion': {
        'NIFPresentador': 'B74125311',
        'TimestampPre"
14294,1,in_invoice,S/FRA/2023/0598,ES1AID4AEUI,sent,"{
    'CSV': 'N9NBE949XHMJATEU',
    'DatosPresentacion': {
        'NIFPresentador': 'B74125311',
        'TimestampPre"
14147,1,in_invoice,S/FRA/2023/0597,ES23MX8UAEUI,sent,"{
    'CSV': 'F5387535KYY9HEKR',
    'DatosPresentacion': {
        'NIFPresentador': 'B74125311',
        'TimestampPre"
14319,1,in_invoice,S/FRA/2023/0596,ES119WYZAEUI,sent,"{
    'CSV': 'MK6FDM6YGXE9JXMB',
    'DatosPresentacion': {
        'NIFPresentador': 'B74125311',
        'TimestampPre"
14145,1,in_invoice,S/FRA/2023/0595,DE245EROAAEUI,sent,"{
    'CSV': 'AMUTUN4A3AAEHQC9',
    'DatosPresentacion': {
        'NIFPresentador': 'B74125311',
        'TimestampPre"
14198,1,in_invoice,S/FRA/2023/0594,23/529,sent,"{
    'CSV': 'YAJ52EPUY6BKW3NL',
    'DatosPresentacion': {
        'NIFPresentador': 'B74125311',
        'TimestampPre"
14220,1,in_invoice,S/FRA/2023/0593,OO2023-03,sent,"{
    'CSV': 'FJD458P5XE6JQ4WA',
    'DatosPresentacion': {
        'NIFPresentador': 'B74125311',
        'TimestampPre"
14329,1,in_invoice,S/FRA/2023/0592,AF/1896/01,sent,"{
    'CSV': '82699GK66DB4CWZQ',
    'DatosPresentacion': {
        'NIFPresentador': 'B74125311',
        'TimestampPre"
14327,1,in_invoice,S/FRA/2023/0591,AF/1895/01,sent,"{
    'CSV': 'L3TT5V3C5KWPTXAJ',
    'DatosPresentacion': {
        'NIFPresentador': 'B74125311',
        'TimestampPre"
14326,1,in_invoice,S/FRA/2023/0590,AF/1894/01,sent,"{
    'CSV': 'S6JYCNPJ2HY83TDM',
    'DatosPresentacion': {
        'NIFPresentador': 'B74125311',
        'TimestampPre"
14324,1,in_invoice,S/FRA/2023/0589,AF/1892/01,sent,"{
    'CSV': 'FTRCZ8QTHK2Z3MXV',
    'DatosPresentacion': {
        'NIFPresentador': 'B74125311',
        'TimestampPre"
14136,1,in_invoice,S/FRA/2023/0588,ES3342WAEUI,sent,"{
    'CSV': '5Y8FM8J43377D9SL',
    'DatosPresentacion': {
        'NIFPresentador': 'B74125311',
        'TimestampPre"
13779,1,in_invoice,S/FRA/2023/0579,141-23,sent,"{
    'CSV': '7T6CQKKG3TH5PBBH',
    'DatosPresentacion': {
        'NIFPresentador': 'B74125311',
        'TimestampPre"
13920,1,in_invoice,S/FRA/2023/0576,4TM00120333,sent,"{
    'CSV': 'SNF47Q2UGR9GHSA4',
    'DatosPresentacion': {
        'NIFPresentador': 'B74125311',
        'TimestampPre"
13950,1,in_invoice,S/FRA/2023/0574,145-2023,sent,"{
    'CSV': 'WFNBZRNHVWW8W5UH',
    'DatosPresentacion': {
        'NIFPresentador': 'B74125311',
        'TimestampPre"
14002,1,in_invoice,S/FRA/2023/0573,118/2023,sent,"{
    'CSV': '9TP72Q3P5YLP8CUH',
    'DatosPresentacion': {
        'NIFPresentador': 'B74125311',
        'TimestampPre"
14017,1,in_invoice,S/FRA/2023/0570,VF23-10-0098,sent,"{
    'CSV': 'ZBGE6ZVGYJ7FH7DU',
    'DatosPresentacion': {
        'NIFPresentador': 'B74125311',
        'TimestampPre"
14004,1,in_invoice,S/FRA/2023/0567,A-1270,sent,"{
    'CSV': 'RMDYRYA2J82W5HCV',
    'DatosPresentacion': {
        'NIFPresentador': 'B74125311',
        'TimestampPre"
14011,1,in_invoice,S/FRA/2023/0559,03/2023/10,sent,"{
    'CSV': 'LCDFHMUENLJKATMP',
    'DatosPresentacion': {
        'NIFPresentador': 'B74125311',
        'TimestampPre"
13985,1,in_invoice,S/FRA/2023/0557,09413600061,sent,"{
    'CSV': 'SMUNVTP3KSMNDQS2',
    'DatosPresentacion': {
        'NIFPresentador': 'B74125311',
        'TimestampPre"
14068,1,in_invoice,S/FRA/2023/0555,F121-2023,sent,"{
    'CSV': 'DMEM6R3KY3KFLKGM',
    'DatosPresentacion': {
        'NIFPresentador': 'B74125311',
        'TimestampPre"
13838,1,in_invoice,S/FRA/2023/0545,0002/2023,sent,"{
    'CSV': 'UMKV6AL2TD87QC77',
    'DatosPresentacion': {
        'NIFPresentador': 'B74125311',
        'TimestampPre"
14073,1,in_invoice,S/FRA/2023/0587,OO/2023/010,sent,"{
    'CSV': 'PE2TX7GSREMQRUXJ',
    'DatosPresentacion': {
        'NIFPresentador': 'B74125311',
        'TimestampPre"
14072,1,in_invoice,S/FRA/2023/0586,OO/2023/009,sent,"{
    'CSV': 'PCK9JDEFPTNER795',
    'DatosPresentacion': {
        'NIFPresentador': 'B74125311',
        'TimestampPre"
14071,1,in_invoice,S/FRA/2023/0585,OO/2023/008,sent,"{
    'CSV': 'LQXE232G9ARXAY7L',
    'DatosPresentacion': {
        'NIFPresentador': 'B74125311',
        'TimestampPre"
13765,1,in_invoice,S/FRA/2023/0584,000D003310,sent,"{
    'CSV': '5MM2C345HD5G2WVJ',
    'DatosPresentacion': {
        'NIFPresentador': 'B74125311',
        'TimestampPre"
13766,1,in_invoice,S/FRA/2023/0583,000D003302,sent,"{
    'CSV': 'KS2Z5WVEVX7C2MTA',
    'DatosPresentacion': {
        'NIFPresentador': 'B74125311',
        'TimestampPre"
13762,1,in_invoice,S/FRA/2023/0582,000G003993,sent,"{
    'CSV': '9DX4BNBFQRD5GATL',
    'DatosPresentacion': {
        'NIFPresentador': 'B74125311',
        'TimestampPre"
13764,1,in_invoice,S/FRA/2023/0581,000G003985,sent,"{
    'CSV': '9NJLPZNT4N2XN9YG',
    'DatosPresentacion': {
        'NIFPresentador': 'B74125311',
        'TimestampPre"
13763,1,in_invoice,S/FRA/2023/0580,000G003986,sent,"{
    'CSV': 'XCPRCASWPNZ93QF5',
    'DatosPresentacion': {
        'NIFPresentador': 'B74125311',
        'TimestampPre"
13685,1,in_invoice,S/FRA/2023/0578,F686321,sent,"{
    'CSV': 'NM24EFHPXWXZ73WN',
    'DatosPresentacion': {
        'NIFPresentador': 'B74125311',
        'TimestampPre"
14009,1,in_invoice,S/FRA/2023/0577,3.921/F,sent,"{
    'CSV': 'NWCAZLUSWD66ZQT6',
    'DatosPresentacion': {
        'NIFPresentador': 'B74125311',
        'TimestampPre"
13949,1,in_invoice,S/FRA/2023/0575,2023-265,sent,"{
    'CSV': 'HKVXRFEQV95839SA',
    'DatosPresentacion': {
        'NIFPresentador': 'B74125311',
        'TimestampPre"
14005,1,in_invoice,S/FRA/2023/0572,FO3/1793,sent,"{
    'CSV': '3UVVHL2MQC6KSGV6',
    'DatosPresentacion': {
        'NIFPresentador': 'B74125311',
        'TimestampPre"
14033,1,in_invoice,S/FRA/2023/0571,23-0057,sent,"{
    'CSV': 'A8NK45KDQHJJ5WTF',
    'DatosPresentacion': {
        'NIFPresentador': 'B74125311',
        'TimestampPre"
14013,1,in_invoice,S/FRA/2023/0569,1168-2023,sent,"{
    'CSV': 'DFWXQ3UTEM45EBHN',
    'DatosPresentacion': {
        'NIFPresentador': 'B74125311',
        'TimestampPre"
14012,1,in_invoice,S/FRA/2023/0568,A2306576,sent,"{
    'CSV': 'D43XWK5PLKD2N9D9',
    'DatosPresentacion': {
        'NIFPresentador': 'B74125311',
        'TimestampPre"
13772,1,in_invoice,S/FRA/2023/0566,CF/0000046964-2023,sent,"{
    'CSV': '6JZDSRMHFFDTVKW2',
    'DatosPresentacion': {
        'NIFPresentador': 'B74125311',
        'TimestampPre"
13777,1,in_invoice,S/FRA/2023/0565,CF/0000061239-2022,sent,"{
    'CSV': 'V99URA8LU6R3JB2K',
    'DatosPresentacion': {
        'NIFPresentador': 'B74125311',
        'TimestampPre"
13778,1,in_invoice,S/FRA/2023/0564,CF/0000051733-2023,sent,"{
    'CSV': 'F4GDD67HBTSMH7TB',
    'DatosPresentacion': {
        'NIFPresentador': 'B74125311',
        'TimestampPre"
14030,1,in_invoice,S/FRA/2023/0563,CF/0000077842-2020,sent,"{
    'CSV': 'YH3P2X55WSNRN45H',
    'DatosPresentacion': {
        'NIFPresentador': 'B74125311',
        'TimestampPre"
13774,1,in_invoice,S/FRA/2023/0562,23/551,sent,"{
    'CSV': 'BCCD3LSD72Y3VYK6',
    'DatosPresentacion': {
        'NIFPresentador': 'B74125311',
        'TimestampPre"
13773,1,in_invoice,S/FRA/2023/0561,23/550,sent,"{
    'CSV': '5889V847KWFTX279',
    'DatosPresentacion': {
        'NIFPresentador': 'B74125311',
        'TimestampPre"
13775,1,in_invoice,S/FRA/2023/0560,23/549,sent,"{
    'CSV': '9V4GYEKUJTQFC5SS',
    'DatosPresentacion': {
        'NIFPresentador': 'B74125311',
        'TimestampPre"
14010,1,in_invoice,S/FRA/2023/0558,FA 232208,sent,"{
    'CSV': 'B75UAK75BPPSCHRW',
    'DatosPresentacion': {
        'NIFPresentador': 'B74125311',
        'TimestampPre"
13767,1,in_invoice,S/FRA/2023/0556,FRO20231812377,sent,"{
    'CSV': 'VWAPFV72ZLG4R4T8',
    'DatosPresentacion': {
        'NIFPresentador': 'B74125311',
        'TimestampPre"
13528,1,in_invoice,S/FRA/2023/0554,67/23,sent_modified,"{
    'CSV': 'W2BRM6KE2XQUR9FJ',
    'DatosPresentacion': {
        'NIFPresentador': 'B74125311',
        'TimestampPre"
13527,1,in_invoice,S/FRA/2023/0553,66/23,sent,"{
    'CSV': '8YZXUSTSBGKRU9U2',
    'DatosPresentacion': {
        'NIFPresentador': 'B74125311',
        'TimestampPre"
14007,1,in_invoice,S/FRA/2023/0552,FM23-2183,sent,"{
    'CSV': 'BEKXHZKKJG4M3XVG',
    'DatosPresentacion': {
        'NIFPresentador': 'B74125311',
        'TimestampPre"
14006,1,in_invoice,S/FRA/2023/0551,FM23-2101,sent,"{
    'CSV': 'YNPHYDBDRJK5SLUQ',
    'DatosPresentacion': {
        'NIFPresentador': 'B74125311',
        'TimestampPre"
14003,1,in_invoice,S/FRA/2023/0550,18742301P0228708,sent,"{
    'CSV': '5EMN7BAH84DWJ7V4',
    'DatosPresentacion': {
        'NIFPresentador': 'B74125311',
        'TimestampPre"
14015,1,in_invoice,S/FRA/2023/0549,000226,sent,"{
    'CSV': 'C92V545Z6AFPNWRL',
    'DatosPresentacion': {
        'NIFPresentador': 'B74125311',
        'TimestampPre"
14014,1,in_invoice,S/FRA/2023/0548,000225,sent,"{
    'CSV': 'TXURAPDZV7386SB5',
    'DatosPresentacion': {
        'NIFPresentador': 'B74125311',
        'TimestampPre"
13968,1,in_invoice,S/FRA/2023/0547,2196134,sent_modified,"{
    'CSV': 'PDZQMHBUHAZ6ZFJL',
    'DatosPresentacion': {
        'NIFPresentador': 'B74125311',
        'TimestampPre"
14066,1,in_invoice,S/FRA/2023/0546,23013265,sent_modified,"{
    'CSV': 'LKZHHHQ8GF83CW5Y',
    'DatosPresentacion': {
        'NIFPresentador': 'B74125311',
        'TimestampPre"
13750,1,in_invoice,S/FRA/2023/0544,02/2023,sent,"{
    'CSV': 'TS63LD6YWKKTXQ6A',
    'DatosPresentacion': {
        'NIFPresentador': 'B74125311',
        'TimestampPre"
13776,1,in_invoice,S/FRA/2023/0543,RD/001/23,sent,"{
    'CSV': 'CEU73HKJG98E3W4G',
    'DatosPresentacion': {
        'NIFPresentador': 'B74125311',
        'TimestampPre"
13731,1,in_invoice,S/FRA/2023/0542,F23-003,sent,"{
    'CSV': '7TH6JYUUWRM8RSXK',
    'DatosPresentacion': {
        'NIFPresentador': 'B74125311',
        'TimestampPre"
13869,1,in_invoice,S/FRA/2023/0541,1/2023,sent,"{
    'CSV': 'E2RYGRPXQ5LCMWHY',
    'DatosPresentacion': {
        'NIFPresentador': 'B74125311',
        'TimestampPre"
13837,1,in_invoice,S/FRA/2023/0540,2022P0000631,sent,"{
    'CSV': 'QH3AS5EZ2NSV6RRD',
    'DatosPresentacion': {
        'NIFPresentador': 'B74125311',
        'TimestampPre"
13811,1,in_invoice,S/FRA/2023/0539,2023/1,sent,"{
    'CSV': 'YGTMQJP3ZZY4Z57F',
    'DatosPresentacion': {
        'NIFPresentador': 'B74125311',
        'TimestampPre"
13416,1,in_invoice,S/FRA/2023/0538,2023000830,sent,"{
    'CSV': 'WS9KYFGQVVG6PUSB',
    'DatosPresentacion': {
        'NIFPresentador': 'B74125311',
        'TimestampPre"
13204,1,in_invoice,S/FRA/2023/0537,A/FA00325,sent,"{
    'CSV': '739YJQ838S9886MR',
    'DatosPresentacion': {
        'NIFPresentador': 'B74125311',
        'TimestampPre"
13314,1,in_invoice,S/FRA/2023/0536,2023-219,sent,"{
    'CSV': 'S2ERWSKYLB4MRWLQ',
    'DatosPresentacion': {
        'NIFPresentador': 'B74125311',
        'TimestampPre"
13550,1,in_invoice,S/FRA/2023/0535,138-2023,sent_modified,"{
    'CSV': 'SJV6AELGFTT3LMFX',
    'DatosPresentacion': {
        'NIFPresentador': 'B74125311',
        'TimestampPre"
13562,1,in_invoice,S/FRA/2023/0534,66/EST,sent_modified,"{
    'CSV': 'HUHG9TVCJYH4TWPQ',
    'DatosPresentacion': {
        'NIFPresentador': 'B74125311',
        'TimestampPre"
13552,1,in_invoice,S/FRA/2023/0533,00005034,sent,"{
    'CSV': 'VCZ6F8CSSC8PFAAF',
    'DatosPresentacion': {
        'NIFPresentador': 'B74125311',
        'TimestampPre"
13346,1,in_invoice,S/FRA/2023/0532,2162124,sent_modified,"{
    'CSV': 'BBN3AVT452CGDLWM',
    'DatosPresentacion': {
        'NIFPresentador': 'B74125311',
        'TimestampPre"
13571,1,in_invoice,S/FRA/2023/0531,9/2023,sent,"{
    'CSV': 'GHYAYU6HT433UYEV',
    'DatosPresentacion': {
        'NIFPresentador': 'B74125311',
        'TimestampPre"
13572,1,in_invoice,S/FRA/2023/0530,5/2023,sent,"{
    'CSV': '22AXDJXYXPVHLBC6',
    'DatosPresentacion': {
        'NIFPresentador': 'B74125311',
        'TimestampPre"
13573,1,in_invoice,S/FRA/2023/0529,62022,sent,"{
    'CSV': '69RM84LVWSNJQ49E',
    'DatosPresentacion': {
        'NIFPresentador': 'B74125311',
        'TimestampPre"
13577,1,in_invoice,S/FRA/2023/0528,2023-0031,sent,"{
    'CSV': 'PN3MSVG5U5SW8ZMV',
    'DatosPresentacion': {
        'NIFPresentador': 'B74125311',
        'TimestampPre"
13581,1,in_invoice,S/FRA/2023/0527,440,sent,"{
    'CSV': 'LS86CGBJ42AX6N6B',
    'DatosPresentacion': {
        'NIFPresentador': 'B74125311',
        'TimestampPre"
13582,1,in_invoice,S/FRA/2023/0526,5/2023,sent,"{
    'CSV': 'UQ6S47GZHCLXLFT3',
    'DatosPresentacion': {
        'NIFPresentador': 'B74125311',
        'TimestampPre"
13583,1,in_invoice,S/FRA/2023/0525,10/2023,sent,"{
    'CSV': 'P4UTBG354PR9Z5WA',
    'DatosPresentacion': {
        'NIFPresentador': 'B74125311',
        'TimestampPre"
13205,1,in_invoice,S/FRA/2023/0524,4/2023,sent,"{
    'CSV': 'YWAWCHTLRCEABMLL',
    'DatosPresentacion': {
        'NIFPresentador': 'B74125311',
        'TimestampPre"
13227,1,in_invoice,S/FRA/2023/0523,20230258,sent,"{
    'CSV': 'HN9BTW3E6FUN3DBQ',
    'DatosPresentacion': {
        'NIFPresentador': 'B74125311',
        'TimestampPre"
13228,1,in_invoice,S/FRA/2023/0522,13/2023,sent,"{
    'CSV': 'D6QQ7C7WL8T5GD86',
    'DatosPresentacion': {
        'NIFPresentador': 'B74125311',
        'TimestampPre"
13234,1,in_invoice,S/FRA/2023/0521,23/1,sent,"{
    'CSV': 'B69YL4PVLHUWWYMD',
    'DatosPresentacion': {
        'NIFPresentador': 'B74125311',
        'TimestampPre"
13235,1,in_invoice,S/FRA/2023/0520,23/11,sent,"{
    'CSV': '65RXMPL99ALDV2N5',
    'DatosPresentacion': {
        'NIFPresentador': 'B74125311',
        'TimestampPre"
13236,1,in_invoice,S/FRA/2023/0519,23/3,sent,"{
    'CSV': '9JHXH3GNSL5RKUVK',
    'DatosPresentacion': {
        'NIFPresentador': 'B74125311',
        'TimestampPre"
13237,1,in_invoice,S/FRA/2023/0518,23/4,sent,"{
    'CSV': 'YPGWHW8VDXZXCRJP',
    'DatosPresentacion': {
        'NIFPresentador': 'B74125311',
        'TimestampPre"
13238,1,in_invoice,S/FRA/2023/0517,23/9,sent,"{
    'CSV': 'U5R2E33ELSNG5QTN',
    'DatosPresentacion': {
        'NIFPresentador': 'B74125311',
        'TimestampPre"
13239,1,in_invoice,S/FRA/2023/0516,23/10,sent,"{
    'CSV': '6M2JUJ6Q2QQ974C5',
    'DatosPresentacion': {
        'NIFPresentador': 'B74125311',
        'TimestampPre"
13240,1,in_invoice,S/FRA/2023/0515,23/13,sent,"{
    'CSV': 'JJ74YYDR3V3437KW',
    'DatosPresentacion': {
        'NIFPresentador': 'B74125311',
        'TimestampPre"
13241,1,in_invoice,S/FRA/2023/0514,169*08/23,sent,"{
    'CSV': 'C35ZB7RTMXX2HYQW',
    'DatosPresentacion': {
        'NIFPresentador': 'B74125311',
        'TimestampPre"
13242,1,in_invoice,S/FRA/2023/0513,23-0042,sent,"{
    'CSV': '7EKH2SE86MD45Q8H',
    'DatosPresentacion': {
        'NIFPresentador': 'B74125311',
        'TimestampPre"
13312,1,in_invoice,S/FRA/2023/0512,23/451,sent,"{
    'CSV': 'WZ57UZCWHUQSTP4K',
    'DatosPresentacion': {
        'NIFPresentador': 'B74125311',
        'TimestampPre"
13332,1,in_invoice,S/FRA/2023/0511,000168,sent,"{
    'CSV': 'SLYW5995FBDMFU3Q',
    'DatosPresentacion': {
        'NIFPresentador': 'B74125311',
        'TimestampPre"
13333,1,in_invoice,S/FRA/2023/0510,23011774,sent,"{
    'CSV': 'NCM2JUNQS3JUGGLH',
    'DatosPresentacion': {
        'NIFPresentador': 'B74125311',
        'TimestampPre"
13345,1,in_invoice,S/FRA/2023/0509,FRO20231630289,sent,"{
    'CSV': 'VQLPEKGL3CAAXK6D',
    'DatosPresentacion': {
        'NIFPresentador': 'B74125311',
        'TimestampPre"
13549,1,in_invoice,S/FRA/2023/0508,F683297,sent,"{
    'CSV': '3YAV94M34K9D43ZT',
    'DatosPresentacion': {
        'NIFPresentador': 'B74125311',
        'TimestampPre"
13551,1,in_invoice,S/FRA/2023/0507,D23 360,sent,"{
    'CSV': '5YGQ3RKEJYLFTF79',
    'DatosPresentacion': {
        'NIFPresentador': 'B74125311',
        'TimestampPre"
13553,1,in_invoice,S/FRA/2023/0506,F106-2023,sent,"{
    'CSV': '5DGBRAJPWTE3ENG3',
    'DatosPresentacion': {
        'NIFPresentador': 'B74125311',
        'TimestampPre"
13554,1,in_invoice,S/FRA/2023/0505,L230107425,sent,"{
    'CSV': 'CD6TP5R2ERX5DNJQ',
    'DatosPresentacion': {
        'NIFPresentador': 'B74125311',
        'TimestampPre"
13555,1,in_invoice,S/FRA/2023/0504,G230000203,sent,"{
    'CSV': '46EHU35BR6UAAZZT',
    'DatosPresentacion': {
        'NIFPresentador': 'B74125311',
        'TimestampPre"
13556,1,in_invoice,S/FRA/2023/0503,FA 231925,sent,"{
    'CSV': 'DTZTKXH88NEXSRTZ',
    'DatosPresentacion': {
        'NIFPresentador': 'B74125311',
        'TimestampPre"
13557,1,in_invoice,S/FRA/2023/0502,3536F23,sent,"{
    'CSV': 'GFUW3WHQ9QGWSLLZ',
    'DatosPresentacion': {
        'NIFPresentador': 'B74125311',
        'TimestampPre"
13558,1,in_invoice,S/FRA/2023/0501,FM23-1829,sent,"{
    'CSV': '8Z68VKF5TYWL6H2F',
    'DatosPresentacion': {
        'NIFPresentador': 'B74125311',
        'TimestampPre"
13559,1,in_invoice,S/FRA/2023/0500,FM23-1911,sent,"{
    'CSV': 'HJ3N3V8GVE2TRRSR',
    'DatosPresentacion': {
        'NIFPresentador': 'B74125311',
        'TimestampPre"
13560,1,in_invoice,S/FRA/2023/0499,3.642/F,sent,"{
    'CSV': 'GXZBKHFSSX74YBKF',
    'DatosPresentacion': {
        'NIFPresentador': 'B74125311',
        'TimestampPre"
13561,1,in_invoice,S/FRA/2023/0498,A2305851,sent,"{
    'CSV': 'J8SYZJTECGKMPP9V',
    'DatosPresentacion': {
        'NIFPresentador': 'B74125311',
        'TimestampPre"
13563,1,in_invoice,S/FRA/2023/0497,03/2023/09,sent,"{
    'CSV': 'D3RF4CBEVF7PHHW3',
    'DatosPresentacion': {
        'NIFPresentador': 'B74125311',
        'TimestampPre"
13564,1,in_invoice,S/FRA/2023/0496,23FCP00062,sent,"{
    'CSV': 'VM3DUTS9JSYMCGB2',
    'DatosPresentacion': {
        'NIFPresentador': 'B74125311',
        'TimestampPre"
13565,1,in_invoice,S/FRA/2023/0495,4TM00120009,sent,"{
    'CSV': 'KNJSXKTX6WLM4VVV',
    'DatosPresentacion': {
        'NIFPresentador': 'B74125311',
        'TimestampPre"
13566,1,in_invoice,S/FRA/2023/0494,23-0027,sent_modified,"{
    'CSV': 'X3JTEFQ5S7XK9B8J',
    'DatosPresentacion': {
        'NIFPresentador': 'B74125311',
        'TimestampPre"
13568,1,in_invoice,S/FRA/2023/0493,23-0047,sent,"{
    'CSV': '77SXFECGTR3VTE8W',
    'DatosPresentacion': {
        'NIFPresentador': 'B74125311',
        'TimestampPre"
13569,1,in_invoice,S/FRA/2023/0492,23-0048,sent,"{
    'CSV': 'YRNGV5X28YE8PC7S',
    'DatosPresentacion': {
        'NIFPresentador': 'B74125311',
        'TimestampPre"
13574,1,in_invoice,S/FRA/2023/0491,230140,sent,"{
    'CSV': '3ZFUUD636TDJX5CK',
    'DatosPresentacion': {
        'NIFPresentador': 'B74125311',
        'TimestampPre"
13575,1,in_invoice,S/FRA/2023/0490,5/2023,sent,"{
    'CSV': 'XB4RHKDWW2VG9Y2S',
    'DatosPresentacion': {
        'NIFPresentador': 'B74125311',
        'TimestampPre"
13576,1,in_invoice,S/FRA/2023/0489,A-1139,sent,"{
    'CSV': '4YULVCSLTJG9PBZ8',
    'DatosPresentacion': {
        'NIFPresentador': 'B74125311',
        'TimestampPre"
13578,1,in_invoice,S/FRA/2023/0488,VF23-09-0101,sent,"{
    'CSV': 'QWWBLM7UPDJWCMH5',
    'DatosPresentacion': {
        'NIFPresentador': 'B74125311',
        'TimestampPre"
13579,1,in_invoice,S/FRA/2023/0487,1028-2023,sent,"{
    'CSV': 'QN836MUCBUTGBCAT',
    'DatosPresentacion': {
        'NIFPresentador': 'B74125311',
        'TimestampPre"
13580,1,in_invoice,S/FRA/2023/0486,6/2023,sent,"{
    'CSV': 'ZCV6W5AQ5P4RSDRM',
    'DatosPresentacion': {
        'NIFPresentador': 'B74125311',
        'TimestampPre"
13610,1,in_invoice,S/FRA/2023/0485,A-580,sent,"{
    'CSV': '77KDVSR3QNPQQ95J',
    'DatosPresentacion': {
        'NIFPresentador': 'B74125311',
        'TimestampPre"
13611,1,in_invoice,S/FRA/2023/0484,230152,sent,"{
    'CSV': 'LM2X6MV9SWY5985M',
    'DatosPresentacion': {
        'NIFPresentador': 'B74125311',
        'TimestampPre"
13648,1,in_invoice,S/FRA/2023/0483,2023358,sent,"{
    'CSV': 'A6WY9X9VGQRYW5JX',
    'DatosPresentacion': {
        'NIFPresentador': 'B74125311',
        'TimestampPre"
13649,1,in_invoice,S/FRA/2023/0482,23-0056,sent,"{
    'CSV': 'E67GDJXF27LN8PLM',
    'DatosPresentacion': {
        'NIFPresentador': 'B74125311',
        'TimestampPre"
13650,1,in_invoice,S/FRA/2023/0481,23-0052,sent,"{
    'CSV': 'N4LRG6N7FVLPQ6K9',
    'DatosPresentacion': {
        'NIFPresentador': 'B74125311',
        'TimestampPre"
13651,1,in_invoice,S/FRA/2023/0480,23-0053,sent,"{
    'CSV': 'YXDVNY3HCJ5FDE78',
    'DatosPresentacion': {
        'NIFPresentador': 'B74125311',
        'TimestampPre"
13652,1,in_invoice,S/FRA/2023/0479,23-0055,sent,"{
    'CSV': '4274ZURERCBJQWKW',
    'DatosPresentacion': {
        'NIFPresentador': 'B74125311',
        'TimestampPre"
13653,1,in_invoice,S/FRA/2023/0478,150191,sent,"{
    'CSV': 'UL6Q9MLG9WTGE8ST',
    'DatosPresentacion': {
        'NIFPresentador': 'B74125311',
        'TimestampPre"
13659,1,in_invoice,S/FRA/2023/0477,TB-2023-F62,sent,"{
    'CSV': 'XYNZGYT3ZV9APT55',
    'DatosPresentacion': {
        'NIFPresentador': 'B74125311',
        'TimestampPre"
13660,1,in_invoice,S/FRA/2023/0476,OO2023-02,sent,"{
    'CSV': '532EK34RNRNZSENG',
    'DatosPresentacion': {
        'NIFPresentador': 'B74125311',
        'TimestampPre"
13661,1,in_invoice,S/FRA/2023/0475,2023-008,sent,"{
    'CSV': 'H3SDX2472422JQ67',
    'DatosPresentacion': {
        'NIFPresentador': 'B74125311',
        'TimestampPre"
13662,1,in_invoice,S/FRA/2023/0474,6/2023,sent,"{
    'CSV': 'EZXRK596LVXJ9QY2',
    'DatosPresentacion': {
        'NIFPresentador': 'B74125311',
        'TimestampPre"
13665,1,in_invoice,S/FRA/2023/0473,2023-150,sent,"{
    'CSV': 'WPENUTTJ565UFQ7L',
    'DatosPresentacion': {
        'NIFPresentador': 'B74125311',
        'TimestampPre"
13667,1,in_invoice,S/FRA/2023/0472,F062-2023,sent,"{
    'CSV': 'V8PSVTP77YX43EPC',
    'DatosPresentacion': {
        'NIFPresentador': 'B74125311',
        'TimestampPre"
13697,1,in_invoice,S/FRA/2023/0471,16/23,sent,"{
    'CSV': '3C6UCM9HL7P22NE8',
    'DatosPresentacion': {
        'NIFPresentador': 'B74125311',
        'TimestampPre"
13698,1,in_invoice,S/FRA/2023/0470,125/2023,sent,"{
    'CSV': 'ADBUD4HRUGZY8EXC',
    'DatosPresentacion': {
        'NIFPresentador': 'B74125311',
        'TimestampPre"
13699,1,in_invoice,S/FRA/2023/0469,126/2023,sent,"{
    'CSV': 'TFUFPYCPGV65T6YH',
    'DatosPresentacion': {
        'NIFPresentador': 'B74125311',
        'TimestampPre"
13717,1,in_invoice,S/FRA/2023/0468,5.027,sent,"{
    'CSV': 'RBAEGDB84SZU5MMM',
    'DatosPresentacion': {
        'NIFPresentador': 'B74125311',
        'TimestampPre"
13719,1,in_invoice,S/FRA/2023/0467,005/2023,sent,"{
    'CSV': 'M9TF7LK86ECB684F',
    'DatosPresentacion': {
        'NIFPresentador': 'B74125311',
        'TimestampPre"
13612,1,in_invoice,S/FRA/2023/0466,S/04-23,sent,"{
    'CSV': 'BDAXTMB8NSZ33SYC',
    'DatosPresentacion': {
        'NIFPresentador': 'B74125311',
        'TimestampPre"
13701,1,in_invoice,S/FRA/2023/0465,AF/1830/01,sent,"{
    'CSV': 'QVNH85WYLGLKSTGD',
    'DatosPresentacion': {
        'NIFPresentador': 'B74125311',
        'TimestampPre"
13700,1,in_invoice,S/FRA/2023/0464,AF/1829/01,sent,"{
    'CSV': '224SED3Z7J6PE2XF',
    'DatosPresentacion': {
        'NIFPresentador': 'B74125311',
        'TimestampPre"
12354,1,in_invoice,S/FRA/2023/0420,FQ23/044286,sent,"{
    'CSV': 'GL7K63GTJAE92YMZ',
    'DatosPresentacion': {
        'NIFPresentador': 'B74125311',
        'TimestampPre"
12367,1,in_invoice,S/FRA/2023/0463,D23 308,sent,"{
    'CSV': 'L4C5NDWG7873FGUJ',
    'DatosPresentacion': {
        'NIFPresentador': 'B74125311',
        'TimestampPre"
12368,1,in_invoice,S/FRA/2023/0462,D23 309,sent,"{
    'CSV': '54U2274QUYLS8MCA',
    'DatosPresentacion': {
        'NIFPresentador': 'B74125311',
        'TimestampPre"
12370,1,in_invoice,S/FRA/2023/0461,FV21589,sent,"{
    'CSV': 'AUXDD7LCVPHDKRGE',
    'DatosPresentacion': {
        'NIFPresentador': 'B74125311',
        'TimestampPre"
13182,1,in_invoice,S/FRA/2023/0460,FV21602,sent,"{
    'CSV': 'STJN7Y77MHJWTMA7',
    'DatosPresentacion': {
        'NIFPresentador': 'B74125311',
        'TimestampPre"
13183,1,in_invoice,S/FRA/2023/0459,FV21603,sent,"{
    'CSV': '8UKYNJC9BGJ43EZR',
    'DatosPresentacion': {
        'NIFPresentador': 'B74125311',
        'TimestampPre"
13218,1,in_invoice,S/FRA/2023/0458,2300296,sent,"{
    'CSV': '6M99U4XL449USUBM',
    'DatosPresentacion': {
        'NIFPresentador': 'B74125311',
        'TimestampPre"
12325,1,in_invoice,S/FRA/2023/0439,03/2023/08,sent,"{
    'CSV': 'DJKCGYG6XXSYFPES',
    'DatosPresentacion': {
        'NIFPresentador': 'B74125311',
        'TimestampPre"
12328,1,in_invoice,S/FRA/2023/0438,A-1036,sent,"{
    'CSV': '97HSVBF68UJ3CWLQ',
    'DatosPresentacion': {
        'NIFPresentador': 'B74125311',
        'TimestampPre"
12336,1,in_invoice,S/FRA/2023/0430,23249,sent,"{
    'CSV': '84EHMJHZ8P4G2E9W',
    'DatosPresentacion': {
        'NIFPresentador': 'B74125311',
        'TimestampPre"
12362,1,in_invoice,S/FRA/2023/0422,VF23-08-0080,sent,"{
    'CSV': 'MTGZJTEFAHCSENYP',
    'DatosPresentacion': {
        'NIFPresentador': 'B74125311',
        'TimestampPre"
12317,1,in_invoice,S/FRA/2023/0457,FV21581,not_sent,3000 | Factura duplicada
12324,1,in_invoice,S/FRA/2023/0456,FV21584,not_sent,3000 | Factura duplicada
12278,1,in_invoice,S/FRA/2023/0455,23257,not_sent,3000 | Factura duplicada
12290,1,in_invoice,S/FRA/2023/0454,M230000226,not_sent,3000 | Factura duplicada
12292,1,in_invoice,S/FRA/2023/0453,A230013025,not_sent,3000 | Factura duplicada
12293,1,in_invoice,S/FRA/2023/0452,Y230094546,not_sent,3000 | Factura duplicada
12295,1,in_invoice,S/FRA/2023/0451,J230046313,not_sent,3000 | Factura duplicada
12296,1,in_invoice,S/FRA/2023/0450,A10017910806-0523,not_sent,3000 | Factura duplicada
12297,1,in_invoice,S/FRA/2023/0449,312-KF23-5738,not_sent,3000 | Factura duplicada
12298,1,in_invoice,S/FRA/2023/0448,A10017949120-0523,not_sent,3000 | Factura duplicada
12299,1,in_invoice,S/FRA/2023/0447,A10017985755-0623,not_sent,3000 | Factura duplicada
12300,1,in_invoice,S/FRA/2023/0446,312-KF23-7149,not_sent,3000 | Factura duplicada
12301,1,in_invoice,S/FRA/2023/0445,A10018025415-0623,not_sent,3000 | Factura duplicada
12306,1,in_invoice,S/FRA/2023/0444,3584,not_sent,3000 | Factura duplicada
12319,1,in_invoice,S/FRA/2023/0443,1180179606,not_sent,3000 | Factura duplicada
12320,1,in_invoice,S/FRA/2023/0442,1574551,not_sent,3000 | Factura duplicada
12322,1,in_invoice,S/FRA/2023/0441,23010167,not_sent,3000 | Factura duplicada
12323,1,in_invoice,S/FRA/2023/0440,23/393,not_sent,3000 | Factura duplicada
12329,1,in_invoice,S/FRA/2023/0437,1TSN230700391738,not_sent,1157 | El bloque DesgloseFactura debe tener informado al menos uno
12330,1,in_invoice,S/FRA/2023/0436,000D002889,not_sent,3000 | Factura duplicada
12331,1,in_invoice,S/FRA/2023/0435,000D002890,not_sent,3000 | Factura duplicada
12332,1,in_invoice,S/FRA/2023/0434,000G003580,not_sent,3000 | Factura duplicada
12333,1,in_invoice,S/FRA/2023/0433,000D002891,not_sent,3000 | Factura duplicada
12334,1,in_invoice,S/FRA/2023/0432,FM23-1576,not_sent,3000 | Factura duplicada
12335,1,in_invoice,S/FRA/2023/0431,F23-039028,not_sent,3000 | Factura duplicada
12337,1,in_invoice,S/FRA/2023/0429,18742301P0175157,not_sent,3000 | Factura duplicada
12338,1,in_invoice,S/FRA/2023/0428,FA 231770,not_sent,3000 | Factura duplicada
12339,1,in_invoice,S/FRA/2023/0427,330001020230710000273,not_sent,3000 | Factura duplicada
12340,1,in_invoice,S/FRA/2023/0426,A2305024,not_sent,3000 | Factura duplicada
12341,1,in_invoice,S/FRA/2023/0425,A2305152,not_sent,3000 | Factura duplicada
12343,1,in_invoice,S/FRA/2023/0424,04/2023,not_sent,3000 | Factura duplicada
12344,1,in_invoice,S/FRA/2023/0423,3.147/F,not_sent,3000 | Factura duplicada
12363,1,in_invoice,S/FRA/2023/0421,2023-197,not_sent,3000 | Factura duplicada
12318,1,in_invoice,S/FRA/2023/0419,ESINV23000001220200,not_sent,3000 | Factura duplicada
12304,1,in_invoice,S/FRA/2023/0418,0/230500,not_sent,3000 | Factura duplicada
12302,1,in_invoice,S/FRA/2023/0417,114-2023,not_sent,3000 | Factura duplicada
12267,1,in_invoice,S/FRA/2023/0416,B00052930,not_sent,3000 | Factura duplicada
12313,1,in_invoice,S/FRA/2023/0415,A 20230495,not_sent,3000 | Factura duplicada
12327,1,in_invoice,S/FRA/2023/0414,139/2023,not_sent,3000 | Factura duplicada
12326,1,in_invoice,S/FRA/2023/0413,136/2023,not_sent,3000 | Factura duplicada
12265,1,in_invoice,S/FRA/2023/0405,VF23-07-0084,not_sent,3000 | Factura duplicada
12266,1,in_invoice,S/FRA/2023/0404,03/2023/07,not_sent,3000 | Factura duplicada
12269,1,in_invoice,S/FRA/2023/0403,23/234,not_sent,3000 | Factura duplicada
12271,1,in_invoice,S/FRA/2023/0401,263,sent_w_errors,2024 | El valor de ImporteTotal no coincide con el sumatorio de Bas
12280,1,in_invoice,S/FRA/2023/0397,A-898,sent,"{
    'CSV': '64TZ4JDEYZP49BL2',
    'DatosPresentacion': {
        'NIFPresentador': 'B74125311',
        'TimestampPre"
12274,1,in_invoice,S/FRA/2023/0387,22M-2023,sent,"{
    'CSV': 'DN5KRM5U3A84GWAD',
    'DatosPresentacion': {
        'NIFPresentador': 'B74125311',
        'TimestampPre"
12294,1,in_invoice,S/FRA/2023/0412,128/2023,sent,"{
    'CSV': 'LS9ND83DUDU5R6NS',
    'DatosPresentacion': {
        'NIFPresentador': 'B74125311',
        'TimestampPre"
12251,1,in_invoice,S/FRA/2023/0411,2023000514,sent,"{
    'CSV': 'X8TMMUJAC9AXHRYV',
    'DatosPresentacion': {
        'NIFPresentador': 'B74125311',
        'TimestampPre"
12268,1,in_invoice,S/FRA/2023/0410,1129,sent,"{
    'CSV': 'DFELNHRDU5TNELUM',
    'DatosPresentacion': {
        'NIFPresentador': 'B74125311',
        'TimestampPre"
12275,1,in_invoice,S/FRA/2023/0409,30/23,sent,"{
    'CSV': 'NPG5LBV4KM99UGSK',
    'DatosPresentacion': {
        'NIFPresentador': 'B74125311',
        'TimestampPre"
12255,1,in_invoice,S/FRA/2023/0408,T/1065/2023,sent,"{
    'CSV': '7ZEVKMJRYKYDRRR7',
    'DatosPresentacion': {
        'NIFPresentador': 'B74125311',
        'TimestampPre"
12256,1,in_invoice,S/FRA/2023/0407,A2303808,sent,"{
    'CSV': 'WUBX3F2RNGY6LM88',
    'DatosPresentacion': {
        'NIFPresentador': 'B74125311',
        'TimestampPre"
12258,1,in_invoice,S/FRA/2023/0406,23-0013,sent,"{
    'CSV': 'M67FMAAZF635BY36',
    'DatosPresentacion': {
        'NIFPresentador': 'B74125311',
        'TimestampPre"
12270,1,in_invoice,S/FRA/2023/0402,FA 231442,sent,"{
    'CSV': 'J7VHJS7KC3BASLXQ',
    'DatosPresentacion': {
        'NIFPresentador': 'B74125311',
        'TimestampPre"
12276,1,in_invoice,S/FRA/2023/0400,000D002683,sent,"{
    'CSV': 'KXSLQ83WFKK577E3',
    'DatosPresentacion': {
        'NIFPresentador': 'B74125311',
        'TimestampPre"
12277,1,in_invoice,S/FRA/2023/0399,000G003309,sent,"{
    'CSV': '9LGRV54VTEZVYLH3',
    'DatosPresentacion': {
        'NIFPresentador': 'B74125311',
        'TimestampPre"
12279,1,in_invoice,S/FRA/2023/0398,3/2023,sent,"{
    'CSV': 'G9J2DJ43YXE2MLUW',
    'DatosPresentacion': {
        'NIFPresentador': 'B74125311',
        'TimestampPre"
12281,1,in_invoice,S/FRA/2023/0396,23/333,sent,"{
    'CSV': 'T2FYG9VQW37BJ8BH',
    'DatosPresentacion': {
        'NIFPresentador': 'B74125311',
        'TimestampPre"
12282,1,in_invoice,S/FRA/2023/0395,23/334,sent,"{
    'CSV': '9BTELKKJCKGVD582',
    'DatosPresentacion': {
        'NIFPresentador': 'B74125311',
        'TimestampPre"
12283,1,in_invoice,S/FRA/2023/0394,23/335,sent,"{
    'CSV': 'CU72C4HYSURS7ZRQ',
    'DatosPresentacion': {
        'NIFPresentador': 'B74125311',
        'TimestampPre"
12284,1,in_invoice,S/FRA/2023/0393,23/336,sent,"{
    'CSV': '737X6HHRGWHZCTMG',
    'DatosPresentacion': {
        'NIFPresentador': 'B74125311',
        'TimestampPre"
12285,1,in_invoice,S/FRA/2023/0392,FRO20231302969,sent,"{
    'CSV': '5TFDUQSKAHLYAQK6',
    'DatosPresentacion': {
        'NIFPresentador': 'B74125311',
        'TimestampPre"
12286,1,in_invoice,S/FRA/2023/0391,A2304076,sent,"{
    'CSV': '6YCAPVHRGGF99BJH',
    'DatosPresentacion': {
        'NIFPresentador': 'B74125311',
        'TimestampPre"
12287,1,in_invoice,S/FRA/2023/0390,FM23-1313,sent,"{
    'CSV': '8GLDA2488TJW69HA',
    'DatosPresentacion': {
        'NIFPresentador': 'B74125311',
        'TimestampPre"
12288,1,in_invoice,S/FRA/2023/0389,2.571/F,sent,"{
    'CSV': '9JRZGHMN3Z4QQZTF',
    'DatosPresentacion': {
        'NIFPresentador': 'B74125311',
        'TimestampPre"
12289,1,in_invoice,S/FRA/2023/0388,2023-140,sent,"{
    'CSV': 'AHM84QFSU7CQQ3E4',
    'DatosPresentacion': {
        'NIFPresentador': 'B74125311',
        'TimestampPre"
12272,1,in_invoice,S/FRA/2023/0386,OO/2023/007,sent,"{
    'CSV': '66UV9XSXQVJR6UYT',
    'DatosPresentacion': {
        'NIFPresentador': 'B74125311',
        'TimestampPre"
12254,1,in_invoice,S/FRA/2023/0385,2370007402,sent,"{
    'CSV': 'RX4SF6VFDQ9RNTVT',
    'DatosPresentacion': {
        'NIFPresentador': 'B74125311',
        'TimestampPre"
12250,1,in_invoice,S/FRA/2023/0380,1/2023,sent,"{
    'CSV': 'GAX3A6X678UA6F2G',
    'DatosPresentacion': {
        'NIFPresentador': 'B74125311',
        'TimestampPre"
12239,1,in_invoice,S/FRA/2023/0374,10/2023,sent,"{
    'CSV': '3VUES82UNMUN4CEH',
    'DatosPresentacion': {
        'NIFPresentador': 'B74125311',
        'TimestampPre"
11687,1,in_invoice,S/FRA/2023/0366,03/2023/06,sent,"{
    'CSV': 'ABDNYNNBDKK3SF3T',
    'DatosPresentacion': {
        'NIFPresentador': 'B74125311',
        'TimestampPre"
11685,1,in_invoice,S/FRA/2023/0364,Q230039568,sent,"{
    'CSV': 'B87VM8843BBRK76M',
    'DatosPresentacion': {
        'NIFPresentador': 'B74125311',
        'TimestampPre"
11678,1,in_invoice,S/FRA/2023/0362,VF23-06-0111,sent,"{
    'CSV': 'KV47X48RGYY489ES',
    'DatosPresentacion': {
        'NIFPresentador': 'B74125311',
        'TimestampPre"
11676,1,in_invoice,S/FRA/2023/0359,A-753,sent,"{
    'CSV': 'C222GWSSA69RK9ZY',
    'DatosPresentacion': {
        'NIFPresentador': 'B74125311',
        'TimestampPre"
12253,1,in_invoice,S/FRA/2023/0384,OO/2023/006,sent,"{
    'CSV': 'LLUB4DYX2T543YY6',
    'DatosPresentacion': {
        'NIFPresentador': 'B74125311',
        'TimestampPre"
12252,1,in_invoice,S/FRA/2023/0383,112/2023,sent,"{
    'CSV': 'SU8WEUGD3LM3QTGS',
    'DatosPresentacion': {
        'NIFPresentador': 'B74125311',
        'TimestampPre"
11669,1,in_invoice,S/FRA/2023/0382,2022-00871,sent,"{
    'CSV': '9JRV5KCJFNDEPX84',
    'DatosPresentacion': {
        'NIFPresentador': 'B74125311',
        'TimestampPre"
11665,1,in_invoice,S/FRA/2023/0381,OVIE-230108,sent_modified,"{
    'CSV': 'MXGXMWQ6J2TKY2AX',
    'DatosPresentacion': {
        'NIFPresentador': 'B74125311',
        'TimestampPre"
11653,1,in_invoice,S/FRA/2023/0379,18742301P0105327,sent,"{
    'CSV': '8P4QPLQFAD989RP7',
    'DatosPresentacion': {
        'NIFPresentador': 'B74125311',
        'TimestampPre"
11660,1,in_invoice,S/FRA/2023/0378,18742301P0051570,sent,"{
    'CSV': 'M2FLHFURLPWT6HLS',
    'DatosPresentacion': {
        'NIFPresentador': 'B74125311',
        'TimestampPre"
11455,1,in_invoice,S/FRA/2023/0377,18742201P0262147,sent,"{
    'CSV': 'Q4MD5ETS99JZF8JG',
    'DatosPresentacion': {
        'NIFPresentador': 'B74125311',
        'TimestampPre"
11456,1,in_invoice,S/FRA/2023/0376,18742201P0314329,sent,"{
    'CSV': 'CAKYWKQCN6BD62PL',
    'DatosPresentacion': {
        'NIFPresentador': 'B74125311',
        'TimestampPre"
11429,1,in_invoice,S/FRA/2023/0375,18742201P0182978,sent,"{
    'CSV': 'KG6DRHPN2M7YNAZW',
    'DatosPresentacion': {
        'NIFPresentador': 'B74125311',
        'TimestampPre"
11696,1,in_invoice,S/FRA/2023/0373,23/263,sent,"{
    'CSV': 'ULQTTT7WGHLRULX4',
    'DatosPresentacion': {
        'NIFPresentador': 'B74125311',
        'TimestampPre"
11695,1,in_invoice,S/FRA/2023/0372,23/262,sent,"{
    'CSV': '99EH5YLRY965J5TK',
    'DatosPresentacion': {
        'NIFPresentador': 'B74125311',
        'TimestampPre"
11694,1,in_invoice,S/FRA/2023/0371,23/261,sent,"{
    'CSV': 'CTGG97GPC5PVRRUF',
    'DatosPresentacion': {
        'NIFPresentador': 'B74125311',
        'TimestampPre"
11693,1,in_invoice,S/FRA/2023/0370,23/264,sent,"{
    'CSV': 'LKGSSKKNVJHX8LZ6',
    'DatosPresentacion': {
        'NIFPresentador': 'B74125311',
        'TimestampPre"
11692,1,in_invoice,S/FRA/2023/0369,713-2023,sent,"{
    'CSV': 'WA7CXT7ARRYSJ56U',
    'DatosPresentacion': {
        'NIFPresentador': 'B74125311',
        'TimestampPre"
11689,1,in_invoice,S/FRA/2023/0368,000D002432,sent,"{
    'CSV': 'XSCDKNVKH7278XZ4',
    'DatosPresentacion': {
        'NIFPresentador': 'B74125311',
        'TimestampPre"
11688,1,in_invoice,S/FRA/2023/0367,000G003004,sent,"{
    'CSV': 'RD4D9UXZ4E26PQSD',
    'DatosPresentacion': {
        'NIFPresentador': 'B74125311',
        'TimestampPre"
11686,1,in_invoice,S/FRA/2023/0365,A2303330,sent,"{
    'CSV': 'BHC6UFZMVQGLZTW8',
    'DatosPresentacion': {
        'NIFPresentador': 'B74125311',
        'TimestampPre"
11682,1,in_invoice,S/FRA/2023/0363,FRO20231093675,sent,"{
    'CSV': '44JB6UZFH6ABD8SY',
    'DatosPresentacion': {
        'NIFPresentador': 'B74125311',
        'TimestampPre"
11691,1,in_invoice,S/FRA/2023/0361,FM23-1045,sent,"{
    'CSV': 'ZTQCBCLYA8RX4ABN',
    'DatosPresentacion': {
        'NIFPresentador': 'B74125311',
        'TimestampPre"
11677,1,in_invoice,S/FRA/2023/0360,2.246/F,sent,"{
    'CSV': 'BSWGYA2RCSX6FW7B',
    'DatosPresentacion': {
        'NIFPresentador': 'B74125311',
        'TimestampPre"
11675,1,in_invoice,S/FRA/2023/0358,23252,sent,"{
    'CSV': '7AYUXWQX8MPHUSMP',
    'DatosPresentacion': {
        'NIFPresentador': 'B74125311',
        'TimestampPre"
11666,1,in_invoice,S/FRA/2023/0357,330001020230519000121,sent,"{
    'CSV': '2CGGJT4H5QJFC6BE',
    'DatosPresentacion': {
        'NIFPresentador': 'B74125311',
        'TimestampPre"
11668,1,in_invoice,S/FRA/2023/0356,AL 23000375,sent,"{
    'CSV': '4Q4FW4XHER44DBHY',
    'DatosPresentacion': {
        'NIFPresentador': 'B74125311',
        'TimestampPre"
11673,1,in_invoice,S/FRA/2023/0355,23-0009,sent,"{
    'CSV': 'J4ZCSFNRH4MXTSDY',
    'DatosPresentacion': {
        'NIFPresentador': 'B74125311',
        'TimestampPre"
11651,1,in_invoice,S/FRA/2023/0348,05/23,sent,"{
    'CSV': 'FM7HTKW9GNMLZVS8',
    'DatosPresentacion': {
        'NIFPresentador': 'B74125311',
        'TimestampPre"
11652,1,in_invoice,S/FRA/2023/0347,23-0008,sent,"{
    'CSV': '9CAU5PACN26RXREX',
    'DatosPresentacion': {
        'NIFPresentador': 'B74125311',
        'TimestampPre"
11657,1,in_invoice,S/FRA/2023/0346,VF23-05-0112,sent,"{
    'CSV': 'XWFM6GHBQZWQ6RC7',
    'DatosPresentacion': {
        'NIFPresentador': 'B74125311',
        'TimestampPre"
11647,1,in_invoice,S/FRA/2023/0343,A-604,sent,"{
    'CSV': 'HM8AEE97H8FVJMK3',
    'DatosPresentacion': {
        'NIFPresentador': 'B74125311',
        'TimestampPre"
11648,1,in_invoice,S/FRA/2023/0342,03/2023/05,sent,"{
    'CSV': 'KVUNLDD3ZBFVLPZM',
    'DatosPresentacion': {
        'NIFPresentador': 'B74125311',
        'TimestampPre"
11658,1,in_invoice,S/FRA/2023/0341,0117/23,sent,"{
    'CSV': 'CWXBQZVSRJ2YPWQT',
    'DatosPresentacion': {
        'NIFPresentador': 'B74125311',
        'TimestampPre"
11654,1,in_invoice,S/FRA/2023/0340,B/671,sent,"{
    'CSV': 'EGC9DEFNHP7T4FJK',
    'DatosPresentacion': {
        'NIFPresentador': 'B74125311',
        'TimestampPre"
11670,1,in_refund,RS/FRA/2023/0006,2023-00022,sent,"{
    'CSV': 'SXQCUPCYRJB3LQF8',
    'DatosPresentacion': {
        'NIFPresentador': 'B74125311',
        'TimestampPre"
11663,1,in_invoice,S/FRA/2023/0354,101/2023,sent,"{
    'CSV': 'K54DEXNM4UQP6HQZ',
    'DatosPresentacion': {
        'NIFPresentador': 'B74125311',
        'TimestampPre"
11661,1,in_invoice,S/FRA/2023/0353,OO/2023/005,sent,"{
    'CSV': 'U8B4SWRJZHEGRNBA',
    'DatosPresentacion': {
        'NIFPresentador': 'B74125311',
        'TimestampPre"
11655,1,in_invoice,S/FRA/2023/0352,000D002164,sent,"{
    'CSV': 'QA7RG9B99P328J37',
    'DatosPresentacion': {
        'NIFPresentador': 'B74125311',
        'TimestampPre"
11656,1,in_invoice,S/FRA/2023/0351,000G002728,sent,"{
    'CSV': 'FYHQN46MQZ29T2JD',
    'DatosPresentacion': {
        'NIFPresentador': 'B74125311',
        'TimestampPre"
11646,1,in_invoice,S/FRA/2023/0350,1.731/F,sent,"{
    'CSV': 'N6F45BSB7DRJXSF7',
    'DatosPresentacion': {
        'NIFPresentador': 'B74125311',
        'TimestampPre"
11641,1,in_invoice,S/FRA/2023/0349,A/23-0084,sent,"{
    'CSV': '932WBHAZV9CPHA3Z',
    'DatosPresentacion': {
        'NIFPresentador': 'B74125311',
        'TimestampPre"
11645,1,in_invoice,S/FRA/2023/0345,500-2023,sent,"{
    'CSV': 'LCY3V7YL8ZK7LV66',
    'DatosPresentacion': {
        'NIFPresentador': 'B74125311',
        'TimestampPre"
11649,1,in_invoice,S/FRA/2023/0344,A2302543,sent,"{
    'CSV': 'K2LPVX6PWMBS8T27',
    'DatosPresentacion': {
        'NIFPresentador': 'B74125311',
        'TimestampPre"
11659,1,in_invoice,S/FRA/2023/0339,AL 23000344,sent,"{
    'CSV': '8DRZZC5SMNJGKA8X',
    'DatosPresentacion': {
        'NIFPresentador': 'B74125311',
        'TimestampPre"
11638,1,in_invoice,S/FRA/2023/0338,FD23-5200,sent,"{
    'CSV': '35KSMP3VFSCSDTMG',
    'DatosPresentacion': {
        'NIFPresentador': 'B74125311',
        'TimestampPre"
11644,1,in_invoice,S/FRA/2023/0337,FM23-783,sent,"{
    'CSV': 'S2LV3T37WKQND5ZB',
    'DatosPresentacion': {
        'NIFPresentador': 'B74125311',
        'TimestampPre"
11643,1,in_invoice,S/FRA/2023/0336,7/2023,sent,"{
    'CSV': '8DQ3ADE5ZPSGPEUJ',
    'DatosPresentacion': {
        'NIFPresentador': 'B74125311',
        'TimestampPre"
11635,1,in_invoice,S/FRA/2023/0335,23.040.005,sent,"{
    'CSV': 'X62LKVSQKSA4257E',
    'DatosPresentacion': {
        'NIFPresentador': 'B74125311',
        'TimestampPre"
11636,1,in_invoice,S/FRA/2023/0334,6276,sent,"{
    'CSV': 'EVVK39V99Q85TNDU',
    'DatosPresentacion': {
        'NIFPresentador': 'B74125311',
        'TimestampPre"
11637,1,in_invoice,S/FRA/2023/0333,556,sent,"{
    'CSV': '8EZGCEFKVPHDPAZS',
    'DatosPresentacion': {
        'NIFPresentador': 'B74125311',
        'TimestampPre"
11642,1,in_invoice,S/FRA/2023/0332,FRO20230881222,sent,"{
    'CSV': 'NKNFKN6HG4SK8R95',
    'DatosPresentacion': {
        'NIFPresentador': 'B74125311',
        'TimestampPre"
11612,1,in_invoice,S/FRA/2023/0331,B/614,sent,"{
    'CSV': 'YKUCJUHTWVXDJAKE',
    'DatosPresentacion': {
        'NIFPresentador': 'B74125311',
        'TimestampPre"
11634,1,in_invoice,S/FRA/2023/0330,1230259748,sent,"{
    'CSV': 'GSNESD7NFNN6J3MT',
    'DatosPresentacion': {
        'NIFPresentador': 'B74125311',
        'TimestampPre"
11633,1,in_invoice,S/FRA/2023/0329,1230259747,sent_modified,"{
    'CSV': 'CH4KGFA3WLD2L427',
    'DatosPresentacion': {
        'NIFPresentador': 'B74125311',
        'TimestampPre"
11632,1,in_invoice,S/FRA/2023/0328,1230259746,sent,"{
    'CSV': 'XZYU39ZD48KDT5LK',
    'DatosPresentacion': {
        'NIFPresentador': 'B74125311',
        'TimestampPre"
11614,1,in_invoice,S/FRA/2023/0327,1180173216,sent,"{
    'CSV': 'XBKF7LQ4SDW2Z5G2',
    'DatosPresentacion': {
        'NIFPresentador': 'B74125311',
        'TimestampPre"
11613,1,in_invoice,S/FRA/2023/0326,1180173215,sent,"{
    'CSV': 'WF2YDT38PFYJ2F4M',
    'DatosPresentacion': {
        'NIFPresentador': 'B74125311',
        'TimestampPre"
11608,1,in_invoice,S/FRA/2023/0325,3/23,sent,"{
    'CSV': '7LZ57CNE3UNNWQEW',
    'DatosPresentacion': {
        'NIFPresentador': 'B74125311',
        'TimestampPre"
11609,1,in_invoice,S/FRA/2023/0324,1490326,sent,"{
    'CSV': 'D2WFJRK35T4CSJN5',
    'DatosPresentacion': {
        'NIFPresentador': 'B74125311',
        'TimestampPre"
11610,1,in_invoice,S/FRA/2023/0323,00003857,sent,"{
    'CSV': 'C62B2M52A3QD3JGJ',
    'DatosPresentacion': {
        'NIFPresentador': 'B74125311',
        'TimestampPre"
11577,1,in_invoice,S/FRA/2023/0315,A21056,sent,"{
    'CSV': 'D7U4BSCUPV9WKYEJ',
    'DatosPresentacion': {
        'NIFPresentador': 'B74125311',
        'TimestampPre"
11586,1,in_invoice,S/FRA/2023/0307,A10017871023-0423,sent,"{
    'CSV': 'E6GYS9C2A4VDEJRH',
    'DatosPresentacion': {
        'NIFPresentador': 'B74125311',
        'TimestampPre"
11587,1,in_invoice,S/FRA/2023/0306,312-KF23-4573,sent,"{
    'CSV': '3GF4VV3P6SYPD3LS',
    'DatosPresentacion': {
        'NIFPresentador': 'B74125311',
        'TimestampPre"
11585,1,in_invoice,S/FRA/2023/0297,A10017866353-0423,sent,"{
    'CSV': 'BTRY8EAW74X23R4Y',
    'DatosPresentacion': {
        'NIFPresentador': 'B74125311',
        'TimestampPre"
11575,1,in_invoice,S/FRA/2023/0293,VF23-04-0102,sent,"{
    'CSV': '4YPQYW5MV7NTLVXU',
    'DatosPresentacion': {
        'NIFPresentador': 'B74125311',
        'TimestampPre"
11567,1,in_invoice,S/FRA/2023/0290,A-465,sent,"{
    'CSV': 'A2SWZRYKVURUWFNQ',
    'DatosPresentacion': {
        'NIFPresentador': 'B74125311',
        'TimestampPre"
11573,1,in_invoice,S/FRA/2023/0288,F20230389,sent,"{
    'CSV': '8DGDJKUJ9W4NWFFV',
    'DatosPresentacion': {
        'NIFPresentador': 'B74125311',
        'TimestampPre"
11576,1,in_invoice,S/FRA/2023/0287,03/2023/04,sent,"{
    'CSV': 'WAAC77TGRFRRKUT3',
    'DatosPresentacion': {
        'NIFPresentador': 'B74125311',
        'TimestampPre"
11628,1,in_refund,RS/FRA/2023/0005,R1,sent,"{
    'CSV': 'VAXPRBBFZFVL75NS',
    'DatosPresentacion': {
        'NIFPresentador': 'B74125311',
        'TimestampPre"
11603,1,in_invoice,S/FRA/2023/0322,078/2023,sent,"{
    'CSV': 'HC27TFST6V6QG4CC',
    'DatosPresentacion': {
        'NIFPresentador': 'B74125311',
        'TimestampPre"
11602,1,in_invoice,S/FRA/2023/0321,041/2023,sent,"{
    'CSV': 'SXCJV2YZMY4N4E7K',
    'DatosPresentacion': {
        'NIFPresentador': 'B74125311',
        'TimestampPre"
11601,1,in_invoice,S/FRA/2023/0320,018/2023,sent,"{
    'CSV': '7SG98JXSPXK5HYVA',
    'DatosPresentacion': {
        'NIFPresentador': 'B74125311',
        'TimestampPre"
11599,1,in_invoice,S/FRA/2023/0319,OO/2023/004,sent,"{
    'CSV': 'Q7Q9X52MEBXFMRCY',
    'DatosPresentacion': {
        'NIFPresentador': 'B74125311',
        'TimestampPre"
11597,1,in_invoice,S/FRA/2023/0318,OO/2023/003,sent,"{
    'CSV': 'VYNU5TU94ZGQQZKK',
    'DatosPresentacion': {
        'NIFPresentador': 'B74125311',
        'TimestampPre"
11595,1,in_invoice,S/FRA/2023/0317,OO/2023/002,sent,"{
    'CSV': 'W87674UCN5BCMS2U',
    'DatosPresentacion': {
        'NIFPresentador': 'B74125311',
        'TimestampPre"
11594,1,in_invoice,S/FRA/2023/0316,OO/2023/001,sent,"{
    'CSV': 'K2444AB7BWYCGCYF',
    'DatosPresentacion': {
        'NIFPresentador': 'B74125311',
        'TimestampPre"
11565,1,in_invoice,S/FRA/2023/0314,1073/F,sent,"{
    'CSV': 'DUJERF7S9S8CDUBH',
    'DatosPresentacion': {
        'NIFPresentador': 'B74125311',
        'TimestampPre"
11566,1,in_invoice,S/FRA/2023/0313,FA 230607,sent,"{
    'CSV': 'UZLCPCR8BQNHRTQE',
    'DatosPresentacion': {
        'NIFPresentador': 'B74125311',
        'TimestampPre"
11574,1,in_invoice,S/FRA/2023/0312,360-2023,sent,"{
    'CSV': 'FTW39MYEN6AZRTLS',
    'DatosPresentacion': {
        'NIFPresentador': 'B74125311',
        'TimestampPre"
11564,1,in_invoice,S/FRA/2023/0311,FM23-522,sent,"{
    'CSV': 'MVDAM62NJ5FSPGSN',
    'DatosPresentacion': {
        'NIFPresentador': 'B74125311',
        'TimestampPre"
11578,1,in_invoice,S/FRA/2023/0310,09423002195,sent,"{
    'CSV': 'VJGEU5LC5MQAZR2A',
    'DatosPresentacion': {
        'NIFPresentador': 'B74125311',
        'TimestampPre"
11563,1,in_invoice,S/FRA/2023/0309,FRO20230695372,sent,"{
    'CSV': 'J7U348WCH2EQNK9V',
    'DatosPresentacion': {
        'NIFPresentador': 'B74125311',
        'TimestampPre"
11479,1,in_invoice,S/FRA/2023/0308,22/280,sent,"{
    'CSV': 'Y9ZJCBM82V24MJPF',
    'DatosPresentacion': {
        'NIFPresentador': 'B74125311',
        'TimestampPre"
11568,1,in_invoice,S/FRA/2023/0305,A2301844,sent,"{
    'CSV': 'RDQT9Q5HV7FA6U2R',
    'DatosPresentacion': {
        'NIFPresentador': 'B74125311',
        'TimestampPre"
11569,1,in_invoice,S/FRA/2023/0304,000D001962,sent,"{
    'CSV': 'W8B485FLCZQTVV9R',
    'DatosPresentacion': {
        'NIFPresentador': 'B74125311',
        'TimestampPre"
11473,1,in_invoice,S/FRA/2023/0303,2023-62,sent,"{
    'CSV': 'PV56PSDEKRXAEPE5',
    'DatosPresentacion': {
        'NIFPresentador': 'B74125311',
        'TimestampPre"
11582,1,in_invoice,S/FRA/2023/0302,A10017796554-0323,sent,"{
    'CSV': 'EUBGUN2C72NRHT8C',
    'DatosPresentacion': {
        'NIFPresentador': 'B74125311',
        'TimestampPre"
11478,1,in_invoice,S/FRA/2023/0301,23/131,sent,"{
    'CSV': 'KH3SCYENDMB5LB5P',
    'DatosPresentacion': {
        'NIFPresentador': 'B74125311',
        'TimestampPre"
11477,1,in_invoice,S/FRA/2023/0300,23/130,sent,"{
    'CSV': 'FLS3WH2YVQ9G8GYZ',
    'DatosPresentacion': {
        'NIFPresentador': 'B74125311',
        'TimestampPre"
11584,1,in_invoice,S/FRA/2023/0299,312-KF23-3161,sent,"{
    'CSV': 'YEWSLTDCVHE742WQ',
    'DatosPresentacion': {
        'NIFPresentador': 'B74125311',
        'TimestampPre"
11583,1,in_invoice,S/FRA/2023/0298,A10017757548-0323,sent,"{
    'CSV': '7K25WP4KWZRU4MWV',
    'DatosPresentacion': {
        'NIFPresentador': 'B74125311',
        'TimestampPre"
11482,1,in_invoice,S/FRA/2023/0296,23/18,sent,"{
    'CSV': '4XLWG5KNZJSCNH39',
    'DatosPresentacion': {
        'NIFPresentador': 'B74125311',
        'TimestampPre"
11570,1,in_invoice,S/FRA/2023/0295,000G002475,sent,"{
    'CSV': '8T89KTPJR9CFHXHY',
    'DatosPresentacion': {
        'NIFPresentador': 'B74125311',
        'TimestampPre"
11571,1,in_invoice,S/FRA/2023/0294,000G002474,sent,"{
    'CSV': 'SRW7F7LRKMUMFG3S',
    'DatosPresentacion': {
        'NIFPresentador': 'B74125311',
        'TimestampPre"
11476,1,in_invoice,S/FRA/2023/0292,23/129,sent,"{
    'CSV': 'T3WH3NXDHYNCR5C3',
    'DatosPresentacion': {
        'NIFPresentador': 'B74125311',
        'TimestampPre"
11475,1,in_invoice,S/FRA/2023/0291,18742301P0070172,sent,"{
    'CSV': 'MZUTU8VPWZHJPBLJ',
    'DatosPresentacion': {
        'NIFPresentador': 'B74125311',
        'TimestampPre"
11572,1,in_invoice,S/FRA/2023/0289,000D001961,sent,"{
    'CSV': 'TRTHKSBMZWNBDXPZ',
    'DatosPresentacion': {
        'NIFPresentador': 'B74125311',
        'TimestampPre"
11169,1,in_invoice,S/FRA/2023/0286,4480-014-155957,sent,"{
    'CSV': 'P4XT3JL55XPRCTAG',
    'DatosPresentacion': {
        'NIFPresentador': 'B74125311',
        'TimestampPre"
11395,1,in_invoice,S/FRA/2023/0285,31488,sent,"{
    'CSV': 'DKGMGA7KF2NHP96Q',
    'DatosPresentacion': {
        'NIFPresentador': 'B74125311',
        'TimestampPre"
11400,1,in_invoice,S/FRA/2023/0284,0187-02-23007542,sent,"{
    'CSV': 'JNRCXDDEDMV32D2C',
    'DatosPresentacion': {
        'NIFPresentador': 'B74125311',
        'TimestampPre"
11396,1,in_invoice,S/FRA/2023/0283,000483,sent,"{
    'CSV': '7CPD4C2P3KBKH2Y6',
    'DatosPresentacion': {
        'NIFPresentador': 'B74125311',
        'TimestampPre"
11102,1,in_invoice,S/FRA/2023/0282,34121/3,sent,"{
    'CSV': 'DM8PN68M9UVP365A',
    'DatosPresentacion': {
        'NIFPresentador': 'B74125311',
        'TimestampPre"
11101,1,in_invoice,S/FRA/2023/0281,V2022034700900024803,sent,"{
    'CSV': 'GLF599E25U2RSBWR',
    'DatosPresentacion': {
        'NIFPresentador': 'B74125311',
        'TimestampPre"
11103,1,in_invoice,S/FRA/2023/0280,000114,sent,"{
    'CSV': 'CSKKQDFS8Z2CX8XH',
    'DatosPresentacion': {
        'NIFPresentador': 'B74125311',
        'TimestampPre"
11398,1,in_invoice,S/FRA/2023/0279,T000103-28726,sent,"{
    'CSV': 'Z6UCQ8NHRC7C5YLS',
    'DatosPresentacion': {
        'NIFPresentador': 'B74125311',
        'TimestampPre"
11160,1,in_invoice,S/FRA/2023/0278,00 060521,sent,"{
    'CSV': 'AU5453C338UZTDQY',
    'DatosPresentacion': {
        'NIFPresentador': 'B74125311',
        'TimestampPre"
11397,1,in_invoice,S/FRA/2023/0277,301210019,sent,"{
    'CSV': '5Z3MVATJKB2B2EQB',
    'DatosPresentacion': {
        'NIFPresentador': 'B74125311',
        'TimestampPre"
11389,1,in_invoice,S/FRA/2023/0276,0187-02-22107727,sent,"{
    'CSV': 'MKNTCX96XWJ799TZ',
    'DatosPresentacion': {
        'NIFPresentador': 'B74125311',
        'TimestampPre"
11410,1,in_invoice,S/FRA/2023/0275,AJ-29,sent,"{
    'CSV': 'RZ67W9QDMARTX4C5',
    'DatosPresentacion': {
        'NIFPresentador': 'B74125311',
        'TimestampPre"
11114,1,in_invoice,S/FRA/2023/0274,22V80450100024176,sent,"{
    'CSV': '422GX87UJSZA3Z73',
    'DatosPresentacion': {
        'NIFPresentador': 'B74125311',
        'TimestampPre"
11411,1,in_invoice,S/FRA/2023/0273,N4687132221113000398,sent,"{
    'CSV': 'CFTFXLVFTRTXRFCY',
    'DatosPresentacion': {
        'NIFPresentador': 'B74125311',
        'TimestampPre"
11405,1,in_invoice,S/FRA/2023/0272,A-V2023-00000262812,sent,"{
    'CSV': 'X2XRRAF4LT6SQNVD',
    'DatosPresentacion': {
        'NIFPresentador': 'B74125311',
        'TimestampPre"
11406,1,in_invoice,S/FRA/2023/0271,FVP0152115,sent,"{
    'CSV': 'RZHZ7MB5ELFRTD52',
    'DatosPresentacion': {
        'NIFPresentador': 'B74125311',
        'TimestampPre"
11380,1,in_invoice,S/FRA/2023/0269,29683,sent,"{
    'CSV': 'TTW2HA6LQ5GWQSSE',
    'DatosPresentacion': {
        'NIFPresentador': 'B74125311',
        'TimestampPre"
11390,1,in_invoice,S/FRA/2023/0268,T000103-20326,sent,"{
    'CSV': 'WLYET3M5H2ZSDPDR',
    'DatosPresentacion': {
        'NIFPresentador': 'B74125311',
        'TimestampPre"
11387,1,in_invoice,S/FRA/2023/0267,211140030,sent,"{
    'CSV': 'UXMACLU84SN8HL55',
    'DatosPresentacion': {
        'NIFPresentador': 'B74125311',
        'TimestampPre"
11386,1,in_invoice,S/FRA/2023/0266,132838,sent,"{
    'CSV': 'MX9FGLPG87JGTYCA',
    'DatosPresentacion': {
        'NIFPresentador': 'B74125311',
        'TimestampPre"
11385,1,in_invoice,S/FRA/2023/0265,T000102-18013,sent,"{
    'CSV': 'BVS3BKQB5XD9B9L8',
    'DatosPresentacion': {
        'NIFPresentador': 'B74125311',
        'TimestampPre"
11156,1,in_invoice,S/FRA/2023/0264,0187-01-22154484,sent,"{
    'CSV': 'F7QKK3358WMEWHS2',
    'DatosPresentacion': {
        'NIFPresentador': 'B74125311',
        'TimestampPre"
11163,1,in_invoice,S/FRA/2023/0263,D-044392,sent,"{
    'CSV': 'UJN79D5L4EMY3DPR',
    'DatosPresentacion': {
        'NIFPresentador': 'B74125311',
        'TimestampPre"
11162,1,in_invoice,S/FRA/2023/0262,00818675,sent,"{
    'CSV': '2GS4WDSV3DPSNQNS',
    'DatosPresentacion': {
        'NIFPresentador': 'B74125311',
        'TimestampPre"
11161,1,in_invoice,S/FRA/2023/0261,132078,sent,"{
    'CSV': 'E8ETPABW937ZDNWA',
    'DatosPresentacion': {
        'NIFPresentador': 'B74125311',
        'TimestampPre"
11164,1,in_invoice,S/FRA/2023/0260,000087,sent,"{
    'CSV': '2GWCN5S2S8TXALBJ',
    'DatosPresentacion': {
        'NIFPresentador': 'B74125311',
        'TimestampPre"
11165,1,in_invoice,S/FRA/2023/0259,4480 017 288296,sent,"{
    'CSV': 'Z65F9DHJ29EWRYUP',
    'DatosPresentacion': {
        'NIFPresentador': 'B74125311',
        'TimestampPre"
11167,1,in_invoice,S/FRA/2023/0258,4480-016-095590,sent,"{
    'CSV': 'S36H8QDXG29SD6JV',
    'DatosPresentacion': {
        'NIFPresentador': 'B74125311',
        'TimestampPre"
11166,1,in_invoice,S/FRA/2023/0257,4480-014-157441,sent,"{
    'CSV': 'A96P3P9BQK53YVBR',
    'DatosPresentacion': {
        'NIFPresentador': 'B74125311',
        'TimestampPre"
11099,1,in_invoice,S/FRA/2023/0256,T000102-4607,sent,"{
    'CSV': 'PPERSV6T9VMQX4GG',
    'DatosPresentacion': {
        'NIFPresentador': 'B74125311',
        'TimestampPre"
11168,1,in_invoice,S/FRA/2023/0255,4480-017-286199,sent,"{
    'CSV': '8LD559L6EGEQ88MW',
    'DatosPresentacion': {
        'NIFPresentador': 'B74125311',
        'TimestampPre"
11149,1,in_invoice,S/FRA/2023/0254,3433-016-386286,sent,"{
    'CSV': '7ZBEKJFR4BMVGBY4',
    'DatosPresentacion': {
        'NIFPresentador': 'B74125311',
        'TimestampPre"
11157,1,in_invoice,S/FRA/2023/0253,T000102-15816,sent,"{
    'CSV': '7Y7SE9G5TVT6J58H',
    'DatosPresentacion': {
        'NIFPresentador': 'B74125311',
        'TimestampPre"
11155,1,in_invoice,S/FRA/2023/0252,000546,sent,"{
    'CSV': '63DK24T2AXMU2ZTL',
    'DatosPresentacion': {
        'NIFPresentador': 'B74125311',
        'TimestampPre"
11376,1,in_invoice,S/FRA/2023/0251,05-12-2022,sent,"{
    'CSV': 'E9KTDPKKZKASYNNH',
    'DatosPresentacion': {
        'NIFPresentador': 'B74125311',
        'TimestampPre"
11388,1,in_invoice,S/FRA/2023/0250,4480-015-014092,sent,"{
    'CSV': 'T49DT8RAV6UNPSL7',
    'DatosPresentacion': {
        'NIFPresentador': 'B74125311',
        'TimestampPre"
11579,1,in_invoice,S/FRA/2023/0249,AF/1398/02,sent,"{
    'CSV': 'KS342AE6ULM8MDYN',
    'DatosPresentacion': {
        'NIFPresentador': 'B74125311',
        'TimestampPre"
11483,1,in_invoice,S/FRA/2023/0248,A000031309,sent,"{
    'CSV': 'GLGQW9XSFKSMQ7XQ',
    'DatosPresentacion': {
        'NIFPresentador': 'B74125311',
        'TimestampPre"
11484,1,in_invoice,S/FRA/2023/0247,B00052823,sent,"{
    'CSV': 'DKM97ZRUPGMR4KAD',
    'DatosPresentacion': {
        'NIFPresentador': 'B74125311',
        'TimestampPre"
11420,1,in_invoice,S/FRA/2023/0246,TB-2023-F 2,sent,"{
    'CSV': 'GKZKNP4AFJLG6GVH',
    'DatosPresentacion': {
        'NIFPresentador': 'B74125311',
        'TimestampPre"
11421,1,in_invoice,S/FRA/2023/0245,TB-2023-F 10,sent,"{
    'CSV': 'MRWDCF2N8E42KCZA',
    'DatosPresentacion': {
        'NIFPresentador': 'B74125311',
        'TimestampPre"
11472,1,in_invoice,S/FRA/2023/0244,44.492,sent,"{
    'CSV': 'FKQM9B34Y5TMGLSP',
    'DatosPresentacion': {
        'NIFPresentador': 'B74125311',
        'TimestampPre"
11419,1,in_invoice,S/FRA/2023/0243,94432623,sent,"{
    'CSV': 'D6VDNEEKMRN5A2AR',
    'DatosPresentacion': {
        'NIFPresentador': 'B74125311',
        'TimestampPre"
11418,1,in_invoice,S/FRA/2023/0242,008/1280,sent_modified,"{
    'CSV': 'ZJ8JM7QZRYYD9ZPH',
    'DatosPresentacion': {
        'NIFPresentador': 'B74125311',
        'TimestampPre"
11430,1,in_invoice,S/FRA/2023/0241,2/2023,sent,"{
    'CSV': 'HENH6R9NWSJNZWZP',
    'DatosPresentacion': {
        'NIFPresentador': 'B74125311',
        'TimestampPre"
11471,1,in_invoice,S/FRA/2023/0240,290,sent_modified,"{
    'CSV': 'DUNMCMY9YW5U7SNC',
    'DatosPresentacion': {
        'NIFPresentador': 'B74125311',
        'TimestampPre"
11462,1,in_invoice,S/FRA/2023/0239,82/EST,sent,"{
    'CSV': '9NPK5E2ZBWZBFHRQ',
    'DatosPresentacion': {
        'NIFPresentador': 'B74125311',
        'TimestampPre"
11470,1,in_invoice,S/FRA/2023/0238,FA 222313,sent,"{
    'CSV': 'XRBGW3MT6HE7HE38',
    'DatosPresentacion': {
        'NIFPresentador': 'B74125311',
        'TimestampPre"
11408,1,in_invoice,S/FRA/2023/0237,23242,sent,"{
    'CSV': 'HXZ8T52YAJBWUPY7',
    'DatosPresentacion': {
        'NIFPresentador': 'B74125311',
        'TimestampPre"
11468,1,in_invoice,S/FRA/2023/0236,A/119,sent,"{
    'CSV': 'VMPEPT23NRXD7KVX',
    'DatosPresentacion': {
        'NIFPresentador': 'B74125311',
        'TimestampPre"
11454,1,in_invoice,S/FRA/2023/0235,B/523,sent,"{
    'CSV': 'UNH8Q8NSGTRZDL8V',
    'DatosPresentacion': {
        'NIFPresentador': 'B74125311',
        'TimestampPre"
11469,1,in_invoice,S/FRA/2023/0234,T/498/2023,sent,"{
    'CSV': '62E8UAT6CFUQDR8F',
    'DatosPresentacion': {
        'NIFPresentador': 'B74125311',
        'TimestampPre"
11368,1,in_invoice,S/FRA/2023/0223,A000031992,sent,"{
    'CSV': '2H8SGD49BLK5GKP3',
    'DatosPresentacion': {
        'NIFPresentador': 'B74125311',
        'TimestampPre"
11367,1,in_invoice,S/FRA/2023/0222,UN-56/23,sent,"{
    'CSV': 'RV3W4TQ5S4WZ55RX',
    'DatosPresentacion': {
        'NIFPresentador': 'B74125311',
        'TimestampPre"
11273,1,in_invoice,S/FRA/2023/0213,VF23-03-0095,sent,"{
    'CSV': 'AMFLH7AV58LKHKPH',
    'DatosPresentacion': {
        'NIFPresentador': 'B74125311',
        'TimestampPre"
11391,1,in_invoice,S/FRA/2023/0210,A-295,sent,"{
    'CSV': 'GC6DYP2V57MWVJ47',
    'DatosPresentacion': {
        'NIFPresentador': 'B74125311',
        'TimestampPre"
11272,1,in_invoice,S/FRA/2023/0197,0337/23,sent,"{
    'CSV': 'M7TFUFBKLQNF68C7',
    'DatosPresentacion': {
        'NIFPresentador': 'B74125311',
        'TimestampPre"
11264,1,in_invoice,S/FRA/2023/0188,1/190315,sent_modified,"{
    'CSV': '7GAY64J9H793UN9Q',
    'DatosPresentacion': {
        'NIFPresentador': 'B74125311',
        'TimestampPre"
11260,1,in_invoice,S/FRA/2023/0186,FV21411,sent,"{
    'CSV': '9FPQ8L5JBYWTM47M',
    'DatosPresentacion': {
        'NIFPresentador': 'B74125311',
        'TimestampPre"
11266,1,in_invoice,S/FRA/2023/0185,03/2023/03,sent,"{
    'CSV': '2RZJ5J6R3R73RYX7',
    'DatosPresentacion': {
        'NIFPresentador': 'B74125311',
        'TimestampPre"
11171,1,in_invoice,S/FRA/2023/0176,FV21413,sent,"{
    'CSV': '2HS5MKAG8859ND4D',
    'DatosPresentacion': {
        'NIFPresentador': 'B74125311',
        'TimestampPre"
9312,1,in_invoice,S/FRA/2023/0008,A-11,sent,"{
    'CSV': 'A5UP35JSVYHUBWV9',
    'DatosPresentacion': {
        'NIFPresentador': 'B74125311',
        'TimestampPre"
11591,1,in_refund,RS/FRA/2023/0004,A1,sent,"{
    'CSV': 'VFM7JLP3JJFQCJRW',
    'DatosPresentacion': {
        'NIFPresentador': 'B74125311',
        'TimestampPre"
11481,1,in_refund,RS/FRA/2023/0003,23/ABO 6,sent,"{
    'CSV': 'BWEWEVVAFUD5CE6R',
    'DatosPresentacion': {
        'NIFPresentador': 'B74125311',
        'TimestampPre"
11383,1,in_refund,RS/FRA/2023/0002,2022/015200/00002320,sent,"{
    'CSV': '8K4W8N5ZN59RQT5S',
    'DatosPresentacion': {
        'NIFPresentador': 'B74125311',
        'TimestampPre"
11464,1,in_refund,RS/FRA/2023/0001,A1/2023 Factura de Abono,sent,"{
    'CSV': 'VKUMUHERYHKBYCPG',
    'DatosPresentacion': {
        'NIFPresentador': 'B74125311',
        'TimestampPre"
11100,1,in_invoice,S/FRA/2023/0270,T000103-3108,not_sent,
11268,1,in_invoice,S/FRA/2023/0233,000D001714,sent,"{
    'CSV': 'A74G8QSTPBFDCYWD',
    'DatosPresentacion': {
        'NIFPresentador': 'B74125311',
        'TimestampPre"
11267,1,in_invoice,S/FRA/2023/0232,000G002191,sent,"{
    'CSV': '4XN974JADN5TK6SM',
    'DatosPresentacion': {
        'NIFPresentador': 'B74125311',
        'TimestampPre"
11372,1,in_invoice,S/FRA/2023/0231,1/22,sent,"{
    'CSV': 'D6474E7FEUMY3ZM6',
    'DatosPresentacion': {
        'NIFPresentador': 'B74125311',
        'TimestampPre"
11394,1,in_invoice,S/FRA/2023/0230,20230026,sent,"{
    'CSV': '7Q37HY9Q4RLMF6YJ',
    'DatosPresentacion': {
        'NIFPresentador': 'B74125311',
        'TimestampPre"
11381,1,in_invoice,S/FRA/2023/0229,20220609,sent,"{
    'CSV': 'BH98SDCN2B2RAVCQ',
    'DatosPresentacion': {
        'NIFPresentador': 'B74125311',
        'TimestampPre"
11371,1,in_invoice,S/FRA/2023/0228,COF220000001987,sent,"{
    'CSV': 'HKGJZZKMQQB8EC6S',
    'DatosPresentacion': {
        'NIFPresentador': 'B74125311',
        'TimestampPre"
11382,1,in_invoice,S/FRA/2023/0227,000010050,sent,"{
    'CSV': 'AG24VLYLA5GQ7KG4',
    'DatosPresentacion': {
        'NIFPresentador': 'B74125311',
        'TimestampPre"
11263,1,in_invoice,S/FRA/2023/0226,591/F,sent,"{
    'CSV': 'J6US28JZPUPJCHVN',
    'DatosPresentacion': {
        'NIFPresentador': 'B74125311',
        'TimestampPre"
11401,1,in_invoice,S/FRA/2023/0225,A/000095/23,sent,"{
    'CSV': '9GPLAJ5RFTP9ULSF',
    'DatosPresentacion': {
        'NIFPresentador': 'B74125311',
        'TimestampPre"
11375,1,in_invoice,S/FRA/2023/0224,A/000092/22,sent,"{
    'CSV': '6EBKNXVPHLZHWV2G',
    'DatosPresentacion': {
        'NIFPresentador': 'B74125311',
        'TimestampPre"
11402,1,in_invoice,S/FRA/2023/0221,95-203707,sent,"{
    'CSV': 'FBX4UFWZHM3KU7K9',
    'DatosPresentacion': {
        'NIFPresentador': 'B74125311',
        'TimestampPre"
11404,1,in_invoice,S/FRA/2023/0220,95-203733,sent,"{
    'CSV': 'LT84SHXPC9NGSFHX',
    'DatosPresentacion': {
        'NIFPresentador': 'B74125311',
        'TimestampPre"
11378,1,in_invoice,S/FRA/2023/0219,95-201952,sent,"{
    'CSV': 'X7KNKAK396KWBQQN',
    'DatosPresentacion': {
        'NIFPresentador': 'B74125311',
        'TimestampPre"
11392,1,in_invoice,S/FRA/2023/0218,95-203605,sent,"{
    'CSV': 'AQAFZCTATRPQBYS7',
    'DatosPresentacion': {
        'NIFPresentador': 'B74125311',
        'TimestampPre"
11393,1,in_invoice,S/FRA/2023/0217,95-203464,sent,"{
    'CSV': 'HJCNUCEMYTCSNRS2',
    'DatosPresentacion': {
        'NIFPresentador': 'B74125311',
        'TimestampPre"
11374,1,in_invoice,S/FRA/2023/0216,141,sent,"{
    'CSV': 'JLPBMMNM7U8SR7E6',
    'DatosPresentacion': {
        'NIFPresentador': 'B74125311',
        'TimestampPre"
11409,1,in_invoice,S/FRA/2023/0215,0001/2023,sent,"{
    'CSV': 'XF64MEJENUKB5Z5V',
    'DatosPresentacion': {
        'NIFPresentador': 'B74125311',
        'TimestampPre"
11384,1,in_invoice,S/FRA/2023/0214,2022/015200/00000031,sent,"{
    'CSV': 'WE7TU25YN7RXRZY8',
    'DatosPresentacion': {
        'NIFPresentador': 'B74125311',
        'TimestampPre"
11271,1,in_invoice,S/FRA/2023/0212,A2301058,sent,"{
    'CSV': 'E72SPGT8U77NZJ7U',
    'DatosPresentacion': {
        'NIFPresentador': 'B74125311',
        'TimestampPre"
11365,1,in_invoice,S/FRA/2023/0211,2023000169,sent,"{
    'CSV': 'CEJBD6GB7YKYXDJF',
    'DatosPresentacion': {
        'NIFPresentador': 'B74125311',
        'TimestampPre"
11270,1,in_invoice,S/FRA/2023/0209,23/74,sent,"{
    'CSV': '29MWGDQZU3DY6DRD',
    'DatosPresentacion': {
        'NIFPresentador': 'B74125311',
        'TimestampPre"
11364,1,in_invoice,S/FRA/2023/0208,E003/2022,sent,"{
    'CSV': 'Y7NTG5449ZM9CBS6',
    'DatosPresentacion': {
        'NIFPresentador': 'B74125311',
        'TimestampPre"
11407,1,in_invoice,S/FRA/2023/0207,09423001007,sent,"{
    'CSV': '4YXF3CK5AXAFURNB',
    'DatosPresentacion': {
        'NIFPresentador': 'B74125311',
        'TimestampPre"
11373,1,in_invoice,S/FRA/2023/0206,09422008513,sent,"{
    'CSV': '9YAPUFZ9QC4Q77RB',
    'DatosPresentacion': {
        'NIFPresentador': 'B74125311',
        'TimestampPre"
11379,1,in_invoice,S/FRA/2023/0205,0070/01/2022/0000093,sent,"{
    'CSV': '3LAHTEJ33QCZSX7P',
    'DatosPresentacion': {
        'NIFPresentador': 'B74125311',
        'TimestampPre"
11366,1,in_invoice,S/FRA/2023/0204,A/2797/2023,sent,"{
    'CSV': 'YHJBN6S6FMPA22JQ',
    'DatosPresentacion': {
        'NIFPresentador': 'B74125311',
        'TimestampPre"
11399,1,in_invoice,S/FRA/2023/0203,A/2789/2023,sent,"{
    'CSV': 'EY49HNPV6698846F',
    'DatosPresentacion': {
        'NIFPresentador': 'B74125311',
        'TimestampPre"
11261,1,in_invoice,S/FRA/2023/0202,FRO20230459424,sent,"{
    'CSV': 'VGL86WL6JD78E2JT',
    'DatosPresentacion': {
        'NIFPresentador': 'B74125311',
        'TimestampPre"
11377,1,in_invoice,S/FRA/2023/0201,238,sent,"{
    'CSV': '47LK3S7D6ZGGUEMG',
    'DatosPresentacion': {
        'NIFPresentador': 'B74125311',
        'TimestampPre"
11403,1,in_invoice,S/FRA/2023/0200,022,sent,"{
    'CSV': 'MPT8EX8FZG9QCKC2',
    'DatosPresentacion': {
        'NIFPresentador': 'B74125311',
        'TimestampPre"
11369,1,in_invoice,S/FRA/2023/0199,209/23,sent,"{
    'CSV': 'U7AGPJTN2BYBVWRY',
    'DatosPresentacion': {
        'NIFPresentador': 'B74125311',
        'TimestampPre"
11262,1,in_invoice,S/FRA/2023/0198,23-0005,sent,"{
    'CSV': '9YFD84E8LMQ8L5A4',
    'DatosPresentacion': {
        'NIFPresentador': 'B74125311',
        'TimestampPre"
11152,1,in_invoice,S/FRA/2023/0196,95-200540,sent_modified,"{
    'CSV': 'G3W5RLCQKJT3RTPZ',
    'DatosPresentacion': {
        'NIFPresentador': 'B74125311',
        'TimestampPre"
11153,1,in_invoice,S/FRA/2023/0195,95-200448,sent,"{
    'CSV': '4S3DDA8ZRGUXC5ZF',
    'DatosPresentacion': {
        'NIFPresentador': 'B74125311',
        'TimestampPre"
11151,1,in_invoice,S/FRA/2023/0194,38/22,sent,"{
    'CSV': '9KJGX4FHY86YMN93',
    'DatosPresentacion': {
        'NIFPresentador': 'B74125311',
        'TimestampPre"
11154,1,in_invoice,S/FRA/2023/0193,7249775-A-3182,sent,"{
    'CSV': '93WRUWL54NRR733D',
    'DatosPresentacion': {
        'NIFPresentador': 'B74125311',
        'TimestampPre"
11148,1,in_invoice,S/FRA/2023/0192,A-V2022-00004597862,sent,"{
    'CSV': 'S97BTQWEQFQASRSD',
    'DatosPresentacion': {
        'NIFPresentador': 'B74125311',
        'TimestampPre"
11150,1,in_invoice,S/FRA/2023/0191,138,sent,"{
    'CSV': 'ZLEV4QCGTE577Y5U',
    'DatosPresentacion': {
        'NIFPresentador': 'B74125311',
        'TimestampPre"
11159,1,in_invoice,S/FRA/2023/0190,1 000581,sent,"{
    'CSV': '9EFXW7SRP9S567X2',
    'DatosPresentacion': {
        'NIFPresentador': 'B74125311',
        'TimestampPre"
11158,1,in_invoice,S/FRA/2023/0189,AST/DUP/209,sent,"{
    'CSV': 'E8KM46WMPZAA4SWL',
    'DatosPresentacion': {
        'NIFPresentador': 'B74125311',
        'TimestampPre"
11265,1,in_invoice,S/FRA/2023/0187,F230048108,sent,"{
    'CSV': 'MR47R89DS6G6BUJ8',
    'DatosPresentacion': {
        'NIFPresentador': 'B74125311',
        'TimestampPre"
10658,1,in_invoice,S/FRA/2023/0181,F23-008774,sent_modified,"{
    'CSV': 'RZ4AWPGJGCX53FZK',
    'DatosPresentacion': {
        'NIFPresentador': 'B74125311',
        'TimestampPre"
11104,1,in_invoice,S/FRA/2023/0179,20220423,sent,"{
    'CSV': '6R73R9ET9ECSNLMN',
    'DatosPresentacion': {
        'NIFPresentador': 'B74125311',
        'TimestampPre"
11138,1,in_invoice,S/FRA/2023/0178,OVIE-230022,sent,"{
    'CSV': 'W8CU6VZ5856PDVKP',
    'DatosPresentacion': {
        'NIFPresentador': 'B74125311',
        'TimestampPre"
11125,1,in_invoice,S/FRA/2023/0177,T/3394,sent,"{
    'CSV': 'FQEPXB4W7U8MNFXQ',
    'DatosPresentacion': {
        'NIFPresentador': 'B74125311',
        'TimestampPre"
11112,1,in_invoice,S/FRA/2023/0175,7249775-A-3076,sent,"{
    'CSV': '998X8RYL2XTC29MU',
    'DatosPresentacion': {
        'NIFPresentador': 'B74125311',
        'TimestampPre"
11139,1,in_invoice,S/FRA/2023/0174,230117,sent_w_errors,2024 | El valor de ImporteTotal no coincide con el sumatorio de Bas
11124,1,in_invoice,S/FRA/2023/0173,274256,sent,"{
    'CSV': '88P8842WBBXTVNDL',
    'DatosPresentacion': {
        'NIFPresentador': 'B74125311',
        'TimestampPre"
11116,1,in_invoice,S/FRA/2023/0172,2023-37,sent,"{
    'CSV': 'ZTBU2BXQ8H32TR44',
    'DatosPresentacion': {
        'NIFPresentador': 'B74125311',
        'TimestampPre"
11091,1,in_invoice,S/FRA/2023/0171,A/22-0233,sent,"{
    'CSV': '96F89R83DW7BCCBH',
    'DatosPresentacion': {
        'NIFPresentador': 'B74125311',
        'TimestampPre"
11090,1,in_invoice,S/FRA/2023/0170,A/22-0223,sent,"{
    'CSV': '3CQ4ZBV4JALAVN32',
    'DatosPresentacion': {
        'NIFPresentador': 'B74125311',
        'TimestampPre"
11115,1,in_invoice,S/FRA/2023/0169,4,sent,"{
    'CSV': 'TXGD5U79TYUL2ALC',
    'DatosPresentacion': {
        'NIFPresentador': 'B74125311',
        'TimestampPre"
10659,1,in_invoice,S/FRA/2023/0168,9,sent_modified,"{
    'CSV': '54WNQQHU3ZGUSQTA',
    'DatosPresentacion': {
        'NIFPresentador': 'B74125311',
        'TimestampPre"
11094,1,in_invoice,S/FRA/2023/0167,UN-35/23,sent,"{
    'CSV': 'UUS6TQBSHFSJ5D5M',
    'DatosPresentacion': {
        'NIFPresentador': 'B74125311',
        'TimestampPre"
11110,1,in_invoice,S/FRA/2023/0166,95-198974,sent,"{
    'CSV': '3T6GV5EZ3KZ6SX98',
    'DatosPresentacion': {
        'NIFPresentador': 'B74125311',
        'TimestampPre"
11113,1,in_invoice,S/FRA/2023/0165,95-198973,sent,"{
    'CSV': 'BYEZCGLHPK9DL35H',
    'DatosPresentacion': {
        'NIFPresentador': 'B74125311',
        'TimestampPre"
11111,1,in_invoice,S/FRA/2023/0164,95-198976,sent,"{
    'CSV': '3PYTMBTJNMASTUCS',
    'DatosPresentacion': {
        'NIFPresentador': 'B74125311',
        'TimestampPre"
11122,1,in_invoice,S/FRA/2023/0163,15,sent,"{
    'CSV': 'LUT56QZQA49FHZAV',
    'DatosPresentacion': {
        'NIFPresentador': 'B74125311',
        'TimestampPre"
11095,1,in_invoice,S/FRA/2023/0162,11,sent,"{
    'CSV': '9A8Q3U6V6TJVRZ9E',
    'DatosPresentacion': {
        'NIFPresentador': 'B74125311',
        'TimestampPre"
10942,1,in_invoice,S/FRA/2023/0161,23003814,sent,"{
    'CSV': 'BMPDB2JZJUFY6592',
    'DatosPresentacion': {
        'NIFPresentador': 'B74125311',
        'TimestampPre"
11123,1,in_invoice,S/FRA/2023/0160,127,sent,"{
    'CSV': 'M94TGAZJWWYTUMD2',
    'DatosPresentacion': {
        'NIFPresentador': 'B74125311',
        'TimestampPre"
11109,1,in_invoice,S/FRA/2023/0159,112,sent,"{
    'CSV': 'N3SGDZSY9UGM8PVR',
    'DatosPresentacion': {
        'NIFPresentador': 'B74125311',
        'TimestampPre"
11088,1,in_invoice,S/FRA/2023/0157,O781880106074,sent,"{
    'CSV': '2486VHVVZL74S3GB',
    'DatosPresentacion': {
        'NIFPresentador': 'B74125311',
        'TimestampPre"
11089,1,in_invoice,S/FRA/2023/0156,5860,sent,"{
    'CSV': 'Q88KVA2ESRYSABJ4',
    'DatosPresentacion': {
        'NIFPresentador': 'B74125311',
        'TimestampPre"
11093,1,in_invoice,S/FRA/2023/0155,123000544,sent,"{
    'CSV': 'C66Y5WSM8BWPM3DU',
    'DatosPresentacion': {
        'NIFPresentador': 'B74125311',
        'TimestampPre"
11118,1,in_invoice,S/FRA/2023/0154,4/2023,sent,"{
    'CSV': 'ESY95DV943CTQNSZ',
    'DatosPresentacion': {
        'NIFPresentador': 'B74125311',
        'TimestampPre"
10939,1,in_invoice,S/FRA/2023/0153,2023 A 0000027,sent,"{
    'CSV': '5R35R8P4CWFRAHF7',
    'DatosPresentacion': {
        'NIFPresentador': 'B74125311',
        'TimestampPre"
11108,1,in_invoice,S/FRA/2023/0152,09412001070,sent,"{
    'CSV': 'BF39XWFURAK4CJ2V',
    'DatosPresentacion': {
        'NIFPresentador': 'B74125311',
        'TimestampPre"
11098,1,in_invoice,S/FRA/2023/0151,09422005293,sent,"{
    'CSV': 'DBYDHE3RDDCTNM8Q',
    'DatosPresentacion': {
        'NIFPresentador': 'B74125311',
        'TimestampPre"
11107,1,in_invoice,S/FRA/2023/0150,09412001005,sent,"{
    'CSV': '9EMMSWNHAUF4JPTS',
    'DatosPresentacion': {
        'NIFPresentador': 'B74125311',
        'TimestampPre"
11140,1,in_invoice,S/FRA/2023/0149,1 22 0005 0003676766,sent,"{
    'CSV': 'PJLSUXPCXGPFTKF8',
    'DatosPresentacion': {
        'NIFPresentador': 'B74125311',
        'TimestampPre"
11137,1,in_invoice,S/FRA/2023/0148,1 22 0005 0003831768,sent,"{
    'CSV': 'BCGNTK7TYDEWBQKE',
    'DatosPresentacion': {
        'NIFPresentador': 'B74125311',
        'TimestampPre"
11136,1,in_invoice,S/FRA/2023/0147,1 22 0005 0003818713,sent,"{
    'CSV': 'ACD4X258G4U5B4TE',
    'DatosPresentacion': {
        'NIFPresentador': 'B74125311',
        'TimestampPre"
11141,1,in_invoice,S/FRA/2023/0145,1 22 0005 0003677013,sent,"{
    'CSV': 'HPCXM4CW7XGFSZAK',
    'DatosPresentacion': {
        'NIFPresentador': 'B74125311',
        'TimestampPre"
11106,1,in_invoice,S/FRA/2023/0144,2022/00200/00000339,sent,"{
    'CSV': 'FZLSQH5WHEGR72SJ',
    'DatosPresentacion': {
        'NIFPresentador': 'B74125311',
        'TimestampPre"
11135,1,in_invoice,S/FRA/2023/0143,2022/00200/00000426,sent,"{
    'CSV': 'ZW72X6RYKAQHWR4V',
    'DatosPresentacion': {
        'NIFPresentador': 'B74125311',
        'TimestampPre"
11134,1,in_invoice,S/FRA/2023/0142,A/2737/2022,sent,"{
    'CSV': 'TTT4H27UYAGGL76A',
    'DatosPresentacion': {
        'NIFPresentador': 'B74125311',
        'TimestampPre"
10879,1,in_invoice,S/FRA/2023/0141,FRO20230219946,sent,"{
    'CSV': 'GUM52HFLLHN4AYPA',
    'DatosPresentacion': {
        'NIFPresentador': 'B74125311',
        'TimestampPre"
11105,1,in_invoice,S/FRA/2023/0140,176,sent,"{
    'CSV': 'RVNX8VV9EEM5M3ZU',
    'DatosPresentacion': {
        'NIFPresentador': 'B74125311',
        'TimestampPre"
11133,1,in_invoice,S/FRA/2023/0139,217,sent,"{
    'CSV': '4Z4CSB4BVX2RNV5W',
    'DatosPresentacion': {
        'NIFPresentador': 'B74125311',
        'TimestampPre"
11097,1,in_invoice,S/FRA/2023/0138,CIND/65012,sent,"{
    'CSV': 'RGBZNKUTK9ZKN3W8',
    'DatosPresentacion': {
        'NIFPresentador': 'B74125311',
        'TimestampPre"
11132,1,in_invoice,S/FRA/2023/0137,040/305945,sent,"{
    'CSV': 'K4RQGYSX85DQ6883',
    'DatosPresentacion': {
        'NIFPresentador': 'B74125311',
        'TimestampPre"
11117,1,in_invoice,S/FRA/2023/0136,2,sent,"{
    'CSV': 'HSDLZ8894SRMTQMA',
    'DatosPresentacion': {
        'NIFPresentador': 'B74125311',
        'TimestampPre"
10941,1,in_invoice,S/FRA/2023/0132,ES3823ABEY,sent_modified,"{
    'CSV': 'CBZBPP5T4EL6VCAS',
    'DatosPresentacion': {
        'NIFPresentador': 'B74125311',
        'TimestampPre"
10662,1,in_invoice,S/FRA/2023/0131,0001,sent,"{
    'CSV': 'T2YTYTYUA3NSNEY5',
    'DatosPresentacion': {
        'NIFPresentador': 'B74125311',
        'TimestampPre"
10660,1,in_invoice,S/FRA/2023/0130,01/2023,sent_modified,"{
    'CSV': '387MH9G7KXJNR36Z',
    'DatosPresentacion': {
        'NIFPresentador': 'B74125311',
        'TimestampPre"
10661,1,in_invoice,S/FRA/2023/0129,1 000117,sent,"{
    'CSV': 'PYGLFDFE7PQTG5HJ',
    'DatosPresentacion': {
        'NIFPresentador': 'B74125311',
        'TimestampPre"
10664,1,in_invoice,S/FRA/2023/0128,0002/2023,sent,"{
    'CSV': 'VUK8Y34LP5ABWF8W',
    'DatosPresentacion': {
        'NIFPresentador': 'B74125311',
        'TimestampPre"
10665,1,in_invoice,S/FRA/2023/0127,AF/1756/02,sent,"{
    'CSV': 'G9PG6KXE5EV5GF8R',
    'DatosPresentacion': {
        'NIFPresentador': 'B74125311',
        'TimestampPre"
10599,1,in_invoice,S/FRA/2023/0122,145640,sent,"{
    'CSV': '8TXZ67KKXBBR65VF',
    'DatosPresentacion': {
        'NIFPresentador': 'B74125311',
        'TimestampPre"
10604,1,in_invoice,S/FRA/2023/0121,4TM00117689,sent,"{
    'CSV': 'H53F2V7Y73PZPWPQ',
    'DatosPresentacion': {
        'NIFPresentador': 'B74125311',
        'TimestampPre"
10609,1,in_invoice,S/FRA/2023/0120,145771,sent,"{
    'CSV': 'DV33XS5HAYYNHMD5',
    'DatosPresentacion': {
        'NIFPresentador': 'B74125311',
        'TimestampPre"
10626,1,in_invoice,S/FRA/2023/0117,2/2023,sent_modified,"{
    'CSV': '5PWVMSAKSTFBQXPG',
    'DatosPresentacion': {
        'NIFPresentador': 'B74125311',
        'TimestampPre"
10636,1,in_invoice,S/FRA/2023/0111,1HSN230200295323,sent,"{
    'CSV': '53HF4448D3VZ58UV',
    'DatosPresentacion': {
        'NIFPresentador': 'B74125311',
        'TimestampPre"
10642,1,in_invoice,S/FRA/2023/0106,312-KF23-1768,sent,"{
    'CSV': 'JYC3GG8RNQXQGD5A',
    'DatosPresentacion': {
        'NIFPresentador': 'B74125311',
        'TimestampPre"
10649,1,in_invoice,S/FRA/2023/0101,A10017681098-0223,sent,"{
    'CSV': 'E2C8GN4283R8HAD9',
    'DatosPresentacion': {
        'NIFPresentador': 'B74125311',
        'TimestampPre"
10650,1,in_invoice,S/FRA/2023/0100,A10017719737-0223,sent,"{
    'CSV': '8KMEQHCFG88GMBLQ',
    'DatosPresentacion': {
        'NIFPresentador': 'B74125311',
        'TimestampPre"
10655,1,in_invoice,S/FRA/2023/0098,FD23-7435,sent,"{
    'CSV': '2THU57VWH3HWAAPC',
    'DatosPresentacion': {
        'NIFPresentador': 'B74125311',
        'TimestampPre"
10605,1,in_invoice,S/FRA/2023/0095,VF23-02-0116,sent,"{
    'CSV': 'C3SHBJKYHGB536HM',
    'DatosPresentacion': {
        'NIFPresentador': 'B74125311',
        'TimestampPre"
10374,1,in_invoice,S/FRA/2023/0089,A-162,sent,"{
    'CSV': 'AMC68ZEVGGW2TGDD',
    'DatosPresentacion': {
        'NIFPresentador': 'B74125311',
        'TimestampPre"
10372,1,in_invoice,S/FRA/2023/0085,03/2023/02,sent,"{
    'CSV': 'WKQXPXT92R7MT2KB',
    'DatosPresentacion': {
        'NIFPresentador': 'B74125311',
        'TimestampPre"
10600,1,in_invoice,S/FRA/2023/0083,D23 040,sent,"{
    'CSV': '25J5BQD6FE37DL3T',
    'DatosPresentacion': {
        'NIFPresentador': 'B74125311',
        'TimestampPre"
10608,1,in_invoice,S/FRA/2023/0081,AN263,sent,"{
    'CSV': 'FUP5VGHDPSSD5JBC',
    'DatosPresentacion': {
        'NIFPresentador': 'B74125311',
        'TimestampPre"
10607,1,in_invoice,S/FRA/2023/0080,F010-2023,sent,"{
    'CSV': '2289KZKG9HCWHFFE',
    'DatosPresentacion': {
        'NIFPresentador': 'B74125311',
        'TimestampPre"
10621,1,in_invoice,S/FRA/2023/0076,000027,sent,"{
    'CSV': '26ZVJPTR4YW279AS',
    'DatosPresentacion': {
        'NIFPresentador': 'B74125311',
        'TimestampPre"
10623,1,in_invoice,S/FRA/2023/0075,000029,sent,"{
    'CSV': '9TPRKYNKWEK8T3S5',
    'DatosPresentacion': {
        'NIFPresentador': 'B74125311',
        'TimestampPre"
10622,1,in_invoice,S/FRA/2023/0074,000028,sent,"{
    'CSV': 'QREGQMFLCMLN3NNB',
    'DatosPresentacion': {
        'NIFPresentador': 'B74125311',
        'TimestampPre"
10614,1,in_invoice,S/FRA/2023/0073,AF/1751/01,sent,"{
    'CSV': 'AKQLAKMSY5V2793A',
    'DatosPresentacion': {
        'NIFPresentador': 'B74125311',
        'TimestampPre"
10613,1,in_invoice,S/FRA/2023/0072,AF/1750/01,sent,"{
    'CSV': '44QWULU9SKNGHRCK',
    'DatosPresentacion': {
        'NIFPresentador': 'B74125311',
        'TimestampPre"
10612,1,in_invoice,S/FRA/2023/0071,AF/1749/01,sent,"{
    'CSV': 'MU5VAQ62LGFH4GWQ',
    'DatosPresentacion': {
        'NIFPresentador': 'B74125311',
        'TimestampPre"
10610,1,in_invoice,S/FRA/2023/0070,AF/1511/01,sent_modified,"{
    'CSV': '55R9GLY8P5F68FGD',
    'DatosPresentacion': {
        'NIFPresentador': 'B74125311',
        'TimestampPre"
10595,1,in_invoice,S/FRA/2023/0069,1/1,sent,"{
    'CSV': 'BX89HPT3A2XBJV8J',
    'DatosPresentacion': {
        'NIFPresentador': 'B74125311',
        'TimestampPre"
10592,1,in_invoice,S/FRA/2023/0068,ACT-3530,sent,"{
    'CSV': 'Z6DF88RKMDH2X6VZ',
    'DatosPresentacion': {
        'NIFPresentador': 'B74125311',
        'TimestampPre"
10603,1,in_invoice,S/FRA/2023/0065,2023-002,sent,"{
    'CSV': '7ZCBR2PS8D5XZ33V',
    'DatosPresentacion': {
        'NIFPresentador': 'B74125311',
        'TimestampPre"
10596,1,in_invoice,S/FRA/2023/0064,001/2023,sent,"{
    'CSV': 'UBPN6TRSSKX8W6XB',
    'DatosPresentacion': {
        'NIFPresentador': 'B74125311',
        'TimestampPre"
10601,1,in_invoice,S/FRA/2023/0063,03/2023,sent,"{
    'CSV': 'NFVR9BVGX69REP68',
    'DatosPresentacion': {
        'NIFPresentador': 'B74125311',
        'TimestampPre"
10602,1,in_invoice,S/FRA/2023/0061,LD 03/22,sent,"{
    'CSV': 'PGL34ZG6MMHVC2GU',
    'DatosPresentacion': {
        'NIFPresentador': 'B74125311',
        'TimestampPre"
10593,1,in_invoice,S/FRA/2023/0059,1/01,sent,"{
    'CSV': 'NAPN9KAL7Q66ZH7Q',
    'DatosPresentacion': {
        'NIFPresentador': 'B74125311',
        'TimestampPre"
10578,1,in_invoice,S/FRA/2023/0056,01,sent,"{
    'CSV': '5MH4K5NV4FHNLYW5',
    'DatosPresentacion': {
        'NIFPresentador': 'B74125311',
        'TimestampPre"
9516,1,in_invoice,S/FRA/2023/0052,FV21393,sent,"{
    'CSV': 'B8W3K5JGPKBR8ADV',
    'DatosPresentacion': {
        'NIFPresentador': 'B74125311',
        'TimestampPre"
11147,1,in_invoice,S/FRA/2022/1135,A-V2022-00004701585,sent,"{
    'CSV': '35377K44MMCYDU9H',
    'DatosPresentacion': {
        'NIFPresentador': 'B74125311',
        'TimestampPre"
11146,1,in_invoice,S/FRA/2022/1134,2022018823,sent,"{
    'CSV': 'MXQUW75GLCQRBNGY',
    'DatosPresentacion': {
        'NIFPresentador': 'B74125311',
        'TimestampPre"
11145,1,in_invoice,S/FRA/2022/1133,09422007721,sent,"{
    'CSV': 'E7WKDD98B2WJ8UCZ',
    'DatosPresentacion': {
        'NIFPresentador': 'B74125311',
        'TimestampPre"
11144,1,in_invoice,S/FRA/2022/1132,0070/01/2022/0000088,sent,"{
    'CSV': 'XRD2459RDRYBZKNR',
    'DatosPresentacion': {
        'NIFPresentador': 'B74125311',
        'TimestampPre"
11143,1,in_invoice,S/FRA/2022/1131,0070/01/2022/0000089,sent,"{
    'CSV': '2TY8UMNZRRCY7ML8',
    'DatosPresentacion': {
        'NIFPresentador': 'B74125311',
        'TimestampPre"
11142,1,in_refund,RS/FRA/2022/0007,D2022189200200000843,sent,"{
    'CSV': 'H9T4YCZMQMAC4JXT',
    'DatosPresentacion': {
        'NIFPresentador': 'B74125311',
        'TimestampPre"
10373,1,in_invoice,S/FRA/2023/0126,178/F,sent,"{
    'CSV': 'SQJSR52RUBUYZWX8',
    'DatosPresentacion': {
        'NIFPresentador': 'B74125311',
        'TimestampPre"
10376,1,in_invoice,S/FRA/2023/0125,000D001504,sent,"{
    'CSV': 'Q3SYH3USG3NSUZKW',
    'DatosPresentacion': {
        'NIFPresentador': 'B74125311',
        'TimestampPre"
10377,1,in_invoice,S/FRA/2023/0124,000D001502,sent,"{
    'CSV': 'PFX25L2TUCF7UZ2L',
    'DatosPresentacion': {
        'NIFPresentador': 'B74125311',
        'TimestampPre"
10551,1,in_invoice,S/FRA/2023/0123,10206,sent,"{
    'CSV': '7KR5NBAF99JF3FQX',
    'DatosPresentacion': {
        'NIFPresentador': 'B74125311',
        'TimestampPre"
10620,1,in_invoice,S/FRA/2023/0119,000G001985,sent,"{
    'CSV': 'W98HP4L8VZETTAP4',
    'DatosPresentacion': {
        'NIFPresentador': 'B74125311',
        'TimestampPre"
10625,1,in_invoice,S/FRA/2023/0118,001063,sent,"{
    'CSV': 'NRMGZARK6QKUWXTU',
    'DatosPresentacion': {
        'NIFPresentador': 'B74125311',
        'TimestampPre"
10631,1,in_invoice,S/FRA/2023/0116,E230022678,sent,"{
    'CSV': '22KHG3XRTCV3EZ2R',
    'DatosPresentacion': {
        'NIFPresentador': 'B74125311',
        'TimestampPre"
10632,1,in_invoice,S/FRA/2023/0115,D220058225,sent,"{
    'CSV': '7XYB4LF552KTFSXT',
    'DatosPresentacion': {
        'NIFPresentador': 'B74125311',
        'TimestampPre"
10633,1,in_invoice,S/FRA/2023/0114,1NSN221200149194,sent,"{
    'CSV': 'NX58LFBXM27MSLDX',
    'DatosPresentacion': {
        'NIFPresentador': 'B74125311',
        'TimestampPre"
10634,1,in_invoice,S/FRA/2023/0113,1NSN230100323829,sent,"{
    'CSV': 'TKDH92ELNUG8DX49',
    'DatosPresentacion': {
        'NIFPresentador': 'B74125311',
        'TimestampPre"
10635,1,in_invoice,S/FRA/2023/0112,1HSN221100521518,sent,"{
    'CSV': '7SEXC77WPAL83MZ2',
    'DatosPresentacion': {
        'NIFPresentador': 'B74125311',
        'TimestampPre"
10637,1,in_invoice,S/FRA/2023/0110,1HSN221100401387,sent,"{
    'CSV': 'VAEE6KLDZ23P3LA3',
    'DatosPresentacion': {
        'NIFPresentador': 'B74125311',
        'TimestampPre"
10638,1,in_invoice,S/FRA/2023/0109,1HSN230100324844,sent,"{
    'CSV': 'VWASQSL6SBE69DJZ',
    'DatosPresentacion': {
        'NIFPresentador': 'B74125311',
        'TimestampPre"
10640,1,in_invoice,S/FRA/2023/0108,312-KF22-16784,sent,"{
    'CSV': 'XRLPVCXF36J329AY',
    'DatosPresentacion': {
        'NIFPresentador': 'B74125311',
        'TimestampPre"
10641,1,in_invoice,S/FRA/2023/0107,312-KF23-431,sent,"{
    'CSV': 'GETP9NRVLGD8CLKJ',
    'DatosPresentacion': {
        'NIFPresentador': 'B74125311',
        'TimestampPre"
10645,1,in_invoice,S/FRA/2023/0105,A10017525741-1222,sent,"{
    'CSV': 'V5TZS7UX63FEC23F',
    'DatosPresentacion': {
        'NIFPresentador': 'B74125311',
        'TimestampPre"
10646,1,in_invoice,S/FRA/2023/0104,A10017565734-1222,sent,"{
    'CSV': 'BFDFQC4DRDQQ9APN',
    'DatosPresentacion': {
        'NIFPresentador': 'B74125311',
        'TimestampPre"
10647,1,in_invoice,S/FRA/2023/0103,A10017603114-0123,sent,"{
    'CSV': '9L7F6RFSLEL4DM6B',
    'DatosPresentacion': {
        'NIFPresentador': 'B74125311',
        'TimestampPre"
10648,1,in_invoice,S/FRA/2023/0102,A10017642939-0123,sent,"{
    'CSV': 'NDGWKJFVRVTUFQV4',
    'DatosPresentacion': {
        'NIFPresentador': 'B74125311',
        'TimestampPre"
10651,1,in_invoice,S/FRA/2023/0099,02/2023,sent,"{
    'CSV': 'WG5ZLK9NQATEV5WN',
    'DatosPresentacion': {
        'NIFPresentador': 'B74125311',
        'TimestampPre"
10375,1,in_invoice,S/FRA/2023/0097,FO3/149,sent,"{
    'CSV': 'JGKKGRK96FEWTNEH',
    'DatosPresentacion': {
        'NIFPresentador': 'B74125311',
        'TimestampPre"
10379,1,in_invoice,S/FRA/2023/0096,VF23-01-0328,sent,"{
    'CSV': 'Y4PZK2SRF3JVQM6K',
    'DatosPresentacion': {
        'NIFPresentador': 'B74125311',
        'TimestampPre"
10624,1,in_invoice,S/FRA/2023/0094,LD 01/23,sent,"{
    'CSV': 'Q3JS42E9ERHMSYJW',
    'DatosPresentacion': {
        'NIFPresentador': 'B74125311',
        'TimestampPre"
10552,1,in_invoice,S/FRA/2023/0093,A2300440,sent,"{
    'CSV': 'LZTJRT6CU6DQ8H6A',
    'DatosPresentacion': {
        'NIFPresentador': 'B74125311',
        'TimestampPre"
10652,1,in_invoice,S/FRA/2023/0092,02/2023,sent,"{
    'CSV': 'LSG46SCXDSUJWJJ3',
    'DatosPresentacion': {
        'NIFPresentador': 'B74125311',
        'TimestampPre"
10653,1,in_invoice,S/FRA/2023/0091,01/2023,sent,"{
    'CSV': 'PV3HL577679JHWNC',
    'DatosPresentacion': {
        'NIFPresentador': 'B74125311',
        'TimestampPre"
10654,1,in_invoice,S/FRA/2023/0090,2023000050,sent,"{
    'CSV': 'J69YFD9QKNXB7HKN',
    'DatosPresentacion': {
        'NIFPresentador': 'B74125311',
        'TimestampPre"
10380,1,in_invoice,S/FRA/2023/0088,23/16,sent,"{
    'CSV': '9SE7E74NW7ZAJ7N9',
    'DatosPresentacion': {
        'NIFPresentador': 'B74125311',
        'TimestampPre"
10382,1,in_invoice,S/FRA/2023/0087,23/17,sent,"{
    'CSV': 'SE5CSE2B3FNWNW4H',
    'DatosPresentacion': {
        'NIFPresentador': 'B74125311',
        'TimestampPre"
10381,1,in_invoice,S/FRA/2023/0086,23/63,sent,"{
    'CSV': 'L2LUEP4GHXGAHBQX',
    'DatosPresentacion': {
        'NIFPresentador': 'B74125311',
        'TimestampPre"
10371,1,in_invoice,S/FRA/2023/0084,FA 230106,sent,"{
    'CSV': 'NBX483JYQV6XWZE8',
    'DatosPresentacion': {
        'NIFPresentador': 'B74125311',
        'TimestampPre"
10550,1,in_invoice,S/FRA/2023/0082,330001020230112000201,sent,"{
    'CSV': 'TEQ8LWAMRRH4XZRG',
    'DatosPresentacion': {
        'NIFPresentador': 'B74125311',
        'TimestampPre"
10598,1,in_invoice,S/FRA/2023/0079,23234,sent,"{
    'CSV': 'F6H62NMQGNTF834V',
    'DatosPresentacion': {
        'NIFPresentador': 'B74125311',
        'TimestampPre"
10630,1,in_invoice,S/FRA/2023/0078,FD23-3182,sent,"{
    'CSV': 'VTH8VBE6MTDBKQJV',
    'DatosPresentacion': {
        'NIFPresentador': 'B74125311',
        'TimestampPre"
10627,1,in_invoice,S/FRA/2023/0077,18742301P0005669,sent,"{
    'CSV': '2BSJQ7TCM4LT4XTX',
    'DatosPresentacion': {
        'NIFPresentador': 'B74125311',
        'TimestampPre"
10577,1,in_invoice,S/FRA/2023/0067,OVIE-230001,sent,"{
    'CSV': 'V5VU85JMB2FXVLZY',
    'DatosPresentacion': {
        'NIFPresentador': 'B74125311',
        'TimestampPre"
10597,1,in_invoice,S/FRA/2023/0066,1/2023,sent,"{
    'CSV': 'L79MWTR6XGJYPUQX',
    'DatosPresentacion': {
        'NIFPresentador': 'B74125311',
        'TimestampPre"
10572,1,in_invoice,S/FRA/2023/0062,23-0003,sent,"{
    'CSV': 'HSDA7N4A8S57UG4H',
    'DatosPresentacion': {
        'NIFPresentador': 'B74125311',
        'TimestampPre"
10591,1,in_invoice,S/FRA/2023/0060,426,sent,"{
    'CSV': 'MZN97RZYTYAEK2YM',
    'DatosPresentacion': {
        'NIFPresentador': 'B74125311',
        'TimestampPre"
10589,1,in_invoice,S/FRA/2023/0058,19,sent,"{
    'CSV': 'BR52WNH664Y8XHSD',
    'DatosPresentacion': {
        'NIFPresentador': 'B74125311',
        'TimestampPre"
10590,1,in_invoice,S/FRA/2023/0057,18,sent,"{
    'CSV': 'ZJUM49NNEXDF2FAE',
    'DatosPresentacion': {
        'NIFPresentador': 'B74125311',
        'TimestampPre"
9478,1,in_invoice,S/FRA/2023/0055,17294,sent,"{
    'CSV': 'MT47KHZHMZYP7JLY',
    'DatosPresentacion': {
        'NIFPresentador': 'B74125311',
        'TimestampPre"
9503,1,in_invoice,S/FRA/2023/0054,INV-063471,sent_modified,"{
    'CSV': '8F4CR2MX9ARXCMY9',
    'DatosPresentacion': {
        'NIFPresentador': 'B74125311',
        'TimestampPre"
9494,1,in_invoice,S/FRA/2023/0053,06/22,sent,"{
    'CSV': 'PWQUZDD6E56GMR3U',
    'DatosPresentacion': {
        'NIFPresentador': 'B74125311',
        'TimestampPre"
9464,1,in_invoice,S/FRA/2023/0051,3-23,sent,"{
    'CSV': '6VKTU38HT7YNGFWS',
    'DatosPresentacion': {
        'NIFPresentador': 'B74125311',
        'TimestampPre"
9481,1,in_invoice,S/FRA/2023/0050,TRK-23-0045,sent,"{
    'CSV': '6VNQGDK3P7EEXCKX',
    'DatosPresentacion': {
        'NIFPresentador': 'B74125311',
        'TimestampPre"
9487,1,in_invoice,S/FRA/2023/0049,TRK-23-0051,sent,"{
    'CSV': 'PBKAYGXT3J7SMTG7',
    'DatosPresentacion': {
        'NIFPresentador': 'B74125311',
        'TimestampPre"
9482,1,in_invoice,S/FRA/2023/0048,TRK-23-0046,sent,"{
    'CSV': 'SBPXEYKFLMBNNLWL',
    'DatosPresentacion': {
        'NIFPresentador': 'B74125311',
        'TimestampPre"
9480,1,in_invoice,S/FRA/2023/0047,TRK-23-0044,sent,"{
    'CSV': '6EJQA3J86AZ94G59',
    'DatosPresentacion': {
        'NIFPresentador': 'B74125311',
        'TimestampPre"
9484,1,in_invoice,S/FRA/2023/0046,TRK-23-0048,sent,"{
    'CSV': 'U5LX49YFMVHXHLW6',
    'DatosPresentacion': {
        'NIFPresentador': 'B74125311',
        'TimestampPre"
9486,1,in_invoice,S/FRA/2023/0045,TRK-23-0050,sent,"{
    'CSV': 'A4QR3DWR2P2PXTWL',
    'DatosPresentacion': {
        'NIFPresentador': 'B74125311',
        'TimestampPre"
9485,1,in_invoice,S/FRA/2023/0044,TRK-23-0049,sent,"{
    'CSV': 'VSJEPBNFW8PWJMAK',
    'DatosPresentacion': {
        'NIFPresentador': 'B74125311',
        'TimestampPre"
9483,1,in_invoice,S/FRA/2023/0043,TRK-23-0047,sent,"{
    'CSV': 'UP4JLLDSPNBGWX6T',
    'DatosPresentacion': {
        'NIFPresentador': 'B74125311',
        'TimestampPre"
9479,1,in_invoice,S/FRA/2023/0042,734,sent,"{
    'CSV': '898MLQKUBSNJ9KHP',
    'DatosPresentacion': {
        'NIFPresentador': 'B74125311',
        'TimestampPre"
9492,1,in_invoice,S/FRA/2023/0041,CJ1/2023,sent,"{
    'CSV': '6GKDJHY6SQQH2ZVP',
    'DatosPresentacion': {
        'NIFPresentador': 'B74125311',
        'TimestampPre"
9506,1,in_invoice,S/FRA/2023/0040,CJ2/2023,sent,"{
    'CSV': 'KNH582C8H42E3XPW',
    'DatosPresentacion': {
        'NIFPresentador': 'B74125311',
        'TimestampPre"
9475,1,in_invoice,S/FRA/2023/0039,4TM00116549,sent,"{
    'CSV': 'PXEV7LMLEYEXK429',
    'DatosPresentacion': {
        'NIFPresentador': 'B74125311',
        'TimestampPre"
9474,1,in_invoice,S/FRA/2023/0038,4TM00117053,sent,"{
    'CSV': 'MJEHQ6YSEFMFDXUA',
    'DatosPresentacion': {
        'NIFPresentador': 'B74125311',
        'TimestampPre"
9473,1,in_invoice,S/FRA/2023/0037,4TM00116076,sent,"{
    'CSV': '28FBV5CXMY7G9QFT',
    'DatosPresentacion': {
        'NIFPresentador': 'B74125311',
        'TimestampPre"
9472,1,in_invoice,S/FRA/2023/0036,4TM00116051,sent,"{
    'CSV': 'N5WWQZ3BXXGCAJP3',
    'DatosPresentacion': {
        'NIFPresentador': 'B74125311',
        'TimestampPre"
9471,1,in_invoice,S/FRA/2023/0035,4TM00114813,sent,"{
    'CSV': 'BLRC4958TDGEU76N',
    'DatosPresentacion': {
        'NIFPresentador': 'B74125311',
        'TimestampPre"
9476,1,in_invoice,S/FRA/2023/0034,4TM00116472,sent,"{
    'CSV': '95L6A45ZMJULGMBB',
    'DatosPresentacion': {
        'NIFPresentador': 'B74125311',
        'TimestampPre"
9489,1,in_invoice,S/FRA/2023/0033,2022-032,sent,"{
    'CSV': 'NJE4CQBS8CMWF3SQ',
    'DatosPresentacion': {
        'NIFPresentador': 'B74125311',
        'TimestampPre"
9507,1,in_invoice,S/FRA/2023/0032,A/23-0008,sent,"{
    'CSV': 'AP3HGB7TRP8STPP3',
    'DatosPresentacion': {
        'NIFPresentador': 'B74125311',
        'TimestampPre"
9469,1,in_invoice,S/FRA/2023/0031,54203,sent,"{
    'CSV': 'ZKTPE7TQ9RYSS9HW',
    'DatosPresentacion': {
        'NIFPresentador': 'B74125311',
        'TimestampPre"
10383,1,in_invoice,S/FRA/2023/0030,FA22/570,sent,"{
    'CSV': '6JSXA4A6HEH5AL3R',
    'DatosPresentacion': {
        'NIFPresentador': 'B74125311',
        'TimestampPre"
9466,1,in_invoice,S/FRA/2023/0029,UN-15/23,sent,"{
    'CSV': 'NSY2DFP9SKF9YW2Z',
    'DatosPresentacion': {
        'NIFPresentador': 'B74125311',
        'TimestampPre"
9465,1,in_invoice,S/FRA/2023/0028,1,sent,"{
    'CSV': 'HUSAD96B7CNBGSD2',
    'DatosPresentacion': {
        'NIFPresentador': 'B74125311',
        'TimestampPre"
9488,1,in_invoice,S/FRA/2023/0025,123000207,sent,"{
    'CSV': 'QWPBSREV7FAW8QJH',
    'DatosPresentacion': {
        'NIFPresentador': 'B74125311',
        'TimestampPre"
9467,1,in_invoice,S/FRA/2023/0024,03/2023/01,sent,"{
    'CSV': 'LP6BQEV3RNKZ966D',
    'DatosPresentacion': {
        'NIFPresentador': 'B74125311',
        'TimestampPre"
9470,1,in_invoice,S/FRA/2023/0023,2391,sent,"{
    'CSV': 'BASJDFJFLYZY7MUM',
    'DatosPresentacion': {
        'NIFPresentador': 'B74125311',
        'TimestampPre"
9496,1,in_invoice,S/FRA/2023/0022,02/2023,sent,"{
    'CSV': 'NF2PFDLDA8CE62QK',
    'DatosPresentacion': {
        'NIFPresentador': 'B74125311',
        'TimestampPre"
9495,1,in_invoice,S/FRA/2023/0021,05/2023,sent,"{
    'CSV': 'WPMWBEPJPYQGDQQ9',
    'DatosPresentacion': {
        'NIFPresentador': 'B74125311',
        'TimestampPre"
9501,1,in_invoice,S/FRA/2023/0020,09/2023,sent,"{
    'CSV': 'NLCEUMRM5VJGC9NM',
    'DatosPresentacion': {
        'NIFPresentador': 'B74125311',
        'TimestampPre"
9497,1,in_invoice,S/FRA/2023/0019,01/2023,sent,"{
    'CSV': '8U8LXF3NHBCB3VJ9',
    'DatosPresentacion': {
        'NIFPresentador': 'B74125311',
        'TimestampPre"
9500,1,in_invoice,S/FRA/2023/0018,08/2023,sent,"{
    'CSV': 'LCSTNXM6JCD8J7AT',
    'DatosPresentacion': {
        'NIFPresentador': 'B74125311',
        'TimestampPre"
9498,1,in_invoice,S/FRA/2023/0017,03/2023,sent,"{
    'CSV': 'VFFLEM5J5ANU9ZT5',
    'DatosPresentacion': {
        'NIFPresentador': 'B74125311',
        'TimestampPre"
9499,1,in_invoice,S/FRA/2023/0016,04/2023,sent,"{
    'CSV': 'GSKD67N7VU3P7ACW',
    'DatosPresentacion': {
        'NIFPresentador': 'B74125311',
        'TimestampPre"
9504,1,in_invoice,S/FRA/2023/0015,12/EL,sent,"{
    'CSV': 'Y83H8L5Y9BDT4X75',
    'DatosPresentacion': {
        'NIFPresentador': 'B74125311',
        'TimestampPre"
9493,1,in_invoice,S/FRA/2023/0014,Z-05,sent,"{
    'CSV': 'JDV4DBEPUJTTDV3C',
    'DatosPresentacion': {
        'NIFPresentador': 'B74125311',
        'TimestampPre"
9502,1,in_invoice,S/FRA/2023/0013,02/2023,sent,"{
    'CSV': '9F2MJ6YHVXLZ85BD',
    'DatosPresentacion': {
        'NIFPresentador': 'B74125311',
        'TimestampPre"
9468,1,in_invoice,S/FRA/2023/0012,2022000681,sent,"{
    'CSV': 'BQN6YE9QKZWG483Q',
    'DatosPresentacion': {
        'NIFPresentador': 'B74125311',
        'TimestampPre"
10367,1,in_invoice,S/FRA/2023/0011,OO2023-01,sent,"{
    'CSV': '3CS27F4MSTBGRD3V',
    'DatosPresentacion': {
        'NIFPresentador': 'B74125311',
        'TimestampPre"
9330,1,in_invoice,S/FRA/2023/0010,84/EST,sent,"{
    'CSV': 'V4FB3TXGT6PMMKJD',
    'DatosPresentacion': {
        'NIFPresentador': 'B74125311',
        'TimestampPre"
9329,1,in_invoice,S/FRA/2023/0009,230005,sent,"{
    'CSV': '9A9YM25G8QQGW7DM',
    'DatosPresentacion': {
        'NIFPresentador': 'B74125311',
        'TimestampPre"
9265,1,in_invoice,S/FRA/2023/0007,FD23-1382,sent,"{
    'CSV': 'YUFT645EFRZR3AMX',
    'DatosPresentacion': {
        'NIFPresentador': 'B74125311',
        'TimestampPre"
9268,1,in_invoice,S/FRA/2023/0006,FD23-510,sent,"{
    'CSV': 'KFZDCNSA6QFHN5TN',
    'DatosPresentacion': {
        'NIFPresentador': 'B74125311',
        'TimestampPre"
9273,1,in_invoice,S/FRA/2023/0005,A230000003,sent,"{
    'CSV': '4PGG8YJ3JPCGPPUG',
    'DatosPresentacion': {
        'NIFPresentador': 'B74125311',
        'TimestampPre"
9213,1,in_invoice,S/FRA/2023/0004,FV21371,sent,"{
    'CSV': '8CTS5SMW663KKPRM',
    'DatosPresentacion': {
        'NIFPresentador': 'B74125311',
        'TimestampPre"
9223,1,in_invoice,S/FRA/2023/0003,20230006,sent,"{
    'CSV': 'B6LZRC3RPPT42QC5',
    'DatosPresentacion': {
        'NIFPresentador': 'B74125311',
        'TimestampPre"
9229,1,in_invoice,S/FRA/2023/0002,P01/2023,sent,"{
    'CSV': 'LNLCX9FG6CUZYP9N',
    'DatosPresentacion': {
        'NIFPresentador': 'B74125311',
        'TimestampPre"
9250,1,in_invoice,S/FRA/2023/0001,0003-2023,sent,"{
    'CSV': 'WTTPFTDJKX59BUYN',
    'DatosPresentacion': {
        'NIFPresentador': 'B74125311',
        'TimestampPre"
11423,1,in_invoice,S/FRA/2022/1136,A2209307,not_sent,
8515,1,in_invoice,S/FRA/2022/1130,4-2022,sent,"{
    'CSV': 'ZF9RYVU8YLKSWFP5',
    'DatosPresentacion': {
        'NIFPresentador': 'B74125311',
        'TimestampPre"
9286,1,in_invoice,S/FRA/2022/1129,4200138070,sent,"{
    'CSV': '9UTPNTJ7ZW99RU2T',
    'DatosPresentacion': {
        'NIFPresentador': 'B74125311',
        'TimestampPre"
9288,1,in_invoice,S/FRA/2022/1128,F579919,sent,"{
    'CSV': '9BMHTMWXLEP7TDN7',
    'DatosPresentacion': {
        'NIFPresentador': 'B74125311',
        'TimestampPre"
9289,1,in_invoice,S/FRA/2022/1127,FO2/1905,sent,"{
    'CSV': 'J5ZDYHJMZ7KC2SLX',
    'DatosPresentacion': {
        'NIFPresentador': 'B74125311',
        'TimestampPre"
9293,1,in_invoice,S/FRA/2022/1126,377,sent,"{
    'CSV': 'XQ9EPH5L7GH3E8AJ',
    'DatosPresentacion': {
        'NIFPresentador': 'B74125311',
        'TimestampPre"
9294,1,in_invoice,S/FRA/2022/1125,378,sent,"{
    'CSV': 'EQ6DUBQ34WJJKTRM',
    'DatosPresentacion': {
        'NIFPresentador': 'B74125311',
        'TimestampPre"
9295,1,in_invoice,S/FRA/2022/1124,FO2/2115,sent,"{
    'CSV': 'XS7DREUB69WMUYL6',
    'DatosPresentacion': {
        'NIFPresentador': 'B74125311',
        'TimestampPre"
9296,1,in_invoice,S/FRA/2022/1123,000D001266,sent,"{
    'CSV': 'CWGZSHTL9F63P44L',
    'DatosPresentacion': {
        'NIFPresentador': 'B74125311',
        'TimestampPre"
9297,1,in_invoice,S/FRA/2022/1122,000D001265,sent,"{
    'CSV': '52MUPMSZF5MJSG5L',
    'DatosPresentacion': {
        'NIFPresentador': 'B74125311',
        'TimestampPre"
9298,1,in_invoice,S/FRA/2022/1121,000G001700,sent,"{
    'CSV': '3VVDDTSTNYG75D49',
    'DatosPresentacion': {
        'NIFPresentador': 'B74125311',
        'TimestampPre"
9299,1,in_invoice,S/FRA/2022/1120,00006773,sent,"{
    'CSV': 'DKCKLQ4T883P2XSA',
    'DatosPresentacion': {
        'NIFPresentador': 'B74125311',
        'TimestampPre"
9300,1,in_invoice,S/FRA/2022/1119,22/799,sent,"{
    'CSV': '55YPL3VBEX36RFR7',
    'DatosPresentacion': {
        'NIFPresentador': 'B74125311',
        'TimestampPre"
9301,1,in_invoice,S/FRA/2022/1118,22/800,sent,"{
    'CSV': '6UWHBKYWWJSP3MZD',
    'DatosPresentacion': {
        'NIFPresentador': 'B74125311',
        'TimestampPre"
9303,1,in_invoice,S/FRA/2022/1117,22/802,sent,"{
    'CSV': 'QV4N96TGKXWURKFB',
    'DatosPresentacion': {
        'NIFPresentador': 'B74125311',
        'TimestampPre"
9308,1,in_invoice,S/FRA/2022/1116,A000031625,sent,"{
    'CSV': 'T95AKB9RXLAERGKQ',
    'DatosPresentacion': {
        'NIFPresentador': 'B74125311',
        'TimestampPre"
9309,1,in_invoice,S/FRA/2022/1115,VF22-12-0089,sent,"{
    'CSV': 'AL96CN5H857FZ8NG',
    'DatosPresentacion': {
        'NIFPresentador': 'B74125311',
        'TimestampPre"
9310,1,in_invoice,S/FRA/2022/1114,2022 A 0000244,sent,"{
    'CSV': '6KGJHYWXPT5BBK37',
    'DatosPresentacion': {
        'NIFPresentador': 'B74125311',
        'TimestampPre"
9311,1,in_invoice,S/FRA/2022/1113,001640,sent,"{
    'CSV': '7FQEJ8L7Z3B35JMZ',
    'DatosPresentacion': {
        'NIFPresentador': 'B74125311',
        'TimestampPre"
9313,1,in_invoice,S/FRA/2022/1112,22/896,sent,"{
    'CSV': 'EFB62KZ8834EUPV4',
    'DatosPresentacion': {
        'NIFPresentador': 'B74125311',
        'TimestampPre"
9314,1,in_invoice,S/FRA/2022/1111,22/895,sent,"{
    'CSV': 'PT3SYC3997PJA64G',
    'DatosPresentacion': {
        'NIFPresentador': 'B74125311',
        'TimestampPre"
9315,1,in_invoice,S/FRA/2022/1110,22/897,sent,"{
    'CSV': 'CBELAK43GFSA4WK5',
    'DatosPresentacion': {
        'NIFPresentador': 'B74125311',
        'TimestampPre"
9316,1,in_invoice,S/FRA/2022/1109,22/898,sent,"{
    'CSV': 'MVM6EV84PNU5S78Y',
    'DatosPresentacion': {
        'NIFPresentador': 'B74125311',
        'TimestampPre"
9318,1,in_invoice,S/FRA/2022/1108,22/900,sent,"{
    'CSV': '8BPBECJR62TQP5VW',
    'DatosPresentacion': {
        'NIFPresentador': 'B74125311',
        'TimestampPre"
9319,1,in_invoice,S/FRA/2022/1107,FO2/2273,sent,"{
    'CSV': 'X5YA7H6USPS5SXUE',
    'DatosPresentacion': {
        'NIFPresentador': 'B74125311',
        'TimestampPre"
9320,1,in_invoice,S/FRA/2022/1106,000D001363,sent,"{
    'CSV': 'TDNPX4YMZRF48Q3U',
    'DatosPresentacion': {
        'NIFPresentador': 'B74125311',
        'TimestampPre"
9321,1,in_invoice,S/FRA/2022/1105,FRO20230008911,sent,"{
    'CSV': '388D6V3J447NJTPS',
    'DatosPresentacion': {
        'NIFPresentador': 'B74125311',
        'TimestampPre"
9328,1,in_invoice,S/FRA/2022/1104,2022-571,sent,"{
    'CSV': 'K2T99VDESPV2WYT7',
    'DatosPresentacion': {
        'NIFPresentador': 'B74125311',
        'TimestampPre"
9160,1,in_invoice,S/FRA/2022/1103,966,sent,"{
    'CSV': '7V86MQDNDJLDDRU3',
    'DatosPresentacion': {
        'NIFPresentador': 'B74125311',
        'TimestampPre"
9161,1,in_invoice,S/FRA/2022/1102,967,sent,"{
    'CSV': 'ABQ8FZGNBTTBZQM3',
    'DatosPresentacion': {
        'NIFPresentador': 'B74125311',
        'TimestampPre"
9162,1,in_invoice,S/FRA/2022/1101,969,sent,"{
    'CSV': 'Q3YR6UG2DJL86VDC',
    'DatosPresentacion': {
        'NIFPresentador': 'B74125311',
        'TimestampPre"
9164,1,in_invoice,S/FRA/2022/1100,976,sent,"{
    'CSV': 'YXQRXB3YHUF7WYLA',
    'DatosPresentacion': {
        'NIFPresentador': 'B74125311',
        'TimestampPre"
9165,1,in_invoice,S/FRA/2022/1099,977,sent,"{
    'CSV': 'SWSNUHLNNFDKSJU4',
    'DatosPresentacion': {
        'NIFPresentador': 'B74125311',
        'TimestampPre"
9166,1,in_invoice,S/FRA/2022/1098,981,sent,"{
    'CSV': 'JC9MAUDKXW5ECAA5',
    'DatosPresentacion': {
        'NIFPresentador': 'B74125311',
        'TimestampPre"
9290,1,in_invoice,S/FRA/2022/1096,A-1304,sent,"{
    'CSV': 'ELGTKKRB63Z94TMN',
    'DatosPresentacion': {
        'NIFPresentador': 'B74125311',
        'TimestampPre"
9291,1,in_invoice,S/FRA/2022/1095,353,sent,"{
    'CSV': 'W42RB87AG6CJZYJW',
    'DatosPresentacion': {
        'NIFPresentador': 'B74125311',
        'TimestampPre"
9292,1,in_invoice,S/FRA/2022/1094,354,sent,"{
    'CSV': 'WAJ8NU4AWZBEHZQ5',
    'DatosPresentacion': {
        'NIFPresentador': 'B74125311',
        'TimestampPre"
9302,1,in_invoice,S/FRA/2022/1093,22/801,sent,"{
    'CSV': '5ZUCU88C6TM2Y4S2',
    'DatosPresentacion': {
        'NIFPresentador': 'B74125311',
        'TimestampPre"
9304,1,in_invoice,S/FRA/2022/1092,389,sent,"{
    'CSV': 'B2G22D9WZEPGULL2',
    'DatosPresentacion': {
        'NIFPresentador': 'B74125311',
        'TimestampPre"
9305,1,in_invoice,S/FRA/2022/1091,388,sent_modified,"{
    'CSV': '7CYE2JS2H4UZ2XVQ',
    'DatosPresentacion': {
        'NIFPresentador': 'B74125311',
        'TimestampPre"
9306,1,in_invoice,S/FRA/2022/1090,4.633/F,sent_modified,"{
    'CSV': 'R299BYD82Q2BA7WC',
    'DatosPresentacion': {
        'NIFPresentador': 'B74125311',
        'TimestampPre"
9307,1,in_invoice,S/FRA/2022/1089,FA-222642,sent,"{
    'CSV': 'AJWA4WXHHKT8WTCT',
    'DatosPresentacion': {
        'NIFPresentador': 'B74125311',
        'TimestampPre"
9317,1,in_invoice,S/FRA/2022/1088,22/899,sent,"{
    'CSV': 'GBG2BQQCSR272N32',
    'DatosPresentacion': {
        'NIFPresentador': 'B74125311',
        'TimestampPre"
9323,1,in_invoice,S/FRA/2022/1086,5.104,sent,"{
    'CSV': 'FTN26E6B5TEBBG6F',
    'DatosPresentacion': {
        'NIFPresentador': 'B74125311',
        'TimestampPre"
9324,1,in_invoice,S/FRA/2022/1085,450,sent,"{
    'CSV': 'H53Q5XC83TQ2M96E',
    'DatosPresentacion': {
        'NIFPresentador': 'B74125311',
        'TimestampPre"
9325,1,in_invoice,S/FRA/2022/1084,451,sent_modified,"{
    'CSV': 'FEER9C4WHFRJQRMM',
    'DatosPresentacion': {
        'NIFPresentador': 'B74125311',
        'TimestampPre"
9327,1,in_invoice,S/FRA/2022/1082,A000031661,sent_modified,"{
    'CSV': 'XVVJRSX4V2YAJHUP',
    'DatosPresentacion': {
        'NIFPresentador': 'B74125311',
        'TimestampPre"
9281,1,in_invoice,S/FRA/2022/1081,22/22,sent,"{
    'CSV': '485JULAPWXP2X4PK',
    'DatosPresentacion': {
        'NIFPresentador': 'B74125311',
        'TimestampPre"
9011,1,in_invoice,S/FRA/2022/1080,22220,sent,"{
    'CSV': 'BXR36PGEM8HYUTWM',
    'DatosPresentacion': {
        'NIFPresentador': 'B74125311',
        'TimestampPre"
9014,1,in_invoice,S/FRA/2022/1079,4.151/F,sent,"{
    'CSV': '98HKDMCKX62QC3UV',
    'DatosPresentacion': {
        'NIFPresentador': 'B74125311',
        'TimestampPre"
9029,1,in_invoice,S/FRA/2022/1078,00006375,sent_modified,"{
    'CSV': 'WJ4JNZXF47QYFV54',
    'DatosPresentacion': {
        'NIFPresentador': 'B74125311',
        'TimestampPre"
9038,1,in_invoice,S/FRA/2022/1077,F595452,sent,"{
    'CSV': '935K7SQQSL28WMZT',
    'DatosPresentacion': {
        'NIFPresentador': 'B74125311',
        'TimestampPre"
9089,1,in_invoice,S/FRA/2022/1076,22-0068,sent,"{
    'CSV': 'AUKR3HCJF9EQUVBY',
    'DatosPresentacion': {
        'NIFPresentador': 'B74125311',
        'TimestampPre"
9091,1,in_invoice,S/FRA/2022/1075,A-1426,sent,"{
    'CSV': 'MFHC8R88VF9WFG4C',
    'DatosPresentacion': {
        'NIFPresentador': 'B74125311',
        'TimestampPre"
9126,1,in_invoice,S/FRA/2022/1074,A2208712,sent,"{
    'CSV': '8CK4B8AHMXBFRVN6',
    'DatosPresentacion': {
        'NIFPresentador': 'B74125311',
        'TimestampPre"
9128,1,in_invoice,S/FRA/2022/1073,22-0066,sent,"{
    'CSV': 'TRT4UFCGGLUKS7UR',
    'DatosPresentacion': {
        'NIFPresentador': 'B74125311',
        'TimestampPre"
9129,1,in_invoice,S/FRA/2022/1072,22-0070,sent,"{
    'CSV': '45FSSBPDS25GE9WV',
    'DatosPresentacion': {
        'NIFPresentador': 'B74125311',
        'TimestampPre"
9130,1,in_invoice,S/FRA/2022/1071,1563-2022,sent,"{
    'CSV': 'M299PXW54VD4BC5U',
    'DatosPresentacion': {
        'NIFPresentador': 'B74125311',
        'TimestampPre"
9151,1,in_invoice,S/FRA/2022/1070,62/22,sent,"{
    'CSV': 'SQMNQ9Q9UFBFGJR8',
    'DatosPresentacion': {
        'NIFPresentador': 'B74125311',
        'TimestampPre"
9152,1,in_invoice,S/FRA/2022/1069,A2209082,sent,"{
    'CSV': 'N6B9P5MMF6KJTDBH',
    'DatosPresentacion': {
        'NIFPresentador': 'B74125311',
        'TimestampPre"
9209,1,in_invoice,S/FRA/2022/1068,2022-517,sent,"{
    'CSV': 'Y2Y5SNYXZYDG8V33',
    'DatosPresentacion': {
        'NIFPresentador': 'B74125311',
        'TimestampPre"
9258,1,in_invoice,S/FRA/2022/1067,FA 222885,sent,"{
    'CSV': '7TAMZFRJGRSZSXFR',
    'DatosPresentacion': {
        'NIFPresentador': 'B74125311',
        'TimestampPre"
9260,1,in_invoice,S/FRA/2022/1066,22-0074,sent,"{
    'CSV': 'FPDM2HJU4RFBETAS',
    'DatosPresentacion': {
        'NIFPresentador': 'B74125311',
        'TimestampPre"
9261,1,in_invoice,S/FRA/2022/1065,22-0075,sent,"{
    'CSV': 'NXKCN2K62SEJC5W6',
    'DatosPresentacion': {
        'NIFPresentador': 'B74125311',
        'TimestampPre"
9266,1,in_invoice,S/FRA/2022/1064,FD22-64019,sent,"{
    'CSV': '5XBD9Q2GX2PPTPNT',
    'DatosPresentacion': {
        'NIFPresentador': 'B74125311',
        'TimestampPre"
9267,1,in_invoice,S/FRA/2022/1063,FD22-66099,sent,"{
    'CSV': '578VKYY92EB9WJ5A',
    'DatosPresentacion': {
        'NIFPresentador': 'B74125311',
        'TimestampPre"
9269,1,in_invoice,S/FRA/2022/1062,FD22-61450,sent,"{
    'CSV': 'N3NEVZFYDNUADJ5W',
    'DatosPresentacion': {
        'NIFPresentador': 'B74125311',
        'TimestampPre"
9270,1,in_invoice,S/FRA/2022/1061,FD22-64542,sent,"{
    'CSV': 'WHGNKQGSSZTBH2G4',
    'DatosPresentacion': {
        'NIFPresentador': 'B74125311',
        'TimestampPre"
9271,1,in_invoice,S/FRA/2022/1060,FD22-59291,sent,"{
    'CSV': 'YQDDEHARC8A3QVX3',
    'DatosPresentacion': {
        'NIFPresentador': 'B74125311',
        'TimestampPre"
9280,1,in_invoice,S/FRA/2022/1059,OO/2022/013,sent,"{
    'CSV': 'WWLFWUB5CDS9PTRY',
    'DatosPresentacion': {
        'NIFPresentador': 'B74125311',
        'TimestampPre"
9279,1,in_invoice,S/FRA/2022/1058,204/2022,sent,"{
    'CSV': '8X6TCD29GNA6YCX4',
    'DatosPresentacion': {
        'NIFPresentador': 'B74125311',
        'TimestampPre"
9212,1,in_invoice,S/FRA/2022/1057,FV21371,sent,"{
    'CSV': '4GXQ76QGXGE3L94Y',
    'DatosPresentacion': {
        'NIFPresentador': 'B74125311',
        'TimestampPre"
9194,1,in_invoice,S/FRA/2022/1056,4221200040,sent,"{
    'CSV': 'LE24YY7BN6TTA2ZK',
    'DatosPresentacion': {
        'NIFPresentador': 'B74125311',
        'TimestampPre"
9196,1,in_invoice,S/FRA/2022/1055,D22 495,sent,"{
    'CSV': 'HJQRRFYCWCEQLT3F',
    'DatosPresentacion': {
        'NIFPresentador': 'B74125311',
        'TimestampPre"
9083,1,in_invoice,S/FRA/2022/1054,220250,sent,"{
    'CSV': 'G5GZA94Q6ZE9S8L5',
    'DatosPresentacion': {
        'NIFPresentador': 'B74125311',
        'TimestampPre"
9127,1,in_invoice,S/FRA/2022/1053,F100-2022,sent,"{
    'CSV': 'AYZCCTMMUSJ9NN3G',
    'DatosPresentacion': {
        'NIFPresentador': 'B74125311',
        'TimestampPre"
9189,1,in_invoice,S/FRA/2022/1052,UN-304/22,sent,"{
    'CSV': '5RERPG7NSAVLEM2J',
    'DatosPresentacion': {
        'NIFPresentador': 'B74125311',
        'TimestampPre"
9201,1,in_invoice,S/FRA/2022/1051,7/2022,sent,"{
    'CSV': 'HSGBJPJDUFHSMZKG',
    'DatosPresentacion': {
        'NIFPresentador': 'B74125311',
        'TimestampPre"
9202,1,in_invoice,S/FRA/2022/1050,008/2022,sent,"{
    'CSV': '6TMTAJSR4AN9AY4V',
    'DatosPresentacion': {
        'NIFPresentador': 'B74125311',
        'TimestampPre"
9203,1,in_invoice,S/FRA/2022/1049,22009CA,sent,"{
    'CSV': '2XZHUD6VCHC4XN84',
    'DatosPresentacion': {
        'NIFPresentador': 'B74125311',
        'TimestampPre"
9210,1,in_invoice,S/FRA/2022/1048,07/2022,sent,"{
    'CSV': 'XP7JH5R5E8QT7F5V',
    'DatosPresentacion': {
        'NIFPresentador': 'B74125311',
        'TimestampPre"
9211,1,in_invoice,S/FRA/2022/1047,A00002,sent,"{
    'CSV': 'JHLDL822QKHQK6QG',
    'DatosPresentacion': {
        'NIFPresentador': 'B74125311',
        'TimestampPre"
9214,1,in_invoice,S/FRA/2022/1046,22229,sent,"{
    'CSV': 'LUAQ7NVUGF4XKVQJ',
    'DatosPresentacion': {
        'NIFPresentador': 'B74125311',
        'TimestampPre"
9215,1,in_invoice,S/FRA/2022/1045,08/2022,sent,"{
    'CSV': 'F3ZWTVRXQTN42NL6',
    'DatosPresentacion': {
        'NIFPresentador': 'B74125311',
        'TimestampPre"
9216,1,in_invoice,S/FRA/2022/1044,009/2022,sent,"{
    'CSV': 'FFWZ6KVHXH446849',
    'DatosPresentacion': {
        'NIFPresentador': 'B74125311',
        'TimestampPre"
9221,1,in_invoice,S/FRA/2022/1043,IB22-11635,sent,"{
    'CSV': 'L93KC75HA6PPPWM5',
    'DatosPresentacion': {
        'NIFPresentador': 'B74125311',
        'TimestampPre"
9225,1,in_invoice,S/FRA/2022/1042,221367,sent,"{
    'CSV': 'A7WTGCWNHLWSCQK2',
    'DatosPresentacion': {
        'NIFPresentador': 'B74125311',
        'TimestampPre"
9226,1,in_invoice,S/FRA/2022/1041,AN254,sent,"{
    'CSV': 'ZFMTRTW66UAP5B77',
    'DatosPresentacion': {
        'NIFPresentador': 'B74125311',
        'TimestampPre"
9227,1,in_invoice,S/FRA/2022/1040,Sl138,sent,"{
    'CSV': '9T2SZYMUPRQJLHCR',
    'DatosPresentacion': {
        'NIFPresentador': 'B74125311',
        'TimestampPre"
9228,1,in_invoice,S/FRA/2022/1039,2022/000007,sent,"{
    'CSV': 'ZASB5YF3JVN6B38Y',
    'DatosPresentacion': {
        'NIFPresentador': 'B74125311',
        'TimestampPre"
9230,1,in_invoice,S/FRA/2022/1038,2022-279,sent,"{
    'CSV': '7UCB4KW4CEYTPAA7',
    'DatosPresentacion': {
        'NIFPresentador': 'B74125311',
        'TimestampPre"
9231,1,in_invoice,S/FRA/2022/1037,OO2022-06,sent,"{
    'CSV': '7767SL9VZ6JBCLGW',
    'DatosPresentacion': {
        'NIFPresentador': 'B74125311',
        'TimestampPre"
9232,1,in_invoice,S/FRA/2022/1036,22/33,sent,"{
    'CSV': 'DCJHNR8YFXC4ZW6S',
    'DatosPresentacion': {
        'NIFPresentador': 'B74125311',
        'TimestampPre"
9233,1,in_invoice,S/FRA/2022/1035,22/34,sent,"{
    'CSV': '5BH59Y2XUL3ES9YM',
    'DatosPresentacion': {
        'NIFPresentador': 'B74125311',
        'TimestampPre"
9234,1,in_invoice,S/FRA/2022/1034,03/2022/11,sent,"{
    'CSV': '2HC8LTKS2HEL33GQ',
    'DatosPresentacion': {
        'NIFPresentador': 'B74125311',
        'TimestampPre"
9235,1,in_invoice,S/FRA/2022/1033,03/2022/12,sent,"{
    'CSV': '7JDQ29NXM9UVG3FR',
    'DatosPresentacion': {
        'NIFPresentador': 'B74125311',
        'TimestampPre"
9236,1,in_invoice,S/FRA/2022/1032,FV21172,sent,"{
    'CSV': 'ALQP9V4YQYUEZMSJ',
    'DatosPresentacion': {
        'NIFPresentador': 'B74125311',
        'TimestampPre"
9237,1,in_invoice,S/FRA/2022/1031,FV21195,sent,"{
    'CSV': 'PGBVJSQTJXQUX8UH',
    'DatosPresentacion': {
        'NIFPresentador': 'B74125311',
        'TimestampPre"
9238,1,in_invoice,S/FRA/2022/1030,FV21217,sent,"{
    'CSV': 'Z2KGN5WKDF3QBMJC',
    'DatosPresentacion': {
        'NIFPresentador': 'B74125311',
        'TimestampPre"
9239,1,in_invoice,S/FRA/2022/1029,FV21238,sent,"{
    'CSV': 'R5TEAUE5KB9VSXKV',
    'DatosPresentacion': {
        'NIFPresentador': 'B74125311',
        'TimestampPre"
9240,1,in_invoice,S/FRA/2022/1028,FV21251,sent,"{
    'CSV': 'GCJFU4FKZX8YJ4AE',
    'DatosPresentacion': {
        'NIFPresentador': 'B74125311',
        'TimestampPre"
9241,1,in_invoice,S/FRA/2022/1027,FV21271,sent,"{
    'CSV': '3KBQZ88XRHS9PXEJ',
    'DatosPresentacion': {
        'NIFPresentador': 'B74125311',
        'TimestampPre"
9242,1,in_invoice,S/FRA/2022/1026,FV21288,sent,"{
    'CSV': 'JGS39XZCCAT3EMA5',
    'DatosPresentacion': {
        'NIFPresentador': 'B74125311',
        'TimestampPre"
9243,1,in_invoice,S/FRA/2022/1025,FV21304,sent,"{
    'CSV': '9SNBHDW3Y3QMZVWQ',
    'DatosPresentacion': {
        'NIFPresentador': 'B74125311',
        'TimestampPre"
9244,1,in_invoice,S/FRA/2022/1024,FV21314,sent,"{
    'CSV': 'MMMNR87EBSV6DZ4Z',
    'DatosPresentacion': {
        'NIFPresentador': 'B74125311',
        'TimestampPre"
9245,1,in_invoice,S/FRA/2022/1023,66/22,sent,"{
    'CSV': 'Z949WEXMVDJ6WRME',
    'DatosPresentacion': {
        'NIFPresentador': 'B74125311',
        'TimestampPre"
9246,1,in_invoice,S/FRA/2022/1022,F109-2022,sent,"{
    'CSV': '9CAJZ796NHBH4XEH',
    'DatosPresentacion': {
        'NIFPresentador': 'B74125311',
        'TimestampPre"
9247,1,in_invoice,S/FRA/2022/1021,22/43,sent,"{
    'CSV': '8MJ2DF3XNXSHWMGE',
    'DatosPresentacion': {
        'NIFPresentador': 'B74125311',
        'TimestampPre"
9248,1,in_invoice,S/FRA/2022/1020,28/2022,sent,"{
    'CSV': '6K7CQGBLZVP9UDPE',
    'DatosPresentacion': {
        'NIFPresentador': 'B74125311',
        'TimestampPre"
9249,1,in_invoice,S/FRA/2022/1019,29/2022,sent,"{
    'CSV': 'SRQHR3D5XLMM5YB2',
    'DatosPresentacion': {
        'NIFPresentador': 'B74125311',
        'TimestampPre"
9251,1,in_invoice,S/FRA/2022/1018,CIND/66760,sent,"{
    'CSV': 'VK9H6JA8REANZU5Q',
    'DatosPresentacion': {
        'NIFPresentador': 'B74125311',
        'TimestampPre"
9252,1,in_invoice,S/FRA/2022/1017,20220600,sent,"{
    'CSV': 'R4ABPJUFNT8KWU6R',
    'DatosPresentacion': {
        'NIFPresentador': 'B74125311',
        'TimestampPre"
9253,1,in_invoice,S/FRA/2022/1016,244,sent,"{
    'CSV': 'TBYYQKRVREC7UUDB',
    'DatosPresentacion': {
        'NIFPresentador': 'B74125311',
        'TimestampPre"
9254,1,in_invoice,S/FRA/2022/1015,5389,sent,"{
    'CSV': 'EPJ8GUGW3DPZ874Y',
    'DatosPresentacion': {
        'NIFPresentador': 'B74125311',
        'TimestampPre"
9255,1,in_invoice,S/FRA/2022/1014,4728,sent,"{
    'CSV': 'DH8LV5BGMCE367B6',
    'DatosPresentacion': {
        'NIFPresentador': 'B74125311',
        'TimestampPre"
9256,1,in_invoice,S/FRA/2022/1013,2022-OV-001,sent,"{
    'CSV': '5ZJYN7UEKBUYW8L5',
    'DatosPresentacion': {
        'NIFPresentador': 'B74125311',
        'TimestampPre"
9257,1,in_invoice,S/FRA/2022/1012,2022-OV-003,sent,"{
    'CSV': 'MFC5B8XE5SA5RVZF',
    'DatosPresentacion': {
        'NIFPresentador': 'B74125311',
        'TimestampPre"
9259,1,in_invoice,S/FRA/2022/1011,OE/2023/M0145,sent,"{
    'CSV': 'T5TBKYDGMPRDM7J7',
    'DatosPresentacion': {
        'NIFPresentador': 'B74125311',
        'TimestampPre"
9220,1,in_invoice,S/FRA/2022/1010,AF/1388/02,sent,"{
    'CSV': 'HYVJ262C8W36389C',
    'DatosPresentacion': {
        'NIFPresentador': 'B74125311',
        'TimestampPre"
9176,1,in_invoice,S/FRA/2022/1009,A330,sent,"{
    'CSV': 'RNNFD4P2LS76Q45D',
    'DatosPresentacion': {
        'NIFPresentador': 'B74125311',
        'TimestampPre"
9177,1,in_invoice,S/FRA/2022/1008,22/005,sent,"{
    'CSV': '8T92ANFMHSVVTA3Z',
    'DatosPresentacion': {
        'NIFPresentador': 'B74125311',
        'TimestampPre"
9131,1,in_invoice,S/FRA/2022/1007,2022-498,sent,"{
    'CSV': 'E9C4UUNV3YT26HSV',
    'DatosPresentacion': {
        'NIFPresentador': 'B74125311',
        'TimestampPre"
9156,1,in_invoice,S/FRA/2022/1006,10/2022,sent,"{
    'CSV': 'A5RYSCVFJ6GL2PUT',
    'DatosPresentacion': {
        'NIFPresentador': 'B74125311',
        'TimestampPre"
9158,1,in_invoice,S/FRA/2022/1005,055,sent,"{
    'CSV': 'BQCVJAYBCVFJ8ZWS',
    'DatosPresentacion': {
        'NIFPresentador': 'B74125311',
        'TimestampPre"
9163,1,in_invoice,S/FRA/2022/1004,03/2022,sent,"{
    'CSV': 'GZRSNJ93XZV5ER8F',
    'DatosPresentacion': {
        'NIFPresentador': 'B74125311',
        'TimestampPre"
9169,1,in_invoice,S/FRA/2022/1003,22221,sent,"{
    'CSV': 'FVMLHJRK95R4SV85',
    'DatosPresentacion': {
        'NIFPresentador': 'B74125311',
        'TimestampPre"
9170,1,in_invoice,S/FRA/2022/1002,22222,sent,"{
    'CSV': 'A42TVW6VYR6SJ67A',
    'DatosPresentacion': {
        'NIFPresentador': 'B74125311',
        'TimestampPre"
9171,1,in_invoice,S/FRA/2022/1001,06/2022,sent,"{
    'CSV': 'DKCA3D3VWJ27RQTY',
    'DatosPresentacion': {
        'NIFPresentador': 'B74125311',
        'TimestampPre"
9172,1,in_invoice,S/FRA/2022/1000,11/2022,sent,"{
    'CSV': 'XM59CAB85N45WKXZ',
    'DatosPresentacion': {
        'NIFPresentador': 'B74125311',
        'TimestampPre"
9173,1,in_invoice,S/FRA/2022/0999,2022/04,sent,"{
    'CSV': 'DM6RFU74BWXA5WKV',
    'DatosPresentacion': {
        'NIFPresentador': 'B74125311',
        'TimestampPre"
9174,1,in_invoice,S/FRA/2022/0998,010,sent,"{
    'CSV': 'BPKC3TVWG2URLLRK',
    'DatosPresentacion': {
        'NIFPresentador': 'B74125311',
        'TimestampPre"
9178,1,in_invoice,S/FRA/2022/0997,22228,sent,"{
    'CSV': 'CPVAGKGK3M522AHM',
    'DatosPresentacion': {
        'NIFPresentador': 'B74125311',
        'TimestampPre"
9179,1,in_invoice,S/FRA/2022/0996,DTP-22-12-00030,sent,"{
    'CSV': 'TUGKEHFE2VHPQ24Y',
    'DatosPresentacion': {
        'NIFPresentador': 'B74125311',
        'TimestampPre"
9180,1,in_invoice,S/FRA/2022/0995,34,sent,"{
    'CSV': 'YGNDB2HC6DHR4UM8',
    'DatosPresentacion': {
        'NIFPresentador': 'B74125311',
        'TimestampPre"
9185,1,in_invoice,S/FRA/2022/0994,10/2022,sent,"{
    'CSV': 'V6QHGKJB2TRYADEL',
    'DatosPresentacion': {
        'NIFPresentador': 'B74125311',
        'TimestampPre"
9190,1,in_invoice,S/FRA/2022/0993,09412001595,sent,"{
    'CSV': 'APPFQNUML3VECLCE',
    'DatosPresentacion': {
        'NIFPresentador': 'B74125311',
        'TimestampPre"
9191,1,in_invoice,S/FRA/2022/0992,D24/2022,sent,"{
    'CSV': 'R8WUDES5W596JXPG',
    'DatosPresentacion': {
        'NIFPresentador': 'B74125311',
        'TimestampPre"
9192,1,in_invoice,S/FRA/2022/0991,V0045,sent,"{
    'CSV': 'Z45VZ44XQCDLYB54',
    'DatosPresentacion': {
        'NIFPresentador': 'B74125311',
        'TimestampPre"
9195,1,in_invoice,S/FRA/2022/0990,LD 13/22,sent,"{
    'CSV': '32ST6SGNN7HW8KUS',
    'DatosPresentacion': {
        'NIFPresentador': 'B74125311',
        'TimestampPre"
9193,1,in_invoice,S/FRA/2022/0989,000009,sent,"{
    'CSV': 'XB4DW7V5Y2HTD9HT',
    'DatosPresentacion': {
        'NIFPresentador': 'B74125311',
        'TimestampPre"
9188,1,in_invoice,S/FRA/2022/0988,AF/1724/02,sent,"{
    'CSV': 'HAKGL2DU3DXG6LLF',
    'DatosPresentacion': {
        'NIFPresentador': 'B74125311',
        'TimestampPre"
9186,1,in_invoice,S/FRA/2022/0987,AF/1723/02,sent,"{
    'CSV': 'CTQ7E42MD2N6CZNZ',
    'DatosPresentacion': {
        'NIFPresentador': 'B74125311',
        'TimestampPre"
9167,1,in_invoice,S/FRA/2022/0986,AF/1001/02,sent,"{
    'CSV': 'ZZ4NHAS6WECD68DN',
    'DatosPresentacion': {
        'NIFPresentador': 'B74125311',
        'TimestampPre"
9154,1,in_invoice,S/FRA/2022/0985,29/2022,sent,"{
    'CSV': 'MYQPG76H3N62Y7XW',
    'DatosPresentacion': {
        'NIFPresentador': 'B74125311',
        'TimestampPre"
9155,1,in_invoice,S/FRA/2022/0984,001/22,sent,"{
    'CSV': 'MGLA6A6NMQT4C56J',
    'DatosPresentacion': {
        'NIFPresentador': 'B74125311',
        'TimestampPre"
9153,1,in_invoice,S/FRA/2022/0983,008/713,sent,"{
    'CSV': '7FHQ6HJE3NJ6UP43',
    'DatosPresentacion': {
        'NIFPresentador': 'B74125311',
        'TimestampPre"
9141,1,in_invoice,S/FRA/2022/0977,1382258,sent,"{
    'CSV': '9FV24CZ5TAEBXQUQ',
    'DatosPresentacion': {
        'NIFPresentador': 'B74125311',
        'TimestampPre"
9142,1,in_invoice,S/FRA/2022/0976,6.251A,sent,"{
    'CSV': 'MUZ5CSADLUZYGTBK',
    'DatosPresentacion': {
        'NIFPresentador': 'B74125311',
        'TimestampPre"
9143,1,in_invoice,S/FRA/2022/0975,6.299A,sent,"{
    'CSV': '3F2C97C8XDDEEGY3',
    'DatosPresentacion': {
        'NIFPresentador': 'B74125311',
        'TimestampPre"
9145,1,in_invoice,S/FRA/2022/0973,6.369A,sent,"{
    'CSV': 'ZZLHPDMHMBAMBRM3',
    'DatosPresentacion': {
        'NIFPresentador': 'B74125311',
        'TimestampPre"
9146,1,in_invoice,S/FRA/2022/0972,6.368A,sent,"{
    'CSV': 'THE5BJCFSYX3XVZA',
    'DatosPresentacion': {
        'NIFPresentador': 'B74125311',
        'TimestampPre"
9106,1,in_invoice,S/FRA/2022/0970,2022/001,sent,"{
    'CSV': 'K44DBE44NE9BAVF4',
    'DatosPresentacion': {
        'NIFPresentador': 'B74125311',
        'TimestampPre"
9119,1,in_invoice,S/FRA/2022/0962,529950,sent,"{
    'CSV': 'BQ3YGQ64BSELXQWP',
    'DatosPresentacion': {
        'NIFPresentador': 'B74125311',
        'TimestampPre"
9095,1,in_invoice,S/FRA/2022/0948,FV21353,sent,"{
    'CSV': '5QND5NSJ7T4X7AJG',
    'DatosPresentacion': {
        'NIFPresentador': 'B74125311',
        'TimestampPre"
9326,1,in_invoice,/,FA-222885,sent_modified,"{
    'CSV': '2D2LZRVSJXFQP8RD',
    'DatosPresentacion': {
        'NIFPresentador': 'B74125311',
        'TimestampPre"
9322,1,in_invoice,/,A2209307,sent_modified,"{
    'CSV': 'Z7CF4VB7N4TJTJ8H',
    'DatosPresentacion': {
        'NIFPresentador': 'B74125311',
        'TimestampPre"
9287,1,in_invoice,/,FA-221838,sent_modified,"{
    'CSV': 'UQXKHNS4WBND6WZR',
    'DatosPresentacion': {
        'NIFPresentador': 'B74125311',
        'TimestampPre"
9148,1,in_invoice,S/FRA/2022/0982,OO/2022/012,sent,"{
    'CSV': 'M5ZG2HRA4DM2233G',
    'DatosPresentacion': {
        'NIFPresentador': 'B74125311',
        'TimestampPre"
9147,1,in_invoice,S/FRA/2022/0981,195/2022,sent,"{
    'CSV': 'YRU6KC47BSU2A9QP',
    'DatosPresentacion': {
        'NIFPresentador': 'B74125311',
        'TimestampPre"
9120,1,in_invoice,S/FRA/2022/0980,A/506,sent,"{
    'CSV': 'DYNWAYNSHLRH77BK',
    'DatosPresentacion': {
        'NIFPresentador': 'B74125311',
        'TimestampPre"
9132,1,in_invoice,S/FRA/2022/0979,22/046,sent,"{
    'CSV': 'XGXGPTNGSTBZZYFZ',
    'DatosPresentacion': {
        'NIFPresentador': 'B74125311',
        'TimestampPre"
9133,1,in_invoice,S/FRA/2022/0978,022.056.,sent,"{
    'CSV': 'FSYR6V6ZZK587VQL',
    'DatosPresentacion': {
        'NIFPresentador': 'B74125311',
        'TimestampPre"
9144,1,in_invoice,S/FRA/2022/0974,6.107A,sent,"{
    'CSV': 'MSD8XJWWJDVKXEZM',
    'DatosPresentacion': {
        'NIFPresentador': 'B74125311',
        'TimestampPre"
9105,1,in_invoice,S/FRA/2022/0971,221/2022,sent,"{
    'CSV': 'P5J2P2FS2UDDBWLU',
    'DatosPresentacion': {
        'NIFPresentador': 'B74125311',
        'TimestampPre"
9109,1,in_invoice,S/FRA/2022/0969,7616/22,sent,"{
    'CSV': 'ZCJA8CHTQ7KTE3KK',
    'DatosPresentacion': {
        'NIFPresentador': 'B74125311',
        'TimestampPre"
9107,1,in_invoice,S/FRA/2022/0968,2,sent,"{
    'CSV': 'LYDMK7VQ3MQR5336',
    'DatosPresentacion': {
        'NIFPresentador': 'B74125311',
        'TimestampPre"
9108,1,in_invoice,S/FRA/2022/0967,154-2022,sent,"{
    'CSV': 'FSW4X5VYGMBMDAZR',
    'DatosPresentacion': {
        'NIFPresentador': 'B74125311',
        'TimestampPre"
9110,1,in_invoice,S/FRA/2022/0966,0283/22,sent,"{
    'CSV': 'SGERFJCW5PLXPHBL',
    'DatosPresentacion': {
        'NIFPresentador': 'B74125311',
        'TimestampPre"
9115,1,in_invoice,S/FRA/2022/0965,F/22557,sent,"{
    'CSV': '5N2FWTWDZY3U7EA4',
    'DatosPresentacion': {
        'NIFPresentador': 'B74125311',
        'TimestampPre"
9117,1,in_invoice,S/FRA/2022/0964,G 178-22,sent,"{
    'CSV': 'E9URG69HNVT5XMLX',
    'DatosPresentacion': {
        'NIFPresentador': 'B74125311',
        'TimestampPre"
9118,1,in_invoice,S/FRA/2022/0963,39/2022,sent,"{
    'CSV': 'T2SPY3XMN74FC9WT',
    'DatosPresentacion': {
        'NIFPresentador': 'B74125311',
        'TimestampPre"
9112,1,in_invoice,S/FRA/2022/0961,AF/1709/01,sent,"{
    'CSV': 'SWFQLZMTU425EGFJ',
    'DatosPresentacion': {
        'NIFPresentador': 'B74125311',
        'TimestampPre"
9111,1,in_invoice,S/FRA/2022/0960,AF/1708/02,sent,"{
    'CSV': 'CVTG4RAMDBYYHMNM',
    'DatosPresentacion': {
        'NIFPresentador': 'B74125311',
        'TimestampPre"
9103,1,in_invoice,S/FRA/2022/0959,FRO20222404090,sent,"{
    'CSV': '39DNM39NEYB7HEDC',
    'DatosPresentacion': {
        'NIFPresentador': 'B74125311',
        'TimestampPre"
9104,1,in_invoice,S/FRA/2022/0958,221264,sent,"{
    'CSV': 'QYZEBJJ7J6FZ4VHK',
    'DatosPresentacion': {
        'NIFPresentador': 'B74125311',
        'TimestampPre"
9080,1,in_invoice,S/FRA/2022/0957,2221248,sent,"{
    'CSV': 'TNRYNBR75KUS54VS',
    'DatosPresentacion': {
        'NIFPresentador': 'B74125311',
        'TimestampPre"
9081,1,in_invoice,S/FRA/2022/0956,2022-00018,sent,"{
    'CSV': 'R74NCB2A86ZRS9ZM',
    'DatosPresentacion': {
        'NIFPresentador': 'B74125311',
        'TimestampPre"
9082,1,in_invoice,S/FRA/2022/0955,TRK-22-0695,sent,"{
    'CSV': 'WP9YHSJ7GQ6QMQ96',
    'DatosPresentacion': {
        'NIFPresentador': 'B74125311',
        'TimestampPre"
9084,1,in_invoice,S/FRA/2022/0954,OO2022-04,sent,"{
    'CSV': 'A6B5RKPXDFFERRBB',
    'DatosPresentacion': {
        'NIFPresentador': 'B74125311',
        'TimestampPre"
9085,1,in_invoice,S/FRA/2022/0953,09/2022,sent,"{
    'CSV': 'TSZWLYYP7UQLMRZ5',
    'DatosPresentacion': {
        'NIFPresentador': 'B74125311',
        'TimestampPre"
9088,1,in_invoice,S/FRA/2022/0952,3919,sent,"{
    'CSV': 'DUVBZR76SSYMP6WG',
    'DatosPresentacion': {
        'NIFPresentador': 'B74125311',
        'TimestampPre"
9092,1,in_invoice,S/FRA/2022/0951,18742201P0087513,sent,"{
    'CSV': 'M2YAK9K8B96AMKBZ',
    'DatosPresentacion': {
        'NIFPresentador': 'B74125311',
        'TimestampPre"
9093,1,in_invoice,S/FRA/2022/0950,N220035783,sent,"{
    'CSV': 'B399AE72KTADQMCQ',
    'DatosPresentacion': {
        'NIFPresentador': 'B74125311',
        'TimestampPre"
9094,1,in_invoice,S/FRA/2022/0949,004,sent,"{
    'CSV': 'KWUE4HTJTJ3T5938',
    'DatosPresentacion': {
        'NIFPresentador': 'B74125311',
        'TimestampPre"
9098,1,in_invoice,S/FRA/2022/0947,2,sent,"{
    'CSV': 'ECM247ABV5A7F4DZ',
    'DatosPresentacion': {
        'NIFPresentador': 'B74125311',
        'TimestampPre"
9099,1,in_invoice,S/FRA/2022/0946,22223,sent,"{
    'CSV': 'WUPQGNTG9JNE84GY',
    'DatosPresentacion': {
        'NIFPresentador': 'B74125311',
        'TimestampPre"
9096,1,in_invoice,S/FRA/2022/0945,124/2022,sent,"{
    'CSV': '65Z6KTRFPDTBCZ5P',
    'DatosPresentacion': {
        'NIFPresentador': 'B74125311',
        'TimestampPre"
9097,1,in_invoice,S/FRA/2022/0944,LD 11/22,sent,"{
    'CSV': 'MYUPUZWNUNVHYTQG',
    'DatosPresentacion': {
        'NIFPresentador': 'B74125311',
        'TimestampPre"
9077,1,in_invoice,S/FRA/2022/0943,05/2022,sent,"{
    'CSV': 'EF9V6KT9HBDHJVNT',
    'DatosPresentacion': {
        'NIFPresentador': 'B74125311',
        'TimestampPre"
9051,1,in_invoice,S/FRA/2022/0942,215,sent,"{
    'CSV': '2ELP4LDMBA56GN96',
    'DatosPresentacion': {
        'NIFPresentador': 'B74125311',
        'TimestampPre"
8872,1,in_invoice,S/FRA/2022/0941,2022-459,sent,"{
    'CSV': 'Z9YCQNP2JGNQK47M',
    'DatosPresentacion': {
        'NIFPresentador': 'B74125311',
        'TimestampPre"
9012,1,in_invoice,S/FRA/2022/0940,A000031160,sent,"{
    'CSV': '29BP3J2UNT6HTYGX',
    'DatosPresentacion': {
        'NIFPresentador': 'B74125311',
        'TimestampPre"
9013,1,in_invoice,S/FRA/2022/0939,A000031382,sent,"{
    'CSV': '2HURUNJUVXAPMD4M',
    'DatosPresentacion': {
        'NIFPresentador': 'B74125311',
        'TimestampPre"
9032,1,in_invoice,S/FRA/2022/0938,G 176-22,sent,"{
    'CSV': 'AGU8RLL5BPHA447P',
    'DatosPresentacion': {
        'NIFPresentador': 'B74125311',
        'TimestampPre"
9034,1,in_invoice,S/FRA/2022/0937,22000859,sent,"{
    'CSV': '5WE3FH9GPML8GKUS',
    'DatosPresentacion': {
        'NIFPresentador': 'B74125311',
        'TimestampPre"
9036,1,in_invoice,S/FRA/2022/0936,22000866,sent,"{
    'CSV': '6FEHFTE2D34XULM8',
    'DatosPresentacion': {
        'NIFPresentador': 'B74125311',
        'TimestampPre"
9039,1,in_invoice,S/FRA/2022/0935,022270,sent,"{
    'CSV': 'WWP4PGLEZ7SW4VTA',
    'DatosPresentacion': {
        'NIFPresentador': 'B74125311',
        'TimestampPre"
9040,1,in_invoice,S/FRA/2022/0934,3,sent,"{
    'CSV': 'Q22U5RLLREZJT9LG',
    'DatosPresentacion': {
        'NIFPresentador': 'B74125311',
        'TimestampPre"
9042,1,in_invoice,S/FRA/2022/0933,214045952380,sent,"{
    'CSV': 'FLVMG7RXV42WD8Z9',
    'DatosPresentacion': {
        'NIFPresentador': 'B74125311',
        'TimestampPre"
9043,1,in_invoice,S/FRA/2022/0932,2022-249,sent,"{
    'CSV': 'VTRZYNK7X8H5K4KF',
    'DatosPresentacion': {
        'NIFPresentador': 'B74125311',
        'TimestampPre"
9044,1,in_invoice,S/FRA/2022/0931,1NSN220700239312,sent,"{
    'CSV': '9K6UKPFVCBBQ3X7A',
    'DatosPresentacion': {
        'NIFPresentador': 'B74125311',
        'TimestampPre"
9045,1,in_invoice,S/FRA/2022/0930,1NSN221000014002,sent_modified,"{
    'CSV': '73DUFAVL4Y3NTKJC',
    'DatosPresentacion': {
        'NIFPresentador': 'B74125311',
        'TimestampPre"
9046,1,in_invoice,S/FRA/2022/0929,1HSN221000057655,sent,"{
    'CSV': 'GC7HJUZDEXKXCQ97',
    'DatosPresentacion': {
        'NIFPresentador': 'B74125311',
        'TimestampPre"
9047,1,in_invoice,S/FRA/2022/0928,1HSN220900180333,sent,"{
    'CSV': 'X4MX2B8FEJGBFV2E',
    'DatosPresentacion': {
        'NIFPresentador': 'B74125311',
        'TimestampPre"
9048,1,in_invoice,S/FRA/2022/0927,1HSN220901108847,sent,"{
    'CSV': 'PBU6WREG7VMPRT96',
    'DatosPresentacion': {
        'NIFPresentador': 'B74125311',
        'TimestampPre"
9049,1,in_invoice,S/FRA/2022/0926,1HSN220900338557,sent_modified,"{
    'CSV': '3WYXGJZXGTFYY7MM',
    'DatosPresentacion': {
        'NIFPresentador': 'B74125311',
        'TimestampPre"
9050,1,in_invoice,S/FRA/2022/0925,18742201P0227301,sent,"{
    'CSV': 'X8B5A8BJ4UTGB8CK',
    'DatosPresentacion': {
        'NIFPresentador': 'B74125311',
        'TimestampPre"
9052,1,in_invoice,S/FRA/2022/0924,8/2022,sent,"{
    'CSV': 'JWZTCT8F5UNE75UA',
    'DatosPresentacion': {
        'NIFPresentador': 'B74125311',
        'TimestampPre"
9054,1,in_invoice,S/FRA/2022/0923,47/2022,sent,"{
    'CSV': 'NBG5RK8F3ZGUGAPF',
    'DatosPresentacion': {
        'NIFPresentador': 'B74125311',
        'TimestampPre"
9055,1,in_invoice,S/FRA/2022/0922,209/2022,sent,"{
    'CSV': 'U6NEP5FXVGNKMQKV',
    'DatosPresentacion': {
        'NIFPresentador': 'B74125311',
        'TimestampPre"
9056,1,in_invoice,S/FRA/2022/0921,210/2022,sent,"{
    'CSV': '2Y97ZY4KRTQBCX39',
    'DatosPresentacion': {
        'NIFPresentador': 'B74125311',
        'TimestampPre"
9058,1,in_invoice,S/FRA/2022/0920,207/2022,sent,"{
    'CSV': '9KYZT9STB7KTBXH6',
    'DatosPresentacion': {
        'NIFPresentador': 'B74125311',
        'TimestampPre"
9059,1,in_invoice,S/FRA/2022/0919,212/2022,sent,"{
    'CSV': 'QJH96LPPK3RJTHJ8',
    'DatosPresentacion': {
        'NIFPresentador': 'B74125311',
        'TimestampPre"
9060,1,in_invoice,S/FRA/2022/0918,208/2022,sent,"{
    'CSV': '8MXMRXAQF988ZB6V',
    'DatosPresentacion': {
        'NIFPresentador': 'B74125311',
        'TimestampPre"
9061,1,in_invoice,S/FRA/2022/0917,02-2022,sent,"{
    'CSV': 'DCPMYH75PLJRUE4H',
    'DatosPresentacion': {
        'NIFPresentador': 'B74125311',
        'TimestampPre"
9062,1,in_invoice,S/FRA/2022/0916,193/2022,sent,"{
    'CSV': 'R84DW9EL9VHJBS5G',
    'DatosPresentacion': {
        'NIFPresentador': 'B74125311',
        'TimestampPre"
9063,1,in_invoice,S/FRA/2022/0915,211/2022,sent,"{
    'CSV': 'N3QBLK3ZGKRRV3YB',
    'DatosPresentacion': {
        'NIFPresentador': 'B74125311',
        'TimestampPre"
9064,1,in_invoice,S/FRA/2022/0914,D22 446,sent,"{
    'CSV': 'TXJCEJS6LK4VU2GE',
    'DatosPresentacion': {
        'NIFPresentador': 'B74125311',
        'TimestampPre"
9065,1,in_invoice,S/FRA/2022/0913,005,sent,"{
    'CSV': 'SCZFWC2YQJCNS9KZ',
    'DatosPresentacion': {
        'NIFPresentador': 'B74125311',
        'TimestampPre"
9067,1,in_invoice,S/FRA/2022/0912,154/2022,sent,"{
    'CSV': 'JJNQHEEW62EL6QDZ',
    'DatosPresentacion': {
        'NIFPresentador': 'B74125311',
        'TimestampPre"
9068,1,in_invoice,S/FRA/2022/0911,5.824,sent,"{
    'CSV': 'EVRTXC7NF8C6YH25',
    'DatosPresentacion': {
        'NIFPresentador': 'B74125311',
        'TimestampPre"
9069,1,in_invoice,S/FRA/2022/0910,5.823,sent,"{
    'CSV': '8HS4TPUFSHRJNFJC',
    'DatosPresentacion': {
        'NIFPresentador': 'B74125311',
        'TimestampPre"
9070,1,in_invoice,S/FRA/2022/0909,5.822,sent,"{
    'CSV': 'UY6PE55AC4PZKYLH',
    'DatosPresentacion': {
        'NIFPresentador': 'B74125311',
        'TimestampPre"
9021,1,in_invoice,S/FRA/2022/0908,11/2022,sent,"{
    'CSV': 'B9NEQ49RJDF26ENA',
    'DatosPresentacion': {
        'NIFPresentador': 'B74125311',
        'TimestampPre"
9028,1,in_invoice,S/FRA/2022/0907,2022/000001,sent,"{
    'CSV': 'PCSBUTR232A6WG4D',
    'DatosPresentacion': {
        'NIFPresentador': 'B74125311',
        'TimestampPre"
9030,1,in_invoice,S/FRA/2022/0906,22/21,sent,"{
    'CSV': 'U89N9SUT26DSQGEH',
    'DatosPresentacion': {
        'NIFPresentador': 'B74125311',
        'TimestampPre"
9031,1,in_invoice,S/FRA/2022/0905,C11-2022,sent,"{
    'CSV': 'NUK3F78CFYQLN8Q6',
    'DatosPresentacion': {
        'NIFPresentador': 'B74125311',
        'TimestampPre"
9033,1,in_invoice,S/FRA/2022/0904,2022_08,sent,"{
    'CSV': 'PCVTJD72WZTHK9BR',
    'DatosPresentacion': {
        'NIFPresentador': 'B74125311',
        'TimestampPre"
9035,1,in_invoice,S/FRA/2022/0903,2022-246,sent,"{
    'CSV': 'AT8F79AM63NYLE5Y',
    'DatosPresentacion': {
        'NIFPresentador': 'B74125311',
        'TimestampPre"
9037,1,in_invoice,S/FRA/2022/0902,2022/004,sent,"{
    'CSV': '9Z66FC3TAT87SRUA',
    'DatosPresentacion': {
        'NIFPresentador': 'B74125311',
        'TimestampPre"
8948,1,in_invoice,S/FRA/2022/0901,OO2022-05,sent,"{
    'CSV': 'HSD2FJF2CCCBX79X',
    'DatosPresentacion': {
        'NIFPresentador': 'B74125311',
        'TimestampPre"
8939,1,in_invoice,S/FRA/2022/0900,312-KF22-15757,sent,"{
    'CSV': 'BLK8XJCL5LHRJCXV',
    'DatosPresentacion': {
        'NIFPresentador': 'B74125311',
        'TimestampPre"
8896,1,in_invoice,S/FRA/2022/0899,16,sent,"{
    'CSV': 'MXCEJNARU4FH2HHB',
    'DatosPresentacion': {
        'NIFPresentador': 'B74125311',
        'TimestampPre"
8891,1,in_invoice,S/FRA/2022/0898,05/2022,sent,"{
    'CSV': '53CAVVXG6LMW2T3L',
    'DatosPresentacion': {
        'NIFPresentador': 'B74125311',
        'TimestampPre"
8947,1,in_invoice,S/FRA/2022/0897,A10017449361-1122,sent,"{
    'CSV': 'VJFBCGAFU8ZP4BZZ',
    'DatosPresentacion': {
        'NIFPresentador': 'B74125311',
        'TimestampPre"
8946,1,in_invoice,S/FRA/2022/0896,A10017487940-1122,sent,"{
    'CSV': 'VVVW2REV6P2B7ZXB',
    'DatosPresentacion': {
        'NIFPresentador': 'B74125311',
        'TimestampPre"
8933,1,in_invoice,S/FRA/2022/0895,VF22-11-0089,sent,"{
    'CSV': 'C63TTRB5PS9PXV3R',
    'DatosPresentacion': {
        'NIFPresentador': 'B74125311',
        'TimestampPre"
8888,1,in_invoice,S/FRA/2022/0894,P22/0000093,sent,"{
    'CSV': '2V3ZLB9KFTAHAB99',
    'DatosPresentacion': {
        'NIFPresentador': 'B74125311',
        'TimestampPre"
8910,1,in_invoice,S/FRA/2022/0893,022251,sent,"{
    'CSV': 'BMRX5X88Q8LF9S44',
    'DatosPresentacion': {
        'NIFPresentador': 'B74125311',
        'TimestampPre"
8901,1,in_invoice,S/FRA/2022/0892,22/38,sent,"{
    'CSV': 'P7SNBNJA75J6URJQ',
    'DatosPresentacion': {
        'NIFPresentador': 'B74125311',
        'TimestampPre"
8531,1,in_invoice,S/FRA/2022/0891,FV21331,sent,"{
    'CSV': 'DYGZZAYFWZSVW2DN',
    'DatosPresentacion': {
        'NIFPresentador': 'B74125311',
        'TimestampPre"
8869,1,in_invoice,S/FRA/2022/0834,AF75891140,not_sent,1104 | Valor del campo ID incorrecto
8870,1,in_invoice,S/FRA/2022/0833,4546,sent,"{
    'CSV': 'V5J7AD29JKAPXM2E',
    'DatosPresentacion': {
        'NIFPresentador': 'B74125311',
        'TimestampPre"
8876,1,in_invoice,S/FRA/2022/0828,11/23,sent,"{
    'CSV': 'RJSUQFL7RC3C5AYG',
    'DatosPresentacion': {
        'NIFPresentador': 'B74125311',
        'TimestampPre"
8954,1,in_invoice,S/FRA/2022/0890,OO/2022/011,sent,"{
    'CSV': '2NCQ4K3XYN42FN8G',
    'DatosPresentacion': {
        'NIFPresentador': 'B74125311',
        'TimestampPre"
8953,1,in_invoice,S/FRA/2022/0889,187/2022,sent,"{
    'CSV': 'BYK9VLFR227YWFUS',
    'DatosPresentacion': {
        'NIFPresentador': 'B74125311',
        'TimestampPre"
8907,1,in_invoice,S/FRA/2022/0888,22/732,sent,"{
    'CSV': '3T3DR5QG9DU4V22P',
    'DatosPresentacion': {
        'NIFPresentador': 'B74125311',
        'TimestampPre"
8908,1,in_invoice,S/FRA/2022/0887,22/731,sent,"{
    'CSV': 'D4TMVDQL3XFMFQN2',
    'DatosPresentacion': {
        'NIFPresentador': 'B74125311',
        'TimestampPre"
8909,1,in_invoice,S/FRA/2022/0886,22/735,sent,"{
    'CSV': '56JM89H8WYKPVMTC',
    'DatosPresentacion': {
        'NIFPresentador': 'B74125311',
        'TimestampPre"
8918,1,in_invoice,S/FRA/2022/0885,000D001096,sent,"{
    'CSV': 'MRTXQ27N2PKZDK34',
    'DatosPresentacion': {
        'NIFPresentador': 'B74125311',
        'TimestampPre"
8919,1,in_invoice,S/FRA/2022/0884,000G001455,sent,"{
    'CSV': 'B2RJYL6PDKFWSDGF',
    'DatosPresentacion': {
        'NIFPresentador': 'B74125311',
        'TimestampPre"
8920,1,in_invoice,S/FRA/2022/0883,000D001097,sent,"{
    'CSV': 'XMJTVQEK4PJLUPAN',
    'DatosPresentacion': {
        'NIFPresentador': 'B74125311',
        'TimestampPre"
8921,1,in_invoice,S/FRA/2022/0882,000D001098,sent,"{
    'CSV': 'MM2WA7K8HEGJQZQQ',
    'DatosPresentacion': {
        'NIFPresentador': 'B74125311',
        'TimestampPre"
8922,1,in_invoice,S/FRA/2022/0881,000G001456,sent,"{
    'CSV': 'SVRUVA9KWL4SNMEB',
    'DatosPresentacion': {
        'NIFPresentador': 'B74125311',
        'TimestampPre"
8923,1,in_invoice,S/FRA/2022/0880,000G001457,sent,"{
    'CSV': '4HJPTXH34258PYS5',
    'DatosPresentacion': {
        'NIFPresentador': 'B74125311',
        'TimestampPre"
8527,1,in_invoice,S/FRA/2022/0879,2022-00778,sent,"{
    'CSV': 'J957ZMXV66GLJA78',
    'DatosPresentacion': {
        'NIFPresentador': 'B74125311',
        'TimestampPre"
8881,1,in_invoice,S/FRA/2022/0878,FRO20222177901,sent,"{
    'CSV': 'M7WQV8EFGAUP65EE',
    'DatosPresentacion': {
        'NIFPresentador': 'B74125311',
        'TimestampPre"
8906,1,in_invoice,S/FRA/2022/0877,22/733,sent,"{
    'CSV': 'HZ75TP8G36P3UK8V',
    'DatosPresentacion': {
        'NIFPresentador': 'B74125311',
        'TimestampPre"
8905,1,in_invoice,S/FRA/2022/0876,22/734,sent,"{
    'CSV': 'PR9AF3L2A4XLTU2E',
    'DatosPresentacion': {
        'NIFPresentador': 'B74125311',
        'TimestampPre"
8895,1,in_invoice,S/FRA/2022/0875,FD22-58651,sent,"{
    'CSV': 'JMU23SDSJFZ7G9N2',
    'DatosPresentacion': {
        'NIFPresentador': 'B74125311',
        'TimestampPre"
8513,1,in_invoice,S/FRA/2022/0874,011G/283905,sent,"{
    'CSV': 'UBDWFL9E24FXAPWU',
    'DatosPresentacion': {
        'NIFPresentador': 'B74125311',
        'TimestampPre"
8514,1,in_invoice,S/FRA/2022/0873,011G/281828,sent,"{
    'CSV': 'JPYHW2RLVFLNN3UA',
    'DatosPresentacion': {
        'NIFPresentador': 'B74125311',
        'TimestampPre"
8528,1,in_invoice,S/FRA/2022/0872,30222,sent,"{
    'CSV': 'FFU3REHDP8L9Z7FS',
    'DatosPresentacion': {
        'NIFPresentador': 'B74125311',
        'TimestampPre"
8913,1,in_invoice,S/FRA/2022/0871,7/2022,sent,"{
    'CSV': 'WEVCBPSGNF9RBWZN',
    'DatosPresentacion': {
        'NIFPresentador': 'B74125311',
        'TimestampPre"
8914,1,in_invoice,S/FRA/2022/0870,8/2022,sent,"{
    'CSV': 'L3XJEK5VT3BNG54W',
    'DatosPresentacion': {
        'NIFPresentador': 'B74125311',
        'TimestampPre"
8897,1,in_invoice,S/FRA/2022/0869,9/2022,sent,"{
    'CSV': 'F94YYZECVYXLPC6W',
    'DatosPresentacion': {
        'NIFPresentador': 'B74125311',
        'TimestampPre"
8456,1,in_invoice,S/FRA/2022/0868,004/2022,sent,"{
    'CSV': '4TRVP6YNE7SQVGFJ',
    'DatosPresentacion': {
        'NIFPresentador': 'B74125311',
        'TimestampPre"
8480,1,in_invoice,S/FRA/2022/0867,22,sent,"{
    'CSV': '4N97NMNEC8K7XP93',
    'DatosPresentacion': {
        'NIFPresentador': 'B74125311',
        'TimestampPre"
8938,1,in_invoice,S/FRA/2022/0866,O220047776,sent,"{
    'CSV': '2D99DAE7VDTP2VLJ',
    'DatosPresentacion': {
        'NIFPresentador': 'B74125311',
        'TimestampPre"
8529,1,in_invoice,S/FRA/2022/0865,0236/22,sent,"{
    'CSV': 'HZL5DQVKGK7CQHE8',
    'DatosPresentacion': {
        'NIFPresentador': 'B74125311',
        'TimestampPre"
8940,1,in_invoice,S/FRA/2022/0864,312-KF22-14282,sent,"{
    'CSV': 'Y4DB2CEUH7NDTGVP',
    'DatosPresentacion': {
        'NIFPresentador': 'B74125311',
        'TimestampPre"
8894,1,in_invoice,S/FRA/2022/0863,FD22-55034,sent,"{
    'CSV': 'MHLPKXNUF2MNYRBS',
    'DatosPresentacion': {
        'NIFPresentador': 'B74125311',
        'TimestampPre"
8945,1,in_invoice,S/FRA/2022/0862,A10017409871-1022,sent,"{
    'CSV': 'RMUBT4CTB6X7F9LP',
    'DatosPresentacion': {
        'NIFPresentador': 'B74125311',
        'TimestampPre"
8893,1,in_invoice,S/FRA/2022/0861,FD22-53415,sent,"{
    'CSV': 'YJM7XJAXWAPJZZ36',
    'DatosPresentacion': {
        'NIFPresentador': 'B74125311',
        'TimestampPre"
8892,1,in_invoice,S/FRA/2022/0860,FD22-53238,sent,"{
    'CSV': '8VA2K22RASPGQSQ8',
    'DatosPresentacion': {
        'NIFPresentador': 'B74125311',
        'TimestampPre"
8900,1,in_invoice,S/FRA/2022/0859,22/31,sent,"{
    'CSV': '8XAVTSBJAGBLQCWR',
    'DatosPresentacion': {
        'NIFPresentador': 'B74125311',
        'TimestampPre"
8882,1,in_invoice,S/FRA/2022/0858,FRO20221961661,sent,"{
    'CSV': 'KQQM65AF9ZPQKH3U',
    'DatosPresentacion': {
        'NIFPresentador': 'B74125311',
        'TimestampPre"
8889,1,in_invoice,S/FRA/2022/0857,FA 222066,sent,"{
    'CSV': 'FR9KMPZEJ8Z2J5EP',
    'DatosPresentacion': {
        'NIFPresentador': 'B74125311',
        'TimestampPre"
8925,1,in_invoice,S/FRA/2022/0856,000D000927,sent,"{
    'CSV': 'K4DZ6ZX2RY5R7HT8',
    'DatosPresentacion': {
        'NIFPresentador': 'B74125311',
        'TimestampPre"
8924,1,in_invoice,S/FRA/2022/0855,000D000926,sent,"{
    'CSV': 'JLQRNA8WCML7EXN2',
    'DatosPresentacion': {
        'NIFPresentador': 'B74125311',
        'TimestampPre"
8926,1,in_invoice,S/FRA/2022/0854,000D000928,sent,"{
    'CSV': 'WMRPALV6AJP9Q5YL',
    'DatosPresentacion': {
        'NIFPresentador': 'B74125311',
        'TimestampPre"
8937,1,in_invoice,S/FRA/2022/0853,S220072610,sent,"{
    'CSV': 'EJQSV8JJ5TDVGVBC',
    'DatosPresentacion': {
        'NIFPresentador': 'B74125311',
        'TimestampPre"
8931,1,in_invoice,S/FRA/2022/0852,00005142,sent,"{
    'CSV': 'JMX6EBCGN3JFGVB8',
    'DatosPresentacion': {
        'NIFPresentador': 'B74125311',
        'TimestampPre"
8941,1,in_invoice,S/FRA/2022/0851,312-KF22-12882,sent,"{
    'CSV': 'RYHMF9FQCKQXASNE',
    'DatosPresentacion': {
        'NIFPresentador': 'B74125311',
        'TimestampPre"
8932,1,in_invoice,S/FRA/2022/0850,VF22-09-0084,sent,"{
    'CSV': 'Q3X555B2NEJAWNB5',
    'DatosPresentacion': {
        'NIFPresentador': 'B74125311',
        'TimestampPre"
8944,1,in_invoice,S/FRA/2022/0849,A10017331075-0922,sent,"{
    'CSV': '6QWUY8FA6CC6MB6Z',
    'DatosPresentacion': {
        'NIFPresentador': 'B74125311',
        'TimestampPre"
8927,1,in_invoice,S/FRA/2022/0848,000D000771,sent,"{
    'CSV': '94N5SWULZ74C4DMQ',
    'DatosPresentacion': {
        'NIFPresentador': 'B74125311',
        'TimestampPre"
8880,1,in_invoice,S/FRA/2022/0847,FA 221838,sent,"{
    'CSV': 'L245UK369XU3H52M',
    'DatosPresentacion': {
        'NIFPresentador': 'B74125311',
        'TimestampPre"
8928,1,in_invoice,S/FRA/2022/0846,000D000770,sent,"{
    'CSV': '6EAQ7RNB3JBNTMRK',
    'DatosPresentacion': {
        'NIFPresentador': 'B74125311',
        'TimestampPre"
8936,1,in_invoice,S/FRA/2022/0845,G220085405,sent,"{
    'CSV': 'XXNHTEDNUU5E652C',
    'DatosPresentacion': {
        'NIFPresentador': 'B74125311',
        'TimestampPre"
8942,1,in_invoice,S/FRA/2022/0844,312-KF22-11338,sent,"{
    'CSV': 'KJTCQDPLZKX3S32W',
    'DatosPresentacion': {
        'NIFPresentador': 'B74125311',
        'TimestampPre"
8943,1,in_invoice,S/FRA/2022/0843,A10017252682-0822,sent,"{
    'CSV': 'RR6NHRS9887GM8AC',
    'DatosPresentacion': {
        'NIFPresentador': 'B74125311',
        'TimestampPre"
8935,1,in_invoice,S/FRA/2022/0842,L220084530,sent,"{
    'CSV': 'E7K6VY3LTU23KKQ3',
    'DatosPresentacion': {
        'NIFPresentador': 'B74125311',
        'TimestampPre"
8505,1,in_invoice,S/FRA/2022/0840,3636/F,sent,"{
    'CSV': 'W8ASVGPKVD8R9LF9',
    'DatosPresentacion': {
        'NIFPresentador': 'B74125311',
        'TimestampPre"
8512,1,in_invoice,S/FRA/2022/0839,23,sent,"{
    'CSV': 'FNKT7W3PGH6Z5AMM',
    'DatosPresentacion': {
        'NIFPresentador': 'B74125311',
        'TimestampPre"
8526,1,in_invoice,S/FRA/2022/0838,0922,sent,"{
    'CSV': '4TXTDND6J4R6QPHY',
    'DatosPresentacion': {
        'NIFPresentador': 'B74125311',
        'TimestampPre"
8532,1,in_invoice,S/FRA/2022/0837,221122,sent,"{
    'CSV': 'ZWNU22PUQZEZNZ8D',
    'DatosPresentacion': {
        'NIFPresentador': 'B74125311',
        'TimestampPre"
8533,1,in_invoice,S/FRA/2022/0836,35/2022,sent,"{
    'CSV': 'A9T5Z9JDLZXJPPPG',
    'DatosPresentacion': {
        'NIFPresentador': 'B74125311',
        'TimestampPre"
8535,1,in_invoice,S/FRA/2022/0835,15,sent,"{
    'CSV': 'A6YD4CC23FMX5ZLE',
    'DatosPresentacion': {
        'NIFPresentador': 'B74125311',
        'TimestampPre"
8871,1,in_invoice,S/FRA/2022/0832,P22/0000083,sent,"{
    'CSV': '9N98FQXY8W95PW2V',
    'DatosPresentacion': {
        'NIFPresentador': 'B74125311',
        'TimestampPre"
8873,1,in_invoice,S/FRA/2022/0831,A2207831,sent,"{
    'CSV': '7CECR2YRVS7UMYL7',
    'DatosPresentacion': {
        'NIFPresentador': 'B74125311',
        'TimestampPre"
8874,1,in_invoice,S/FRA/2022/0830,A2204246,sent,"{
    'CSV': 'BWZSBGCRJZYBFUNK',
    'DatosPresentacion': {
        'NIFPresentador': 'B74125311',
        'TimestampPre"
8875,1,in_invoice,S/FRA/2022/0829,A2206284,sent,"{
    'CSV': 'YBLFR2KJR7HHU89Z',
    'DatosPresentacion': {
        'NIFPresentador': 'B74125311',
        'TimestampPre"
8879,1,in_invoice,S/FRA/2022/0827,AF/1684/01,sent,"{
    'CSV': 'KWZFTHH7GZH7HVBE',
    'DatosPresentacion': {
        'NIFPresentador': 'B74125311',
        'TimestampPre"
8878,1,in_invoice,S/FRA/2022/0826,AF/1683/01,sent,"{
    'CSV': '4VE5G8EFXX59E5RX',
    'DatosPresentacion': {
        'NIFPresentador': 'B74125311',
        'TimestampPre"
8457,1,in_invoice,S/FRA/2022/0825,MTA2201660,sent,"{
    'CSV': '6FUDF7WWFGW8FYC2',
    'DatosPresentacion': {
        'NIFPresentador': 'B74125311',
        'TimestampPre"
8486,1,in_invoice,S/FRA/2022/0824,07/23,sent,"{
    'CSV': 'FZ8WP46UGXG7FYPC',
    'DatosPresentacion': {
        'NIFPresentador': 'B74125311',
        'TimestampPre"
8499,1,in_invoice,S/FRA/2022/0823,10 2022,sent,"{
    'CSV': '6J86JMCJFY3TBMWA',
    'DatosPresentacion': {
        'NIFPresentador': 'B74125311',
        'TimestampPre"
8500,1,in_invoice,S/FRA/2022/0822,P02/2022,sent,"{
    'CSV': 'JRRLV2QX6EYFS8TM',
    'DatosPresentacion': {
        'NIFPresentador': 'B74125311',
        'TimestampPre"
8293,1,in_invoice,S/FRA/2022/0821,219,sent,"{
    'CSV': 'FRRWQG6FP6W882Y3',
    'DatosPresentacion': {
        'NIFPresentador': 'B74125311',
        'TimestampPre"
8306,1,in_invoice,S/FRA/2022/0820,2022 A 0000186,sent,"{
    'CSV': 'GFQJXZKL4DWRU9CK',
    'DatosPresentacion': {
        'NIFPresentador': 'B74125311',
        'TimestampPre"
8481,1,in_invoice,S/FRA/2022/0819,OO01/2022,sent,"{
    'CSV': 'T6KEFYB66BUQZD5P',
    'DatosPresentacion': {
        'NIFPresentador': 'B74125311',
        'TimestampPre"
8482,1,in_invoice,S/FRA/2022/0818,46/22,sent,"{
    'CSV': 'XSE2TZCMQFN3CCYB',
    'DatosPresentacion': {
        'NIFPresentador': 'B74125311',
        'TimestampPre"
8483,1,in_invoice,S/FRA/2022/0817,122004715,sent,"{
    'CSV': 'Z997SYNXCTZNZH5X',
    'DatosPresentacion': {
        'NIFPresentador': 'B74125311',
        'TimestampPre"
8484,1,in_invoice,S/FRA/2022/0816,F075-2022,sent,"{
    'CSV': '2PYJGEYQXR7DLLD5',
    'DatosPresentacion': {
        'NIFPresentador': 'B74125311',
        'TimestampPre"
8487,1,in_invoice,S/FRA/2022/0815,122004965,sent,"{
    'CSV': 'CG6ZWPWZGMVL6NLU',
    'DatosPresentacion': {
        'NIFPresentador': 'B74125311',
        'TimestampPre"
8490,1,in_invoice,S/FRA/2022/0814,FNLC193220003017,sent,"{
    'CSV': 'QAL3JV8ASRPWMGC8',
    'DatosPresentacion': {
        'NIFPresentador': 'B74125311',
        'TimestampPre"
8491,1,in_invoice,S/FRA/2022/0813,FNLC193220003022,sent,"{
    'CSV': 'X7YXE887RVBSW7Q7',
    'DatosPresentacion': {
        'NIFPresentador': 'B74125311',
        'TimestampPre"
8492,1,in_invoice,S/FRA/2022/0812,D22 392,sent,"{
    'CSV': 'LU7EFZZZQHD2FR4S',
    'DatosPresentacion': {
        'NIFPresentador': 'B74125311',
        'TimestampPre"
8493,1,in_invoice,S/FRA/2022/0811,3/3,sent,"{
    'CSV': '2AN834QTDW6SJ7NC',
    'DatosPresentacion': {
        'NIFPresentador': 'B74125311',
        'TimestampPre"
8494,1,in_invoice,S/FRA/2022/0810,0002920,sent,"{
    'CSV': 'MAQ3XPWGLKNLQAR5',
    'DatosPresentacion': {
        'NIFPresentador': 'B74125311',
        'TimestampPre"
8495,1,in_invoice,S/FRA/2022/0809,000334,sent,"{
    'CSV': 'JNYJXWYWB5QJ28T2',
    'DatosPresentacion': {
        'NIFPresentador': 'B74125311',
        'TimestampPre"
8496,1,in_invoice,S/FRA/2022/0808,000335,sent,"{
    'CSV': 'FCRGYEN7UCEYQ887',
    'DatosPresentacion': {
        'NIFPresentador': 'B74125311',
        'TimestampPre"
8501,1,in_invoice,S/FRA/2022/0807,A2207517,sent,"{
    'CSV': 'ZJDKF89KT5NJ995C',
    'DatosPresentacion': {
        'NIFPresentador': 'B74125311',
        'TimestampPre"
8503,1,in_invoice,S/FRA/2022/0806,122004099,sent,"{
    'CSV': 'NXBQ5DMMVJGJ7WX9',
    'DatosPresentacion': {
        'NIFPresentador': 'B74125311',
        'TimestampPre"
8504,1,in_invoice,S/FRA/2022/0805,122004081,sent,"{
    'CSV': 'GRR8RX7APRUCM83P',
    'DatosPresentacion': {
        'NIFPresentador': 'B74125311',
        'TimestampPre"
8506,1,in_invoice,S/FRA/2022/0804,N-402/20,sent,"{
    'CSV': 'PLDXNXD3E7A3LHEZ',
    'DatosPresentacion': {
        'NIFPresentador': 'B74125311',
        'TimestampPre"
8507,1,in_invoice,S/FRA/2022/0803,F084-2022,sent,"{
    'CSV': 'GPP859WHVKH3QCS7',
    'DatosPresentacion': {
        'NIFPresentador': 'B74125311',
        'TimestampPre"
8508,1,in_invoice,S/FRA/2022/0802,14,sent,"{
    'CSV': 'GFWCLART2KLWHZYQ',
    'DatosPresentacion': {
        'NIFPresentador': 'B74125311',
        'TimestampPre"
8509,1,in_invoice,S/FRA/2022/0801,CR-22-10-00038,sent,"{
    'CSV': 'JXBLR6AQZDANVHSM',
    'DatosPresentacion': {
        'NIFPresentador': 'B74125311',
        'TimestampPre"
8510,1,in_invoice,S/FRA/2022/0800,00008337,sent,"{
    'CSV': '7UJ3SQGCWXVD3V4Q',
    'DatosPresentacion': {
        'NIFPresentador': 'B74125311',
        'TimestampPre"
8511,1,in_invoice,S/FRA/2022/0799,LD 09/22,sent,"{
    'CSV': 'SS8FEBFC7PBSRZTY',
    'DatosPresentacion': {
        'NIFPresentador': 'B74125311',
        'TimestampPre"
8516,1,in_invoice,S/FRA/2022/0798,A10,sent,"{
    'CSV': 'KVJCUG3PJBPQUQMG',
    'DatosPresentacion': {
        'NIFPresentador': 'B74125311',
        'TimestampPre"
8517,1,in_invoice,S/FRA/2022/0797,LD 07/22,sent,"{
    'CSV': 'MSJ4EXW7MK3VPUEA',
    'DatosPresentacion': {
        'NIFPresentador': 'B74125311',
        'TimestampPre"
8518,1,in_invoice,S/FRA/2022/0796,A/22-0265,sent,"{
    'CSV': 'UV233S9ZA2E5XFDF',
    'DatosPresentacion': {
        'NIFPresentador': 'B74125311',
        'TimestampPre"
8519,1,in_invoice,S/FRA/2022/0795,4/22,sent,"{
    'CSV': 'V7BDFVJ37GXNVBQL',
    'DatosPresentacion': {
        'NIFPresentador': 'B74125311',
        'TimestampPre"
8521,1,in_invoice,S/FRA/2022/0794,139-2020,sent,"{
    'CSV': 'G7C7KFNXT8K34ZF6',
    'DatosPresentacion': {
        'NIFPresentador': 'B74125311',
        'TimestampPre"
8525,1,in_invoice,S/FRA/2022/0793,AF/1673/01,sent,"{
    'CSV': 'YUUFCKDFCLU6GH52',
    'DatosPresentacion': {
        'NIFPresentador': 'B74125311',
        'TimestampPre"
8524,1,in_invoice,S/FRA/2022/0792,AF/1672/01,sent,"{
    'CSV': 'U5QNZRDWT6V87443',
    'DatosPresentacion': {
        'NIFPresentador': 'B74125311',
        'TimestampPre"
8523,1,in_invoice,S/FRA/2022/0791,AF/1671/01,sent_modified,"{
    'CSV': 'KS5VXQPPNSXW279M',
    'DatosPresentacion': {
        'NIFPresentador': 'B74125311',
        'TimestampPre"
8522,1,in_invoice,S/FRA/2022/0790,AF/0938/01,sent,"{
    'CSV': 'SUFBWWGAABKCB9NJ',
    'DatosPresentacion': {
        'NIFPresentador': 'B74125311',
        'TimestampPre"
8248,1,in_invoice,S/FRA/2022/0789,2022-200,sent,"{
    'CSV': '7MTRP9NEJVY98J37',
    'DatosPresentacion': {
        'NIFPresentador': 'B74125311',
        'TimestampPre"
8255,1,in_invoice,S/FRA/2022/0788,OO2022-03,sent,"{
    'CSV': 'HQAJS2QZ2L9SL4FT',
    'DatosPresentacion': {
        'NIFPresentador': 'B74125311',
        'TimestampPre"
8266,1,in_invoice,S/FRA/2022/0787,N-579/22,sent,"{
    'CSV': 'NX73VEYNZQ8PT3LZ',
    'DatosPresentacion': {
        'NIFPresentador': 'B74125311',
        'TimestampPre"
8294,1,in_invoice,S/FRA/2022/0786,14/22,sent,"{
    'CSV': 'GZSGZPFY2BLSFN9M',
    'DatosPresentacion': {
        'NIFPresentador': 'B74125311',
        'TimestampPre"
8295,1,in_invoice,S/FRA/2022/0785,15/22,sent,"{
    'CSV': 'BC59MVCEK6FYAX4B',
    'DatosPresentacion': {
        'NIFPresentador': 'B74125311',
        'TimestampPre"
8296,1,in_invoice,S/FRA/2022/0784,105-22,sent,"{
    'CSV': 'KC6VXNNY2FDP5URR',
    'DatosPresentacion': {
        'NIFPresentador': 'B74125311',
        'TimestampPre"
8300,1,in_invoice,S/FRA/2022/0783,06/2022,sent,"{
    'CSV': 'BUY47H37THUJMWM8',
    'DatosPresentacion': {
        'NIFPresentador': 'B74125311',
        'TimestampPre"
8309,1,in_invoice,S/FRA/2022/0782,102-22,sent,"{
    'CSV': 'MLJYSZHZ2BW4YZQX',
    'DatosPresentacion': {
        'NIFPresentador': 'B74125311',
        'TimestampPre"
8414,1,in_invoice,S/FRA/2022/0781,09,sent,"{
    'CSV': '78TY7UXTWX3858F5',
    'DatosPresentacion': {
        'NIFPresentador': 'B74125311',
        'TimestampPre"
8419,1,in_invoice,S/FRA/2022/0780,006/2022,sent,"{
    'CSV': '6RV5J6RKKA5QRFHG',
    'DatosPresentacion': {
        'NIFPresentador': 'B74125311',
        'TimestampPre"
8423,1,in_invoice,S/FRA/2022/0779,2022-09,sent,"{
    'CSV': 'YBEFPMTTNBKZ6QQ9',
    'DatosPresentacion': {
        'NIFPresentador': 'B74125311',
        'TimestampPre"
8424,1,in_invoice,S/FRA/2022/0778,2022/20,sent,"{
    'CSV': 'L6EYKFCDYZ2KTBVM',
    'DatosPresentacion': {
        'NIFPresentador': 'B74125311',
        'TimestampPre"
8433,1,in_invoice,S/FRA/2022/0777,22/27,sent,"{
    'CSV': 'GBR7QDSX6GTQYVC3',
    'DatosPresentacion': {
        'NIFPresentador': 'B74125311',
        'TimestampPre"
8454,1,in_invoice,S/FRA/2022/0776,002/22,sent,"{
    'CSV': 'Q9BDF8YYSNTPWEH7',
    'DatosPresentacion': {
        'NIFPresentador': 'B74125311',
        'TimestampPre"
8254,1,in_invoice,S/FRA/2022/0775,33/2022,sent,"{
    'CSV': 'BLQ234ZJ4CU9G8Y7',
    'DatosPresentacion': {
        'NIFPresentador': 'B74125311',
        'TimestampPre"
8280,1,in_invoice,S/FRA/2022/0774,VF22-10-0082,sent,"{
    'CSV': '35KWK3MVU8AA8ETU',
    'DatosPresentacion': {
        'NIFPresentador': 'B74125311',
        'TimestampPre"
8283,1,in_invoice,S/FRA/2022/0773,A-1164,sent,"{
    'CSV': 'ZJG7L776L79B9TYY',
    'DatosPresentacion': {
        'NIFPresentador': 'B74125311',
        'TimestampPre"
8284,1,in_invoice,S/FRA/2022/0772,03/2022/10,sent,"{
    'CSV': 'WCSXV5NBLE68YTNU',
    'DatosPresentacion': {
        'NIFPresentador': 'B74125311',
        'TimestampPre"
8301,1,in_invoice,S/FRA/2022/0771,VP22/8,sent,"{
    'CSV': 'V6GA6ZYN99HDAAGF',
    'DatosPresentacion': {
        'NIFPresentador': 'B74125311',
        'TimestampPre"
8275,1,in_invoice,S/FRA/2022/0770,22/628,sent,"{
    'CSV': '4Z5HTFTWXE6VKYSH',
    'DatosPresentacion': {
        'NIFPresentador': 'B74125311',
        'TimestampPre"
8307,1,in_invoice,S/FRA/2022/0769,22/629,sent,"{
    'CSV': '266MJVFR3T353LTS',
    'DatosPresentacion': {
        'NIFPresentador': 'B74125311',
        'TimestampPre"
8425,1,in_invoice,S/FRA/2022/0768,1328669,sent,"{
    'CSV': 'L7U4EBA72QZXMKBE',
    'DatosPresentacion': {
        'NIFPresentador': 'B74125311',
        'TimestampPre"
8426,1,in_invoice,S/FRA/2022/0767,10/2022,sent,"{
    'CSV': 'GAK3D5HUN2K9967D',
    'DatosPresentacion': {
        'NIFPresentador': 'B74125311',
        'TimestampPre"
8427,1,in_invoice,S/FRA/2022/0766,307,sent,"{
    'CSV': '98E5A95HUH824ZBA',
    'DatosPresentacion': {
        'NIFPresentador': 'B74125311',
        'TimestampPre"
8428,1,in_invoice,S/FRA/2022/0765,22-0044,sent,"{
    'CSV': 'WN7749Z5G9X6X2WE',
    'DatosPresentacion': {
        'NIFPresentador': 'B74125311',
        'TimestampPre"
8429,1,in_invoice,S/FRA/2022/0764,22-0057,sent,"{
    'CSV': '5F327DSPEG96RJD4',
    'DatosPresentacion': {
        'NIFPresentador': 'B74125311',
        'TimestampPre"
8430,1,in_invoice,S/FRA/2022/0763,22-0058,sent,"{
    'CSV': '7YTYB4YEC9KE39JP',
    'DatosPresentacion': {
        'NIFPresentador': 'B74125311',
        'TimestampPre"
8431,1,in_invoice,S/FRA/2022/0762,22-0064,sent,"{
    'CSV': '2AHLBZDJU2PRK4BJ',
    'DatosPresentacion': {
        'NIFPresentador': 'B74125311',
        'TimestampPre"
8434,1,in_invoice,S/FRA/2022/0761,A322556,sent,"{
    'CSV': 'JZLVA7BTX68VMR23',
    'DatosPresentacion': {
        'NIFPresentador': 'B74125311',
        'TimestampPre"
8435,1,in_invoice,S/FRA/2022/0760,A2207059,sent,"{
    'CSV': 'RE6NVEQJ4TQECK7S',
    'DatosPresentacion': {
        'NIFPresentador': 'B74125311',
        'TimestampPre"
8437,1,in_invoice,S/FRA/2022/0759,V/10002124/22,sent,"{
    'CSV': 'QF3JXRQ6RZM9EZCM',
    'DatosPresentacion': {
        'NIFPresentador': 'B74125311',
        'TimestampPre"
8438,1,in_invoice,S/FRA/2022/0758,FAC-1204,sent,"{
    'CSV': 'GTD9CVXATGYAL5KM',
    'DatosPresentacion': {
        'NIFPresentador': 'B74125311',
        'TimestampPre"
8439,1,in_invoice,S/FRA/2022/0757,FAC-1207,sent,"{
    'CSV': 'B3BVQLDCWJYLE23W',
    'DatosPresentacion': {
        'NIFPresentador': 'B74125311',
        'TimestampPre"
8440,1,in_invoice,S/FRA/2022/0756,101,sent,"{
    'CSV': 'JEM5Y34GXKQREW2L',
    'DatosPresentacion': {
        'NIFPresentador': 'B74125311',
        'TimestampPre"
8441,1,in_invoice,S/FRA/2022/0755,018-0007-042369,sent,"{
    'CSV': '9S674V8MNNBLS8HL',
    'DatosPresentacion': {
        'NIFPresentador': 'B74125311',
        'TimestampPre"
8442,1,in_invoice,S/FRA/2022/0754,018-0007-043076,sent,"{
    'CSV': 'M6A6T8C3DLXAA855',
    'DatosPresentacion': {
        'NIFPresentador': 'B74125311',
        'TimestampPre"
8443,1,in_invoice,S/FRA/2022/0753,018-0008-044611,sent,"{
    'CSV': 'EJ9Q3ENJHCRKXTAY',
    'DatosPresentacion': {
        'NIFPresentador': 'B74125311',
        'TimestampPre"
8444,1,in_invoice,S/FRA/2022/0752,052-0008-774421,sent,"{
    'CSV': '64M7ATF4YGW2JLDM',
    'DatosPresentacion': {
        'NIFPresentador': 'B74125311',
        'TimestampPre"
8445,1,in_invoice,S/FRA/2022/0751,220006231,sent,"{
    'CSV': 'D3LYQRTFQD5PYUGE',
    'DatosPresentacion': {
        'NIFPresentador': 'B74125311',
        'TimestampPre"
8446,1,in_invoice,S/FRA/2022/0750,2022-0479,sent,"{
    'CSV': 'J38DS7DW366F5H6R',
    'DatosPresentacion': {
        'NIFPresentador': 'B74125311',
        'TimestampPre"
8447,1,in_invoice,S/FRA/2022/0749,09412600031,sent,"{
    'CSV': 'WJNZPHLMQ746PYNZ',
    'DatosPresentacion': {
        'NIFPresentador': 'B74125311',
        'TimestampPre"
8448,1,in_invoice,S/FRA/2022/0748,09412600027,sent,"{
    'CSV': 'NYXYV4P3CYH7SX6P',
    'DatosPresentacion': {
        'NIFPresentador': 'B74125311',
        'TimestampPre"
8449,1,in_invoice,S/FRA/2022/0747,0078,sent,"{
    'CSV': 'EHVC5AR84VA6WQUG',
    'DatosPresentacion': {
        'NIFPresentador': 'B74125311',
        'TimestampPre"
8451,1,in_invoice,S/FRA/2022/0746,D22 373,sent,"{
    'CSV': 'S76L8D4KNW8TJZS6',
    'DatosPresentacion': {
        'NIFPresentador': 'B74125311',
        'TimestampPre"
8452,1,in_invoice,S/FRA/2022/0745,D22 384,sent,"{
    'CSV': 'EGQJSHDPGN25SAT4',
    'DatosPresentacion': {
        'NIFPresentador': 'B74125311',
        'TimestampPre"
8302,1,in_invoice,S/FRA/2022/0744,AF/1639/01,sent,"{
    'CSV': 'RP7GSLWVCJ7UNYX8',
    'DatosPresentacion': {
        'NIFPresentador': 'B74125311',
        'TimestampPre"
6904,1,in_invoice,S/FRA/2022/0642,01/2022,sent,"{
    'CSV': 'H4C8PNGWCR9GA4NC',
    'DatosPresentacion': {
        'NIFPresentador': 'B74125311',
        'TimestampPre"
8949,1,in_refund,RS/FRA/2022/0006,R2698,sent,"{
    'CSV': 'K7F2WF3Q64FHSTVJ',
    'DatosPresentacion': {
        'NIFPresentador': 'B74125311',
        'TimestampPre"
8308,1,in_refund,RS/FRA/2022/0005,22/ABO 18,sent,"{
    'CSV': '7JAMFVWEVSNLR332',
    'DatosPresentacion': {
        'NIFPresentador': 'B74125311',
        'TimestampPre"
8297,1,in_invoice,S/FRA/2022/0743,174/2022,sent,"{
    'CSV': 'DF2DC6G6UTEJTD3L',
    'DatosPresentacion': {
        'NIFPresentador': 'B74125311',
        'TimestampPre"
8265,1,in_invoice,S/FRA/2022/0742,A/423,sent,"{
    'CSV': '5HNH5J97N8SBR8UA',
    'DatosPresentacion': {
        'NIFPresentador': 'B74125311',
        'TimestampPre"
8251,1,in_invoice,S/FRA/2022/0741,09/23,sent,"{
    'CSV': 'B9ESZTPSMY7YHBSW',
    'DatosPresentacion': {
        'NIFPresentador': 'B74125311',
        'TimestampPre"
8268,1,in_invoice,S/FRA/2022/0740,22/621,sent_modified,"{
    'CSV': 'V3XAF4APQBBCYDB9',
    'DatosPresentacion': {
        'NIFPresentador': 'B74125311',
        'TimestampPre"
8269,1,in_invoice,S/FRA/2022/0739,22/622,sent,"{
    'CSV': 'U23YLN7FP3RHJEFD',
    'DatosPresentacion': {
        'NIFPresentador': 'B74125311',
        'TimestampPre"
8270,1,in_invoice,S/FRA/2022/0738,22/623,sent,"{
    'CSV': 'MBD6V2Y2YMHBBFRL',
    'DatosPresentacion': {
        'NIFPresentador': 'B74125311',
        'TimestampPre"
8271,1,in_invoice,S/FRA/2022/0737,22/624,sent,"{
    'CSV': 'W6JQTKW7TX8XFVU2',
    'DatosPresentacion': {
        'NIFPresentador': 'B74125311',
        'TimestampPre"
8273,1,in_invoice,S/FRA/2022/0736,22/626,sent,"{
    'CSV': 'NRUWBUNFSL7BJ7HM',
    'DatosPresentacion': {
        'NIFPresentador': 'B74125311',
        'TimestampPre"
8274,1,in_invoice,S/FRA/2022/0735,22/627,sent,"{
    'CSV': '9E3CE3EQ3G48PPEC',
    'DatosPresentacion': {
        'NIFPresentador': 'B74125311',
        'TimestampPre"
8276,1,in_invoice,S/FRA/2022/0734,22/630,sent,"{
    'CSV': 'ND9HVR6L5JG5ZRP9',
    'DatosPresentacion': {
        'NIFPresentador': 'B74125311',
        'TimestampPre"
8277,1,in_invoice,S/FRA/2022/0733,22/631,sent,"{
    'CSV': 'FWKCSA8D54NTHFSY',
    'DatosPresentacion': {
        'NIFPresentador': 'B74125311',
        'TimestampPre"
8278,1,in_invoice,S/FRA/2022/0732,22/632,sent,"{
    'CSV': '3RCYTJ5ZY6JYUBGT',
    'DatosPresentacion': {
        'NIFPresentador': 'B74125311',
        'TimestampPre"
8279,1,in_invoice,S/FRA/2022/0731,22/705,sent,"{
    'CSV': 'B6E2B3V2BQJ92LJC',
    'DatosPresentacion': {
        'NIFPresentador': 'B74125311',
        'TimestampPre"
8281,1,in_invoice,S/FRA/2022/0730,001236,sent,"{
    'CSV': 'RWK5TSJ85QJUNFCT',
    'DatosPresentacion': {
        'NIFPresentador': 'B74125311',
        'TimestampPre"
8272,1,in_invoice,S/FRA/2022/0729,22/625,sent,"{
    'CSV': '66HYS57K5GHADHN3',
    'DatosPresentacion': {
        'NIFPresentador': 'B74125311',
        'TimestampPre"
8282,1,in_invoice,S/FRA/2022/0728,0096-2022,sent,"{
    'CSV': 'JG33RCU6CVXL8HP7',
    'DatosPresentacion': {
        'NIFPresentador': 'B74125311',
        'TimestampPre"
8285,1,in_invoice,S/FRA/2022/0727,F582880,sent,"{
    'CSV': 'DPSE58T8JDCSTYAS',
    'DatosPresentacion': {
        'NIFPresentador': 'B74125311',
        'TimestampPre"
8267,1,in_invoice,S/FRA/2022/0726,10360/22,sent,"{
    'CSV': 'PNHBFYFHT6XC4LPF',
    'DatosPresentacion': {
        'NIFPresentador': 'B74125311',
        'TimestampPre"
8289,1,in_invoice,S/FRA/2022/0725,06/2022,sent,"{
    'CSV': 'E3S2Z9HYEYKDXFTC',
    'DatosPresentacion': {
        'NIFPresentador': 'B74125311',
        'TimestampPre"
8291,1,in_invoice,S/FRA/2022/0724,A8,sent,"{
    'CSV': 'F4RBM8N6SUYEBAYW',
    'DatosPresentacion': {
        'NIFPresentador': 'B74125311',
        'TimestampPre"
8253,1,in_invoice,S/FRA/2022/0723,13/2022,sent,"{
    'CSV': '97FYMYFAEZTY97LN',
    'DatosPresentacion': {
        'NIFPresentador': 'B74125311',
        'TimestampPre"
8286,1,in_invoice,S/FRA/2022/0722,D22 346,sent,"{
    'CSV': 'CANCN4E8M8QYN8DS',
    'DatosPresentacion': {
        'NIFPresentador': 'B74125311',
        'TimestampPre"
8287,1,in_invoice,S/FRA/2022/0721,85991,sent,"{
    'CSV': 'TLKB7K6LJ6EMDARG',
    'DatosPresentacion': {
        'NIFPresentador': 'B74125311',
        'TimestampPre"
8290,1,in_invoice,S/FRA/2022/0720,002,sent,"{
    'CSV': 'AY6YLBVHW6FLQ5H9',
    'DatosPresentacion': {
        'NIFPresentador': 'B74125311',
        'TimestampPre"
7788,1,in_invoice,S/FRA/2022/0719,A22/8480,sent,"{
    'CSV': '3EUJJEF2P5YPF927',
    'DatosPresentacion': {
        'NIFPresentador': 'B74125311',
        'TimestampPre"
7777,1,in_invoice,S/FRA/2022/0718,OC22/392,sent,"{
    'CSV': '6L8MR4W5FFKJL3X6',
    'DatosPresentacion': {
        'NIFPresentador': 'B74125311',
        'TimestampPre"
7778,1,in_invoice,S/FRA/2022/0717,20695,sent,"{
    'CSV': 'VR7EH4RJSHURAHYD',
    'DatosPresentacion': {
        'NIFPresentador': 'B74125311',
        'TimestampPre"
7785,1,in_invoice,S/FRA/2022/0716,FVR-2200015,sent,"{
    'CSV': 'URC3SEAWG6LEMY2L',
    'DatosPresentacion': {
        'NIFPresentador': 'B74125311',
        'TimestampPre"
7787,1,in_invoice,S/FRA/2022/0715,220197,sent,"{
    'CSV': 'XNADXSBBU55MTX2R',
    'DatosPresentacion': {
        'NIFPresentador': 'B74125311',
        'TimestampPre"
7753,1,in_invoice,S/FRA/2022/0714,1129-2022,sent,"{
    'CSV': 'UFZK72PCT2RV27ZV',
    'DatosPresentacion': {
        'NIFPresentador': 'B74125311',
        'TimestampPre"
7756,1,in_invoice,S/FRA/2022/0713,9220515086,sent,"{
    'CSV': 'CACPF2ZCBMHMEVDN',
    'DatosPresentacion': {
        'NIFPresentador': 'B74125311',
        'TimestampPre"
7752,1,in_invoice,S/FRA/2022/0712,FRO20221756552,sent,"{
    'CSV': 'AR7JW4DEC4FCM9HE',
    'DatosPresentacion': {
        'NIFPresentador': 'B74125311',
        'TimestampPre"
7748,1,in_invoice,S/FRA/2022/0711,VF22-08-0811,sent,"{
    'CSV': 'SBZ3YN45WTBFMBUG',
    'DatosPresentacion': {
        'NIFPresentador': 'B74125311',
        'TimestampPre"
7737,1,in_invoice,S/FRA/2022/0710,000D000769,sent,"{
    'CSV': '8TVYVCN8XYVYPKBX',
    'DatosPresentacion': {
        'NIFPresentador': 'B74125311',
        'TimestampPre"
7744,1,in_invoice,S/FRA/2022/0709,FO2/1508,sent,"{
    'CSV': 'MSN3RBCJBL5VR4P9',
    'DatosPresentacion': {
        'NIFPresentador': 'B74125311',
        'TimestampPre"
7739,1,in_invoice,S/FRA/2022/0708,22/530,sent,"{
    'CSV': 'JZ3S73NDE3HV9DJV',
    'DatosPresentacion': {
        'NIFPresentador': 'B74125311',
        'TimestampPre"
7738,1,in_invoice,S/FRA/2022/0707,03/2022/09,sent,"{
    'CSV': 'EHSLSJHTFH3VUVYD',
    'DatosPresentacion': {
        'NIFPresentador': 'B74125311',
        'TimestampPre"
7766,1,in_invoice,S/FRA/2022/0706,4.209A,sent,"{
    'CSV': 'K7ZAXBREUPZ69Y8R',
    'DatosPresentacion': {
        'NIFPresentador': 'B74125311',
        'TimestampPre"
7741,1,in_invoice,S/FRA/2022/0705,22/528,sent,"{
    'CSV': 'TW6FUAJQ727K7UEJ',
    'DatosPresentacion': {
        'NIFPresentador': 'B74125311',
        'TimestampPre"
7743,1,in_invoice,S/FRA/2022/0704,22/526,sent,"{
    'CSV': 'N973S6NUGM4SY6LY',
    'DatosPresentacion': {
        'NIFPresentador': 'B74125311',
        'TimestampPre"
7736,1,in_invoice,S/FRA/2022/0703,3.212/F,sent,"{
    'CSV': 'EJMDR3887LWZTGM2',
    'DatosPresentacion': {
        'NIFPresentador': 'B74125311',
        'TimestampPre"
7740,1,in_invoice,S/FRA/2022/0702,22/529,sent,"{
    'CSV': 'REYC5LX5ME9PFW2E',
    'DatosPresentacion': {
        'NIFPresentador': 'B74125311',
        'TimestampPre"
7727,1,in_invoice,S/FRA/2022/0701,A-1034,sent,"{
    'CSV': 'AKPKEH6PHUKGY93J',
    'DatosPresentacion': {
        'NIFPresentador': 'B74125311',
        'TimestampPre"
7742,1,in_invoice,S/FRA/2022/0700,22/527,sent,"{
    'CSV': 'T6GJBBG6PRGN8YZC',
    'DatosPresentacion': {
        'NIFPresentador': 'B74125311',
        'TimestampPre"
8288,1,in_invoice,S/FRA/2022/0699,FD22-51984,sent,"{
    'CSV': 'RNVQ3ABPYKTKX4VA',
    'DatosPresentacion': {
        'NIFPresentador': 'B74125311',
        'TimestampPre"
7750,1,in_invoice,S/FRA/2022/0698,FD22-46170,sent,"{
    'CSV': 'JVLUP29CASJGCVRK',
    'DatosPresentacion': {
        'NIFPresentador': 'B74125311',
        'TimestampPre"
7749,1,in_invoice,S/FRA/2022/0697,FD22-46169,sent,"{
    'CSV': '58BBVGNVQ8JA9LTF',
    'DatosPresentacion': {
        'NIFPresentador': 'B74125311',
        'TimestampPre"
7819,1,in_invoice,S/FRA/2022/0696,022.037.,sent,"{
    'CSV': 'SVRKN6TYPCG83JWP',
    'DatosPresentacion': {
        'NIFPresentador': 'B74125311',
        'TimestampPre"
7751,1,in_invoice,S/FRA/2022/0695,FD22-43563,sent,"{
    'CSV': 'RUW6VN7ZJ8MDUDZL',
    'DatosPresentacion': {
        'NIFPresentador': 'B74125311',
        'TimestampPre"
8247,1,in_invoice,S/FRA/2022/0694,961,sent,"{
    'CSV': '9D4L3MVG35NCMAXZ',
    'DatosPresentacion': {
        'NIFPresentador': 'B74125311',
        'TimestampPre"
8246,1,in_invoice,S/FRA/2022/0693,958,sent,"{
    'CSV': '5EPVYG2XQQ777E89',
    'DatosPresentacion': {
        'NIFPresentador': 'B74125311',
        'TimestampPre"
8245,1,in_invoice,S/FRA/2022/0692,956,sent,"{
    'CSV': 'L2GFNC7CRR9N4UBY',
    'DatosPresentacion': {
        'NIFPresentador': 'B74125311',
        'TimestampPre"
8244,1,in_invoice,S/FRA/2022/0691,954,sent,"{
    'CSV': 'BR7G4QRJ365BV3XS',
    'DatosPresentacion': {
        'NIFPresentador': 'B74125311',
        'TimestampPre"
8243,1,in_invoice,S/FRA/2022/0690,953,sent,"{
    'CSV': '6JBUMAF43JLHJ95V',
    'DatosPresentacion': {
        'NIFPresentador': 'B74125311',
        'TimestampPre"
8242,1,in_invoice,S/FRA/2022/0689,952,sent,"{
    'CSV': '3TL3GZNKSZWRZCZQ',
    'DatosPresentacion': {
        'NIFPresentador': 'B74125311',
        'TimestampPre"
7786,1,in_invoice,S/FRA/2022/0688,45/22,sent,"{
    'CSV': 'F585J7QWCQBD7Q36',
    'DatosPresentacion': {
        'NIFPresentador': 'B74125311',
        'TimestampPre"
7791,1,in_invoice,S/FRA/2022/0687,37/22,sent,"{
    'CSV': 'HJPNWF6LBQBAZF7H',
    'DatosPresentacion': {
        'NIFPresentador': 'B74125311',
        'TimestampPre"
8232,1,in_invoice,S/FRA/2022/0686,2022-0006,sent,"{
    'CSV': 'E3HVFDEQKAK2XVT9',
    'DatosPresentacion': {
        'NIFPresentador': 'B74125311',
        'TimestampPre"
7769,1,in_invoice,S/FRA/2022/0685,F220012,sent,"{
    'CSV': '5FG72YVXM78YXC3T',
    'DatosPresentacion': {
        'NIFPresentador': 'B74125311',
        'TimestampPre"
8238,1,in_invoice,S/FRA/2022/0684,F220013,sent,"{
    'CSV': 'RYXEFFK72QTMZM2E',
    'DatosPresentacion': {
        'NIFPresentador': 'B74125311',
        'TimestampPre"
8236,1,in_invoice,S/FRA/2022/0683,0002/2022,sent,"{
    'CSV': '9AGHKJLHH4UGUZ79',
    'DatosPresentacion': {
        'NIFPresentador': 'B74125311',
        'TimestampPre"
8250,1,in_invoice,S/FRA/2022/0682,OO/2022/010,sent,"{
    'CSV': 'RQLBPRG28ZA2FJBF',
    'DatosPresentacion': {
        'NIFPresentador': 'B74125311',
        'TimestampPre"
7790,1,in_invoice,S/FRA/2022/0681,34/2022,sent,"{
    'CSV': 'TY78RM4WBPGP69QX',
    'DatosPresentacion': {
        'NIFPresentador': 'B74125311',
        'TimestampPre"
7775,1,in_invoice,S/FRA/2022/0680,000071,sent,"{
    'CSV': '7JMC6HVHSGFZACYC',
    'DatosPresentacion': {
        'NIFPresentador': 'B74125311',
        'TimestampPre"
7793,1,in_invoice,S/FRA/2022/0679,192/2022,sent,"{
    'CSV': 'GDBYFQL2SPCDDS7K',
    'DatosPresentacion': {
        'NIFPresentador': 'B74125311',
        'TimestampPre"
7792,1,in_invoice,S/FRA/2022/0678,191/2022,sent,"{
    'CSV': 'QME4WXZZBFSMPSW6',
    'DatosPresentacion': {
        'NIFPresentador': 'B74125311',
        'TimestampPre"
7794,1,in_invoice,S/FRA/2022/0677,194/2022,sent,"{
    'CSV': 'QTW5VRJHBT6XRD5U',
    'DatosPresentacion': {
        'NIFPresentador': 'B74125311',
        'TimestampPre"
7789,1,in_invoice,S/FRA/2022/0676,OO2022-02,sent,"{
    'CSV': '8BBMVSU4A38YHQJD',
    'DatosPresentacion': {
        'NIFPresentador': 'B74125311',
        'TimestampPre"
7814,1,in_invoice,S/FRA/2022/0675,83/09/22,sent_modified,"{
    'CSV': '3KGMC6WVGTFPRJQ5',
    'DatosPresentacion': {
        'NIFPresentador': 'B74125311',
        'TimestampPre"
7829,1,in_invoice,S/FRA/2022/0674,05/2022,sent,"{
    'CSV': 'Z38Y78GK52RQAMKY',
    'DatosPresentacion': {
        'NIFPresentador': 'B74125311',
        'TimestampPre"
8224,1,in_invoice,S/FRA/2022/0673,06/2022,sent,"{
    'CSV': '2RWWKV3E4TNCFMK7',
    'DatosPresentacion': {
        'NIFPresentador': 'B74125311',
        'TimestampPre"
7818,1,in_invoice,S/FRA/2022/0672,6/2022,sent,"{
    'CSV': '4CTTY6NK5G8T3RUW',
    'DatosPresentacion': {
        'NIFPresentador': 'B74125311',
        'TimestampPre"
7809,1,in_invoice,S/FRA/2022/0671,007/2022,sent,"{
    'CSV': 'BZWF3UXP85JTGSLR',
    'DatosPresentacion': {
        'NIFPresentador': 'B74125311',
        'TimestampPre"
7815,1,in_invoice,S/FRA/2022/0670,2022-426,sent,"{
    'CSV': 'NTWN2WEQAAN2ABGK',
    'DatosPresentacion': {
        'NIFPresentador': 'B74125311',
        'TimestampPre"
7810,1,in_invoice,S/FRA/2022/0669,LD 06/22,sent,"{
    'CSV': '9WQMSM3XSYKYUWXF',
    'DatosPresentacion': {
        'NIFPresentador': 'B74125311',
        'TimestampPre"
7811,1,in_invoice,S/FRA/2022/0668,08,sent,"{
    'CSV': 'VYU3H6GZRMPBTQYB',
    'DatosPresentacion': {
        'NIFPresentador': 'B74125311',
        'TimestampPre"
7774,1,in_invoice,S/FRA/2022/0667,1220448731,sent,"{
    'CSV': 'UV8489BMSGH7253A',
    'DatosPresentacion': {
        'NIFPresentador': 'B74125311',
        'TimestampPre"
7817,1,in_invoice,S/FRA/2022/0666,5/2022,sent,"{
    'CSV': '7A5ZQFHDJJDT25HJ',
    'DatosPresentacion': {
        'NIFPresentador': 'B74125311',
        'TimestampPre"
8223,1,in_invoice,S/FRA/2022/0665,2022-192,sent,"{
    'CSV': 'S475MPXYCKQYUFLU',
    'DatosPresentacion': {
        'NIFPresentador': 'B74125311',
        'TimestampPre"
7872,1,in_invoice,S/FRA/2022/0664,0004/2022,sent,"{
    'CSV': 'EAN9HNLSMVGBPCF5',
    'DatosPresentacion': {
        'NIFPresentador': 'B74125311',
        'TimestampPre"
7820,1,in_invoice,S/FRA/2022/0663,0003/2022,sent,"{
    'CSV': '7JLSJ2TLGQQVSVTW',
    'DatosPresentacion': {
        'NIFPresentador': 'B74125311',
        'TimestampPre"
7828,1,in_invoice,S/FRA/2022/0662,5/2022,sent,"{
    'CSV': 'YMH7SFJ674ZY34CZ',
    'DatosPresentacion': {
        'NIFPresentador': 'B74125311',
        'TimestampPre"
7861,1,in_invoice,S/FRA/2022/0661,C5/2022,sent,"{
    'CSV': 'XG37LJXK5SU3TLNS',
    'DatosPresentacion': {
        'NIFPresentador': 'B74125311',
        'TimestampPre"
7780,1,in_invoice,S/FRA/2022/0660,05/23,sent,"{
    'CSV': 'WBJTY6RMLJA68UGZ',
    'DatosPresentacion': {
        'NIFPresentador': 'B74125311',
        'TimestampPre"
7781,1,in_invoice,S/FRA/2022/0659,04/23,sent,"{
    'CSV': '2B5N6G2MH4QE3JUK',
    'DatosPresentacion': {
        'NIFPresentador': 'B74125311',
        'TimestampPre"
7725,1,in_invoice,S/FRA/2022/0658,3122/F,sent,"{
    'CSV': '8TARQVFWZ6DK9NKJ',
    'DatosPresentacion': {
        'NIFPresentador': 'B74125311',
        'TimestampPre"
7771,1,in_invoice,S/FRA/2022/0657,A/358,sent,"{
    'CSV': 'YKZVXYUZBG2RBUP4',
    'DatosPresentacion': {
        'NIFPresentador': 'B74125311',
        'TimestampPre"
7862,1,in_invoice,S/FRA/2022/0656,39,sent,"{
    'CSV': 'BFBA88AZBMEJKULB',
    'DatosPresentacion': {
        'NIFPresentador': 'B74125311',
        'TimestampPre"
7830,1,in_invoice,S/FRA/2022/0655,001/22,sent,"{
    'CSV': 'SCTDH7NAD7VARAER',
    'DatosPresentacion': {
        'NIFPresentador': 'B74125311',
        'TimestampPre"
7797,1,in_invoice,S/FRA/2022/0654,1/2022,sent,"{
    'CSV': 'MGW9G2ZBBBZLC3PL',
    'DatosPresentacion': {
        'NIFPresentador': 'B74125311',
        'TimestampPre"
7822,1,in_invoice,S/FRA/2022/0653,2022/003,sent,"{
    'CSV': 'FPGDCRYGAVDUE6RJ',
    'DatosPresentacion': {
        'NIFPresentador': 'B74125311',
        'TimestampPre"
7776,1,in_invoice,S/FRA/2022/0652,062-2022,sent,"{
    'CSV': 'WZ5L7B8WV4VPWUNF',
    'DatosPresentacion': {
        'NIFPresentador': 'B74125311',
        'TimestampPre"
8222,1,in_invoice,S/FRA/2022/0651,2022105,sent,"{
    'CSV': 'KJKGSUN649RV4THT',
    'DatosPresentacion': {
        'NIFPresentador': 'B74125311',
        'TimestampPre"
7728,1,in_invoice,S/FRA/2022/0650,55,sent,"{
    'CSV': 'EQC953ZKCZKVPHZL',
    'DatosPresentacion': {
        'NIFPresentador': 'B74125311',
        'TimestampPre"
7796,1,in_invoice,S/FRA/2022/0649,A7,sent,"{
    'CSV': 'ACWG64ZMN5TLECJT',
    'DatosPresentacion': {
        'NIFPresentador': 'B74125311',
        'TimestampPre"
8221,1,in_invoice,S/FRA/2022/0648,0822,sent,"{
    'CSV': 'USS7JSZKNT73Z6NX',
    'DatosPresentacion': {
        'NIFPresentador': 'B74125311',
        'TimestampPre"
7798,1,in_invoice,S/FRA/2022/0647,7/2022,sent,"{
    'CSV': 'YYQEM6P4L2SRDLUT',
    'DatosPresentacion': {
        'NIFPresentador': 'B74125311',
        'TimestampPre"
7816,1,in_invoice,S/FRA/2022/0646,4/2022,sent,"{
    'CSV': 'Z8CHTZT3M8A385FQ',
    'DatosPresentacion': {
        'NIFPresentador': 'B74125311',
        'TimestampPre"
7755,1,in_invoice,S/FRA/2022/0645,56,sent,"{
    'CSV': 'JLUVK4L9DWLT9SU7',
    'DatosPresentacion': {
        'NIFPresentador': 'B74125311',
        'TimestampPre"
7808,1,in_invoice,S/FRA/2022/0644,004/2022,sent,"{
    'CSV': '727KWD7AGK8DFAH4',
    'DatosPresentacion': {
        'NIFPresentador': 'B74125311',
        'TimestampPre"
7770,1,in_invoice,S/FRA/2022/0643,000065,sent,"{
    'CSV': 'U42CRJ7A8G24NDEX',
    'DatosPresentacion': {
        'NIFPresentador': 'B74125311',
        'TimestampPre"
7765,1,in_invoice,S/FRA/2022/0641,0202/22,sent,"{
    'CSV': '6VZFEA3SSSPNB355',
    'DatosPresentacion': {
        'NIFPresentador': 'B74125311',
        'TimestampPre"
7784,1,in_invoice,S/FRA/2022/0640,OO/2022/009,sent,"{
    'CSV': '5FBGJFEPQDXE5SYX',
    'DatosPresentacion': {
        'NIFPresentador': 'B74125311',
        'TimestampPre"
7783,1,in_invoice,S/FRA/2022/0639,157/2022,sent,"{
    'CSV': '7GHBB9PF35KDPHEY',
    'DatosPresentacion': {
        'NIFPresentador': 'B74125311',
        'TimestampPre"
7754,1,in_invoice,S/FRA/2022/0638,MTA2201384,sent,"{
    'CSV': 'V587LSXKL5BNY868',
    'DatosPresentacion': {
        'NIFPresentador': 'B74125311',
        'TimestampPre"
7745,1,in_invoice,S/FRA/2022/0637,09/2022,sent,"{
    'CSV': 'HAV85WTZN8DPFCAU',
    'DatosPresentacion': {
        'NIFPresentador': 'B74125311',
        'TimestampPre"
7720,1,in_invoice,S/FRA/2022/0636,F574654,sent,"{
    'CSV': 'GBNHZCVJ34WBDRTK',
    'DatosPresentacion': {
        'NIFPresentador': 'B74125311',
        'TimestampPre"
7718,1,in_invoice,S/FRA/2022/0635,3968,sent,"{
    'CSV': 'NR5KGE7KYWW6HHBN',
    'DatosPresentacion': {
        'NIFPresentador': 'B74125311',
        'TimestampPre"
7717,1,in_invoice,S/FRA/2022/0634,20220200,sent_modified,3002 | No existe el Registro
7719,1,in_invoice,S/FRA/2022/0633,A/377,sent,"{
    'CSV': 'X6JQJGHRA9CALV4N',
    'DatosPresentacion': {
        'NIFPresentador': 'B74125311',
        'TimestampPre"
7711,1,in_invoice,S/FRA/2022/0632,220186,sent,"{
    'CSV': 'WBEG9V8LXGE87BZD',
    'DatosPresentacion': {
        'NIFPresentador': 'B74125311',
        'TimestampPre"
7714,1,in_invoice,S/FRA/2022/0631,159,sent,"{
    'CSV': '24SA7UJQ8ME9MPLB',
    'DatosPresentacion': {
        'NIFPresentador': 'B74125311',
        'TimestampPre"
7716,1,in_invoice,S/FRA/2022/0630,2/2022,sent,"{
    'CSV': '2DCJYWZZPL2EAPC4',
    'DatosPresentacion': {
        'NIFPresentador': 'B74125311',
        'TimestampPre"
7767,1,in_invoice,S/FRA/2022/0629,122004344,sent,"{
    'CSV': 'QA7JVBNQM78HNV76',
    'DatosPresentacion': {
        'NIFPresentador': 'B74125311',
        'TimestampPre"
7713,1,in_invoice,S/FRA/2022/0628,AF/1605/01,sent,"{
    'CSV': 'T4JR35UUWY44A7JV',
    'DatosPresentacion': {
        'NIFPresentador': 'B74125311',
        'TimestampPre"
7707,1,in_invoice,S/FRA/2022/0627,4/2022,sent,"{
    'CSV': '7LQDT7CQURQDASLP',
    'DatosPresentacion': {
        'NIFPresentador': 'B74125311',
        'TimestampPre"
7710,1,in_invoice,S/FRA/2022/0626,852222,sent_modified,"{
    'CSV': 'MYS72JR85FJYS6NZ',
    'DatosPresentacion': {
        'NIFPresentador': 'B74125311',
        'TimestampPre"
7722,1,in_invoice,S/FRA/2022/0625,090-A22-002258,sent,"{
    'CSV': 'WSJYW477U8EXZFP7',
    'DatosPresentacion': {
        'NIFPresentador': 'B74125311',
        'TimestampPre"
7723,1,in_invoice,S/FRA/2022/0624,01,sent,"{
    'CSV': 'GV96RY3H9FDBPTFT',
    'DatosPresentacion': {
        'NIFPresentador': 'B74125311',
        'TimestampPre"
7721,1,in_invoice,S/FRA/2022/0623,170/2022,sent,"{
    'CSV': 'MAEGGLA6QHJGJYZS',
    'DatosPresentacion': {
        'NIFPresentador': 'B74125311',
        'TimestampPre"
7038,1,in_invoice,S/FRA/2022/0622,4200123456,sent,"{
    'CSV': 'M9ME9X9XHNDPPZA4',
    'DatosPresentacion': {
        'NIFPresentador': 'B74125311',
        'TimestampPre"
7692,1,in_invoice,S/FRA/2022/0621,2022 A 0000145,sent,"{
    'CSV': '3A9PXELL4FXGGHFR',
    'DatosPresentacion': {
        'NIFPresentador': 'B74125311',
        'TimestampPre"
7688,1,in_invoice,S/FRA/2022/0620,122004018,sent,"{
    'CSV': 'TUTDCKGV3Q7DRPZU',
    'DatosPresentacion': {
        'NIFPresentador': 'B74125311',
        'TimestampPre"
6907,1,in_invoice,S/FRA/2022/0619,6/2022,sent,"{
    'CSV': 'JS2RKVBPGFNQ48H2',
    'DatosPresentacion': {
        'NIFPresentador': 'B74125311',
        'TimestampPre"
7694,1,in_invoice,S/FRA/2022/0618,589,sent,"{
    'CSV': 'V52MWWSLD9SJKJ3K',
    'DatosPresentacion': {
        'NIFPresentador': 'B74125311',
        'TimestampPre"
7709,1,in_invoice,S/FRA/2022/0617,2/2022,sent,"{
    'CSV': 'JC3A53TUGPDJ24X2',
    'DatosPresentacion': {
        'NIFPresentador': 'B74125311',
        'TimestampPre"
6942,1,in_invoice,S/FRA/2022/0616,VF22-08-0076,sent,"{
    'CSV': 'Z9SPUEAD49RVAQ2Q',
    'DatosPresentacion': {
        'NIFPresentador': 'B74125311',
        'TimestampPre"
7699,1,in_invoice,S/FRA/2022/0615,A-918,sent,"{
    'CSV': 'JTN6SUU3HRNZY53G',
    'DatosPresentacion': {
        'NIFPresentador': 'B74125311',
        'TimestampPre"
7698,1,in_invoice,S/FRA/2022/0614,03/2022/08,sent,"{
    'CSV': 'NQ5ERLHVKGZVKM6J',
    'DatosPresentacion': {
        'NIFPresentador': 'B74125311',
        'TimestampPre"
7025,1,in_invoice,S/FRA/2022/0613,22248,sent,"{
    'CSV': 'H8LM48PJMDGALK7J',
    'DatosPresentacion': {
        'NIFPresentador': 'B74125311',
        'TimestampPre"
7724,1,in_invoice,S/FRA/2022/0612,FA 221628,sent,"{
    'CSV': '94SF6Z8QC4DRUG3T',
    'DatosPresentacion': {
        'NIFPresentador': 'B74125311',
        'TimestampPre"
7665,1,in_invoice,S/FRA/2022/0611,2865/F,sent,"{
    'CSV': 'MUMQ3URUUS6CVEC6',
    'DatosPresentacion': {
        'NIFPresentador': 'B74125311',
        'TimestampPre"
7768,1,in_invoice,S/FRA/2022/0610,2022-364,sent,"{
    'CSV': '5Y9UQQ5FDFAX832R',
    'DatosPresentacion': {
        'NIFPresentador': 'B74125311',
        'TimestampPre"
7779,1,in_invoice,S/FRA/2022/0609,FO2/1318,sent,"{
    'CSV': '3CZX3RTN6J9GMUPR',
    'DatosPresentacion': {
        'NIFPresentador': 'B74125311',
        'TimestampPre"
7712,1,in_invoice,S/FRA/2022/0608,A16,sent,"{
    'CSV': 'KQP5ZB2GG67K7WLU',
    'DatosPresentacion': {
        'NIFPresentador': 'B74125311',
        'TimestampPre"
7708,1,in_invoice,S/FRA/2022/0607,20220374,sent,"{
    'CSV': '6EZWEHYRNDD9S9JE',
    'DatosPresentacion': {
        'NIFPresentador': 'B74125311',
        'TimestampPre"
7103,1,in_invoice,S/FRA/2022/0606,2698,sent,"{
    'CSV': '78WNM8LDH8VN6H6K',
    'DatosPresentacion': {
        'NIFPresentador': 'B74125311',
        'TimestampPre"
7691,1,in_invoice,S/FRA/2022/0593,FD22-39399,sent,"{
    'CSV': 'ZVHUX9XGTTCKL7C4',
    'DatosPresentacion': {
        'NIFPresentador': 'B74125311',
        'TimestampPre"
7705,1,in_invoice,S/FRA/2022/0605,OO/2022/008,sent,"{
    'CSV': 'P86P444ZBHNNXRGS',
    'DatosPresentacion': {
        'NIFPresentador': 'B74125311',
        'TimestampPre"
7704,1,in_invoice,S/FRA/2022/0604,138/2022,sent,"{
    'CSV': 'QJ5Y4YKWVQHSZKQT',
    'DatosPresentacion': {
        'NIFPresentador': 'B74125311',
        'TimestampPre"
6895,1,in_invoice,S/FRA/2022/0603,I0-000058,sent,"{
    'CSV': 'SQVKHPM8GGCG8W2K',
    'DatosPresentacion': {
        'NIFPresentador': 'B74125311',
        'TimestampPre"
6905,1,in_invoice,S/FRA/2022/0602,000267,sent,"{
    'CSV': 'YQ9LD2GJASTENG3R',
    'DatosPresentacion': {
        'NIFPresentador': 'B74125311',
        'TimestampPre"
6945,1,in_invoice,S/FRA/2022/0601,A2205421,sent,"{
    'CSV': 'Q8488QTCQRHFFCSE',
    'DatosPresentacion': {
        'NIFPresentador': 'B74125311',
        'TimestampPre"
7026,1,in_invoice,S/FRA/2022/0600,FRO20221600895,sent,"{
    'CSV': 'PA4KDGUX2WLBQX25',
    'DatosPresentacion': {
        'NIFPresentador': 'B74125311',
        'TimestampPre"
7055,1,in_invoice,S/FRA/2022/0599,2022-001,sent,"{
    'CSV': 'VGE8FP97FWYYS53G',
    'DatosPresentacion': {
        'NIFPresentador': 'B74125311',
        'TimestampPre"
7077,1,in_invoice,S/FRA/2022/0598,22006CA,sent,"{
    'CSV': '2X6XHZBPHPPAKP5A',
    'DatosPresentacion': {
        'NIFPresentador': 'B74125311',
        'TimestampPre"
7101,1,in_invoice,S/FRA/2022/0597,000G000894,sent,"{
    'CSV': 'EWRLGTPRQMF6XSCA',
    'DatosPresentacion': {
        'NIFPresentador': 'B74125311',
        'TimestampPre"
7102,1,in_invoice,S/FRA/2022/0596,000D000700,sent,"{
    'CSV': 'NDTLT7YRXGGBHETT',
    'DatosPresentacion': {
        'NIFPresentador': 'B74125311',
        'TimestampPre"
7687,1,in_invoice,S/FRA/2022/0595,3344A,sent,"{
    'CSV': 'RC2PNYT8DEGSL6LH',
    'DatosPresentacion': {
        'NIFPresentador': 'B74125311',
        'TimestampPre"
7690,1,in_invoice,S/FRA/2022/0594,022041,sent,"{
    'CSV': '8EQ4TKMCFSHDENZ2',
    'DatosPresentacion': {
        'NIFPresentador': 'B74125311',
        'TimestampPre"
7693,1,in_invoice,S/FRA/2022/0592,A000031007,sent,"{
    'CSV': 'FM2E67NLZ7GMDK3P',
    'DatosPresentacion': {
        'NIFPresentador': 'B74125311',
        'TimestampPre"
7695,1,in_invoice,S/FRA/2022/0591,22202,sent,"{
    'CSV': 'SLMM6W9AMCQ22N6R',
    'DatosPresentacion': {
        'NIFPresentador': 'B74125311',
        'TimestampPre"
7696,1,in_invoice,S/FRA/2022/0590,22/465,sent,"{
    'CSV': 'KEHSJW2UEESLWF5H',
    'DatosPresentacion': {
        'NIFPresentador': 'B74125311',
        'TimestampPre"
7697,1,in_invoice,S/FRA/2022/0589,22/466,sent_modified,"{
    'CSV': '4E544JVHGHDJDFMX',
    'DatosPresentacion': {
        'NIFPresentador': 'B74125311',
        'TimestampPre"
7700,1,in_invoice,S/FRA/2022/0588,18742201P0176729,sent,"{
    'CSV': 'APC9UZ6U25QKWTX2',
    'DatosPresentacion': {
        'NIFPresentador': 'B74125311',
        'TimestampPre"
6893,1,in_invoice,S/FRA/2022/0587,G 108-22,sent,"{
    'CSV': '8NDYG2QATY29CAKH',
    'DatosPresentacion': {
        'NIFPresentador': 'B74125311',
        'TimestampPre"
6897,1,in_invoice,S/FRA/2022/0586,98209,sent,"{
    'CSV': '47ERPJ6U5WMHFQVZ',
    'DatosPresentacion': {
        'NIFPresentador': 'B74125311',
        'TimestampPre"
6892,1,in_invoice,S/FRA/2022/0585,022039,sent,"{
    'CSV': 'E6Q5ADSGTWGZSGKH',
    'DatosPresentacion': {
        'NIFPresentador': 'B74125311',
        'TimestampPre"
6890,1,in_invoice,S/FRA/2022/0584,22/19,sent_modified,"{
    'CSV': 'EMQGF6RN2KMFRKVS',
    'DatosPresentacion': {
        'NIFPresentador': 'B74125311',
        'TimestampPre"
6896,1,in_invoice,S/FRA/2022/0583,2042-22,sent,"{
    'CSV': 'QM2KQQKZBEP66NS3',
    'DatosPresentacion': {
        'NIFPresentador': 'B74125311',
        'TimestampPre"
6883,1,in_invoice,S/FRA/2022/0582,312-KF22-9911,sent,"{
    'CSV': 'AFHMQ6Q3TCU792SL',
    'DatosPresentacion': {
        'NIFPresentador': 'B74125311',
        'TimestampPre"
6752,1,in_invoice,S/FRA/2022/0581,022034,sent,"{
    'CSV': 'FL995APZGNGKGSMA',
    'DatosPresentacion': {
        'NIFPresentador': 'B74125311',
        'TimestampPre"
6891,1,in_invoice,S/FRA/2022/0580,22/290,sent,"{
    'CSV': 'PRULZ49FB5M52AY2',
    'DatosPresentacion': {
        'NIFPresentador': 'B74125311',
        'TimestampPre"
6740,1,in_invoice,S/FRA/2022/0579,2,sent,"{
    'CSV': '6DCJAKQLPS4CZ72D',
    'DatosPresentacion': {
        'NIFPresentador': 'B74125311',
        'TimestampPre"
6739,1,in_invoice,S/FRA/2022/0578,1,sent,"{
    'CSV': '5268BT2497EPM3UQ',
    'DatosPresentacion': {
        'NIFPresentador': 'B74125311',
        'TimestampPre"
6742,1,in_invoice,S/FRA/2022/0577,005/2022,sent,"{
    'CSV': 'LJKBWWSXX2QMBFSQ',
    'DatosPresentacion': {
        'NIFPresentador': 'B74125311',
        'TimestampPre"
6741,1,in_invoice,S/FRA/2022/0576,004/2022,sent,"{
    'CSV': '87UQ28DJM7FFNGXN',
    'DatosPresentacion': {
        'NIFPresentador': 'B74125311',
        'TimestampPre"
6851,1,in_invoice,S/FRA/2022/0575,09/2022/07,sent,"{
    'CSV': 'C8CGYYZX9A2EFLST',
    'DatosPresentacion': {
        'NIFPresentador': 'B74125311',
        'TimestampPre"
6854,1,in_invoice,S/FRA/2022/0574,FD22-35132,sent,"{
    'CSV': 'Q3XQDCQ8X83Y9DJH',
    'DatosPresentacion': {
        'NIFPresentador': 'B74125311',
        'TimestampPre"
6747,1,in_invoice,S/FRA/2022/0573,22-07-00014,sent,"{
    'CSV': '2ZPQCXRDLXDAUJJQ',
    'DatosPresentacion': {
        'NIFPresentador': 'B74125311',
        'TimestampPre"
6844,1,in_invoice,S/FRA/2022/0572,CF/0000045548-2022,sent,"{
    'CSV': 'E8LYCNSNQ6TA4HQ7',
    'DatosPresentacion': {
        'NIFPresentador': 'B74125311',
        'TimestampPre"
6734,1,in_invoice,S/FRA/2022/0571,5/2022,sent,"{
    'CSV': 'HB3CN6GD2C5UFH2G',
    'DatosPresentacion': {
        'NIFPresentador': 'B74125311',
        'TimestampPre"
6865,1,in_invoice,S/FRA/2022/0570,A-765,sent,"{
    'CSV': 'ZCRPYD232AVMG6L3',
    'DatosPresentacion': {
        'NIFPresentador': 'B74125311',
        'TimestampPre"
6882,1,in_invoice,S/FRA/2022/0569,A10017172984-0722,sent,"{
    'CSV': 'M34BEPH8UWQF5DBG',
    'DatosPresentacion': {
        'NIFPresentador': 'B74125311',
        'TimestampPre"
6852,1,in_invoice,S/FRA/2022/0568,03/2022/07,sent,"{
    'CSV': '3RGDUT49MGHFMWXS',
    'DatosPresentacion': {
        'NIFPresentador': 'B74125311',
        'TimestampPre"
6746,1,in_invoice,S/FRA/2022/0567,19/2022,sent,"{
    'CSV': '6FR9FP4TU4BPUNVS',
    'DatosPresentacion': {
        'NIFPresentador': 'B74125311',
        'TimestampPre"
6745,1,in_invoice,S/FRA/2022/0566,21/2022,sent,"{
    'CSV': '4RZUD3NG4XFKNUZ2',
    'DatosPresentacion': {
        'NIFPresentador': 'B74125311',
        'TimestampPre"
6861,1,in_invoice,S/FRA/2022/0565,VF22-07-0081,sent,"{
    'CSV': 'YNTW37UKAH4QVEKU',
    'DatosPresentacion': {
        'NIFPresentador': 'B74125311',
        'TimestampPre"
6884,1,in_invoice,S/FRA/2022/0564,2022-334,sent,"{
    'CSV': '9WRE3WPEKYG73PZA',
    'DatosPresentacion': {
        'NIFPresentador': 'B74125311',
        'TimestampPre"
6903,1,in_invoice,S/FRA/2022/0563,122003339,sent,"{
    'CSV': 'D5SH66NT2XWTAAQU',
    'DatosPresentacion': {
        'NIFPresentador': 'B74125311',
        'TimestampPre"
6902,1,in_invoice,S/FRA/2022/0562,122003237,sent,"{
    'CSV': 'BDPTDWF33TWAECWQ',
    'DatosPresentacion': {
        'NIFPresentador': 'B74125311',
        'TimestampPre"
6886,1,in_invoice,S/FRA/2022/0561,18/2022,sent,"{
    'CSV': 'JGPH4FEUEKR5EKNX',
    'DatosPresentacion': {
        'NIFPresentador': 'B74125311',
        'TimestampPre"
6885,1,in_invoice,S/FRA/2022/0560,20/2022,sent,"{
    'CSV': 'A7Y4Q3N27H9SJYMZ',
    'DatosPresentacion': {
        'NIFPresentador': 'B74125311',
        'TimestampPre"
6888,1,in_invoice,S/FRA/2022/0559,16/2021,sent,"{
    'CSV': 'BC635D4RWQEB726E',
    'DatosPresentacion': {
        'NIFPresentador': 'B74125311',
        'TimestampPre"
6887,1,in_invoice,S/FRA/2022/0558,19/2022,sent,"{
    'CSV': 'T5PKU2P3ZXH8KWUK',
    'DatosPresentacion': {
        'NIFPresentador': 'B74125311',
        'TimestampPre"
6889,1,in_invoice,S/FRA/2022/0557,17/2022,sent,"{
    'CSV': 'F5TX8PG9TNTBKKC7',
    'DatosPresentacion': {
        'NIFPresentador': 'B74125311',
        'TimestampPre"
6707,1,in_refund,RS/FRA/2022/0004,VAB22-05-0034,sent,"{
    'CSV': 'HMURME9SMD4WDTWS',
    'DatosPresentacion': {
        'NIFPresentador': 'B74125311',
        'TimestampPre"
6866,1,in_invoice,S/FRA/2022/0556,22/391,sent,"{
    'CSV': '894XWZSQ4TLV2QW4',
    'DatosPresentacion': {
        'NIFPresentador': 'B74125311',
        'TimestampPre"
6874,1,in_invoice,S/FRA/2022/0555,000D000575,sent,"{
    'CSV': '55MJ9NV3AD9XVY8G',
    'DatosPresentacion': {
        'NIFPresentador': 'B74125311',
        'TimestampPre"
6873,1,in_invoice,S/FRA/2022/0554,000D000576,sent,"{
    'CSV': '2B6TH6D5SQVYC2CK',
    'DatosPresentacion': {
        'NIFPresentador': 'B74125311',
        'TimestampPre"
6872,1,in_invoice,S/FRA/2022/0553,000G000733,sent,"{
    'CSV': '6AJ9RBWMCXQAYB9P',
    'DatosPresentacion': {
        'NIFPresentador': 'B74125311',
        'TimestampPre"
6871,1,in_invoice,S/FRA/2022/0552,22/390,sent,"{
    'CSV': 'NUEVKANEWPZRPD86',
    'DatosPresentacion': {
        'NIFPresentador': 'B74125311',
        'TimestampPre"
6853,1,in_invoice,S/FRA/2022/0551,FRO20221392247,sent,"{
    'CSV': 'E4QDSQAZLJK24DEL',
    'DatosPresentacion': {
        'NIFPresentador': 'B74125311',
        'TimestampPre"
6870,1,in_invoice,S/FRA/2022/0550,22/389,sent,"{
    'CSV': 'BAYMFVB5H5XLYUGG',
    'DatosPresentacion': {
        'NIFPresentador': 'B74125311',
        'TimestampPre"
6869,1,in_invoice,S/FRA/2022/0549,22/388,sent,"{
    'CSV': '69DXQFSWP83UEHSC',
    'DatosPresentacion': {
        'NIFPresentador': 'B74125311',
        'TimestampPre"
6868,1,in_invoice,S/FRA/2022/0548,22/387,sent,"{
    'CSV': 'AHGXV7SKVYY52LUM',
    'DatosPresentacion': {
        'NIFPresentador': 'B74125311',
        'TimestampPre"
6864,1,in_invoice,S/FRA/2022/0547,FA 221426,sent,"{
    'CSV': '9QXYDSSPP4C6BJKE',
    'DatosPresentacion': {
        'NIFPresentador': 'B74125311',
        'TimestampPre"
6878,1,in_invoice,S/FRA/2022/0546,2355/F,sent,"{
    'CSV': 'TPTP9FEN9QWHFZY2',
    'DatosPresentacion': {
        'NIFPresentador': 'B74125311',
        'TimestampPre"
6859,1,in_invoice,S/FRA/2022/0545,A2204646,sent,"{
    'CSV': 'V8TU8CH88J5SCGDL',
    'DatosPresentacion': {
        'NIFPresentador': 'B74125311',
        'TimestampPre"
6867,1,in_invoice,S/FRA/2022/0544,22/392,sent,"{
    'CSV': 'GC7P46CHKTFSHXM9',
    'DatosPresentacion': {
        'NIFPresentador': 'B74125311',
        'TimestampPre"
6862,1,in_invoice,S/FRA/2022/0543,A000030947,sent,"{
    'CSV': 'UPJCNTNQKKZ5YB6U',
    'DatosPresentacion': {
        'NIFPresentador': 'B74125311',
        'TimestampPre"
6863,1,in_invoice,S/FRA/2022/0542,22-0032,sent,"{
    'CSV': 'DWX4W9STZZPHNNKE',
    'DatosPresentacion': {
        'NIFPresentador': 'B74125311',
        'TimestampPre"
6876,1,in_invoice,S/FRA/2022/0541,J220098020,sent,"{
    'CSV': 'QMLQMALKZXUL56D3',
    'DatosPresentacion': {
        'NIFPresentador': 'B74125311',
        'TimestampPre"
6858,1,in_invoice,S/FRA/2022/0540,312-KF22-8303,sent,"{
    'CSV': 'TJUQ83A8YNWARPZ3',
    'DatosPresentacion': {
        'NIFPresentador': 'B74125311',
        'TimestampPre"
6879,1,in_invoice,S/FRA/2022/0539,Q220038841,sent,"{
    'CSV': 'UC4EQ9UNDA6PVWSB',
    'DatosPresentacion': {
        'NIFPresentador': 'B74125311',
        'TimestampPre"
6880,1,in_invoice,S/FRA/2022/0538,T/1011/2022,sent,"{
    'CSV': '38X8HSCJD73XUVD2',
    'DatosPresentacion': {
        'NIFPresentador': 'B74125311',
        'TimestampPre"
6881,1,in_invoice,S/FRA/2022/0537,T/1013/2022,sent,"{
    'CSV': 'WZERHXDRVDQRXAX8',
    'DatosPresentacion': {
        'NIFPresentador': 'B74125311',
        'TimestampPre"
6856,1,in_invoice,S/FRA/2022/0536,A10017093023-0622,sent,"{
    'CSV': 'HR4C5XDWPMP4XTY4',
    'DatosPresentacion': {
        'NIFPresentador': 'B74125311',
        'TimestampPre"
6850,1,in_invoice,S/FRA/2022/0535,03/2022/06,sent,"{
    'CSV': 'DUGXP4HQ27YECP7X',
    'DatosPresentacion': {
        'NIFPresentador': 'B74125311',
        'TimestampPre"
6843,1,in_invoice,S/FRA/2022/0534,22/17,sent,"{
    'CSV': 'XMDZR2URTA4L5987',
    'DatosPresentacion': {
        'NIFPresentador': 'B74125311',
        'TimestampPre"
6860,1,in_invoice,S/FRA/2022/0533,VF22-06-0096,sent,"{
    'CSV': '3EASKHM3UTQSMBTA',
    'DatosPresentacion': {
        'NIFPresentador': 'B74125311',
        'TimestampPre"
6849,1,in_invoice,S/FRA/2022/0532,1HSN220500489517,sent,"{
    'CSV': 'NRTM9URAPRYP8EWN',
    'DatosPresentacion': {
        'NIFPresentador': 'B74125311',
        'TimestampPre"
6847,1,in_invoice,S/FRA/2022/0531,1NSN220500419553,sent,"{
    'CSV': '8GF7B2BCDX589S9C',
    'DatosPresentacion': {
        'NIFPresentador': 'B74125311',
        'TimestampPre"
6848,1,in_invoice,S/FRA/2022/0530,1HSN220500403312,sent,"{
    'CSV': 'N5VGX6Z5MQNYHFLN',
    'DatosPresentacion': {
        'NIFPresentador': 'B74125311',
        'TimestampPre"
6877,1,in_invoice,S/FRA/2022/0529,Y220011928,sent,"{
    'CSV': 'G3ZW5MMXWS46CCTC',
    'DatosPresentacion': {
        'NIFPresentador': 'B74125311',
        'TimestampPre"
6857,1,in_invoice,S/FRA/2022/0528,312-KF22-6829,sent,"{
    'CSV': '39USQJ4ZQEEZD6Z8',
    'DatosPresentacion': {
        'NIFPresentador': 'B74125311',
        'TimestampPre"
6855,1,in_invoice,S/FRA/2022/0527,A10017012978-0522,sent,"{
    'CSV': '7C5GJW4M5EHSV24G',
    'DatosPresentacion': {
        'NIFPresentador': 'B74125311',
        'TimestampPre"
6875,1,in_invoice,S/FRA/2022/0526,N210087881,sent,"{
    'CSV': 'EPJX98PWSY856CVQ',
    'DatosPresentacion': {
        'NIFPresentador': 'B74125311',
        'TimestampPre"
6775,1,in_invoice,S/FRA/2022/0525,OO/2022/007,sent,"{
    'CSV': '8ZG9A3NW8W5YP29L',
    'DatosPresentacion': {
        'NIFPresentador': 'B74125311',
        'TimestampPre"
6774,1,in_invoice,S/FRA/2022/0524,127/2022,sent,"{
    'CSV': '9TQTCFS22JZS7DYQ',
    'DatosPresentacion': {
        'NIFPresentador': 'B74125311',
        'TimestampPre"
6753,1,in_invoice,S/FRA/2022/0523,3690,sent,"{
    'CSV': 'SD5JA8BNTGTC5BJN',
    'DatosPresentacion': {
        'NIFPresentador': 'B74125311',
        'TimestampPre"
6743,1,in_invoice,S/FRA/2022/0522,555,sent,"{
    'CSV': 'XLENPLRTM2C6ATDQ',
    'DatosPresentacion': {
        'NIFPresentador': 'B74125311',
        'TimestampPre"
6732,1,in_invoice,S/FRA/2022/0521,3170003417,sent,"{
    'CSV': 'JBZQQGVMHXRTTT85',
    'DatosPresentacion': {
        'NIFPresentador': 'B74125311',
        'TimestampPre"
6728,1,in_invoice,S/FRA/2022/0520,122003159,sent,"{
    'CSV': 'TE3HP4KGBSVGJACD',
    'DatosPresentacion': {
        'NIFPresentador': 'B74125311',
        'TimestampPre"
6737,1,in_invoice,S/FRA/2022/0519,FVR-220008,sent,"{
    'CSV': '9VJTN9AM2ELQ4K9V',
    'DatosPresentacion': {
        'NIFPresentador': 'B74125311',
        'TimestampPre"
6727,1,in_invoice,S/FRA/2022/0518,2022/AES008769,sent,"{
    'CSV': 'UF7CPE3ZKF9J3LJK',
    'DatosPresentacion': {
        'NIFPresentador': 'B74125311',
        'TimestampPre"
6749,1,in_invoice,S/FRA/2022/0517,84408,sent,"{
    'CSV': 'KUALAFGG9Y343NNE',
    'DatosPresentacion': {
        'NIFPresentador': 'B74125311',
        'TimestampPre"
6729,1,in_invoice,S/FRA/2022/0516,122003058,sent,"{
    'CSV': 'UVP7MXG9HANLXEQC',
    'DatosPresentacion': {
        'NIFPresentador': 'B74125311',
        'TimestampPre"
6730,1,in_invoice,S/FRA/2022/0515,2370005537,sent,"{
    'CSV': '536UYL7G5E8LZ2HQ',
    'DatosPresentacion': {
        'NIFPresentador': 'B74125311',
        'TimestampPre"
6748,1,in_invoice,S/FRA/2022/0514,61134525,sent,"{
    'CSV': 'J2SUH6UTDKZA2QHN',
    'DatosPresentacion': {
        'NIFPresentador': 'B74125311',
        'TimestampPre"
6738,1,in_invoice,S/FRA/2022/0513,2022-006,sent,"{
    'CSV': 'F68ZMALZ369PK8PQ',
    'DatosPresentacion': {
        'NIFPresentador': 'B74125311',
        'TimestampPre"
6726,1,in_invoice,S/FRA/2022/0512,A-03/2022,sent,"{
    'CSV': 'AXB6LTJZAWKJ9VT6',
    'DatosPresentacion': {
        'NIFPresentador': 'B74125311',
        'TimestampPre"
6672,1,in_invoice,S/FRA/2022/0511,A-610,sent,"{
    'CSV': 'NSVJ6HT27RUW8S5X',
    'DatosPresentacion': {
        'NIFPresentador': 'B74125311',
        'TimestampPre"
6723,1,in_invoice,S/FRA/2022/0510,1872,sent,"{
    'CSV': 'HMV5WU8HPGSNW7CP',
    'DatosPresentacion': {
        'NIFPresentador': 'B74125311',
        'TimestampPre"
6725,1,in_invoice,S/FRA/2022/0509,001D000535,sent,"{
    'CSV': 'LJVBLDW4756MXXKP',
    'DatosPresentacion': {
        'NIFPresentador': 'B74125311',
        'TimestampPre"
6719,1,in_invoice,S/FRA/2022/0508,FRO20221169571,sent,"{
    'CSV': 'E3T8N4WBDC7ZQ9DE',
    'DatosPresentacion': {
        'NIFPresentador': 'B74125311',
        'TimestampPre"
6718,1,in_invoice,S/FRA/2022/0507,695-2022,sent,"{
    'CSV': 'LGBAM8USAW9AYXGF',
    'DatosPresentacion': {
        'NIFPresentador': 'B74125311',
        'TimestampPre"
6717,1,in_invoice,S/FRA/2022/0506,A2203776,sent,"{
    'CSV': 'E3DYBF6Q78E38L5Y',
    'DatosPresentacion': {
        'NIFPresentador': 'B74125311',
        'TimestampPre"
6714,1,in_invoice,S/FRA/2022/0505,22/309,sent,"{
    'CSV': 'AVHZHVC5QUD7H6FW',
    'DatosPresentacion': {
        'NIFPresentador': 'B74125311',
        'TimestampPre"
6713,1,in_invoice,S/FRA/2022/0504,22/308,sent,"{
    'CSV': 'PCSVHNGQCBDLEK85',
    'DatosPresentacion': {
        'NIFPresentador': 'B74125311',
        'TimestampPre"
6712,1,in_invoice,S/FRA/2022/0503,A000030819,sent,"{
    'CSV': 'BJRRRN89XE64455C',
    'DatosPresentacion': {
        'NIFPresentador': 'B74125311',
        'TimestampPre"
6716,1,in_invoice,S/FRA/2022/0502,22/311,sent,"{
    'CSV': 'RTMSL2JKMYTMZEHW',
    'DatosPresentacion': {
        'NIFPresentador': 'B74125311',
        'TimestampPre"
6715,1,in_invoice,S/FRA/2022/0501,22/310,sent,"{
    'CSV': 'J5DCKTB5QJBAH5XF',
    'DatosPresentacion': {
        'NIFPresentador': 'B74125311',
        'TimestampPre"
6724,1,in_invoice,S/FRA/2022/0500,001G000731,sent,"{
    'CSV': 'YPKVTFGRCANEJUMD',
    'DatosPresentacion': {
        'NIFPresentador': 'B74125311',
        'TimestampPre"
6711,1,in_invoice,S/FRA/2022/0499,39/22,sent,"{
    'CSV': 'TRUPZBSUZ5VR2X4Y',
    'DatosPresentacion': {
        'NIFPresentador': 'B74125311',
        'TimestampPre"
6722,1,in_invoice,S/FRA/2022/0498,18742201P0122943,sent,"{
    'CSV': 'BC3FG3Z4A3GW7QPF',
    'DatosPresentacion': {
        'NIFPresentador': 'B74125311',
        'TimestampPre"
6720,1,in_invoice,S/FRA/2022/0497,FD22-26936,sent,"{
    'CSV': '5HZF6SJSY2A79XSL',
    'DatosPresentacion': {
        'NIFPresentador': 'B74125311',
        'TimestampPre"
6681,1,in_invoice,S/FRA/2022/0496,0960470063159,sent,"{
    'CSV': 'MMJ96TBP8BVRH3JY',
    'DatosPresentacion': {
        'NIFPresentador': 'B74125311',
        'TimestampPre"
6731,1,in_refund,RS/FRA/2022/0003,3170003416,sent,"{
    'CSV': 'WDMN7FBV9NWPSC5F',
    'DatosPresentacion': {
        'NIFPresentador': 'B74125311',
        'TimestampPre"
6721,1,in_invoice,/,,not_sent,
6683,1,in_invoice,S/FRA/2022/0495,OO/2022/006,sent,"{
    'CSV': 'FQZ2ZTF9YUMNKEPX',
    'DatosPresentacion': {
        'NIFPresentador': 'B74125311',
        'TimestampPre"
6682,1,in_invoice,S/FRA/2022/0494,101/2022,sent,"{
    'CSV': 'PYD4C42DENUJYEMU',
    'DatosPresentacion': {
        'NIFPresentador': 'B74125311',
        'TimestampPre"
6671,1,in_invoice,S/FRA/2022/0493,22/22,sent,"{
    'CSV': 'PMSBMCS8AECG8X3B',
    'DatosPresentacion': {
        'NIFPresentador': 'B74125311',
        'TimestampPre"
6670,1,in_invoice,S/FRA/2022/0492,22-0025,sent,"{
    'CSV': '72WNER7H99F78J2Y',
    'DatosPresentacion': {
        'NIFPresentador': 'B74125311',
        'TimestampPre"
6668,1,in_invoice,S/FRA/2022/0491,T/820/2022,sent,"{
    'CSV': 'DVNSR3UD4JTL2L45',
    'DatosPresentacion': {
        'NIFPresentador': 'B74125311',
        'TimestampPre"
6664,1,in_invoice,S/FRA/2022/0490,03/2021/05,sent,"{
    'CSV': 'QA6M2G9KE5KEJBY8',
    'DatosPresentacion': {
        'NIFPresentador': 'B74125311',
        'TimestampPre"
6663,1,in_invoice,S/FRA/2022/0489,VF22-05-0099,sent,"{
    'CSV': 'XHSXSEGGRNAR5DG8',
    'DatosPresentacion': {
        'NIFPresentador': 'B74125311',
        'TimestampPre"
6658,1,in_invoice,S/FRA/2022/0488,A-485,sent,"{
    'CSV': 'FVFKXETB4ZVBBKTH',
    'DatosPresentacion': {
        'NIFPresentador': 'B74125311',
        'TimestampPre"
6659,1,in_invoice,S/FRA/2022/0487,VF22-04-0855,sent,"{
    'CSV': '3ASANCJJ9QVT7JRG',
    'DatosPresentacion': {
        'NIFPresentador': 'B74125311',
        'TimestampPre"
6665,1,in_invoice,S/FRA/2022/0486,22/234,sent,"{
    'CSV': 'HUY33Y7VEG89H7AK',
    'DatosPresentacion': {
        'NIFPresentador': 'B74125311',
        'TimestampPre"
6666,1,in_invoice,S/FRA/2022/0485,22/235,sent,"{
    'CSV': 'G8P27QWTWDUJ6BAE',
    'DatosPresentacion': {
        'NIFPresentador': 'B74125311',
        'TimestampPre"
6667,1,in_invoice,S/FRA/2022/0484,22/236,sent,"{
    'CSV': 'GHRTMJCAWX6SWBJC',
    'DatosPresentacion': {
        'NIFPresentador': 'B74125311',
        'TimestampPre"
6662,1,in_invoice,S/FRA/2022/0483,A000030642,sent,"{
    'CSV': 'NFP755YL62AHFRV5',
    'DatosPresentacion': {
        'NIFPresentador': 'B74125311',
        'TimestampPre"
6660,1,in_invoice,S/FRA/2022/0482,A2202969,sent,"{
    'CSV': 'EFCR8GHYZ8JLR45F',
    'DatosPresentacion': {
        'NIFPresentador': 'B74125311',
        'TimestampPre"
6661,1,in_invoice,S/FRA/2022/0481,5/2022,sent,"{
    'CSV': 'HDG42DL4C7KQ9WFS',
    'DatosPresentacion': {
        'NIFPresentador': 'B74125311',
        'TimestampPre"
6669,1,in_invoice,S/FRA/2022/0480,B/10265,sent,"{
    'CSV': 'EMAH7N8298CZDFJ8',
    'DatosPresentacion': {
        'NIFPresentador': 'B74125311',
        'TimestampPre"
6643,1,in_invoice,S/FRA/2022/0477,22/14,sent,"{
    'CSV': 'SDBZE8XQUBXYKH5A',
    'DatosPresentacion': {
        'NIFPresentador': 'B74125311',
        'TimestampPre"
6657,1,in_invoice,S/FRA/2022/0479,OO/2022/005,sent,"{
    'CSV': 'M2JVLS77PFF99L4R',
    'DatosPresentacion': {
        'NIFPresentador': 'B74125311',
        'TimestampPre"
6656,1,in_invoice,S/FRA/2022/0478,079/2022,sent,"{
    'CSV': 'LCAAEJH7XHY5P75H',
    'DatosPresentacion': {
        'NIFPresentador': 'B74125311',
        'TimestampPre"
6645,1,in_invoice,S/FRA/2022/0476,504-2022,sent,"{
    'CSV': 'SCL7AGAVR7DDDYR2',
    'DatosPresentacion': {
        'NIFPresentador': 'B74125311',
        'TimestampPre"
6642,1,in_invoice,S/FRA/2022/0475,1408/F,sent,"{
    'CSV': 'WQB6QR2U4DHFRL42',
    'DatosPresentacion': {
        'NIFPresentador': 'B74125311',
        'TimestampPre"
6639,1,in_invoice,S/FRA/2022/0474,FRO20220942991,sent,"{
    'CSV': 'BJTQZ5CXUMWXHBUF',
    'DatosPresentacion': {
        'NIFPresentador': 'B74125311',
        'TimestampPre"
6653,1,in_invoice,S/FRA/2022/0473,002590-22,sent,"{
    'CSV': 'N7D6WUKRQ8TU8Q78',
    'DatosPresentacion': {
        'NIFPresentador': 'B74125311',
        'TimestampPre"
6641,1,in_invoice,S/FRA/2022/0472,001D000510,sent,"{
    'CSV': 'DM3U7NW2YPPP5Q6V',
    'DatosPresentacion': {
        'NIFPresentador': 'B74125311',
        'TimestampPre"
6640,1,in_invoice,S/FRA/2022/0471,001G000700,sent,"{
    'CSV': 'YTJWZQADZU7K5CFY',
    'DatosPresentacion': {
        'NIFPresentador': 'B74125311',
        'TimestampPre"
6634,1,in_invoice,S/FRA/2022/0470,A220110584,sent,"{
    'CSV': 'NXXUK4UX74Y8QTJR',
    'DatosPresentacion': {
        'NIFPresentador': 'B74125311',
        'TimestampPre"
6631,1,in_invoice,S/FRA/2022/0469,22-0018,sent,"{
    'CSV': 'RU864V388445Z3AN',
    'DatosPresentacion': {
        'NIFPresentador': 'B74125311',
        'TimestampPre"
6637,1,in_invoice,S/FRA/2022/0468,83107,sent,"{
    'CSV': 'BSQH6VH5PHUFSR3E',
    'DatosPresentacion': {
        'NIFPresentador': 'B74125311',
        'TimestampPre"
6497,1,in_invoice,S/FRA/2022/0467,03/2022/04,sent,"{
    'CSV': 'PSTAYP83TBNRHXWT',
    'DatosPresentacion': {
        'NIFPresentador': 'B74125311',
        'TimestampPre"
6520,1,in_invoice,S/FRA/2022/0466,22/11,sent,"{
    'CSV': 'AHFUFWZ3HCS2RDPD',
    'DatosPresentacion': {
        'NIFPresentador': 'B74125311',
        'TimestampPre"
6638,1,in_invoice,S/FRA/2022/0465,1HSN220400015707,sent,"{
    'CSV': 'QVL3R5NK47MCEXZN',
    'DatosPresentacion': {
        'NIFPresentador': 'B74125311',
        'TimestampPre"
6644,1,in_invoice,S/FRA/2022/0464,A-347,sent,"{
    'CSV': 'AFL9N339YUG6CMPJ',
    'DatosPresentacion': {
        'NIFPresentador': 'B74125311',
        'TimestampPre"
6635,1,in_invoice,S/FRA/2022/0463,1NSN220300417713,sent,"{
    'CSV': '8J9HKB8AE5J6ALL6',
    'DatosPresentacion': {
        'NIFPresentador': 'B74125311',
        'TimestampPre"
6636,1,in_invoice,S/FRA/2022/0462,1HSN220300398523,sent,"{
    'CSV': 'AGQZWZV2PB4RMGZ6',
    'DatosPresentacion': {
        'NIFPresentador': 'B74125311',
        'TimestampPre"
6655,1,in_invoice,S/FRA/2022/0461,1,sent,"{
    'CSV': 'C24FP2UR45AGQAF3',
    'DatosPresentacion': {
        'NIFPresentador': 'B74125311',
        'TimestampPre"
6632,1,in_invoice,S/FRA/2022/0460,FD22-20760,sent,"{
    'CSV': 'FK547LVW58Z5JS3U',
    'DatosPresentacion': {
        'NIFPresentador': 'B74125311',
        'TimestampPre"
6630,1,in_invoice,S/FRA/2022/0459,312-KF22-5225,sent,"{
    'CSV': 'QRXGT74JYDCLB7JN',
    'DatosPresentacion': {
        'NIFPresentador': 'B74125311',
        'TimestampPre"
6629,1,in_invoice,S/FRA/2022/0458,A10016932262-0422,sent,"{
    'CSV': 'PR5CCE5PUN5PZ7YZ',
    'DatosPresentacion': {
        'NIFPresentador': 'B74125311',
        'TimestampPre"
6498,1,in_invoice,S/FRA/2022/0457,VF22-04-0085,sent,"{
    'CSV': '5JCQDLNUU943DRSQ',
    'DatosPresentacion': {
        'NIFPresentador': 'B74125311',
        'TimestampPre"
6501,1,in_invoice,S/FRA/2022/0456,F20220400,sent,"{
    'CSV': 'FHGB8NLLKV39R8JH',
    'DatosPresentacion': {
        'NIFPresentador': 'B74125311',
        'TimestampPre"
6633,1,in_invoice,S/FRA/2022/0455,1 000037,sent,"{
    'CSV': 'ZB876N9MY3RTTFQ3',
    'DatosPresentacion': {
        'NIFPresentador': 'B74125311',
        'TimestampPre"
6397,1,in_invoice,S/FRA/2022/0372,31-0,sent,"{
    'CSV': 'DLRJ7WY425PEYJF6',
    'DatosPresentacion': {
        'NIFPresentador': 'B74125311',
        'TimestampPre"
6396,1,in_invoice,S/FRA/2022/0370,30-0,sent,"{
    'CSV': '59QW4HR65SKYBWVJ',
    'DatosPresentacion': {
        'NIFPresentador': 'B74125311',
        'TimestampPre"
6627,1,in_invoice,S/FRA/2022/0453,057/2022,sent,"{
    'CSV': 'M4E9BGGLGSYQVJVY',
    'DatosPresentacion': {
        'NIFPresentador': 'B74125311',
        'TimestampPre"
6626,1,in_invoice,S/FRA/2022/0452,OO/2022/004,sent,"{
    'CSV': 'EXERQXFE8JNVB4TA',
    'DatosPresentacion': {
        'NIFPresentador': 'B74125311',
        'TimestampPre"
6625,1,in_invoice,S/FRA/2022/0451,OO/2022/003,sent,"{
    'CSV': 'AUHXGC4DVYNHEX7H',
    'DatosPresentacion': {
        'NIFPresentador': 'B74125311',
        'TimestampPre"
6469,1,in_invoice,S/FRA/2022/0450,FRO20220734093,sent,"{
    'CSV': 'QR6XD29FZUHE97PP',
    'DatosPresentacion': {
        'NIFPresentador': 'B74125311',
        'TimestampPre"
6470,1,in_invoice,S/FRA/2022/0449,365-2022,sent,"{
    'CSV': 'TCJE2RW8MFDUFGXQ',
    'DatosPresentacion': {
        'NIFPresentador': 'B74125311',
        'TimestampPre"
6494,1,in_invoice,S/FRA/2022/0448,A000030538,sent,"{
    'CSV': 'XXC8GTL6C3WCXR9D',
    'DatosPresentacion': {
        'NIFPresentador': 'B74125311',
        'TimestampPre"
6495,1,in_invoice,S/FRA/2022/0447,A2202433,sent,"{
    'CSV': '8EQ93K65KLY5LUA4',
    'DatosPresentacion': {
        'NIFPresentador': 'B74125311',
        'TimestampPre"
6623,1,in_invoice,S/FRA/2022/0446,001G000666,sent,"{
    'CSV': '5SZH2BRXLU59XN6W',
    'DatosPresentacion': {
        'NIFPresentador': 'B74125311',
        'TimestampPre"
6624,1,in_invoice,S/FRA/2022/0445,2022-145,sent,"{
    'CSV': '2YZ6PATMKQ9JVXKS',
    'DatosPresentacion': {
        'NIFPresentador': 'B74125311',
        'TimestampPre"
6499,1,in_invoice,S/FRA/2022/0444,VF22-03-0935,sent,"{
    'CSV': '2BEQP7MPJHZHEDKH',
    'DatosPresentacion': {
        'NIFPresentador': 'B74125311',
        'TimestampPre"
6518,1,in_invoice,S/FRA/2022/0443,VF22-03-1031,sent,"{
    'CSV': 'X8LWP9JDM4QKCX9X',
    'DatosPresentacion': {
        'NIFPresentador': 'B74125311',
        'TimestampPre"
6619,1,in_invoice,S/FRA/2022/0442,22/160,sent,"{
    'CSV': 'SYZQK2NUB3DYQC67',
    'DatosPresentacion': {
        'NIFPresentador': 'B74125311',
        'TimestampPre"
6620,1,in_invoice,S/FRA/2022/0441,948/F,sent,"{
    'CSV': 'D4BQ9EMMPASJMUKU',
    'DatosPresentacion': {
        'NIFPresentador': 'B74125311',
        'TimestampPre"
6496,1,in_invoice,S/FRA/2022/0440,22/159,sent,"{
    'CSV': 'JHVU4UCPVGGBGHHW',
    'DatosPresentacion': {
        'NIFPresentador': 'B74125311',
        'TimestampPre"
6621,1,in_invoice,S/FRA/2022/0439,001D000497,sent,"{
    'CSV': 'CAGUF4JL9HWPGGR4',
    'DatosPresentacion': {
        'NIFPresentador': 'B74125311',
        'TimestampPre"
6622,1,in_invoice,S/FRA/2022/0438,001D000496,sent,"{
    'CSV': 'PWUVFYYHGR2RVGLS',
    'DatosPresentacion': {
        'NIFPresentador': 'B74125311',
        'TimestampPre"
6493,1,in_invoice,S/FRA/2022/0437,FD22-15524,sent,"{
    'CSV': '95ZREKQUYH5T4MG2',
    'DatosPresentacion': {
        'NIFPresentador': 'B74125311',
        'TimestampPre"
6467,1,in_invoice,S/FRA/2022/0436,12/2022,sent,"{
    'CSV': '7TYN9W5MEXA4UAL8',
    'DatosPresentacion': {
        'NIFPresentador': 'B74125311',
        'TimestampPre"
6468,1,in_invoice,S/FRA/2022/0435,13/2022,sent,"{
    'CSV': '83VMBMF64HMZLS6V',
    'DatosPresentacion': {
        'NIFPresentador': 'B74125311',
        'TimestampPre"
6500,1,in_invoice,S/FRA/2022/0434,18742201P0070826,sent,"{
    'CSV': 'N84SNCM8KSN395RW',
    'DatosPresentacion': {
        'NIFPresentador': 'B74125311',
        'TimestampPre"
6421,1,in_invoice,S/FRA/2022/0433,T/482/2022,sent,"{
    'CSV': '8237YGMT9WXDNLLN',
    'DatosPresentacion': {
        'NIFPresentador': 'B74125311',
        'TimestampPre"
6416,1,in_invoice,S/FRA/2022/0432,Q220015347,sent,"{
    'CSV': 'GL59F8CNXECJ2PMK',
    'DatosPresentacion': {
        'NIFPresentador': 'B74125311',
        'TimestampPre"
6412,1,in_invoice,S/FRA/2022/0431,M220062281,sent,"{
    'CSV': 'XZF5ZHVUS2498AJ2',
    'DatosPresentacion': {
        'NIFPresentador': 'B74125311',
        'TimestampPre"
6042,1,in_invoice,S/FRA/2022/0430,158,sent,"{
    'CSV': 'Z4TSME6FSFS4V6U3',
    'DatosPresentacion': {
        'NIFPresentador': 'B74125311',
        'TimestampPre"
6366,1,in_invoice,S/FRA/2022/0429,OVIE-220075,sent,"{
    'CSV': 'XGAUDAZ4YYMC3926',
    'DatosPresentacion': {
        'NIFPresentador': 'B74125311',
        'TimestampPre"
6041,1,in_invoice,S/FRA/2022/0428,35/2022,sent,"{
    'CSV': '8VF3BTTTFKKMGMHX',
    'DatosPresentacion': {
        'NIFPresentador': 'B74125311',
        'TimestampPre"
5907,1,in_invoice,S/FRA/2022/0427,101303789,sent,"{
    'CSV': 'BRTHL4QCCJJL8PD6',
    'DatosPresentacion': {
        'NIFPresentador': 'B74125311',
        'TimestampPre"
6405,1,in_invoice,S/FRA/2022/0426,2022/17570,sent,"{
    'CSV': 'T8ES8R37JSYXZU8N',
    'DatosPresentacion': {
        'NIFPresentador': 'B74125311',
        'TimestampPre"
5929,1,in_invoice,S/FRA/2022/0425,000435,sent,"{
    'CSV': 'EB7TZD3NAL3PB54T',
    'DatosPresentacion': {
        'NIFPresentador': 'B74125311',
        'TimestampPre"
5878,1,in_invoice,S/FRA/2022/0424,BL7/2021/1/39959,sent,"{
    'CSV': 'U9XXY4GAA3CQKLHS',
    'DatosPresentacion': {
        'NIFPresentador': 'B74125311',
        'TimestampPre"
4521,1,in_invoice,S/FRA/2022/0423,90/2020,sent,"{
    'CSV': 'Q67ZPN4U9JSZZ2XJ',
    'DatosPresentacion': {
        'NIFPresentador': 'B74125311',
        'TimestampPre"
5882,1,in_invoice,S/FRA/2022/0422,312-KF22-3725,sent,"{
    'CSV': '9EC7MCUCKJD24VCT',
    'DatosPresentacion': {
        'NIFPresentador': 'B74125311',
        'TimestampPre"
5883,1,in_invoice,S/FRA/2022/0421,A10016850723-0322,sent,"{
    'CSV': '8E4BJFALV4UJ2DHG',
    'DatosPresentacion': {
        'NIFPresentador': 'B74125311',
        'TimestampPre"
4278,1,in_invoice,S/FRA/2022/0420,1 000018,sent,"{
    'CSV': 'M223C5KDUK3EF2K5',
    'DatosPresentacion': {
        'NIFPresentador': 'B74125311',
        'TimestampPre"
4276,1,in_invoice,S/FRA/2022/0419,VF22-03-0089,sent,"{
    'CSV': '3P5GVHM9QUMUFX2Q',
    'DatosPresentacion': {
        'NIFPresentador': 'B74125311',
        'TimestampPre"
4263,1,in_invoice,S/FRA/2022/0418,A-237,sent,"{
    'CSV': '5H7C38HBTWSQ6AD9',
    'DatosPresentacion': {
        'NIFPresentador': 'B74125311',
        'TimestampPre"
6519,1,in_invoice,S/FRA/2022/0417,22/5,sent,"{
    'CSV': 'GTEM4BVS8XE2ATLE',
    'DatosPresentacion': {
        'NIFPresentador': 'B74125311',
        'TimestampPre"
4261,1,in_invoice,S/FRA/2022/0416,03/2022/03,sent,"{
    'CSV': 'FLZNZP5CFGNBFBV6',
    'DatosPresentacion': {
        'NIFPresentador': 'B74125311',
        'TimestampPre"
4743,1,in_invoice,S/FRA/2022/0415,487/F,sent,"{
    'CSV': 'ZJM6Y5JPYG8A3WVH',
    'DatosPresentacion': {
        'NIFPresentador': 'B74125311',
        'TimestampPre"
4740,1,in_invoice,S/FRA/2022/0414,001G000620,sent,"{
    'CSV': 'WQGFQZD3USXJYQF2',
    'DatosPresentacion': {
        'NIFPresentador': 'B74125311',
        'TimestampPre"
4670,1,in_invoice,S/FRA/2022/0413,001D000454,sent,"{
    'CSV': 'REVCNTTTNYYEKU3V',
    'DatosPresentacion': {
        'NIFPresentador': 'B74125311',
        'TimestampPre"
5864,1,in_invoice,S/FRA/2022/0412,2022-99,sent,"{
    'CSV': '29NLJP929HWYVLQF',
    'DatosPresentacion': {
        'NIFPresentador': 'B74125311',
        'TimestampPre"
5867,1,in_invoice,S/FRA/2022/0411,,sent_modified,"{
    'CSV': '4CDTE7W5VS36ND86',
    'DatosPresentacion': {
        'NIFPresentador': 'B74125311',
        'TimestampPre"
6377,1,in_invoice,S/FRA/2022/0410,1 22 0005 0000507251,sent,"{
    'CSV': '3P558KM65QQ6W6FT',
    'DatosPresentacion': {
        'NIFPresentador': 'B74125311',
        'TimestampPre"
6376,1,in_invoice,S/FRA/2022/0409,7,sent,"{
    'CSV': 'QSD365DCWFLUBRSA',
    'DatosPresentacion': {
        'NIFPresentador': 'B74125311',
        'TimestampPre"
6375,1,in_invoice,S/FRA/2022/0408,26,sent,"{
    'CSV': 'Q8ZVN3NDQXHHBFSD',
    'DatosPresentacion': {
        'NIFPresentador': 'B74125311',
        'TimestampPre"
6357,1,in_invoice,S/FRA/2022/0407,09412000165,sent,"{
    'CSV': 'PZEE79YE6PM8RKSX',
    'DatosPresentacion': {
        'NIFPresentador': 'B74125311',
        'TimestampPre"
6368,1,in_invoice,S/FRA/2022/0406,BL7/2022/2/3066,sent,"{
    'CSV': 'L7RRX39NUNU8VH5J',
    'DatosPresentacion': {
        'NIFPresentador': 'B74125311',
        'TimestampPre"
6356,1,in_invoice,S/FRA/2022/0405,000428,sent,"{
    'CSV': 'GL2G4RWX9MRMDVYL',
    'DatosPresentacion': {
        'NIFPresentador': 'B74125311',
        'TimestampPre"
6374,1,in_invoice,S/FRA/2022/0404,000319,sent,"{
    'CSV': 'PEFCBTNLWXRTV62Y',
    'DatosPresentacion': {
        'NIFPresentador': 'B74125311',
        'TimestampPre"
6372,1,in_invoice,S/FRA/2022/0403,A/2595/2022,sent,"{
    'CSV': 'B9BZK4JJYX9R327T',
    'DatosPresentacion': {
        'NIFPresentador': 'B74125311',
        'TimestampPre"
6371,1,in_invoice,S/FRA/2022/0402,A/2594/2022,sent,"{
    'CSV': 'JG36UC835TCHSHC3',
    'DatosPresentacion': {
        'NIFPresentador': 'B74125311',
        'TimestampPre"
6383,1,in_invoice,S/FRA/2022/0401,119230,sent,"{
    'CSV': 'MB4LS8NY5F32ZTQT',
    'DatosPresentacion': {
        'NIFPresentador': 'B74125311',
        'TimestampPre"
6373,1,in_invoice,S/FRA/2022/0400,01/2022,sent,"{
    'CSV': 'FZMESQLHMQXWPRA9',
    'DatosPresentacion': {
        'NIFPresentador': 'B74125311',
        'TimestampPre"
6380,1,in_invoice,S/FRA/2022/0399,A/2596/2022,sent,"{
    'CSV': 'ARVJLBJKJXGJSXSA',
    'DatosPresentacion': {
        'NIFPresentador': 'B74125311',
        'TimestampPre"
6352,1,in_invoice,S/FRA/2022/0398,0187-02-22006798,sent,"{
    'CSV': 'JKCBBF5DWTWY2UGF',
    'DatosPresentacion': {
        'NIFPresentador': 'B74125311',
        'TimestampPre"
6359,1,in_invoice,S/FRA/2022/0397,09422000581,sent,"{
    'CSV': 'CPWH8RNLR8ZTFXJ7',
    'DatosPresentacion': {
        'NIFPresentador': 'B74125311',
        'TimestampPre"
6370,1,in_invoice,S/FRA/2022/0396,BL7/2022/2/2176,sent,"{
    'CSV': 'BAZ75MCKABF8G6AQ',
    'DatosPresentacion': {
        'NIFPresentador': 'B74125311',
        'TimestampPre"
6355,1,in_invoice,S/FRA/2022/0395,119152,sent,"{
    'CSV': '6A4E8MGJJK4M5NLN',
    'DatosPresentacion': {
        'NIFPresentador': 'B74125311',
        'TimestampPre"
6353,1,in_invoice,S/FRA/2022/0394,C1132,sent,"{
    'CSV': '2T4E3CMCHWGNG32X',
    'DatosPresentacion': {
        'NIFPresentador': 'B74125311',
        'TimestampPre"
6364,1,in_invoice,S/FRA/2022/0393,2-22,sent,"{
    'CSV': '69V87S2J93MA2EQZ',
    'DatosPresentacion': {
        'NIFPresentador': 'B74125311',
        'TimestampPre"
6367,1,in_invoice,S/FRA/2022/0392,FAC-1160,sent,"{
    'CSV': 'PNLDQLC3F9ALGXTD',
    'DatosPresentacion': {
        'NIFPresentador': 'B74125311',
        'TimestampPre"
6382,1,in_invoice,S/FRA/2022/0391,011T/120.539,sent,"{
    'CSV': 'BPV5HRF98G6Z4H83',
    'DatosPresentacion': {
        'NIFPresentador': 'B74125311',
        'TimestampPre"
6369,1,in_invoice,S/FRA/2022/0390,BL7/2022/1/2838,sent,"{
    'CSV': 'QRZ8LNWSNBKH4B4Z',
    'DatosPresentacion': {
        'NIFPresentador': 'B74125311',
        'TimestampPre"
6379,1,in_invoice,S/FRA/2022/0389,906,sent,"{
    'CSV': 'HKDZTEW3VTMADRC6',
    'DatosPresentacion': {
        'NIFPresentador': 'B74125311',
        'TimestampPre"
6381,1,in_invoice,S/FRA/2022/0388,22-1001-1-1039,sent,"{
    'CSV': '42CUKVDNQAWP7JXC',
    'DatosPresentacion': {
        'NIFPresentador': 'B74125311',
        'TimestampPre"
6365,1,in_invoice,S/FRA/2022/0387,FAC-1159,sent,"{
    'CSV': 'VZH88KKPFQYANV3U',
    'DatosPresentacion': {
        'NIFPresentador': 'B74125311',
        'TimestampPre"
6363,1,in_invoice,S/FRA/2022/0386,22/16108,sent,"{
    'CSV': '43K55MZ2RH6DNR8F',
    'DatosPresentacion': {
        'NIFPresentador': 'B74125311',
        'TimestampPre"
6378,1,in_invoice,S/FRA/2022/0385,20220023,sent,"{
    'CSV': 'M8NY8957AAAUMAVY',
    'DatosPresentacion': {
        'NIFPresentador': 'B74125311',
        'TimestampPre"
6361,1,in_invoice,S/FRA/2022/0384,95-191314,sent,"{
    'CSV': 'FHLDJ5B6DYHYE7Z8',
    'DatosPresentacion': {
        'NIFPresentador': 'B74125311',
        'TimestampPre"
6354,1,in_invoice,S/FRA/2022/0383,118719,sent,"{
    'CSV': 'WM7NW6QPSV5FUHSK',
    'DatosPresentacion': {
        'NIFPresentador': 'B74125311',
        'TimestampPre"
6362,1,in_invoice,S/FRA/2022/0382,N4687131220113000163,sent,"{
    'CSV': 'CKX2CLX89RA3NM57',
    'DatosPresentacion': {
        'NIFPresentador': 'B74125311',
        'TimestampPre"
6360,1,in_invoice,S/FRA/2022/0381,95-191204,sent,"{
    'CSV': 'VUVSA435ZNMS7YXR',
    'DatosPresentacion': {
        'NIFPresentador': 'B74125311',
        'TimestampPre"
6358,1,in_invoice,S/FRA/2022/0380,09422000207,sent,"{
    'CSV': 'TX32W9ZUBGCTPVWA',
    'DatosPresentacion': {
        'NIFPresentador': 'B74125311',
        'TimestampPre"
6399,1,in_invoice,S/FRA/2022/0379,71/21,sent,"{
    'CSV': '5599E2GWGX8XK6N3',
    'DatosPresentacion': {
        'NIFPresentador': 'B74125311',
        'TimestampPre"
6403,1,in_invoice,S/FRA/2022/0378,09421008058,sent,"{
    'CSV': 'BDXNQP9MDRQ9748N',
    'DatosPresentacion': {
        'NIFPresentador': 'B74125311',
        'TimestampPre"
6387,1,in_invoice,S/FRA/2022/0377,000177,sent,"{
    'CSV': '9VV48VPUP5SH2W39',
    'DatosPresentacion': {
        'NIFPresentador': 'B74125311',
        'TimestampPre"
6402,1,in_invoice,S/FRA/2022/0376,193,sent,"{
    'CSV': 'T8RR6YYRWP393ZN9',
    'DatosPresentacion': {
        'NIFPresentador': 'B74125311',
        'TimestampPre"
5959,1,in_invoice,S/FRA/2022/0375,12/2021,sent,"{
    'CSV': 'FBVEQAQCN62LZAD5',
    'DatosPresentacion': {
        'NIFPresentador': 'B74125311',
        'TimestampPre"
6401,1,in_invoice,S/FRA/2022/0374,I513502F0000065,sent,"{
    'CSV': '6HQQVVH6Z68S83F9',
    'DatosPresentacion': {
        'NIFPresentador': 'B74125311',
        'TimestampPre"
6400,1,in_invoice,S/FRA/2022/0373,351,sent,"{
    'CSV': 'CZRX82B6C8BXXUWW',
    'DatosPresentacion': {
        'NIFPresentador': 'B74125311',
        'TimestampPre"
6395,1,in_invoice,S/FRA/2022/0371,42114415,sent,"{
    'CSV': 'NUSSCKUMVSXXL3G3',
    'DatosPresentacion': {
        'NIFPresentador': 'B74125311',
        'TimestampPre"
6398,1,in_invoice,S/FRA/2022/0369,FS5901.21.003657,sent,"{
    'CSV': '4PQ5MY8QVPYPTAXR',
    'DatosPresentacion': {
        'NIFPresentador': 'B74125311',
        'TimestampPre"
6407,1,in_invoice,S/FRA/2022/0368,018-0012-996962,sent,"{
    'CSV': 'ATCFK6HC3JTU3YPN',
    'DatosPresentacion': {
        'NIFPresentador': 'B74125311',
        'TimestampPre"
6406,1,in_invoice,S/FRA/2022/0367,011F/474,sent,"{
    'CSV': '8M4ZF9WP53FWXYVV',
    'DatosPresentacion': {
        'NIFPresentador': 'B74125311',
        'TimestampPre"
6394,1,in_invoice,S/FRA/2022/0366,95-189938,sent,"{
    'CSV': 'JSTTE8B54FFMQGRU',
    'DatosPresentacion': {
        'NIFPresentador': 'B74125311',
        'TimestampPre"
6393,1,in_invoice,S/FRA/2022/0365,20210611,sent,"{
    'CSV': 'Y2JWYVXTWU2TU4DZ',
    'DatosPresentacion': {
        'NIFPresentador': 'B74125311',
        'TimestampPre"
6392,1,in_invoice,S/FRA/2022/0364,A/14323,sent,"{
    'CSV': 'XB8EYPEPLPKAT2B4',
    'DatosPresentacion': {
        'NIFPresentador': 'B74125311',
        'TimestampPre"
6390,1,in_invoice,S/FRA/2022/0363,0070/01/2021/0000037,sent,"{
    'CSV': '3LT6QVRR66BAK69J',
    'DatosPresentacion': {
        'NIFPresentador': 'B74125311',
        'TimestampPre"
6389,1,in_invoice,S/FRA/2022/0362,1 21 0005 0005252397,sent,"{
    'CSV': '5CWHJKBCF2BVA7DA',
    'DatosPresentacion': {
        'NIFPresentador': 'B74125311',
        'TimestampPre"
6391,1,in_invoice,S/FRA/2022/0361,A/14311,sent,"{
    'CSV': 'U2LE99X8T8SNHBQN',
    'DatosPresentacion': {
        'NIFPresentador': 'B74125311',
        'TimestampPre"
6351,1,in_invoice,S/FRA/2022/0360,A/000032/21,sent,"{
    'CSV': 'TNJ3SRKN9RZDV3V5',
    'DatosPresentacion': {
        'NIFPresentador': 'B74125311',
        'TimestampPre"
6350,1,in_invoice,S/FRA/2022/0359,68/21,sent,"{
    'CSV': 'GFRMM427JS7U2EYF',
    'DatosPresentacion': {
        'NIFPresentador': 'B74125311',
        'TimestampPre"
6388,1,in_invoice,S/FRA/2022/0358,000127,sent,"{
    'CSV': 'NV4JNF9JPQ7CKR4F',
    'DatosPresentacion': {
        'NIFPresentador': 'B74125311',
        'TimestampPre"
5953,1,in_invoice,S/FRA/2022/0357,000303,sent,"{
    'CSV': 'CQZNS3L2H74ESY93',
    'DatosPresentacion': {
        'NIFPresentador': 'B74125311',
        'TimestampPre"
5961,1,in_invoice,S/FRA/2022/0356,10/2019,sent,"{
    'CSV': 'M5BDE2GY2ND9J8XB',
    'DatosPresentacion': {
        'NIFPresentador': 'B74125311',
        'TimestampPre"
5924,1,in_invoice,S/FRA/2022/0355,A/13476,sent,"{
    'CSV': '5FUNU4ALJWTQYQVF',
    'DatosPresentacion': {
        'NIFPresentador': 'B74125311',
        'TimestampPre"
5918,1,in_invoice,S/FRA/2022/0354,A/13382,sent,"{
    'CSV': '6M8YQ6NCV5N4KF33',
    'DatosPresentacion': {
        'NIFPresentador': 'B74125311',
        'TimestampPre"
5923,1,in_invoice,S/FRA/2022/0353,A/13254,sent,"{
    'CSV': 'V94KJJ83ULEWXMFP',
    'DatosPresentacion': {
        'NIFPresentador': 'B74125311',
        'TimestampPre"
6415,1,in_invoice,S/FRA/2022/0352,F-65287782,sent,"{
    'CSV': '6JXBX82UV82Q69GY',
    'DatosPresentacion': {
        'NIFPresentador': 'B74125311',
        'TimestampPre"
5928,1,in_invoice,S/FRA/2022/0351,000402,sent,"{
    'CSV': 'PHAWERK44G8EHHRC',
    'DatosPresentacion': {
        'NIFPresentador': 'B74125311',
        'TimestampPre"
5917,1,in_invoice,S/FRA/2022/0350,52617,sent,"{
    'CSV': 'YXHSPGK7RA6YMCBA',
    'DatosPresentacion': {
        'NIFPresentador': 'B74125311',
        'TimestampPre"
5958,1,in_invoice,S/FRA/2022/0349,B/9824,sent,"{
    'CSV': 'ECBSA5DRTEYET9B8',
    'DatosPresentacion': {
        'NIFPresentador': 'B74125311',
        'TimestampPre"
5927,1,in_invoice,S/FRA/2022/0348,000390,sent,"{
    'CSV': 'HVMC7VJFST28KJ3B',
    'DatosPresentacion': {
        'NIFPresentador': 'B74125311',
        'TimestampPre"
5922,1,in_invoice,S/FRA/2022/0347,A/13027,sent,"{
    'CSV': 'V7ZXBK2B5N73KRFY',
    'DatosPresentacion': {
        'NIFPresentador': 'B74125311',
        'TimestampPre"
5921,1,in_invoice,S/FRA/2022/0346,A/12928,sent,"{
    'CSV': 'TCJJYZ6VP5J7Z8TK',
    'DatosPresentacion': {
        'NIFPresentador': 'B74125311',
        'TimestampPre"
6348,1,in_invoice,S/FRA/2022/0345,81,sent,"{
    'CSV': 'C5UYKHUTC7HJ4FGA',
    'DatosPresentacion': {
        'NIFPresentador': 'B74125311',
        'TimestampPre"
5926,1,in_invoice,S/FRA/2022/0344,000422,sent,"{
    'CSV': '7LCV7ARGR6QTGGR6',
    'DatosPresentacion': {
        'NIFPresentador': 'B74125311',
        'TimestampPre"
6349,1,in_invoice,S/FRA/2022/0343,156,sent,"{
    'CSV': 'KKMR7AQAEBGLUFM7',
    'DatosPresentacion': {
        'NIFPresentador': 'B74125311',
        'TimestampPre"
5930,1,in_invoice,S/FRA/2022/0342,B/149145,sent,"{
    'CSV': 'YZ2BB82W7XD79DCK',
    'DatosPresentacion': {
        'NIFPresentador': 'B74125311',
        'TimestampPre"
5920,1,in_invoice,S/FRA/2022/0341,A/12706,sent,"{
    'CSV': '7MBP769WRA3NDHHG',
    'DatosPresentacion': {
        'NIFPresentador': 'B74125311',
        'TimestampPre"
5925,1,in_invoice,S/FRA/2022/0340,000166,sent,"{
    'CSV': 'FVY3Y4TKQ5DT4HWK',
    'DatosPresentacion': {
        'NIFPresentador': 'B74125311',
        'TimestampPre"
6347,1,in_invoice,S/FRA/2022/0339,2021017666,sent,"{
    'CSV': '7SYSBJMWP5QWE5KB',
    'DatosPresentacion': {
        'NIFPresentador': 'B74125311',
        'TimestampPre"
5919,1,in_invoice,S/FRA/2022/0338,A/12571,sent,"{
    'CSV': 'C4P3PBAT69VTK8WE',
    'DatosPresentacion': {
        'NIFPresentador': 'B74125311',
        'TimestampPre"
5972,1,in_invoice,S/FRA/2022/0337,09421006755,sent,"{
    'CSV': '4JXJYULEMRVLT255',
    'DatosPresentacion': {
        'NIFPresentador': 'B74125311',
        'TimestampPre"
6346,1,in_invoice,S/FRA/2022/0336,154-2021,sent,"{
    'CSV': 'KL78X75CEEN3GBNQ',
    'DatosPresentacion': {
        'NIFPresentador': 'B74125311',
        'TimestampPre"
6342,1,in_invoice,S/FRA/2022/0335,95-189243,sent,"{
    'CSV': 'S5H7ULQU6B45B3CV',
    'DatosPresentacion': {
        'NIFPresentador': 'B74125311',
        'TimestampPre"
5975,1,in_invoice,S/FRA/2022/0334,09421006697,sent,"{
    'CSV': '6NVDDVF5DSYF6NRK',
    'DatosPresentacion': {
        'NIFPresentador': 'B74125311',
        'TimestampPre"
6404,1,in_invoice,S/FRA/2022/0333,98,sent,"{
    'CSV': '7THZTH54PBZJGDFK',
    'DatosPresentacion': {
        'NIFPresentador': 'B74125311',
        'TimestampPre"
5955,1,in_invoice,S/FRA/2022/0332,11-21-600-00042,sent,"{
    'CSV': '6HYGXUVQK7LHUBQ6',
    'DatosPresentacion': {
        'NIFPresentador': 'B74125311',
        'TimestampPre"
5964,1,in_invoice,S/FRA/2022/0331,FN-21-03912,sent,"{
    'CSV': 'JXHEG2YVUBXRDCAM',
    'DatosPresentacion': {
        'NIFPresentador': 'B74125311',
        'TimestampPre"
5974,1,in_invoice,S/FRA/2022/0330,09411001162,sent,"{
    'CSV': 'BFJUHNWA5ZTYTGVB',
    'DatosPresentacion': {
        'NIFPresentador': 'B74125311',
        'TimestampPre"
6385,1,in_invoice,S/FRA/2022/0329,2021/4120/00000016,sent,"{
    'CSV': '9AJ8RX2B6QPFHSQV',
    'DatosPresentacion': {
        'NIFPresentador': 'B74125311',
        'TimestampPre"
5976,1,in_invoice,S/FRA/2022/0328,B/9789,sent,"{
    'CSV': 'MEZ2WQ6NCNAQT4UE',
    'DatosPresentacion': {
        'NIFPresentador': 'B74125311',
        'TimestampPre"
6345,1,in_invoice,S/FRA/2022/0327,14,sent,"{
    'CSV': '69LSN94VS68U77U8',
    'DatosPresentacion': {
        'NIFPresentador': 'B74125311',
        'TimestampPre"
5916,1,in_invoice,S/FRA/2022/0326,52515,sent,"{
    'CSV': '3ULPLQNRQ5SXDHY5',
    'DatosPresentacion': {
        'NIFPresentador': 'B74125311',
        'TimestampPre"
6341,1,in_invoice,S/FRA/2022/0325,I19-03/000041,sent,"{
    'CSV': 'SFB6QJUQ9JQMJQ9H',
    'DatosPresentacion': {
        'NIFPresentador': 'B74125311',
        'TimestampPre"
5954,1,in_invoice,S/FRA/2022/0324,11-21-600-00041,sent,"{
    'CSV': '4CCRLUZCNJZ9PAJJ',
    'DatosPresentacion': {
        'NIFPresentador': 'B74125311',
        'TimestampPre"
5962,1,in_invoice,S/FRA/2022/0323,11-21-600/00040,sent,"{
    'CSV': 'UHEJ3SXDFS8EGRS5',
    'DatosPresentacion': {
        'NIFPresentador': 'B74125311',
        'TimestampPre"
5970,1,in_invoice,S/FRA/2022/0322,00001TB168637,sent,"{
    'CSV': 'JLZHH8P9P537U3JM',
    'DatosPresentacion': {
        'NIFPresentador': 'B74125311',
        'TimestampPre"
5969,1,in_invoice,S/FRA/2022/0321,00001TB168622,sent,"{
    'CSV': 'G6BNJGNAVCBELH7T',
    'DatosPresentacion': {
        'NIFPresentador': 'B74125311',
        'TimestampPre"
5967,1,in_invoice,S/FRA/2022/0320,20210556,sent,"{
    'CSV': 'FUCPA7ZWELDCMP8V',
    'DatosPresentacion': {
        'NIFPresentador': 'B74125311',
        'TimestampPre"
5973,1,in_invoice,S/FRA/2022/0319,09421006552,sent,"{
    'CSV': '9WYAB6FE2NR44QN9',
    'DatosPresentacion': {
        'NIFPresentador': 'B74125311',
        'TimestampPre"
5971,1,in_invoice,S/FRA/2022/0318,1 21 0005 0004858163,sent,"{
    'CSV': 'G2FY5JGJLTYJGRM9',
    'DatosPresentacion': {
        'NIFPresentador': 'B74125311',
        'TimestampPre"
5960,1,in_invoice,S/FRA/2022/0317,,sent,"{
    'CSV': 'KQU7R2DHPBCDJKZM',
    'DatosPresentacion': {
        'NIFPresentador': 'B74125311',
        'TimestampPre"
5965,1,in_invoice,S/FRA/2022/0316,040/293834,sent,"{
    'CSV': 'JTNWPWREGQY7CXGT',
    'DatosPresentacion': {
        'NIFPresentador': 'B74125311',
        'TimestampPre"
5966,1,in_invoice,S/FRA/2022/0315,20210550,sent,"{
    'CSV': 'C89BZP4LEVXTB24W',
    'DatosPresentacion': {
        'NIFPresentador': 'B74125311',
        'TimestampPre"
6386,1,in_invoice,S/FRA/2022/0314,2021/4120/00000012,sent,"{
    'CSV': 'W6Z7XKX9VH9726HK',
    'DatosPresentacion': {
        'NIFPresentador': 'B74125311',
        'TimestampPre"
5968,1,in_invoice,S/FRA/2022/0313,0070/02/2021/0000029,sent,"{
    'CSV': 'J7DN6PJGLEXJJF9G',
    'DatosPresentacion': {
        'NIFPresentador': 'B74125311',
        'TimestampPre"
5952,1,in_invoice,S/FRA/2022/0312,000362,sent,"{
    'CSV': '49QW5YTPA2FX2YLJ',
    'DatosPresentacion': {
        'NIFPresentador': 'B74125311',
        'TimestampPre"
6384,1,in_invoice,S/FRA/2022/0311,2021/4120/00000011,sent,"{
    'CSV': 'DJS39A67YHC8L9LW',
    'DatosPresentacion': {
        'NIFPresentador': 'B74125311',
        'TimestampPre"
5963,1,in_invoice,S/FRA/2022/0310,FN-21-03827,sent,"{
    'CSV': '38R4HM8EN5PR33W4',
    'DatosPresentacion': {
        'NIFPresentador': 'B74125311',
        'TimestampPre"
5956,1,in_invoice,S/FRA/2022/0309,11-21-600-00037,sent,"{
    'CSV': 'K74HMZRQEVTMM53C',
    'DatosPresentacion': {
        'NIFPresentador': 'B74125311',
        'TimestampPre"
5949,1,in_invoice,S/FRA/2022/0308,V.8 211022/4,sent,"{
    'CSV': 'PU9WZB6P25KWTTJ2',
    'DatosPresentacion': {
        'NIFPresentador': 'B74125311',
        'TimestampPre"
5950,1,in_invoice,S/FRA/2022/0307,V.21 211018-27,sent,"{
    'CSV': 'LWG6JCCSH9X8MUGX',
    'DatosPresentacion': {
        'NIFPresentador': 'B74125311',
        'TimestampPre"
5951,1,in_invoice,S/FRA/2022/0306,V.3 211018-270,sent,"{
    'CSV': 'TA2NE9JGPUDW55UZ',
    'DatosPresentacion': {
        'NIFPresentador': 'B74125311',
        'TimestampPre"
5914,1,in_invoice,S/FRA/2022/0305,000317,sent,"{
    'CSV': 'F37D3MU7MP5YGHWH',
    'DatosPresentacion': {
        'NIFPresentador': 'B74125311',
        'TimestampPre"
5948,1,in_invoice,S/FRA/2022/0304,I830-02-00082,sent,"{
    'CSV': 'YFLZF87C45G4DV2E',
    'DatosPresentacion': {
        'NIFPresentador': 'B74125311',
        'TimestampPre"
5911,1,in_invoice,S/FRA/2022/0303,000450,sent,"{
    'CSV': '6SU76LKKHZEEMFYG',
    'DatosPresentacion': {
        'NIFPresentador': 'B74125311',
        'TimestampPre"
5947,1,in_invoice,S/FRA/2022/0302,175276,sent,"{
    'CSV': 'VNKBNXRPU4CYEBCY',
    'DatosPresentacion': {
        'NIFPresentador': 'B74125311',
        'TimestampPre"
5897,1,in_invoice,S/FRA/2022/0301,09421006045,sent,"{
    'CSV': 'YNQCSLX98R2383YY',
    'DatosPresentacion': {
        'NIFPresentador': 'B74125311',
        'TimestampPre"
5900,1,in_invoice,S/FRA/2022/0300,75,sent,"{
    'CSV': 'CJRTV4PBUG8TX5EX',
    'DatosPresentacion': {
        'NIFPresentador': 'B74125311',
        'TimestampPre"
5901,1,in_invoice,S/FRA/2022/0299,129,sent,"{
    'CSV': '8LCMQPNKTBZFBC9P',
    'DatosPresentacion': {
        'NIFPresentador': 'B74125311',
        'TimestampPre"
5886,1,in_invoice,S/FRA/2022/0298,000319,sent,"{
    'CSV': 'PCGXF4EF4ET3U6AA',
    'DatosPresentacion': {
        'NIFPresentador': 'B74125311',
        'TimestampPre"
5889,1,in_invoice,S/FRA/2022/0297,95-188088,sent,"{
    'CSV': 'MWFM3B9MZ5Q45PRG',
    'DatosPresentacion': {
        'NIFPresentador': 'B74125311',
        'TimestampPre"
5885,1,in_invoice,S/FRA/2022/0296,000164,sent,"{
    'CSV': 'RY7KZ4M8ATTCFNQL',
    'DatosPresentacion': {
        'NIFPresentador': 'B74125311',
        'TimestampPre"
4818,1,in_invoice,S/FRA/2022/0295,FAC-1103,sent,"{
    'CSV': 'ELZNBSG5JTGE3K5Q',
    'DatosPresentacion': {
        'NIFPresentador': 'B74125311',
        'TimestampPre"
5891,1,in_invoice,S/FRA/2022/0294,95-187951,sent,"{
    'CSV': 'MM797DV9RJQMA38P',
    'DatosPresentacion': {
        'NIFPresentador': 'B74125311',
        'TimestampPre"
5899,1,in_invoice,S/FRA/2022/0293,09421005876,sent,"{
    'CSV': 'P2YVVNMQNX8RECWU',
    'DatosPresentacion': {
        'NIFPresentador': 'B74125311',
        'TimestampPre"
5912,1,in_invoice,S/FRA/2022/0292,000018,sent,"{
    'CSV': 'YNVYPM5KRGQC2MFP',
    'DatosPresentacion': {
        'NIFPresentador': 'B74125311',
        'TimestampPre"
5915,1,in_invoice,S/FRA/2022/0291,A189031/2021,sent,"{
    'CSV': 'VQY2Z6QYNKRCH4PY',
    'DatosPresentacion': {
        'NIFPresentador': 'B74125311',
        'TimestampPre"
5913,1,in_invoice,S/FRA/2022/0290,000269,sent,"{
    'CSV': 'FJHUD6676HX7RHV8',
    'DatosPresentacion': {
        'NIFPresentador': 'B74125311',
        'TimestampPre"
5904,1,in_invoice,S/FRA/2022/0289,112237,sent,"{
    'CSV': 'Y2W45ZXTSRXV8E6Q',
    'DatosPresentacion': {
        'NIFPresentador': 'B74125311',
        'TimestampPre"
5896,1,in_invoice,S/FRA/2022/0288,4675F21,sent,"{
    'CSV': 'K76W3U7G3AFZ2CQ4',
    'DatosPresentacion': {
        'NIFPresentador': 'B74125311',
        'TimestampPre"
5898,1,in_invoice,S/FRA/2022/0287,09421005799,sent,"{
    'CSV': '6MJ4V654FPY5XUEF',
    'DatosPresentacion': {
        'NIFPresentador': 'B74125311',
        'TimestampPre"
4833,1,in_invoice,S/FRA/2022/0286,FAC-1102,sent,"{
    'CSV': '6VASXKHA4XZRMVMT',
    'DatosPresentacion': {
        'NIFPresentador': 'B74125311',
        'TimestampPre"
5888,1,in_invoice,S/FRA/2022/0285,000364,sent,"{
    'CSV': 'H9ZUMPGMJFFLH2N8',
    'DatosPresentacion': {
        'NIFPresentador': 'B74125311',
        'TimestampPre"
5894,1,in_invoice,S/FRA/2022/0284,2021/00200/00000335,sent,"{
    'CSV': '5PPWTTKMXCAY77MT',
    'DatosPresentacion': {
        'NIFPresentador': 'B74125311',
        'TimestampPre"
5903,1,in_invoice,S/FRA/2022/0283,111916,sent,"{
    'CSV': 'JN2VGA43QEER7LJ9',
    'DatosPresentacion': {
        'NIFPresentador': 'B74125311',
        'TimestampPre"
5909,1,in_invoice,S/FRA/2022/0282,FS-01-0462751,sent,"{
    'CSV': 'QFCAYPNFM5UL2YJ6',
    'DatosPresentacion': {
        'NIFPresentador': 'B74125311',
        'TimestampPre"
5893,1,in_invoice,S/FRA/2022/0281,62/21,sent,"{
    'CSV': '2WFGLUCPWD6S642C',
    'DatosPresentacion': {
        'NIFPresentador': 'B74125311',
        'TimestampPre"
4814,1,in_invoice,S/FRA/2022/0280,0861,sent,"{
    'CSV': 'B7GN7VVDEYHKZNQ6',
    'DatosPresentacion': {
        'NIFPresentador': 'B74125311',
        'TimestampPre"
5895,1,in_invoice,S/FRA/2022/0279,A/2551/2021,sent,"{
    'CSV': 'RX79DUWK88NUD97J',
    'DatosPresentacion': {
        'NIFPresentador': 'B74125311',
        'TimestampPre"
5892,1,in_invoice,S/FRA/2022/0278,00001TB166657,sent,"{
    'CSV': 'XW73KYZJTJCTN5KA',
    'DatosPresentacion': {
        'NIFPresentador': 'B74125311',
        'TimestampPre"
5910,1,in_invoice,S/FRA/2022/0277,FS-01-0462303,sent,"{
    'CSV': '8X4CUAEWXQNY3EXR',
    'DatosPresentacion': {
        'NIFPresentador': 'B74125311',
        'TimestampPre"
5905,1,in_invoice,S/FRA/2022/0276,11184,sent,"{
    'CSV': 'NA9XNTG4QZV894PG',
    'DatosPresentacion': {
        'NIFPresentador': 'B74125311',
        'TimestampPre"
5890,1,in_invoice,S/FRA/2022/0275,95-187541,sent,"{
    'CSV': 'MGQLRWEYQZMC4KQK',
    'DatosPresentacion': {
        'NIFPresentador': 'B74125311',
        'TimestampPre"
4834,1,in_invoice,S/FRA/2022/0274,A9500/74286,sent,"{
    'CSV': 'SKWHAUKCXGABFZVX',
    'DatosPresentacion': {
        'NIFPresentador': 'B74125311',
        'TimestampPre"
5887,1,in_invoice,S/FRA/2022/0273,000349,sent,"{
    'CSV': '3ZA3EXGULA5X9QZU',
    'DatosPresentacion': {
        'NIFPresentador': 'B74125311',
        'TimestampPre"
5908,1,in_invoice,S/FRA/2022/0272,FS-01-0461286,sent,"{
    'CSV': 'XVTQBK9W4WRLS3JF',
    'DatosPresentacion': {
        'NIFPresentador': 'B74125311',
        'TimestampPre"
5865,1,in_invoice,S/FRA/2022/0271,000391,sent,"{
    'CSV': '3N68QZL89B9G5U9Z',
    'DatosPresentacion': {
        'NIFPresentador': 'B74125311',
        'TimestampPre"
5884,1,in_invoice,S/FRA/2022/0270,117,sent,"{
    'CSV': 'Z9TSS4A9Q9F3QF2F',
    'DatosPresentacion': {
        'NIFPresentador': 'B74125311',
        'TimestampPre"
5876,1,in_invoice,S/FRA/2022/0269,09411000962,sent,"{
    'CSV': '2U6TSK23LWZRBR9T',
    'DatosPresentacion': {
        'NIFPresentador': 'B74125311',
        'TimestampPre"
5868,1,in_invoice,S/FRA/2022/0268,000106,sent,"{
    'CSV': 'V98X5V5UTDCX39XY',
    'DatosPresentacion': {
        'NIFPresentador': 'B74125311',
        'TimestampPre"
5902,1,in_invoice,S/FRA/2022/0267,011T/84.873,sent,"{
    'CSV': 'JH53TEB5CWBNK8GE',
    'DatosPresentacion': {
        'NIFPresentador': 'B74125311',
        'TimestampPre"
5874,1,in_invoice,S/FRA/2022/0266,09411000965,sent,"{
    'CSV': 'P5H9TSTEYHB52YAU',
    'DatosPresentacion': {
        'NIFPresentador': 'B74125311',
        'TimestampPre"
5906,1,in_invoice,S/FRA/2022/0265,111422,sent,"{
    'CSV': 'JR39P2GZQYLF2Z5B',
    'DatosPresentacion': {
        'NIFPresentador': 'B74125311',
        'TimestampPre"
5881,1,in_invoice,S/FRA/2022/0264,62,sent,"{
    'CSV': '52AHY3W2KT5LKVX2',
    'DatosPresentacion': {
        'NIFPresentador': 'B74125311',
        'TimestampPre"
5872,1,in_invoice,S/FRA/2022/0263,FN-21-03028,sent,"{
    'CSV': 'YTS2KKDF26XXHMTB',
    'DatosPresentacion': {
        'NIFPresentador': 'B74125311',
        'TimestampPre"
5880,1,in_invoice,S/FRA/2022/0262,91,sent,"{
    'CSV': 'XQS2XR9H2YZ9JTCC',
    'DatosPresentacion': {
        'NIFPresentador': 'B74125311',
        'TimestampPre"
5879,1,in_invoice,S/FRA/2022/0261,20210425,sent,"{
    'CSV': '7VEL7RKLVPKHVGM9',
    'DatosPresentacion': {
        'NIFPresentador': 'B74125311',
        'TimestampPre"
5877,1,in_invoice,S/FRA/2022/0260,F012021/000161,sent,"{
    'CSV': 'KBTS5Y78HJTKAFC2',
    'DatosPresentacion': {
        'NIFPresentador': 'B74125311',
        'TimestampPre"
5873,1,in_invoice,S/FRA/2022/0259,19685,sent,"{
    'CSV': '3WYQRLJAUJEYB7DW',
    'DatosPresentacion': {
        'NIFPresentador': 'B74125311',
        'TimestampPre"
5875,1,in_invoice,S/FRA/2022/0258,09411000911,sent,"{
    'CSV': 'EDSJ5DU4SADD5L2Y',
    'DatosPresentacion': {
        'NIFPresentador': 'B74125311',
        'TimestampPre"
5871,1,in_invoice,S/FRA/2022/0257,FN-21-02855,sent,"{
    'CSV': 'KXQNKZM795HGQQNW',
    'DatosPresentacion': {
        'NIFPresentador': 'B74125311',
        'TimestampPre"
5869,1,in_invoice,S/FRA/2022/0256,95-186604,sent,"{
    'CSV': 'BZ83Z24NWTTELV5J',
    'DatosPresentacion': {
        'NIFPresentador': 'B74125311',
        'TimestampPre"
5870,1,in_invoice,S/FRA/2022/0255,B/9597,sent,"{
    'CSV': 'STWYK3GJ3JXYCBGX',
    'DatosPresentacion': {
        'NIFPresentador': 'B74125311',
        'TimestampPre"
5859,1,in_invoice,S/FRA/2022/0254,11-2600/00023,sent,"{
    'CSV': 'SRVV4TPL273553XH',
    'DatosPresentacion': {
        'NIFPresentador': 'B74125311',
        'TimestampPre"
5863,1,in_invoice,S/FRA/2022/0253,232,sent,"{
    'CSV': 'VT9RTS96K6RQ944P',
    'DatosPresentacion': {
        'NIFPresentador': 'B74125311',
        'TimestampPre"
5862,1,in_invoice,S/FRA/2022/0252,0070/01/2021/0000027,sent,"{
    'CSV': 'P55RUNXDUQYRBUA6',
    'DatosPresentacion': {
        'NIFPresentador': 'B74125311',
        'TimestampPre"
5866,1,in_invoice,S/FRA/2022/0251,000012,sent,"{
    'CSV': 'LS2DQAZ5HWEJ2YZQ',
    'DatosPresentacion': {
        'NIFPresentador': 'B74125311',
        'TimestampPre"
5861,1,in_invoice,S/FRA/2022/0250,0070/01/2021/0000026,sent,"{
    'CSV': '6Q4RYBNKH6Q9ZUZ9',
    'DatosPresentacion': {
        'NIFPresentador': 'B74125311',
        'TimestampPre"
5858,1,in_invoice,S/FRA/2022/0249,11-21-600/00022,sent,"{
    'CSV': 'HQ2ALZFWJXHHJPYL',
    'DatosPresentacion': {
        'NIFPresentador': 'B74125311',
        'TimestampPre"
4089,1,in_invoice,S/FRA/2022/0248,330001020210518000341,sent,"{
    'CSV': 'P9LDAC8A49MVVSJB',
    'DatosPresentacion': {
        'NIFPresentador': 'B74125311',
        'TimestampPre"
4075,1,in_invoice,S/FRA/2022/0242,75/03787891,sent_modified,"{
    'CSV': '5YYYRALCNM4EW8S6',
    'DatosPresentacion': {
        'NIFPresentador': 'B74125311',
        'TimestampPre"
3869,1,in_invoice,S/FRA/2022/0065,000064,sent_modified,"{
    'CSV': '63DVP4Q34KTDGFQX',
    'DatosPresentacion': {
        'NIFPresentador': 'B74125311',
        'TimestampPre"
5860,1,in_refund,RS/FRA/2022/0002,0070/02/2021/0000020,sent,"{
    'CSV': '6KEKYTZR94GRSQVH',
    'DatosPresentacion': {
        'NIFPresentador': 'B74125311',
        'TimestampPre"
4629,1,in_invoice,S/FRA/2022/0247,OO/2022/002,sent,"{
    'CSV': '5MYBZ35M6E9DB46X',
    'DatosPresentacion': {
        'NIFPresentador': 'B74125311',
        'TimestampPre"
4628,1,in_invoice,S/FRA/2022/0246,OO/2022/001,sent,"{
    'CSV': 'RT88R4GLXE8G4ZQM',
    'DatosPresentacion': {
        'NIFPresentador': 'B74125311',
        'TimestampPre"
4627,1,in_invoice,S/FRA/2022/0245,028/2022,sent,"{
    'CSV': '9J7GMTB8B4PVF4G8',
    'DatosPresentacion': {
        'NIFPresentador': 'B74125311',
        'TimestampPre"
4098,1,in_invoice,S/FRA/2022/0244,2,sent,"{
    'CSV': 'ESDTXFZB5BZXPCYG',
    'DatosPresentacion': {
        'NIFPresentador': 'B74125311',
        'TimestampPre"
4097,1,in_invoice,S/FRA/2022/0243,1,sent,"{
    'CSV': 'KDWJCM4TN4KB3X8B',
    'DatosPresentacion': {
        'NIFPresentador': 'B74125311',
        'TimestampPre"
4058,1,in_invoice,S/FRA/2022/0241,2/2022,sent,"{
    'CSV': 'VME3CAH68KLV3ZKP',
    'DatosPresentacion': {
        'NIFPresentador': 'B74125311',
        'TimestampPre"
4057,1,in_invoice,S/FRA/2022/0240,1/2022,sent,"{
    'CSV': 'MLW35M4XEKVDZ7Y7',
    'DatosPresentacion': {
        'NIFPresentador': 'B74125311',
        'TimestampPre"
4118,1,in_invoice,S/FRA/2022/0239,22/76,sent,"{
    'CSV': 'VFE8UTEZUG62P33K',
    'DatosPresentacion': {
        'NIFPresentador': 'B74125311',
        'TimestampPre"
4117,1,in_invoice,S/FRA/2022/0238,22/74,sent,"{
    'CSV': 'PE5U45XSN49U3GE5',
    'DatosPresentacion': {
        'NIFPresentador': 'B74125311',
        'TimestampPre"
4120,1,in_invoice,S/FRA/2022/0237,22/75,sent,"{
    'CSV': 'L2QUNLA5STUTZZHU',
    'DatosPresentacion': {
        'NIFPresentador': 'B74125311',
        'TimestampPre"
4264,1,in_invoice,S/FRA/2022/0236,A000030375,sent,"{
    'CSV': '2ZYUJSG9WTMRHQAE',
    'DatosPresentacion': {
        'NIFPresentador': 'B74125311',
        'TimestampPre"
4258,1,in_invoice,S/FRA/2022/0235,FRO20220482607,sent,"{
    'CSV': 'EKSWRGALD7F4AKUQ',
    'DatosPresentacion': {
        'NIFPresentador': 'B74125311',
        'TimestampPre"
4266,1,in_invoice,S/FRA/2022/0234,A2201223,sent,"{
    'CSV': '49GMD6R89NWSK5CH',
    'DatosPresentacion': {
        'NIFPresentador': 'B74125311',
        'TimestampPre"
4277,1,in_invoice,S/FRA/2022/0233,209-2022,sent,"{
    'CSV': 'UPXTYCDZ559GC2QT',
    'DatosPresentacion': {
        'NIFPresentador': 'B74125311',
        'TimestampPre"
4262,1,in_invoice,S/FRA/2022/0232,2022 A 0000045,sent,"{
    'CSV': 'WX65ZLJKY8DCH9DV',
    'DatosPresentacion': {
        'NIFPresentador': 'B74125311',
        'TimestampPre"
4259,1,in_invoice,S/FRA/2022/0231,FD22-10361,sent,"{
    'CSV': 'W3P2QHBCMDL52RWG',
    'DatosPresentacion': {
        'NIFPresentador': 'B74125311',
        'TimestampPre"
4260,1,in_invoice,S/FRA/2022/0230,FA 220413,sent,"{
    'CSV': 'CVFET825Y3ZGSF62',
    'DatosPresentacion': {
        'NIFPresentador': 'B74125311',
        'TimestampPre"
4121,1,in_invoice,S/FRA/2022/0229,001D000453,sent,"{
    'CSV': 'B77WRRCLLVREU5TT',
    'DatosPresentacion': {
        'NIFPresentador': 'B74125311',
        'TimestampPre"
4119,1,in_invoice,S/FRA/2022/0228,22/73,sent,"{
    'CSV': 'EZB6YL4R4833Z82G',
    'DatosPresentacion': {
        'NIFPresentador': 'B74125311',
        'TimestampPre"
4114,1,in_invoice,S/FRA/2022/0227,F220111408,sent,"{
    'CSV': 'VQ339P62JZTRFUT8',
    'DatosPresentacion': {
        'NIFPresentador': 'B74125311',
        'TimestampPre"
4073,1,in_invoice,S/FRA/2022/0226,22/01,sent,"{
    'CSV': '98VPPJ5PVZ6BM7MK',
    'DatosPresentacion': {
        'NIFPresentador': 'B74125311',
        'TimestampPre"
4067,1,in_invoice,S/FRA/2022/0225,1/2022,sent,"{
    'CSV': 'YMXS68UQMBHTFP7J',
    'DatosPresentacion': {
        'NIFPresentador': 'B74125311',
        'TimestampPre"
4059,1,in_invoice,S/FRA/2022/0224,01/22,sent,"{
    'CSV': 'HTX2VGUU9HZK2DZM',
    'DatosPresentacion': {
        'NIFPresentador': 'B74125311',
        'TimestampPre"
4071,1,in_invoice,S/FRA/2022/0223,1,sent,"{
    'CSV': 'WCLCX2M9HUGG3KY4',
    'DatosPresentacion': {
        'NIFPresentador': 'B74125311',
        'TimestampPre"
3982,1,in_invoice,S/FRA/2022/0222,V.14 210914/16,sent,"{
    'CSV': '5FDYY6F5NWTTUM93',
    'DatosPresentacion': {
        'NIFPresentador': 'B74125311',
        'TimestampPre"
3985,1,in_invoice,S/FRA/2022/0221,V.19 210622/28,sent,"{
    'CSV': 'TLMJJHRB3BTPKJXK',
    'DatosPresentacion': {
        'NIFPresentador': 'B74125311',
        'TimestampPre"
3983,1,in_invoice,S/FRA/2022/0220,V.21 210628/2,sent,"{
    'CSV': 'QEX852QZPCKYDXMX',
    'DatosPresentacion': {
        'NIFPresentador': 'B74125311',
        'TimestampPre"
3996,1,in_invoice,S/FRA/2022/0219,V.19 210614/48,sent,"{
    'CSV': '5H3A8BE3D3V7WFT2',
    'DatosPresentacion': {
        'NIFPresentador': 'B74125311',
        'TimestampPre"
4096,1,in_invoice,S/FRA/2022/0218,41,sent,"{
    'CSV': 'Z9L5LKM9GLGKH72A',
    'DatosPresentacion': {
        'NIFPresentador': 'B74125311',
        'TimestampPre"
4095,1,in_invoice,S/FRA/2022/0217,40,sent,"{
    'CSV': 'C5FFGBULFN3U4BMR',
    'DatosPresentacion': {
        'NIFPresentador': 'B74125311',
        'TimestampPre"
4082,1,in_invoice,S/FRA/2022/0216,2,sent,"{
    'CSV': '8R3S4MQSWD6FBRAC',
    'DatosPresentacion': {
        'NIFPresentador': 'B74125311',
        'TimestampPre"
4064,1,in_invoice,S/FRA/2022/0215,6,sent,"{
    'CSV': 'Z753VF4EE6CXDPYF',
    'DatosPresentacion': {
        'NIFPresentador': 'B74125311',
        'TimestampPre"
4063,1,in_invoice,S/FRA/2022/0214,5,sent,"{
    'CSV': 'Y25EYFMK7SVUK3FJ',
    'DatosPresentacion': {
        'NIFPresentador': 'B74125311',
        'TimestampPre"
4115,1,in_invoice,S/FRA/2022/0213,312-KF22-2157,sent,"{
    'CSV': 'WRZL9PR265YML5H6',
    'DatosPresentacion': {
        'NIFPresentador': 'B74125311',
        'TimestampPre"
4060,1,in_invoice,S/FRA/2022/0212,1/22,sent,"{
    'CSV': 'TY36DW4YUHTPB494',
    'DatosPresentacion': {
        'NIFPresentador': 'B74125311',
        'TimestampPre"
4056,1,in_invoice,S/FRA/2022/0211,4/2022,sent,"{
    'CSV': 'KEXXHTC69VBPZHYD',
    'DatosPresentacion': {
        'NIFPresentador': 'B74125311',
        'TimestampPre"
4062,1,in_invoice,S/FRA/2022/0210,76/22,sent,"{
    'CSV': 'QN28BBHBHAVA2ZG3',
    'DatosPresentacion': {
        'NIFPresentador': 'B74125311',
        'TimestampPre"
4070,1,in_invoice,S/FRA/2022/0209,A/22-0028,sent,"{
    'CSV': 'MK3C92YGHBRL29E5',
    'DatosPresentacion': {
        'NIFPresentador': 'B74125311',
        'TimestampPre"
4074,1,in_invoice,S/FRA/2022/0208,22-0011,sent,"{
    'CSV': '9XTDK7US3DJQE7BK',
    'DatosPresentacion': {
        'NIFPresentador': 'B74125311',
        'TimestampPre"
4079,1,in_invoice,S/FRA/2022/0207,22-0009,sent,"{
    'CSV': 'EA2X7Y5A6FZS7R6C',
    'DatosPresentacion': {
        'NIFPresentador': 'B74125311',
        'TimestampPre"
4078,1,in_invoice,S/FRA/2022/0206,22-0010,sent,"{
    'CSV': 'JBG7Q29XZWXS8HY7',
    'DatosPresentacion': {
        'NIFPresentador': 'B74125311',
        'TimestampPre"
3955,1,in_invoice,S/FRA/2022/0205,AN219,sent,"{
    'CSV': '6WLULGU8ZGKALH33',
    'DatosPresentacion': {
        'NIFPresentador': 'B74125311',
        'TimestampPre"
3956,1,in_invoice,S/FRA/2022/0204,AN218,sent,"{
    'CSV': '7UZWU5MT6HHLY5NB',
    'DatosPresentacion': {
        'NIFPresentador': 'B74125311',
        'TimestampPre"
4065,1,in_invoice,S/FRA/2022/0203,2/FE,sent,"{
    'CSV': 'BR8N8JK9H9KGAZL4',
    'DatosPresentacion': {
        'NIFPresentador': 'B74125311',
        'TimestampPre"
4626,1,in_invoice,S/FRA/2022/0202,B/000002/22,sent,"{
    'CSV': 'WCPMB9VSSENRQQJ5',
    'DatosPresentacion': {
        'NIFPresentador': 'B74125311',
        'TimestampPre"
3899,1,in_invoice,S/FRA/2022/0201,G 14-22,sent,"{
    'CSV': '9H2PNBELFATR6QU2',
    'DatosPresentacion': {
        'NIFPresentador': 'B74125311',
        'TimestampPre"
3887,1,in_invoice,S/FRA/2022/0200,OO2022-01,sent,"{
    'CSV': 'CQFPCYEQBZ4W8CAR',
    'DatosPresentacion': {
        'NIFPresentador': 'B74125311',
        'TimestampPre"
3890,1,in_invoice,S/FRA/2022/0199,D22 034,sent,"{
    'CSV': 'HXT7CK2DGRSGW9QC',
    'DatosPresentacion': {
        'NIFPresentador': 'B74125311',
        'TimestampPre"
3896,1,in_invoice,S/FRA/2022/0198,A/22-0025,sent,"{
    'CSV': 'SZ2GQS675HVTHCMG',
    'DatosPresentacion': {
        'NIFPresentador': 'B74125311',
        'TimestampPre"
3951,1,in_invoice,S/FRA/2022/0197,22181,sent,"{
    'CSV': '74YVV7DHRK7KNNQ9',
    'DatosPresentacion': {
        'NIFPresentador': 'B74125311',
        'TimestampPre"
3952,1,in_invoice,S/FRA/2022/0196,22182,sent,"{
    'CSV': 'MD78K8LDT5QEM9VN',
    'DatosPresentacion': {
        'NIFPresentador': 'B74125311',
        'TimestampPre"
3957,1,in_invoice,S/FRA/2022/0195,SI107,sent,"{
    'CSV': 'Q5CH29HMW9P9TZV5',
    'DatosPresentacion': {
        'NIFPresentador': 'B74125311',
        'TimestampPre"
3958,1,in_invoice,S/FRA/2022/0194,220146,sent,"{
    'CSV': 'HQLTV2WF544STZXE',
    'DatosPresentacion': {
        'NIFPresentador': 'B74125311',
        'TimestampPre"
4061,1,in_invoice,S/FRA/2022/0193,06/2022,sent,"{
    'CSV': 'RKWEP8MVAQKTW84M',
    'DatosPresentacion': {
        'NIFPresentador': 'B74125311',
        'TimestampPre"
3954,1,in_invoice,S/FRA/2022/0192,1/2022,sent,"{
    'CSV': 'XLWRQ8JJ3ZRG9XWW',
    'DatosPresentacion': {
        'NIFPresentador': 'B74125311',
        'TimestampPre"
3898,1,in_invoice,S/FRA/2022/0191,1/2022,sent,"{
    'CSV': 'R9MT5NEYPNUDNHT6',
    'DatosPresentacion': {
        'NIFPresentador': 'B74125311',
        'TimestampPre"
3929,1,in_invoice,S/FRA/2022/0190,LD02/22,sent,"{
    'CSV': 'PJQAKGTXWE43EV2M',
    'DatosPresentacion': {
        'NIFPresentador': 'B74125311',
        'TimestampPre"
4116,1,in_invoice,S/FRA/2022/0189,A10016769024-0222,sent,"{
    'CSV': 'FFM5E3DZHB3RFSYV',
    'DatosPresentacion': {
        'NIFPresentador': 'B74125311',
        'TimestampPre"
3888,1,in_invoice,S/FRA/2022/0188,01,sent,"{
    'CSV': '5BM9KGHC678WX7WR',
    'DatosPresentacion': {
        'NIFPresentador': 'B74125311',
        'TimestampPre"
4083,1,in_invoice,S/FRA/2022/0187,VF22-02-0138,sent,"{
    'CSV': 'YVR7E2FUFTR77NB4',
    'DatosPresentacion': {
        'NIFPresentador': 'B74125311',
        'TimestampPre"
4030,1,in_invoice,S/FRA/2022/0186,903,sent,"{
    'CSV': 'AVEGFSVGFMSF3JGW',
    'DatosPresentacion': {
        'NIFPresentador': 'B74125311',
        'TimestampPre"
4069,1,in_invoice,S/FRA/2022/0185,81200,sent,"{
    'CSV': 'YF8G3EXTLDRM8UAP',
    'DatosPresentacion': {
        'NIFPresentador': 'B74125311',
        'TimestampPre"
4029,1,in_invoice,S/FRA/2022/0184,902,sent,"{
    'CSV': 'SLHFWZKVH33MNY4U',
    'DatosPresentacion': {
        'NIFPresentador': 'B74125311',
        'TimestampPre"
3889,1,in_invoice,S/FRA/2022/0183,122000566,sent,"{
    'CSV': 'GWDJQVNZG2E8QS5K',
    'DatosPresentacion': {
        'NIFPresentador': 'B74125311',
        'TimestampPre"
3904,1,in_invoice,S/FRA/2022/0182,03/2022/02,sent,"{
    'CSV': 'FKABUNGDMFYTJD4X',
    'DatosPresentacion': {
        'NIFPresentador': 'B74125311',
        'TimestampPre"
4268,1,in_invoice,S/FRA/2022/0181,1HSN220200018816,sent,"{
    'CSV': 'KR5TFNXR8LZHAD97',
    'DatosPresentacion': {
        'NIFPresentador': 'B74125311',
        'TimestampPre"
3885,1,in_invoice,S/FRA/2022/0180,4TM113549,sent,"{
    'CSV': '3AAUV2LUZRFCWKDB',
    'DatosPresentacion': {
        'NIFPresentador': 'B74125311',
        'TimestampPre"
3913,1,in_invoice,S/FRA/2022/0179,M007/2022,sent,"{
    'CSV': 'KJC6XG4C5FSX33DC',
    'DatosPresentacion': {
        'NIFPresentador': 'B74125311',
        'TimestampPre"
3892,1,in_invoice,S/FRA/2022/0178,RG-22-0008,sent,"{
    'CSV': 'DMPRLZKWTUHCUZP9',
    'DatosPresentacion': {
        'NIFPresentador': 'B74125311',
        'TimestampPre"
3906,1,in_invoice,S/FRA/2022/0177,22/2,sent,"{
    'CSV': 'KWMRZLTA37ZBSNFE',
    'DatosPresentacion': {
        'NIFPresentador': 'B74125311',
        'TimestampPre"
3912,1,in_invoice,S/FRA/2022/0176,A-116,sent,"{
    'CSV': 'W8NBGB52XXLC3W6G',
    'DatosPresentacion': {
        'NIFPresentador': 'B74125311',
        'TimestampPre"
4085,1,in_invoice,S/FRA/2022/0175,2022-43,sent,"{
    'CSV': 'ZR67A6GW55AC5Z5C',
    'DatosPresentacion': {
        'NIFPresentador': 'B74125311',
        'TimestampPre"
4084,1,in_invoice,S/FRA/2022/0174,1/2022,sent,"{
    'CSV': 'KQ6XLNLVHEPZKHNU',
    'DatosPresentacion': {
        'NIFPresentador': 'B74125311',
        'TimestampPre"
4271,1,in_invoice,S/FRA/2022/0173,1NSN220100469732,sent,"{
    'CSV': 'AVA98K968ULJPDWD',
    'DatosPresentacion': {
        'NIFPresentador': 'B74125311',
        'TimestampPre"
4269,1,in_invoice,S/FRA/2022/0172,1HSN220100387121,sent,"{
    'CSV': 'GY5UH3LQK9K9TBP8',
    'DatosPresentacion': {
        'NIFPresentador': 'B74125311',
        'TimestampPre"
4072,1,in_invoice,S/FRA/2022/0171,OE/2022/M0145,sent,"{
    'CSV': 'W8RRASDW9T3E8C3E',
    'DatosPresentacion': {
        'NIFPresentador': 'B74125311',
        'TimestampPre"
4272,1,in_invoice,S/FRA/2022/0170,1NSN211200063964,sent,"{
    'CSV': '7Z62FBDRP5XNBYZW',
    'DatosPresentacion': {
        'NIFPresentador': 'B74125311',
        'TimestampPre"
4270,1,in_invoice,S/FRA/2022/0169,1HSN211200038116,sent,"{
    'CSV': '4FKKEH9UFKP52GUM',
    'DatosPresentacion': {
        'NIFPresentador': 'B74125311',
        'TimestampPre"
4267,1,in_invoice,S/FRA/2022/0168,1HSN211100576139,sent,"{
    'CSV': 'YGB4RF8T74RS5ZE6',
    'DatosPresentacion': {
        'NIFPresentador': 'B74125311',
        'TimestampPre"
4051,1,in_invoice,S/FRA/2022/0167,1378-2021,sent,"{
    'CSV': 'NRC6ADH44SXHTGTE',
    'DatosPresentacion': {
        'NIFPresentador': 'B74125311',
        'TimestampPre"
4049,1,in_invoice,S/FRA/2022/0166,2021/015200/00000023,sent,"{
    'CSV': 'PZKQBN64BS2DHP5P',
    'DatosPresentacion': {
        'NIFPresentador': 'B74125311',
        'TimestampPre"
4009,1,in_invoice,S/FRA/2022/0165,09411001051,sent,"{
    'CSV': 'KPWFMHAG2WQMVB5K',
    'DatosPresentacion': {
        'NIFPresentador': 'B74125311',
        'TimestampPre"
4048,1,in_invoice,S/FRA/2022/0164,2021-000027,sent,"{
    'CSV': '5GNZ8G89EV763XM6',
    'DatosPresentacion': {
        'NIFPresentador': 'B74125311',
        'TimestampPre"
4036,1,in_invoice,S/FRA/2022/0163,I19-01/000035,sent,"{
    'CSV': 'Q6JDGQ9DZ4ZWE9N4',
    'DatosPresentacion': {
        'NIFPresentador': 'B74125311',
        'TimestampPre"
4046,1,in_invoice,S/FRA/2022/0162,117-21,sent,"{
    'CSV': 'VP8FU6VGXCR2TNFY',
    'DatosPresentacion': {
        'NIFPresentador': 'B74125311',
        'TimestampPre"
4047,1,in_invoice,S/FRA/2022/0161,AJ1T 306556,sent,"{
    'CSV': 'A75B2ZRRXY8Q9CES',
    'DatosPresentacion': {
        'NIFPresentador': 'B74125311',
        'TimestampPre"
4026,1,in_invoice,S/FRA/2022/0160,1700279,sent,"{
    'CSV': 'C26ZNHNGNZUQBE5A',
    'DatosPresentacion': {
        'NIFPresentador': 'B74125311',
        'TimestampPre"
4045,1,in_invoice,S/FRA/2022/0159,I830-02/000080,sent,"{
    'CSV': 'VACLY4SBQDLKPP3H',
    'DatosPresentacion': {
        'NIFPresentador': 'B74125311',
        'TimestampPre"
4022,1,in_invoice,S/FRA/2022/0158,10071/00029771,sent,"{
    'CSV': 'ZWT3URGA9BZR3A93',
    'DatosPresentacion': {
        'NIFPresentador': 'B74125311',
        'TimestampPre"
4044,1,in_invoice,S/FRA/2022/0157,150-2021,sent,"{
    'CSV': '7BQKBCTU5QS9PZ5V',
    'DatosPresentacion': {
        'NIFPresentador': 'B74125311',
        'TimestampPre"
4043,1,in_invoice,S/FRA/2022/0156,L9550/499,sent,"{
    'CSV': 'PMWMVE6C8DK3NAYK',
    'DatosPresentacion': {
        'NIFPresentador': 'B74125311',
        'TimestampPre"
4007,1,in_invoice,S/FRA/2022/0155,11-21-600/00036,sent,"{
    'CSV': 'FRPXY9V5PU5NEQFY',
    'DatosPresentacion': {
        'NIFPresentador': 'B74125311',
        'TimestampPre"
4033,1,in_invoice,S/FRA/2022/0154,210007982,sent,"{
    'CSV': 'NKPTSBH27DW9JT55',
    'DatosPresentacion': {
        'NIFPresentador': 'B74125311',
        'TimestampPre"
4040,1,in_invoice,S/FRA/2022/0153,00001TB166935,sent,"{
    'CSV': 'NSWVSTGNDHR6QQBF',
    'DatosPresentacion': {
        'NIFPresentador': 'B74125311',
        'TimestampPre"
4076,1,in_invoice,S/FRA/2022/0152,FRO2021098279,sent,"{
    'CSV': 'BQ8BLW7HDHUVQGAA',
    'DatosPresentacion': {
        'NIFPresentador': 'B74125311',
        'TimestampPre"
4034,1,in_invoice,S/FRA/2022/0151,BL7/2021/1/41650,sent,"{
    'CSV': 'KLDQQVZUEP3BD3KT',
    'DatosPresentacion': {
        'NIFPresentador': 'B74125311',
        'TimestampPre"
4016,1,in_invoice,S/FRA/2022/0150,20210490,sent,"{
    'CSV': 'N78TYJ2LBX5K6CE3',
    'DatosPresentacion': {
        'NIFPresentador': 'B74125311',
        'TimestampPre"
4023,1,in_invoice,S/FRA/2022/0149,10071/00028469,sent,"{
    'CSV': 'SS3QN56B62CP6S2S',
    'DatosPresentacion': {
        'NIFPresentador': 'B74125311',
        'TimestampPre"
4041,1,in_invoice,S/FRA/2022/0148,00001TB166788,sent,"{
    'CSV': 'WJNUZH93BLAKQS3F',
    'DatosPresentacion': {
        'NIFPresentador': 'B74125311',
        'TimestampPre"
4004,1,in_invoice,S/FRA/2022/0147,11-21-600/00034,sent,"{
    'CSV': 'RUAYNENBK64XYHJC',
    'DatosPresentacion': {
        'NIFPresentador': 'B74125311',
        'TimestampPre"
4037,1,in_invoice,S/FRA/2022/0146,IT57-02/000030,sent,"{
    'CSV': '8D3MDSZP8TDGDDUY',
    'DatosPresentacion': {
        'NIFPresentador': 'B74125311',
        'TimestampPre"
4024,1,in_invoice,S/FRA/2022/0145,KT 040785,sent,"{
    'CSV': 'RJ43K8J8JAHQC58Z',
    'DatosPresentacion': {
        'NIFPresentador': 'B74125311',
        'TimestampPre"
4008,1,in_invoice,S/FRA/2022/0144,11-21-600/00032,sent,"{
    'CSV': '3QZBCJRCT8LYCBJL',
    'DatosPresentacion': {
        'NIFPresentador': 'B74125311',
        'TimestampPre"
4042,1,in_invoice,S/FRA/2022/0143,21/1/415,sent,"{
    'CSV': 'S8L7FECNFE53WMUB',
    'DatosPresentacion': {
        'NIFPresentador': 'B74125311',
        'TimestampPre"
4055,1,in_invoice,S/FRA/2022/0142,0070/01/2021/0000032,sent,"{
    'CSV': 'ET2882HFDBNAY5E6',
    'DatosPresentacion': {
        'NIFPresentador': 'B74125311',
        'TimestampPre"
4039,1,in_invoice,S/FRA/2022/0141,00001TB166619,sent,"{
    'CSV': 'WKTJK2DAF5ZAVQS7',
    'DatosPresentacion': {
        'NIFPresentador': 'B74125311',
        'TimestampPre"
4012,1,in_invoice,S/FRA/2022/0140,09981000054,sent,"{
    'CSV': 'SZF6MVUZWDCUGCHN',
    'DatosPresentacion': {
        'NIFPresentador': 'B74125311',
        'TimestampPre"
4035,1,in_invoice,S/FRA/2022/0139,BL7/2021/1/40984,sent,"{
    'CSV': '9G7BCW4PM7YSU4VS',
    'DatosPresentacion': {
        'NIFPresentador': 'B74125311',
        'TimestampPre"
4038,1,in_invoice,S/FRA/2022/0138,I157-01/000044,sent,"{
    'CSV': '9TCQDY67CPH77U96',
    'DatosPresentacion': {
        'NIFPresentador': 'B74125311',
        'TimestampPre"
4002,1,in_invoice,S/FRA/2022/0137,11-21-600/00031,sent,"{
    'CSV': '64M737M4GQECN498',
    'DatosPresentacion': {
        'NIFPresentador': 'B74125311',
        'TimestampPre"
4032,1,in_invoice,S/FRA/2022/0136,210007783,sent,"{
    'CSV': 'C57F28E2X47ETJ27',
    'DatosPresentacion': {
        'NIFPresentador': 'B74125311',
        'TimestampPre"
4031,1,in_invoice,S/FRA/2022/0135,5705,sent,"{
    'CSV': 'VPJPXP937F45YTBD',
    'DatosPresentacion': {
        'NIFPresentador': 'B74125311',
        'TimestampPre"
4027,1,in_invoice,S/FRA/2022/0134,ES19XY5WAEUS,sent,"{
    'CSV': 'TT89WW24Q8WWN6SV',
    'DatosPresentacion': {
        'NIFPresentador': 'B74125311',
        'TimestampPre"
4028,1,in_invoice,S/FRA/2022/0133,ES19Y5VZAEUS,sent,"{
    'CSV': 'C7NMQCXGYYG9EXZA',
    'DatosPresentacion': {
        'NIFPresentador': 'B74125311',
        'TimestampPre"
4005,1,in_invoice,S/FRA/2022/0132,11-21-600/00029,sent,"{
    'CSV': 'LUEAL5DNRH5PLLDT',
    'DatosPresentacion': {
        'NIFPresentador': 'B74125311',
        'TimestampPre"
4025,1,in_invoice,S/FRA/2022/0131,1700275,sent,"{
    'CSV': 'HATMFKJC2V7YR2V8',
    'DatosPresentacion': {
        'NIFPresentador': 'B74125311',
        'TimestampPre"
4017,1,in_invoice,S/FRA/2022/0130,20210476,sent,"{
    'CSV': 'QB4Q8NQB2E84U4UC',
    'DatosPresentacion': {
        'NIFPresentador': 'B74125311',
        'TimestampPre"
4053,1,in_invoice,S/FRA/2022/0129,F210905935,sent,"{
    'CSV': '6DXXUS3P9N948SGM',
    'DatosPresentacion': {
        'NIFPresentador': 'B74125311',
        'TimestampPre"
3990,1,in_invoice,S/FRA/2022/0128,V.13 210916/2,sent,"{
    'CSV': 'T27ANX9ATRV73DP8',
    'DatosPresentacion': {
        'NIFPresentador': 'B74125311',
        'TimestampPre"
3981,1,in_invoice,S/FRA/2022/0127,V.3 210915/17,sent,"{
    'CSV': 'J4EUFGX9B2WJUGZD',
    'DatosPresentacion': {
        'NIFPresentador': 'B74125311',
        'TimestampPre"
3987,1,in_invoice,S/FRA/2022/0126,V.9 210915/14,sent,"{
    'CSV': 'WP4W7CCUZDSGEA7T',
    'DatosPresentacion': {
        'NIFPresentador': 'B74125311',
        'TimestampPre"
3995,1,in_invoice,S/FRA/2022/0125,V.9 210915/10,sent,"{
    'CSV': 'UA5KMRPK2XGSDBLE',
    'DatosPresentacion': {
        'NIFPresentador': 'B74125311',
        'TimestampPre"
3994,1,in_invoice,S/FRA/2022/0124,V.3 210914/19,sent,"{
    'CSV': 'RM3A532LC6RGU7U6',
    'DatosPresentacion': {
        'NIFPresentador': 'B74125311',
        'TimestampPre"
3991,1,in_invoice,S/FRA/2022/0123,V.6 210914/6,sent,"{
    'CSV': 'A3GZHTULJCW8DT5A',
    'DatosPresentacion': {
        'NIFPresentador': 'B74125311',
        'TimestampPre"
3986,1,in_invoice,S/FRA/2022/0122,V.22 210908/22,sent,"{
    'CSV': 'Y2S28KNAQ8VMNXW4',
    'DatosPresentacion': {
        'NIFPresentador': 'B74125311',
        'TimestampPre"
4011,1,in_invoice,S/FRA/2022/0121,00021007673,sent,"{
    'CSV': 'NQHALBCVVNLVWERQ',
    'DatosPresentacion': {
        'NIFPresentador': 'B74125311',
        'TimestampPre"
4021,1,in_invoice,S/FRA/2022/0120,KT 0402288,sent,"{
    'CSV': 'NKBV6PKUGWD3JHXQ',
    'DatosPresentacion': {
        'NIFPresentador': 'B74125311',
        'TimestampPre"
4020,1,in_invoice,S/FRA/2022/0119,A9500/71280,sent_modified,"{
    'CSV': '87BCBJ7JHVLENGF4',
    'DatosPresentacion': {
        'NIFPresentador': 'B74125311',
        'TimestampPre"
4014,1,in_invoice,S/FRA/2022/0118,09981000051,sent,"{
    'CSV': 'GD7THLHQ9QVHF58N',
    'DatosPresentacion': {
        'NIFPresentador': 'B74125311',
        'TimestampPre"
4010,1,in_invoice,S/FRA/2022/0117,09411000933,sent,"{
    'CSV': 'FJ2EG3U5CDE52C7U',
    'DatosPresentacion': {
        'NIFPresentador': 'B74125311',
        'TimestampPre"
4000,1,in_invoice,S/FRA/2022/0116,11-21-600/00028,sent,"{
    'CSV': 'JDM4S55BJZRKJJWF',
    'DatosPresentacion': {
        'NIFPresentador': 'B74125311',
        'TimestampPre"
4019,1,in_invoice,S/FRA/2022/0115,2021/4120/00000009,sent,"{
    'CSV': 'YSU6VTB64G68QNBS',
    'DatosPresentacion': {
        'NIFPresentador': 'B74125311',
        'TimestampPre"
4054,1,in_invoice,S/FRA/2022/0114,F210900799,sent,"{
    'CSV': '8SPJGDAQX2VEHDR2',
    'DatosPresentacion': {
        'NIFPresentador': 'B74125311',
        'TimestampPre"
4018,1,in_invoice,S/FRA/2022/0113,20210435,sent,"{
    'CSV': 'ER79MD7L6GZWDAR6',
    'DatosPresentacion': {
        'NIFPresentador': 'B74125311',
        'TimestampPre"
4015,1,in_invoice,S/FRA/2022/0112,20ES054646,sent,"{
    'CSV': '9PFNPM96L87BEJ8B',
    'DatosPresentacion': {
        'NIFPresentador': 'B74125311',
        'TimestampPre"
3998,1,in_invoice,S/FRA/2022/0111,11-21-600/00027,sent,"{
    'CSV': 'NLD8VC7FKEB7TR9H',
    'DatosPresentacion': {
        'NIFPresentador': 'B74125311',
        'TimestampPre"
4006,1,in_invoice,S/FRA/2022/0110,11/21/600/00025,sent,"{
    'CSV': '9N73WK4MQBUQBSSH',
    'DatosPresentacion': {
        'NIFPresentador': 'B74125311',
        'TimestampPre"
4077,1,in_invoice,S/FRA/2022/0109,FRO20211880170,sent,"{
    'CSV': 'HXSGW4RWFU6WVYHF',
    'DatosPresentacion': {
        'NIFPresentador': 'B74125311',
        'TimestampPre"
4003,1,in_invoice,S/FRA/2022/0108,11-21-600/00026,sent,"{
    'CSV': '4KPDDD7948AGD684',
    'DatosPresentacion': {
        'NIFPresentador': 'B74125311',
        'TimestampPre"
4001,1,in_invoice,S/FRA/2022/0107,11-21-600/00024,sent,"{
    'CSV': '4FSFMLZDYBPLT9SY',
    'DatosPresentacion': {
        'NIFPresentador': 'B74125311',
        'TimestampPre"
4013,1,in_invoice,S/FRA/2022/0106,09981000047,sent,"{
    'CSV': 'CJBGG9MHVF2JFBLV',
    'DatosPresentacion': {
        'NIFPresentador': 'B74125311',
        'TimestampPre"
3999,1,in_invoice,S/FRA/2022/0105,11-21-600/00021,sent,"{
    'CSV': 'Q798RKJ2P8Y2YVNJ',
    'DatosPresentacion': {
        'NIFPresentador': 'B74125311',
        'TimestampPre"
4086,1,in_invoice,S/FRA/2022/0104,FRO20211716236,sent,"{
    'CSV': 'ZBH9C4QHMG7ZSAT8',
    'DatosPresentacion': {
        'NIFPresentador': 'B74125311',
        'TimestampPre"
3993,1,in_invoice,S/FRA/2022/0103,V.19 210708/30,sent,"{
    'CSV': 'NVM9DZG2X8S2Z69D',
    'DatosPresentacion': {
        'NIFPresentador': 'B74125311',
        'TimestampPre"
4087,1,in_invoice,S/FRA/2022/0102,FRO20211482127,sent,"{
    'CSV': 'LQR2LDH3LT2M85JW',
    'DatosPresentacion': {
        'NIFPresentador': 'B74125311',
        'TimestampPre"
3984,1,in_invoice,S/FRA/2022/0101,V.19 210628/12,sent,"{
    'CSV': 'RCZ9T4HLYUQBFK22',
    'DatosPresentacion': {
        'NIFPresentador': 'B74125311',
        'TimestampPre"
3980,1,in_invoice,S/FRA/2022/0100,V21 210622/21,sent,"{
    'CSV': 'X8ZBUP7QNB3GBJGZ',
    'DatosPresentacion': {
        'NIFPresentador': 'B74125311',
        'TimestampPre"
3988,1,in_invoice,S/FRA/2022/0099,V.19 210618/29,sent,"{
    'CSV': '37UJYFU9AKCJKCSG',
    'DatosPresentacion': {
        'NIFPresentador': 'B74125311',
        'TimestampPre"
3989,1,in_invoice,S/FRA/2022/0098,V.21 210618/23,sent,"{
    'CSV': 'Q5WLC7GVEM9MLBAC',
    'DatosPresentacion': {
        'NIFPresentador': 'B74125311',
        'TimestampPre"
3992,1,in_invoice,S/FRA/2022/0097,V.19 210615/8,sent,"{
    'CSV': 'GGG2CCZG9G3DK8US',
    'DatosPresentacion': {
        'NIFPresentador': 'B74125311',
        'TimestampPre"
3997,1,in_invoice,S/FRA/2022/0096,ORD-260401-8-2021-1,sent_modified,"{
    'CSV': 'HATCWF7PHLC98YXJ',
    'DatosPresentacion': {
        'NIFPresentador': 'B74125311',
        'TimestampPre"
4088,1,in_invoice,S/FRA/2022/0095,FRO20211243364,sent,"{
    'CSV': 'QNETRH6386U5P3ST',
    'DatosPresentacion': {
        'NIFPresentador': 'B74125311',
        'TimestampPre"
3953,1,in_invoice,S/FRA/2022/0094,,sent,"{
    'CSV': 'C4ZQG8PD9ZC5HS5Y',
    'DatosPresentacion': {
        'NIFPresentador': 'B74125311',
        'TimestampPre"
4093,1,in_invoice,S/FRA/2022/0093,FRO20211009227,sent,"{
    'CSV': '8WBNWZ6MAP2K7GHC',
    'DatosPresentacion': {
        'NIFPresentador': 'B74125311',
        'TimestampPre"
4094,1,in_invoice,S/FRA/2022/0092,FRO20210774585,sent,"{
    'CSV': 'UF2LYJ2KFY2PDCVG',
    'DatosPresentacion': {
        'NIFPresentador': 'B74125311',
        'TimestampPre"
4092,1,in_invoice,S/FRA/2022/0091,FRO20210509444,sent,"{
    'CSV': '3YF7E6CPHBKL9SS4',
    'DatosPresentacion': {
        'NIFPresentador': 'B74125311',
        'TimestampPre"
4091,1,in_invoice,S/FRA/2022/0090,FRO20210265132,sent,"{
    'CSV': 'TMSPBF7ELXQF3VDX',
    'DatosPresentacion': {
        'NIFPresentador': 'B74125311',
        'TimestampPre"
3972,1,in_invoice,S/FRA/2022/0012,AF/1516/01,sent,"{
    'CSV': '5FXB8RMJZEBMFUD7',
    'DatosPresentacion': {
        'NIFPresentador': 'B74125311',
        'TimestampPre"
3971,1,in_invoice,S/FRA/2022/0011,AF/1515/01,sent,"{
    'CSV': '2LWBPUM98JGM5SYB',
    'DatosPresentacion': {
        'NIFPresentador': 'B74125311',
        'TimestampPre"
3970,1,in_invoice,S/FRA/2022/0010,AF/1514/01,sent,"{
    'CSV': '65EJVKRCBGX278GC',
    'DatosPresentacion': {
        'NIFPresentador': 'B74125311',
        'TimestampPre"
3969,1,in_invoice,S/FRA/2022/0009,AF/1513/01,sent,"{
    'CSV': 'KY5TSYFM644YU6JE',
    'DatosPresentacion': {
        'NIFPresentador': 'B74125311',
        'TimestampPre"
3968,1,in_invoice,S/FRA/2022/0008,AF/0883/01,sent,"{
    'CSV': 'TEP9YX93H9SK9SLW',
    'DatosPresentacion': {
        'NIFPresentador': 'B74125311',
        'TimestampPre"
3967,1,in_invoice,S/FRA/2022/0007,AF/1024/01,sent,"{
    'CSV': '9QSC84BPAQPV5XCR',
    'DatosPresentacion': {
        'NIFPresentador': 'B74125311',
        'TimestampPre"
3965,1,in_invoice,S/FRA/2022/0006,AF/1512/01,sent,"{
    'CSV': '6HVNHRH26WRHFJG8',
    'DatosPresentacion': {
        'NIFPresentador': 'B74125311',
        'TimestampPre"
3964,1,in_invoice,S/FRA/2022/0005,AF/1511/02,sent,"{
    'CSV': 'BXMCS9W2YFQZT7QN',
    'DatosPresentacion': {
        'NIFPresentador': 'B74125311',
        'TimestampPre"
3963,1,in_invoice,S/FRA/2022/0004,AF/1510/01,sent,"{
    'CSV': '5Y3KZLUW4KUW6ZR4',
    'DatosPresentacion': {
        'NIFPresentador': 'B74125311',
        'TimestampPre"
3962,1,in_invoice,S/FRA/2022/0003,AF/0812/01,sent,"{
    'CSV': 'VDWLFZVW2RCQQA8D',
    'DatosPresentacion': {
        'NIFPresentador': 'B74125311',
        'TimestampPre"
3961,1,in_invoice,S/FRA/2022/0002,AF/1509/01,sent,"{
    'CSV': 'MFPMVBRUR738PTF7',
    'DatosPresentacion': {
        'NIFPresentador': 'B74125311',
        'TimestampPre"
3960,1,in_invoice,S/FRA/2022/0001,AF/0786/02,sent,"{
    'CSV': 'KUT8VCBZ3RFW4TWQ',
    'DatosPresentacion': {
        'NIFPresentador': 'B74125311',
        'TimestampPre"
4113,1,in_refund,RS/FRA/2022/0001,NOTA DE CRÉDITO 1,sent,"{
    'CSV': 'Z7UE22U995UKP89R',
    'DatosPresentacion': {
        'NIFPresentador': 'B74125311',
        'TimestampPre"
4090,1,in_invoice,/,,not_sent,
3979,1,in_invoice,S/FRA/2022/0089,014/2022,sent_modified,"{
    'CSV': 'AX6HVPR8FK7KQDHF',
    'DatosPresentacion': {
        'NIFPresentador': 'B74125311',
        'TimestampPre"
3752,1,in_invoice,S/FRA/2022/0088,V 19 210618/26,sent,"{
    'CSV': '8WXHQKY4W8T4XGG8',
    'DatosPresentacion': {
        'NIFPresentador': 'B74125311',
        'TimestampPre"
3549,1,in_invoice,S/FRA/2022/0087,5133/22,sent,"{
    'CSV': 'F9CVS3VYXTDTQMQ5',
    'DatosPresentacion': {
        'NIFPresentador': 'B74125311',
        'TimestampPre"
3551,1,in_invoice,S/FRA/2022/0086,22/1,sent,"{
    'CSV': '4Q2GBW4MDD7RCLEJ',
    'DatosPresentacion': {
        'NIFPresentador': 'B74125311',
        'TimestampPre"
3540,1,in_invoice,S/FRA/2022/0085,FV21156,sent,"{
    'CSV': 'DTPLD2HJP9M87R5A',
    'DatosPresentacion': {
        'NIFPresentador': 'B74125311',
        'TimestampPre"
3542,1,in_invoice,S/FRA/2022/0084,INV-057302,sent,"{
    'CSV': 'B8VSDBA8AJNWYZZE',
    'DatosPresentacion': {
        'NIFPresentador': 'B74125311',
        'TimestampPre"
3923,1,in_invoice,S/FRA/2022/0083,21/817,sent,"{
    'CSV': 'JEBH8A3LFDHP3MVJ',
    'DatosPresentacion': {
        'NIFPresentador': 'B74125311',
        'TimestampPre"
3938,1,in_invoice,S/FRA/2022/0082,1.043/F,sent,"{
    'CSV': 'WC3BTFD4YZVCX6PQ',
    'DatosPresentacion': {
        'NIFPresentador': 'B74125311',
        'TimestampPre"
3561,1,in_invoice,S/FRA/2022/0081,428,sent,"{
    'CSV': 'ZSMS8ALWGQAR37FV',
    'DatosPresentacion': {
        'NIFPresentador': 'B74125311',
        'TimestampPre"
3562,1,in_invoice,S/FRA/2022/0080,11,sent,"{
    'CSV': '8T24UTXD27R7K882',
    'DatosPresentacion': {
        'NIFPresentador': 'B74125311',
        'TimestampPre"
3563,1,in_invoice,S/FRA/2022/0079,08/2022,sent,"{
    'CSV': 'WANKV4SME3Q8EMRD',
    'DatosPresentacion': {
        'NIFPresentador': 'B74125311',
        'TimestampPre"
3564,1,in_invoice,S/FRA/2022/0078,20220027,sent,"{
    'CSV': 'DVC82M5PD9W4NMZ3',
    'DatosPresentacion': {
        'NIFPresentador': 'B74125311',
        'TimestampPre"
3572,1,in_invoice,S/FRA/2022/0077,2-22,sent,"{
    'CSV': 'MDQAZ5EXVWVMFAJ3',
    'DatosPresentacion': {
        'NIFPresentador': 'B74125311',
        'TimestampPre"
3576,1,in_invoice,S/FRA/2022/0076,03/2021/02,sent,"{
    'CSV': '5H9PSB5YHH374JJP',
    'DatosPresentacion': {
        'NIFPresentador': 'B74125311',
        'TimestampPre"
3583,1,in_invoice,S/FRA/2022/0075,A-10,sent,"{
    'CSV': 'BZBDH9FTRQW44SHX',
    'DatosPresentacion': {
        'NIFPresentador': 'B74125311',
        'TimestampPre"
3592,1,in_invoice,S/FRA/2022/0074,312-KF22-458,sent,"{
    'CSV': 'U7PBX4PNQRTZUTRG',
    'DatosPresentacion': {
        'NIFPresentador': 'B74125311',
        'TimestampPre"
3593,1,in_invoice,S/FRA/2022/0073,A10016686897-0122,sent,"{
    'CSV': 'GXNTWENY5U2CTJCN',
    'DatosPresentacion': {
        'NIFPresentador': 'B74125311',
        'TimestampPre"
3594,1,in_invoice,S/FRA/2022/0072,17,sent,"{
    'CSV': 'SLUTMD7BUES2BREX',
    'DatosPresentacion': {
        'NIFPresentador': 'B74125311',
        'TimestampPre"
3854,1,in_invoice,S/FRA/2022/0071,325,sent,"{
    'CSV': 'JQL5FHRRJFN5ZFEL',
    'DatosPresentacion': {
        'NIFPresentador': 'B74125311',
        'TimestampPre"
3855,1,in_invoice,S/FRA/2022/0070,326,sent,"{
    'CSV': '3UPMGCZYJS47WTA4',
    'DatosPresentacion': {
        'NIFPresentador': 'B74125311',
        'TimestampPre"
3856,1,in_invoice,S/FRA/2022/0069,390,sent,"{
    'CSV': 'A6E8GPSMXC3JJDW9',
    'DatosPresentacion': {
        'NIFPresentador': 'B74125311',
        'TimestampPre"
3857,1,in_invoice,S/FRA/2022/0068,9,sent,"{
    'CSV': 'Q8U9QNEAXVC9TB9N',
    'DatosPresentacion': {
        'NIFPresentador': 'B74125311',
        'TimestampPre"
3858,1,in_invoice,S/FRA/2022/0067,2,sent,"{
    'CSV': '5EMAZ72XLLC2U8NQ',
    'DatosPresentacion': {
        'NIFPresentador': 'B74125311',
        'TimestampPre"
3868,1,in_invoice,S/FRA/2022/0066,02/2022,sent,"{
    'CSV': 'R98L95G5KWAMLDA8',
    'DatosPresentacion': {
        'NIFPresentador': 'B74125311',
        'TimestampPre"
3870,1,in_invoice,S/FRA/2022/0064,894,sent,"{
    'CSV': 'DM6379TPJKZK87YT',
    'DatosPresentacion': {
        'NIFPresentador': 'B74125311',
        'TimestampPre"
3871,1,in_invoice,S/FRA/2022/0063,886,sent,"{
    'CSV': 'BGKTNL29GAXS7RUT',
    'DatosPresentacion': {
        'NIFPresentador': 'B74125311',
        'TimestampPre"
3872,1,in_invoice,S/FRA/2022/0062,887,sent,"{
    'CSV': 'B8HGZ7CZ9VTD7ZA8',
    'DatosPresentacion': {
        'NIFPresentador': 'B74125311',
        'TimestampPre"
3873,1,in_invoice,S/FRA/2022/0061,E220047339,sent,"{
    'CSV': 'CWEK7X2HFRV58BEH',
    'DatosPresentacion': {
        'NIFPresentador': 'B74125311',
        'TimestampPre"
3874,1,in_invoice,S/FRA/2022/0060,001D000411,sent,"{
    'CSV': 'S4T2CA783XP43B2Q',
    'DatosPresentacion': {
        'NIFPresentador': 'B74125311',
        'TimestampPre"
3878,1,in_invoice,S/FRA/2022/0059,18742201P0015510,sent,"{
    'CSV': 'NYDGE2USDBTQ3RCJ',
    'DatosPresentacion': {
        'NIFPresentador': 'B74125311',
        'TimestampPre"
3880,1,in_invoice,S/FRA/2022/0058,22-0002,sent,"{
    'CSV': 'DVQBPC37S8G7BUC6',
    'DatosPresentacion': {
        'NIFPresentador': 'B74125311',
        'TimestampPre"
3881,1,in_invoice,S/FRA/2022/0057,22-0003,sent,"{
    'CSV': 'RUR7RAKZK2ZQF26C',
    'DatosPresentacion': {
        'NIFPresentador': 'B74125311',
        'TimestampPre"
3882,1,in_invoice,S/FRA/2022/0056,22-0004,sent,"{
    'CSV': 'LGUV4TQ9FKWV32VP',
    'DatosPresentacion': {
        'NIFPresentador': 'B74125311',
        'TimestampPre"
3751,1,in_invoice,S/FRA/2022/0055,9/EST,sent,"{
    'CSV': 'GD8FF36LP26KBPDL',
    'DatosPresentacion': {
        'NIFPresentador': 'B74125311',
        'TimestampPre"
3891,1,in_invoice,S/FRA/2022/0054,FACTURA,sent,"{
    'CSV': 'JYFPGVYV8CELU2GQ',
    'DatosPresentacion': {
        'NIFPresentador': 'B74125311',
        'TimestampPre"
3897,1,in_invoice,S/FRA/2022/0053,03/2022,sent,"{
    'CSV': 'QZWG88T7XSRDCN6H',
    'DatosPresentacion': {
        'NIFPresentador': 'B74125311',
        'TimestampPre"
3900,1,in_invoice,S/FRA/2022/0052,A2200620,sent,"{
    'CSV': '66M5U5ESENSK2WUU',
    'DatosPresentacion': {
        'NIFPresentador': 'B74125311',
        'TimestampPre"
3901,1,in_invoice,S/FRA/2022/0051,A000030174,sent,"{
    'CSV': 'D54J8MERDVU9ZWLD',
    'DatosPresentacion': {
        'NIFPresentador': 'B74125311',
        'TimestampPre"
3902,1,in_invoice,S/FRA/2022/0050,36,sent,"{
    'CSV': '7MZSLZNYXADGQN99',
    'DatosPresentacion': {
        'NIFPresentador': 'B74125311',
        'TimestampPre"
3903,1,in_invoice,S/FRA/2022/0049,37,sent,"{
    'CSV': 'PEKCGQMVUMHUNP94',
    'DatosPresentacion': {
        'NIFPresentador': 'B74125311',
        'TimestampPre"
3905,1,in_invoice,S/FRA/2022/0048,022.005,sent,"{
    'CSV': 'Q3PG6LPDDYTR8YQH',
    'DatosPresentacion': {
        'NIFPresentador': 'B74125311',
        'TimestampPre"
3907,1,in_invoice,S/FRA/2022/0047,VF22-01-0254,sent,"{
    'CSV': 'YATE8QZJMB3WQZRN',
    'DatosPresentacion': {
        'NIFPresentador': 'B74125311',
        'TimestampPre"
3908,1,in_invoice,S/FRA/2022/0046,FA 220096,sent,"{
    'CSV': 'X77HX47WTQ3CULGB',
    'DatosPresentacion': {
        'NIFPresentador': 'B74125311',
        'TimestampPre"
3909,1,in_invoice,S/FRA/2022/0045,FRO20220254777,sent,"{
    'CSV': 'NFCTZ54MVRJPZA3F',
    'DatosPresentacion': {
        'NIFPresentador': 'B74125311',
        'TimestampPre"
3910,1,in_invoice,S/FRA/2022/0044,FD22-4181,sent,"{
    'CSV': 'ZDDBZYH2AR5WQZH9',
    'DatosPresentacion': {
        'NIFPresentador': 'B74125311',
        'TimestampPre"
3911,1,in_invoice,S/FRA/2022/0043,120/F,sent,"{
    'CSV': '8TENWQRKC534LUUE',
    'DatosPresentacion': {
        'NIFPresentador': 'B74125311',
        'TimestampPre"
3914,1,in_invoice,S/FRA/2022/0042,FO2/131,sent,"{
    'CSV': 'LYK547F3AM99BX89',
    'DatosPresentacion': {
        'NIFPresentador': 'B74125311',
        'TimestampPre"
3915,1,in_invoice,S/FRA/2022/0041,13/2022,sent,"{
    'CSV': 'GRFCRF8T59KJDEUM',
    'DatosPresentacion': {
        'NIFPresentador': 'B74125311',
        'TimestampPre"
3916,1,in_invoice,S/FRA/2022/0040,09412000115,sent,"{
    'CSV': 'VRJVKNGBCR2BNSU7',
    'DatosPresentacion': {
        'NIFPresentador': 'B74125311',
        'TimestampPre"
3917,1,in_invoice,S/FRA/2022/0039,21/811,sent,"{
    'CSV': 'Z4FR5LTA545L88D7',
    'DatosPresentacion': {
        'NIFPresentador': 'B74125311',
        'TimestampPre"
3918,1,in_invoice,S/FRA/2022/0038,21/812,sent,"{
    'CSV': '475BLNFDA5EL6JTQ',
    'DatosPresentacion': {
        'NIFPresentador': 'B74125311',
        'TimestampPre"
3919,1,in_invoice,S/FRA/2022/0037,21/813,sent,"{
    'CSV': 'MT3QRCG8DQ9Y97MU',
    'DatosPresentacion': {
        'NIFPresentador': 'B74125311',
        'TimestampPre"
3920,1,in_invoice,S/FRA/2022/0036,21/814,sent,"{
    'CSV': 'NLKCNUGJQEGA87DR',
    'DatosPresentacion': {
        'NIFPresentador': 'B74125311',
        'TimestampPre"
3921,1,in_invoice,S/FRA/2022/0035,21/815,sent,"{
    'CSV': '4QMP283ABW5TEEBY',
    'DatosPresentacion': {
        'NIFPresentador': 'B74125311',
        'TimestampPre"
3922,1,in_invoice,S/FRA/2022/0034,21/816,sent,"{
    'CSV': 'VTAJGUNNQV99RUYH',
    'DatosPresentacion': {
        'NIFPresentador': 'B74125311',
        'TimestampPre"
3924,1,in_invoice,S/FRA/2022/0033,21/818,sent,"{
    'CSV': 'U4KECDS7JYESSJ2U',
    'DatosPresentacion': {
        'NIFPresentador': 'B74125311',
        'TimestampPre"
3925,1,in_invoice,S/FRA/2022/0032,22/14,sent,"{
    'CSV': 'XJ3TQ7UTMZ28GDNA',
    'DatosPresentacion': {
        'NIFPresentador': 'B74125311',
        'TimestampPre"
3926,1,in_invoice,S/FRA/2022/0031,22/15,sent,"{
    'CSV': 'Z8T4UKBY2DV4JDSQ',
    'DatosPresentacion': {
        'NIFPresentador': 'B74125311',
        'TimestampPre"
3927,1,in_invoice,S/FRA/2022/0030,22/16,sent,"{
    'CSV': 'BZTUQASWQ59Q6DMK',
    'DatosPresentacion': {
        'NIFPresentador': 'B74125311',
        'TimestampPre"
3930,1,in_invoice,S/FRA/2022/0029,001G000578,sent,"{
    'CSV': '38BRRGNHUNZMVBHJ',
    'DatosPresentacion': {
        'NIFPresentador': 'B74125311',
        'TimestampPre"
3931,1,in_invoice,S/FRA/2022/0028,001D000418,sent,"{
    'CSV': '34BBWVXHURVEKUGT',
    'DatosPresentacion': {
        'NIFPresentador': 'B74125311',
        'TimestampPre"
3932,1,in_invoice,S/FRA/2022/0027,001D000417,sent,"{
    'CSV': 'YSXML2ZJ8GA4VWUU',
    'DatosPresentacion': {
        'NIFPresentador': 'B74125311',
        'TimestampPre"
3933,1,in_invoice,S/FRA/2022/0026,001D000416,sent,"{
    'CSV': '9N4LB98VZ5DH35ZA',
    'DatosPresentacion': {
        'NIFPresentador': 'B74125311',
        'TimestampPre"
3934,1,in_invoice,S/FRA/2022/0025,2567,sent,"{
    'CSV': '5UT622Y8RKHQB2YA',
    'DatosPresentacion': {
        'NIFPresentador': 'B74125311',
        'TimestampPre"
3936,1,in_invoice,S/FRA/2022/0024,F491552,sent,"{
    'CSV': 'S5KGADRZQGPBVCX4',
    'DatosPresentacion': {
        'NIFPresentador': 'B74125311',
        'TimestampPre"
3937,1,in_invoice,S/FRA/2022/0023,B/9259,sent,"{
    'CSV': '29PQLUD9YBF4VLEQ',
    'DatosPresentacion': {
        'NIFPresentador': 'B74125311',
        'TimestampPre"
3939,1,in_invoice,S/FRA/2022/0022,1.046/F,sent,"{
    'CSV': 'M9LDLXV8VC5VCJKQ',
    'DatosPresentacion': {
        'NIFPresentador': 'B74125311',
        'TimestampPre"
3940,1,in_invoice,S/FRA/2022/0021,1.091/F,sent,"{
    'CSV': '6P3XLT2VBMSABRPH',
    'DatosPresentacion': {
        'NIFPresentador': 'B74125311',
        'TimestampPre"
3941,1,in_invoice,S/FRA/2022/0020,693/F,sent,"{
    'CSV': '2YRXQW3Q4XEX75VJ',
    'DatosPresentacion': {
        'NIFPresentador': 'B74125311',
        'TimestampPre"
3942,1,in_invoice,S/FRA/2022/0019,45022/C,sent,"{
    'CSV': '7FSHZY3B3DD298WY',
    'DatosPresentacion': {
        'NIFPresentador': 'B74125311',
        'TimestampPre"
3943,1,in_invoice,S/FRA/2022/0018,46538/C,sent,"{
    'CSV': 'QYVCUE7U923N5X8R',
    'DatosPresentacion': {
        'NIFPresentador': 'B74125311',
        'TimestampPre"
3944,1,in_invoice,S/FRA/2022/0017,F495954,sent,"{
    'CSV': 'GN4VUSPW2RCBZG4E',
    'DatosPresentacion': {
        'NIFPresentador': 'B74125311',
        'TimestampPre"
3945,1,in_invoice,S/FRA/2022/0016,CF/0000078942-2021,sent,"{
    'CSV': '2U5L82BEMNNKDL9L',
    'DatosPresentacion': {
        'NIFPresentador': 'B74125311',
        'TimestampPre"
3946,1,in_invoice,S/FRA/2022/0015,INV82868364,sent,"{
    'CSV': 'J979WYAAVE5E9A5E',
    'DatosPresentacion': {
        'NIFPresentador': 'B74125311',
        'TimestampPre"
3947,1,in_invoice,S/FRA/2022/0014,EC-0012019-2021,sent,"{
    'CSV': 'R4B8WDWD9CAUMFFS',
    'DatosPresentacion': {
        'NIFPresentador': 'B74125311',
        'TimestampPre"
3948,1,in_invoice,S/FRA/2022/0013,220043,sent,"{
    'CSV': 'R6R3ZNM7F3KPN4L9',
    'DatosPresentacion': {
        'NIFPresentador': 'B74125311',
        'TimestampPre"
3690,1,in_invoice,S/FRA/2021/0810,H0663/0012,sent,"{
    'CSV': 'JZLLQFEV4N3Q6Z4X',
    'DatosPresentacion': {
        'NIFPresentador': 'B74125311',
        'TimestampPre"
3689,1,in_invoice,S/FRA/2021/0809,280/2021,sent,"{
    'CSV': 'BUH33C6B7W2XMPKS',
    'DatosPresentacion': {
        'NIFPresentador': 'B74125311',
        'TimestampPre"
3688,1,in_invoice,S/FRA/2021/0808,20/856,sent,"{
    'CSV': '4XA9K5U4S8L6U6UG',
    'DatosPresentacion': {
        'NIFPresentador': 'B74125311',
        'TimestampPre"
3687,1,in_invoice,S/FRA/2021/0807,A/140,sent,"{
    'CSV': '7GUC6CKCZKXBW3P2',
    'DatosPresentacion': {
        'NIFPresentador': 'B74125311',
        'TimestampPre"
3686,1,in_invoice,S/FRA/2021/0806,62,sent,"{
    'CSV': 'BN9BPQD3DKF297BR',
    'DatosPresentacion': {
        'NIFPresentador': 'B74125311',
        'TimestampPre"
3685,1,in_invoice,S/FRA/2021/0805,2020/0507,sent,"{
    'CSV': '24C4B7C78QFB2E9D',
    'DatosPresentacion': {
        'NIFPresentador': 'B74125311',
        'TimestampPre"
3684,1,in_invoice,S/FRA/2021/0804,203175,sent,"{
    'CSV': 'EQ7BUJJCL9YWNEJJ',
    'DatosPresentacion': {
        'NIFPresentador': 'B74125311',
        'TimestampPre"
3683,1,in_invoice,S/FRA/2021/0803,202903,sent,"{
    'CSV': 'E9KK4N6SX6QED4B8',
    'DatosPresentacion': {
        'NIFPresentador': 'B74125311',
        'TimestampPre"
3553,1,in_invoice,S/FRA/2021/0802,21172,sent,"{
    'CSV': 'XVPT6BAQMHUBAHVZ',
    'DatosPresentacion': {
        'NIFPresentador': 'B74125311',
        'TimestampPre"
3554,1,in_invoice,S/FRA/2021/0801,828/21,sent,"{
    'CSV': '47T7QFPN42EGCZ34',
    'DatosPresentacion': {
        'NIFPresentador': 'B74125311',
        'TimestampPre"
3573,1,in_invoice,S/FRA/2021/0800,211890,sent,"{
    'CSV': 'ULMNBRH95AD8GD69',
    'DatosPresentacion': {
        'NIFPresentador': 'B74125311',
        'TimestampPre"
3526,1,in_invoice,S/FRA/2021/0799,21/908,sent,"{
    'CSV': 'NVAHYE7YVJSKCQ4N',
    'DatosPresentacion': {
        'NIFPresentador': 'B74125311',
        'TimestampPre"
3525,1,in_invoice,S/FRA/2021/0798,21/909,sent,"{
    'CSV': 'NYZ4U5ZPL8YMU627',
    'DatosPresentacion': {
        'NIFPresentador': 'B74125311',
        'TimestampPre"
3524,1,in_invoice,S/FRA/2021/0797,21/910,sent,"{
    'CSV': '64K4H3KHZMT4QTC5',
    'DatosPresentacion': {
        'NIFPresentador': 'B74125311',
        'TimestampPre"
3523,1,in_invoice,S/FRA/2021/0796,21/911,sent,"{
    'CSV': 'T8U6LQTDYTMRC9YV',
    'DatosPresentacion': {
        'NIFPresentador': 'B74125311',
        'TimestampPre"
3578,1,in_invoice,S/FRA/2021/0795,2021-443,sent,"{
    'CSV': 'RJ8FKWFDU7WNYY9P',
    'DatosPresentacion': {
        'NIFPresentador': 'B74125311',
        'TimestampPre"
3546,1,in_invoice,S/FRA/2021/0794,389,sent,"{
    'CSV': '346BHZNTRWYDMBSY',
    'DatosPresentacion': {
        'NIFPresentador': 'B74125311',
        'TimestampPre"
3574,1,in_invoice,S/FRA/2021/0793,1713-2021,sent,"{
    'CSV': 'STUYARZR7D8KHHU6',
    'DatosPresentacion': {
        'NIFPresentador': 'B74125311',
        'TimestampPre"
3541,1,in_invoice,S/FRA/2021/0792,A2108686,sent,"{
    'CSV': 'HKDS4KH947KC2AFB',
    'DatosPresentacion': {
        'NIFPresentador': 'B74125311',
        'TimestampPre"
3586,1,in_invoice,S/FRA/2021/0791,DCGNN8BV82,sent,"{
    'CSV': 'DJ4ELR4UZY8CP96T',
    'DatosPresentacion': {
        'NIFPresentador': 'B74125311',
        'TimestampPre"
3584,1,in_invoice,S/FRA/2021/0790,4448/F,sent,"{
    'CSV': 'K858TGQPFBWB362Z',
    'DatosPresentacion': {
        'NIFPresentador': 'B74125311',
        'TimestampPre"
3590,1,in_invoice,S/FRA/2021/0789,FRO20220010071,sent,"{
    'CSV': 'HPHFH52SHTDQC5GQ',
    'DatosPresentacion': {
        'NIFPresentador': 'B74125311',
        'TimestampPre"
3591,1,in_invoice,S/FRA/2021/0788,0000397680,sent,"{
    'CSV': 'V9J8XPXP6ZW8HWTA',
    'DatosPresentacion': {
        'NIFPresentador': 'B74125311',
        'TimestampPre"
3527,1,in_invoice,S/FRA/2021/0787,21/912,sent,"{
    'CSV': 'DPNHHREBFM5NXPTU',
    'DatosPresentacion': {
        'NIFPresentador': 'B74125311',
        'TimestampPre"
3565,1,in_invoice,S/FRA/2021/0786,G 129-21,sent,"{
    'CSV': '2X8QAKL4AUBFB7KT',
    'DatosPresentacion': {
        'NIFPresentador': 'B74125311',
        'TimestampPre"
3567,1,in_invoice,S/FRA/2021/0785,001G000538,sent,"{
    'CSV': 'VSDZKZAN6JENUAE6',
    'DatosPresentacion': {
        'NIFPresentador': 'B74125311',
        'TimestampPre"
3566,1,in_invoice,S/FRA/2021/0784,001G000537,sent,"{
    'CSV': 'NJRCTWTBDJVTK8AM',
    'DatosPresentacion': {
        'NIFPresentador': 'B74125311',
        'TimestampPre"
3571,1,in_invoice,S/FRA/2021/0783,001D000389,sent,"{
    'CSV': 'NR5K24PZVSSL9F8Y',
    'DatosPresentacion': {
        'NIFPresentador': 'B74125311',
        'TimestampPre"
3570,1,in_invoice,S/FRA/2021/0782,001G000539,sent,"{
    'CSV': 'T4ASB5EZAVHUSHMG',
    'DatosPresentacion': {
        'NIFPresentador': 'B74125311',
        'TimestampPre"
3569,1,in_invoice,S/FRA/2021/0781,001D000388,sent,"{
    'CSV': 'WR65Q23Z8FK6H5HC',
    'DatosPresentacion': {
        'NIFPresentador': 'B74125311',
        'TimestampPre"
3575,1,in_invoice,S/FRA/2021/0780,21-0040,sent,"{
    'CSV': 'KFC4NFT89FDAJKRR',
    'DatosPresentacion': {
        'NIFPresentador': 'B74125311',
        'TimestampPre"
3582,1,in_invoice,S/FRA/2021/0779,A-1460,sent,"{
    'CSV': 'PA7U7RQ3N3AQR89R',
    'DatosPresentacion': {
        'NIFPresentador': 'B74125311',
        'TimestampPre"
3585,1,in_invoice,S/FRA/2021/0778,FA 213099,sent,"{
    'CSV': 'E3WRAQ3ZHX2VJJGK',
    'DatosPresentacion': {
        'NIFPresentador': 'B74125311',
        'TimestampPre"
3577,1,in_invoice,S/FRA/2021/0777,8/2021,sent,"{
    'CSV': 'E674RAUD78YVUVW7',
    'DatosPresentacion': {
        'NIFPresentador': 'B74125311',
        'TimestampPre"
3552,1,in_invoice,S/FRA/2021/0776,FO1 / 2469,sent,"{
    'CSV': 'JXJTHDGRBTXB8T3H',
    'DatosPresentacion': {
        'NIFPresentador': 'B74125311',
        'TimestampPre"
3557,1,in_invoice,S/FRA/2021/0775,018/2021,sent,"{
    'CSV': '697FBG74W8VNFZV8',
    'DatosPresentacion': {
        'NIFPresentador': 'B74125311',
        'TimestampPre"
3568,1,in_invoice,S/FRA/2021/0774,001D000387,sent,"{
    'CSV': '5Y5YCXZB6NWH3U4R',
    'DatosPresentacion': {
        'NIFPresentador': 'B74125311',
        'TimestampPre"
3475,1,in_invoice,S/FRA/2021/0773,A/21-0271,sent,"{
    'CSV': 'CNNJ3UAK8MW88LHT',
    'DatosPresentacion': {
        'NIFPresentador': 'B74125311',
        'TimestampPre"
3452,1,in_invoice,S/FRA/2021/0772,379,sent,"{
    'CSV': 'MDRT7ZY5TFQPJVT5',
    'DatosPresentacion': {
        'NIFPresentador': 'B74125311',
        'TimestampPre"
3451,1,in_invoice,S/FRA/2021/0771,378,sent,"{
    'CSV': '83WE5L4GP8PS49FE',
    'DatosPresentacion': {
        'NIFPresentador': 'B74125311',
        'TimestampPre"
3558,1,in_invoice,S/FRA/2021/0770,011/2021,sent,"{
    'CSV': '97BJAD963JYSYNTX',
    'DatosPresentacion': {
        'NIFPresentador': 'B74125311',
        'TimestampPre"
3555,1,in_invoice,S/FRA/2021/0769,21/056,sent,"{
    'CSV': 'UYNM5KBXQ8ZDG4UM',
    'DatosPresentacion': {
        'NIFPresentador': 'B74125311',
        'TimestampPre"
3560,1,in_invoice,S/FRA/2021/0768,424,sent,"{
    'CSV': 'MXKLSDMDH3QSGDHB',
    'DatosPresentacion': {
        'NIFPresentador': 'B74125311',
        'TimestampPre"
3453,1,in_invoice,S/FRA/2021/0767,D210024084,sent,"{
    'CSV': 'C8XV52XJDAHVE7ME',
    'DatosPresentacion': {
        'NIFPresentador': 'B74125311',
        'TimestampPre"
3448,1,in_invoice,S/FRA/2021/0766,10,sent,"{
    'CSV': 'PQATHYTX49LNSJDP',
    'DatosPresentacion': {
        'NIFPresentador': 'B74125311',
        'TimestampPre"
3415,1,in_invoice,S/FRA/2021/0765,021.080,sent,"{
    'CSV': '4WAPMVPKJ4BF5B79',
    'DatosPresentacion': {
        'NIFPresentador': 'B74125311',
        'TimestampPre"
3418,1,in_invoice,S/FRA/2021/0764,008/2021,sent,"{
    'CSV': 'BL9Q2SNGWJKDPXLA',
    'DatosPresentacion': {
        'NIFPresentador': 'B74125311',
        'TimestampPre"
3432,1,in_invoice,S/FRA/2021/0763,01/2021,sent,"{
    'CSV': 'JXT3VZFVCW2ZPRNJ',
    'DatosPresentacion': {
        'NIFPresentador': 'B74125311',
        'TimestampPre"
3297,1,in_invoice,S/FRA/2021/0762,F20211514,sent,"{
    'CSV': 'AG5PFSFE28YHEN4F',
    'DatosPresentacion': {
        'NIFPresentador': 'B74125311',
        'TimestampPre"
3434,1,in_invoice,S/FRA/2021/0761,G 123-21,sent,"{
    'CSV': '2HW2S8UVS5A4LAQZ',
    'DatosPresentacion': {
        'NIFPresentador': 'B74125311',
        'TimestampPre"
3280,1,in_invoice,S/FRA/2021/0760,5,sent,"{
    'CSV': 'GZMYZXHPCBBTU38U',
    'DatosPresentacion': {
        'NIFPresentador': 'B74125311',
        'TimestampPre"
3281,1,in_invoice,S/FRA/2021/0759,02/2021,sent,"{
    'CSV': 'T9DX53KCG4PL63Z6',
    'DatosPresentacion': {
        'NIFPresentador': 'B74125311',
        'TimestampPre"
3579,1,in_invoice,S/FRA/2021/0758,18,sent,"{
    'CSV': 'Y65NU7J6P5UDUWJ3',
    'DatosPresentacion': {
        'NIFPresentador': 'B74125311',
        'TimestampPre"
3529,1,in_invoice,S/FRA/2021/0757,LD19/21,sent,"{
    'CSV': 'C666AADAPQFJ9HMQ',
    'DatosPresentacion': {
        'NIFPresentador': 'B74125311',
        'TimestampPre"
3433,1,in_invoice,S/FRA/2021/0756,OO03/2021,sent,"{
    'CSV': 'E4P87LMRHQE3Z5PS',
    'DatosPresentacion': {
        'NIFPresentador': 'B74125311',
        'TimestampPre"
3238,1,in_invoice,S/FRA/2021/0755,1/E,sent,"{
    'CSV': '6LLJWA748W9423ZX',
    'DatosPresentacion': {
        'NIFPresentador': 'B74125311',
        'TimestampPre"
3556,1,in_invoice,S/FRA/2021/0754,1 000054,sent,"{
    'CSV': 'MKNTDMHWRYCG552V',
    'DatosPresentacion': {
        'NIFPresentador': 'B74125311',
        'TimestampPre"
3438,1,in_invoice,S/FRA/2021/0753,878,sent,"{
    'CSV': '4USTJHGHUL4HBBNQ',
    'DatosPresentacion': {
        'NIFPresentador': 'B74125311',
        'TimestampPre"
3437,1,in_invoice,S/FRA/2021/0752,877,sent,"{
    'CSV': 'RL72RKTSHHC4JH58',
    'DatosPresentacion': {
        'NIFPresentador': 'B74125311',
        'TimestampPre"
3531,1,in_invoice,S/FRA/2021/0751,879,sent,"{
    'CSV': 'JV9AQY866AGTB9UK',
    'DatosPresentacion': {
        'NIFPresentador': 'B74125311',
        'TimestampPre"
3062,1,in_invoice,S/FRA/2021/0750,73/21,sent,"{
    'CSV': 'F8PU6NSUXCCUBM2M',
    'DatosPresentacion': {
        'NIFPresentador': 'B74125311',
        'TimestampPre"
3056,1,in_invoice,S/FRA/2021/0749,6,sent,"{
    'CSV': 'TMGGUZEDJEPQNNJB',
    'DatosPresentacion': {
        'NIFPresentador': 'B74125311',
        'TimestampPre"
3449,1,in_invoice,S/FRA/2021/0748,13,sent,"{
    'CSV': '2UHB63JS5TM2ZU42',
    'DatosPresentacion': {
        'NIFPresentador': 'B74125311',
        'TimestampPre"
3015,1,in_invoice,S/FRA/2021/0747,47-2021,sent,"{
    'CSV': 'QEQYF39GYK7HVJ88',
    'DatosPresentacion': {
        'NIFPresentador': 'B74125311',
        'TimestampPre"
3530,1,in_invoice,S/FRA/2021/0746,704/21,sent,"{
    'CSV': '6ZBSXGUMY62Q97AY',
    'DatosPresentacion': {
        'NIFPresentador': 'B74125311',
        'TimestampPre"
3587,1,in_invoice,S/FRA/2021/0745,BSBGC8KV82,sent,"{
    'CSV': 'U6ZZLCEXZ7AQ6NGR',
    'DatosPresentacion': {
        'NIFPresentador': 'B74125311',
        'TimestampPre"
3230,1,in_invoice,S/FRA/2021/0744,18742101P0087262,sent,"{
    'CSV': 'YM5K2DNW67648N7N',
    'DatosPresentacion': {
        'NIFPresentador': 'B74125311',
        'TimestampPre"
3472,1,in_invoice,S/FRA/2021/0743,VF21-11-0079,sent,"{
    'CSV': 'BA3YJ2DPRJE67RGZ',
    'DatosPresentacion': {
        'NIFPresentador': 'B74125311',
        'TimestampPre"
3482,1,in_invoice,S/FRA/2021/0742,21/748,sent,"{
    'CSV': '6GLVT8DJ7QLGJPLD',
    'DatosPresentacion': {
        'NIFPresentador': 'B74125311',
        'TimestampPre"
3492,1,in_invoice,S/FRA/2021/0741,21/747,sent,"{
    'CSV': 'W3JKQDCEHJR6CVPL',
    'DatosPresentacion': {
        'NIFPresentador': 'B74125311',
        'TimestampPre"
3483,1,in_invoice,S/FRA/2021/0740,21/746,sent,"{
    'CSV': 'K9BGXY3GZ23RF7LY',
    'DatosPresentacion': {
        'NIFPresentador': 'B74125311',
        'TimestampPre"
3436,1,in_invoice,S/FRA/2021/0739,872,sent,"{
    'CSV': 'EQXBNHWKGB42YHEB',
    'DatosPresentacion': {
        'NIFPresentador': 'B74125311',
        'TimestampPre"
3435,1,in_invoice,S/FRA/2021/0738,871,sent,"{
    'CSV': 'QQTU43F3JAKMJYQ7',
    'DatosPresentacion': {
        'NIFPresentador': 'B74125311',
        'TimestampPre"
3430,1,in_invoice,S/FRA/2021/0737,01-2021,sent,"{
    'CSV': 'UDKV9HCHQZXU6GSH',
    'DatosPresentacion': {
        'NIFPresentador': 'B74125311',
        'TimestampPre"
3477,1,in_invoice,S/FRA/2021/0736,21/721,sent,"{
    'CSV': 'PFJ99KAAULERGZFW',
    'DatosPresentacion': {
        'NIFPresentador': 'B74125311',
        'TimestampPre"
3481,1,in_invoice,S/FRA/2021/0735,21/722,sent,"{
    'CSV': 'NJJKLG6RUGVX4Z27',
    'DatosPresentacion': {
        'NIFPresentador': 'B74125311',
        'TimestampPre"
3480,1,in_invoice,S/FRA/2021/0734,21/718,sent,"{
    'CSV': '8PKW6V3MKLWJU8YE',
    'DatosPresentacion': {
        'NIFPresentador': 'B74125311',
        'TimestampPre"
3478,1,in_invoice,S/FRA/2021/0733,21/720,sent,"{
    'CSV': 'RQ3696HM53AB9CAW',
    'DatosPresentacion': {
        'NIFPresentador': 'B74125311',
        'TimestampPre"
3479,1,in_invoice,S/FRA/2021/0732,21/719,sent,"{
    'CSV': 'CXEW3H23VWR57JZR',
    'DatosPresentacion': {
        'NIFPresentador': 'B74125311',
        'TimestampPre"
3431,1,in_invoice,S/FRA/2021/0731,361175,sent,"{
    'CSV': 'Y3PGG34ZLNBGHLDM',
    'DatosPresentacion': {
        'NIFPresentador': 'B74125311',
        'TimestampPre"
3588,1,in_invoice,S/FRA/2021/0730,BQSMG6PV82,sent,"{
    'CSV': 'UZ4WRCQG7HQRKN9Q',
    'DatosPresentacion': {
        'NIFPresentador': 'B74125311',
        'TimestampPre"
2329,1,in_invoice,S/FRA/2021/0729,8742101P0056342,sent,"{
    'CSV': 'KCA9LFGHC72QH4GG',
    'DatosPresentacion': {
        'NIFPresentador': 'B74125311',
        'TimestampPre"
3589,1,in_invoice,S/FRA/2021/0728,2RSJ75XU82,sent,"{
    'CSV': 'JPQR9BDR4G5VW3VF',
    'DatosPresentacion': {
        'NIFPresentador': 'B74125311',
        'TimestampPre"
3473,1,in_invoice,S/FRA/2021/0727,VF21-08-0078,sent,"{
    'CSV': 'QCJAGHAQAW7MZ2EK',
    'DatosPresentacion': {
        'NIFPresentador': 'B74125311',
        'TimestampPre"
3274,1,in_invoice,S/FRA/2021/0726,03/2021/06,sent,"{
    'CSV': 'VRFATMPSKH2RHXSA',
    'DatosPresentacion': {
        'NIFPresentador': 'B74125311',
        'TimestampPre"
3428,1,in_invoice,S/FRA/2021/0725,2021/19093,sent,"{
    'CSV': 'FBZLASFTFXD47KA5',
    'DatosPresentacion': {
        'NIFPresentador': 'B74125311',
        'TimestampPre"
3386,1,in_invoice,S/FRA/2021/0724,2021/14101,sent,"{
    'CSV': 'URJN897VDS69B9GD',
    'DatosPresentacion': {
        'NIFPresentador': 'B74125311',
        'TimestampPre"
3598,1,in_invoice,S/FRA/2021/0722,A-01/2021,sent,"{
    'CSV': 'D24RSFJ2JSJ7KG23',
    'DatosPresentacion': {
        'NIFPresentador': 'B74125311',
        'TimestampPre"
3295,1,in_invoice,S/FRA/2021/0721,21/41,sent,"{
    'CSV': '9RR4XGD5UZSQGUMX',
    'DatosPresentacion': {
        'NIFPresentador': 'B74125311',
        'TimestampPre"
3294,1,in_invoice,S/FRA/2021/0720,21/36,sent,"{
    'CSV': 'JHLFADJKG6F4AAPY',
    'DatosPresentacion': {
        'NIFPresentador': 'B74125311',
        'TimestampPre"
3293,1,in_invoice,S/FRA/2021/0719,21/33,sent,"{
    'CSV': 'ZFVFDERYYGL8VBX4',
    'DatosPresentacion': {
        'NIFPresentador': 'B74125311',
        'TimestampPre"
3601,1,in_invoice,S/FRA/2021/0718,000168/O/21,sent,"{
    'CSV': 'J7X6MUZTYGWRSNGG',
    'DatosPresentacion': {
        'NIFPresentador': 'B74125311',
        'TimestampPre"
3470,1,in_invoice,S/FRA/2021/0716,AF/1364/04,sent,"{
    'CSV': '2RLBGBS4WJVRCN85',
    'DatosPresentacion': {
        'NIFPresentador': 'B74125311',
        'TimestampPre"
3468,1,in_invoice,S/FRA/2021/0715,,sent,"{
    'CSV': '24XFAGY8AHMK7CRC',
    'DatosPresentacion': {
        'NIFPresentador': 'B74125311',
        'TimestampPre"
3467,1,in_invoice,S/FRA/2021/0714,AF/1465/01,sent,"{
    'CSV': '9U2P4KD57G2S6KQN',
    'DatosPresentacion': {
        'NIFPresentador': 'B74125311',
        'TimestampPre"
3466,1,in_invoice,S/FRA/2021/0713,AF/1464/01,sent,"{
    'CSV': '3JJZJC7Y3DKA5CLW',
    'DatosPresentacion': {
        'NIFPresentador': 'B74125311',
        'TimestampPre"
3465,1,in_invoice,S/FRA/2021/0712,AF/1463/01,sent,"{
    'CSV': 'WA4F593LS4Q7CQ8H',
    'DatosPresentacion': {
        'NIFPresentador': 'B74125311',
        'TimestampPre"
3464,1,in_invoice,S/FRA/2021/0711,,sent,"{
    'CSV': 'ZLCYRQFHZCF8QXJD',
    'DatosPresentacion': {
        'NIFPresentador': 'B74125311',
        'TimestampPre"
3463,1,in_invoice,S/FRA/2021/0710,AF/1462/01,sent,"{
    'CSV': '3GDNEHX4635URNUL',
    'DatosPresentacion': {
        'NIFPresentador': 'B74125311',
        'TimestampPre"
3462,1,in_invoice,S/FRA/2021/0709,AF/1461/01,sent,"{
    'CSV': 'KM3U34JEZYW4YZEH',
    'DatosPresentacion': {
        'NIFPresentador': 'B74125311',
        'TimestampPre"
3461,1,in_invoice,S/FRA/2021/0708,AF/1364/03,sent,"{
    'CSV': 'USA24527DSSRJUP6',
    'DatosPresentacion': {
        'NIFPresentador': 'B74125311',
        'TimestampPre"
3460,1,in_invoice,S/FRA/2021/0707,AF/1460/01,sent,"{
    'CSV': 'GX4F733PGK4AFGQR',
    'DatosPresentacion': {
        'NIFPresentador': 'B74125311',
        'TimestampPre"
3459,1,in_invoice,S/FRA/2021/0706,AF/1459/01,sent,"{
    'CSV': 'UVHN6ZZFEYCC32D5',
    'DatosPresentacion': {
        'NIFPresentador': 'B74125311',
        'TimestampPre"
3458,1,in_invoice,S/FRA/2021/0705,AF/0765/01,sent,"{
    'CSV': 'JX7SDCUYW8Y39D2N',
    'DatosPresentacion': {
        'NIFPresentador': 'B74125311',
        'TimestampPre"
3457,1,in_invoice,S/FRA/2021/0704,,sent,"{
    'CSV': 'Y6DYC8WL5EQZECU3',
    'DatosPresentacion': {
        'NIFPresentador': 'B74125311',
        'TimestampPre"
3455,1,in_invoice,S/FRA/2021/0703,AF/1458/01,sent,"{
    'CSV': '6MQBLHRU6BB82DEB',
    'DatosPresentacion': {
        'NIFPresentador': 'B74125311',
        'TimestampPre"
3278,1,in_invoice,S/FRA/2021/0702,FV21143,sent,"{
    'CSV': '8A9Z5V9DPCVSQK3T',
    'DatosPresentacion': {
        'NIFPresentador': 'B74125311',
        'TimestampPre"
3247,1,in_invoice,S/FRA/2021/0701,FV21140,sent,"{
    'CSV': 'XYP2GLWWZXPRYFS5',
    'DatosPresentacion': {
        'NIFPresentador': 'B74125311',
        'TimestampPre"
3246,1,in_invoice,S/FRA/2021/0700,FV21129,sent,"{
    'CSV': 'WB9TAR4CYTUWCZMW',
    'DatosPresentacion': {
        'NIFPresentador': 'B74125311',
        'TimestampPre"
3245,1,in_invoice,S/FRA/2021/0699,FV21119,sent,"{
    'CSV': 'GHPMVKQXMFSRVWR5',
    'DatosPresentacion': {
        'NIFPresentador': 'B74125311',
        'TimestampPre"
3244,1,in_invoice,S/FRA/2021/0698,FV21105,sent,"{
    'CSV': 'B33M7TERUNLP86WR',
    'DatosPresentacion': {
        'NIFPresentador': 'B74125311',
        'TimestampPre"
3243,1,in_invoice,S/FRA/2021/0697,FV21095,sent,"{
    'CSV': 'UZP5SADBK6P6K3YW',
    'DatosPresentacion': {
        'NIFPresentador': 'B74125311',
        'TimestampPre"
3242,1,in_invoice,S/FRA/2021/0696,FV21083,sent,"{
    'CSV': 'PHHUGV2DA4Q2BWLP',
    'DatosPresentacion': {
        'NIFPresentador': 'B74125311',
        'TimestampPre"
3241,1,in_invoice,S/FRA/2021/0695,FV21065,sent,"{
    'CSV': 'S4MJPLM4DF26BUDV',
    'DatosPresentacion': {
        'NIFPresentador': 'B74125311',
        'TimestampPre"
3240,1,in_invoice,S/FRA/2021/0694,FV21048,sent,"{
    'CSV': 'FGFNYQCVAML8YTDP',
    'DatosPresentacion': {
        'NIFPresentador': 'B74125311',
        'TimestampPre"
3275,1,in_invoice,S/FRA/2021/0693,03/2021/08,sent,"{
    'CSV': 'E4UVR4ECXDVU33CG',
    'DatosPresentacion': {
        'NIFPresentador': 'B74125311',
        'TimestampPre"
3011,1,in_invoice,S/FRA/2021/0692,07/2021,sent,"{
    'CSV': 'CBRUQDAFR5G9F5MD',
    'DatosPresentacion': {
        'NIFPresentador': 'B74125311',
        'TimestampPre"
3013,1,in_invoice,S/FRA/2021/0691,2021-0231,sent,"{
    'CSV': 'JNF7KPMBJDFA8ULJ',
    'DatosPresentacion': {
        'NIFPresentador': 'B74125311',
        'TimestampPre"
3014,1,in_invoice,S/FRA/2021/0690,4/2021,sent,"{
    'CSV': 'F8THKJY2UP8ELPG2',
    'DatosPresentacion': {
        'NIFPresentador': 'B74125311',
        'TimestampPre"
3016,1,in_invoice,S/FRA/2021/0689,A-1321,sent,"{
    'CSV': 'NE64T5PTK9YPZ4AY',
    'DatosPresentacion': {
        'NIFPresentador': 'B74125311',
        'TimestampPre"
3017,1,in_invoice,S/FRA/2021/0688,VF21-12-0080,sent,"{
    'CSV': '4W4DX5NPSM4PRUYV',
    'DatosPresentacion': {
        'NIFPresentador': 'B74125311',
        'TimestampPre"
3045,1,in_invoice,S/FRA/2021/0687,99-21,sent,"{
    'CSV': 'H9WG99ZF8484LK8K',
    'DatosPresentacion': {
        'NIFPresentador': 'B74125311',
        'TimestampPre"
3046,1,in_invoice,S/FRA/2021/0686,OO2021-4,sent,"{
    'CSV': '95M3G7429RV3B423',
    'DatosPresentacion': {
        'NIFPresentador': 'B74125311',
        'TimestampPre"
3057,1,in_invoice,S/FRA/2021/0685,16,sent,"{
    'CSV': 'ADNZ7XGXXXK7FQYK',
    'DatosPresentacion': {
        'NIFPresentador': 'B74125311',
        'TimestampPre"
3064,1,in_invoice,S/FRA/2021/0684,SI102,sent,"{
    'CSV': 'HN85S583KQ4DAA87',
    'DatosPresentacion': {
        'NIFPresentador': 'B74125311',
        'TimestampPre"
3065,1,in_invoice,S/FRA/2021/0683,AN159,sent,"{
    'CSV': 'Z2Z6PL4F7TVQ4263',
    'DatosPresentacion': {
        'NIFPresentador': 'B74125311',
        'TimestampPre"
3066,1,in_invoice,S/FRA/2021/0682,AN160,sent,"{
    'CSV': '7HQ24WXJDTPSGGT4',
    'DatosPresentacion': {
        'NIFPresentador': 'B74125311',
        'TimestampPre"
3072,1,in_invoice,S/FRA/2021/0681,FD21-61318,sent,"{
    'CSV': 'SWAWYHAS8DEM2VWL',
    'DatosPresentacion': {
        'NIFPresentador': 'B74125311',
        'TimestampPre"
3086,1,in_invoice,S/FRA/2021/0680,21-0037,sent,"{
    'CSV': 'T24NMPCNSMKDZXCP',
    'DatosPresentacion': {
        'NIFPresentador': 'B74125311',
        'TimestampPre"
3087,1,in_invoice,S/FRA/2021/0679,09411600049,sent,"{
    'CSV': '6DGQFUKRL5KBMVFP',
    'DatosPresentacion': {
        'NIFPresentador': 'B74125311',
        'TimestampPre"
3112,1,in_invoice,S/FRA/2021/0678,FA 212263,sent,"{
    'CSV': '733EFPTK97VJZBX8',
    'DatosPresentacion': {
        'NIFPresentador': 'B74125311',
        'TimestampPre"
3122,1,in_invoice,S/FRA/2021/0677,312-KF21-18971,sent,"{
    'CSV': 'LJ7PBP5DZ296Q8RG',
    'DatosPresentacion': {
        'NIFPresentador': 'B74125311',
        'TimestampPre"
3124,1,in_invoice,S/FRA/2021/0676,A10016604117-1221,sent,"{
    'CSV': '63HRT7UTJAH935SN',
    'DatosPresentacion': {
        'NIFPresentador': 'B74125311',
        'TimestampPre"
3228,1,in_invoice,S/FRA/2021/0675,021 A 0000211,sent,"{
    'CSV': '5HALTEGNZ37J78RZ',
    'DatosPresentacion': {
        'NIFPresentador': 'B74125311',
        'TimestampPre"
3229,1,in_invoice,S/FRA/2021/0674,2021 -404,sent,"{
    'CSV': '7AVQRSTB69ULJGQ7',
    'DatosPresentacion': {
        'NIFPresentador': 'B74125311',
        'TimestampPre"
3231,1,in_invoice,S/FRA/2021/0673,A2108282,sent,"{
    'CSV': 'N8RKWES9D74N9G7H',
    'DatosPresentacion': {
        'NIFPresentador': 'B74125311',
        'TimestampPre"
3234,1,in_invoice,S/FRA/2021/0672,001725,sent,"{
    'CSV': '5G5J5QUXMBVQZJ5K',
    'DatosPresentacion': {
        'NIFPresentador': 'B74125311',
        'TimestampPre"
3235,1,in_invoice,S/FRA/2021/0671,ACT-30724,sent,"{
    'CSV': 'FK7VX8WMTY7M87P2',
    'DatosPresentacion': {
        'NIFPresentador': 'B74125311',
        'TimestampPre"
3236,1,in_invoice,S/FRA/2021/0670,4TM112984,sent,"{
    'CSV': 'YJCJNSTWKAJN4LEV',
    'DatosPresentacion': {
        'NIFPresentador': 'B74125311',
        'TimestampPre"
3237,1,in_invoice,S/FRA/2021/0669,21166,sent,"{
    'CSV': 'AQF7ZWNB8XQ465VS',
    'DatosPresentacion': {
        'NIFPresentador': 'B74125311',
        'TimestampPre"
3276,1,in_invoice,S/FRA/2021/0668,03/2021/09,sent,"{
    'CSV': 'B44U8EWFTMFLTHEE',
    'DatosPresentacion': {
        'NIFPresentador': 'B74125311',
        'TimestampPre"
3279,1,in_invoice,S/FRA/2021/0667,117-A,sent,"{
    'CSV': 'VHQAN663ZTH3P8ZJ',
    'DatosPresentacion': {
        'NIFPresentador': 'B74125311',
        'TimestampPre"
3282,1,in_invoice,S/FRA/2021/0666,010,sent,"{
    'CSV': 'P6X4SL3EU2XQVN48',
    'DatosPresentacion': {
        'NIFPresentador': 'B74125311',
        'TimestampPre"
3283,1,in_invoice,S/FRA/2021/0665,D21 506,sent,"{
    'CSV': 'RGFX53L83RJDXBAB',
    'DatosPresentacion': {
        'NIFPresentador': 'B74125311',
        'TimestampPre"
3287,1,in_invoice,S/FRA/2021/0664,50/2021,sent,"{
    'CSV': '7HETGYTDQPPBNCHP',
    'DatosPresentacion': {
        'NIFPresentador': 'B74125311',
        'TimestampPre"
3288,1,in_invoice,S/FRA/2021/0663,9/2021,sent,"{
    'CSV': 'XV6GM39PP6BZXKQU',
    'DatosPresentacion': {
        'NIFPresentador': 'B74125311',
        'TimestampPre"
3289,1,in_invoice,S/FRA/2021/0662,119/2021,sent,"{
    'CSV': 'XVUSUP8NH9RKJRY8',
    'DatosPresentacion': {
        'NIFPresentador': 'B74125311',
        'TimestampPre"
3296,1,in_invoice,S/FRA/2021/0661,21/43,sent,"{
    'CSV': 'BKTG84FZPWVYMHMM',
    'DatosPresentacion': {
        'NIFPresentador': 'B74125311',
        'TimestampPre"
3133,1,in_invoice,S/FRA/2021/0656,001D000317,sent,"{
    'CSV': 'A7XMJJDH5G2ZP6MK',
    'DatosPresentacion': {
        'NIFPresentador': 'B74125311',
        'TimestampPre"
3078,1,in_invoice,S/FRA/2021/0607,AF/1432/01,sent,"{
    'CSV': '8EA5L3WV6FGSDU83',
    'DatosPresentacion': {
        'NIFPresentador': 'B74125311',
        'TimestampPre"
3084,1,in_refund,RS/FRA/2021/0015,A1/2021,sent,"{
    'CSV': '3Y5XEEGV4XLN7BF3',
    'DatosPresentacion': {
        'NIFPresentador': 'B74125311',
        'TimestampPre"
3217,1,in_invoice,S/FRA/2021/0660,263,sent,"{
    'CSV': '7D6X825XXCV43HRH',
    'DatosPresentacion': {
        'NIFPresentador': 'B74125311',
        'TimestampPre"
3216,1,in_invoice,S/FRA/2021/0659,264,sent,"{
    'CSV': 'AWF5GVTJPWEGWMHA',
    'DatosPresentacion': {
        'NIFPresentador': 'B74125311',
        'TimestampPre"
3137,1,in_invoice,S/FRA/2021/0658,3929/F,sent,"{
    'CSV': 'M9S2LX2E2EKHX3VK',
    'DatosPresentacion': {
        'NIFPresentador': 'B74125311',
        'TimestampPre"
3136,1,in_invoice,S/FRA/2021/0657,001D000319,sent,"{
    'CSV': 'ZWGLUQRHUJTH33A6',
    'DatosPresentacion': {
        'NIFPresentador': 'B74125311',
        'TimestampPre"
3134,1,in_invoice,S/FRA/2021/0655,001D000318,sent,"{
    'CSV': 'LRG7H54KJMRC2NKV',
    'DatosPresentacion': {
        'NIFPresentador': 'B74125311',
        'TimestampPre"
3135,1,in_invoice,S/FRA/2021/0654,001D000270,sent,"{
    'CSV': 'KY4GZDJENKLYU5SK',
    'DatosPresentacion': {
        'NIFPresentador': 'B74125311',
        'TimestampPre"
3116,1,in_invoice,S/FRA/2021/0653,001D000362,sent,"{
    'CSV': '5PM7FTNSK5LTHQDC',
    'DatosPresentacion': {
        'NIFPresentador': 'B74125311',
        'TimestampPre"
3117,1,in_invoice,S/FRA/2021/0652,001D000363,sent,"{
    'CSV': '7CAF7S54ZPB8DNL6',
    'DatosPresentacion': {
        'NIFPresentador': 'B74125311',
        'TimestampPre"
3118,1,in_invoice,S/FRA/2021/0651,001D000364,sent,"{
    'CSV': '5CJFKQKLS3G57P6J',
    'DatosPresentacion': {
        'NIFPresentador': 'B74125311',
        'TimestampPre"
3120,1,in_invoice,S/FRA/2021/0650,001G000512,sent,"{
    'CSV': 'J3ZLV7REB43RYLCM',
    'DatosPresentacion': {
        'NIFPresentador': 'B74125311',
        'TimestampPre"
3108,1,in_invoice,S/FRA/2021/0649,FO1 / 2291,sent,"{
    'CSV': 'ANXYL62W9CXD9CLB',
    'DatosPresentacion': {
        'NIFPresentador': 'B74125311',
        'TimestampPre"
3107,1,in_invoice,S/FRA/2021/0648,1487-2021,sent,"{
    'CSV': 'K7H747SFV688EAUX',
    'DatosPresentacion': {
        'NIFPresentador': 'B74125311',
        'TimestampPre"
3106,1,in_invoice,S/FRA/2021/0647,A2107815,sent,"{
    'CSV': 'Q4WUFH7M2CTZCJZ2',
    'DatosPresentacion': {
        'NIFPresentador': 'B74125311',
        'TimestampPre"
3119,1,in_invoice,S/FRA/2021/0646,001G000511,sent,"{
    'CSV': 'CG3WY8BGU2TWBD9Y',
    'DatosPresentacion': {
        'NIFPresentador': 'B74125311',
        'TimestampPre"
3105,1,in_invoice,S/FRA/2021/0645,FRO20212567131,sent,"{
    'CSV': '4L3KMTCFN9PQ46E2',
    'DatosPresentacion': {
        'NIFPresentador': 'B74125311',
        'TimestampPre"
3110,1,in_invoice,S/FRA/2021/0644,A10016520137-1121,sent,"{
    'CSV': 'T2QG97TQM9SL46V6',
    'DatosPresentacion': {
        'NIFPresentador': 'B74125311',
        'TimestampPre"
3113,1,in_invoice,S/FRA/2021/0643,FA 212525,sent,"{
    'CSV': 'XPX7S8RQMBA3VNYM',
    'DatosPresentacion': {
        'NIFPresentador': 'B74125311',
        'TimestampPre"
3132,1,in_invoice,S/FRA/2021/0642,001G000475,sent,"{
    'CSV': 'AH5S6SFBW6THXUJT',
    'DatosPresentacion': {
        'NIFPresentador': 'B74125311',
        'TimestampPre"
3104,1,in_invoice,S/FRA/2021/0641,00006747,sent_modified,"{
    'CSV': 'TCMA8GSGWWDXRSH4',
    'DatosPresentacion': {
        'NIFPresentador': 'B74125311',
        'TimestampPre"
3131,1,in_invoice,S/FRA/2021/0640,001D000316,sent,"{
    'CSV': 'P3JHDPQV3TBPXTRD',
    'DatosPresentacion': {
        'NIFPresentador': 'B74125311',
        'TimestampPre"
3125,1,in_invoice,S/FRA/2021/0639,001D000315,sent,"{
    'CSV': 'S9F84BG2XNYEMSUL',
    'DatosPresentacion': {
        'NIFPresentador': 'B74125311',
        'TimestampPre"
3103,1,in_invoice,S/FRA/2021/0638,00004345,sent_modified,"{
    'CSV': '24PCQM7EJEWLYLQX',
    'DatosPresentacion': {
        'NIFPresentador': 'B74125311',
        'TimestampPre"
3114,1,in_invoice,S/FRA/2021/0637,FA 211991,sent,"{
    'CSV': 'KJ7Q2W6AL2DD482U',
    'DatosPresentacion': {
        'NIFPresentador': 'B74125311',
        'TimestampPre"
3115,1,in_invoice,S/FRA/2021/0636,FA 210854,sent,"{
    'CSV': 'J95CTLSCUCHLHK8D',
    'DatosPresentacion': {
        'NIFPresentador': 'B74125311',
        'TimestampPre"
3130,1,in_invoice,S/FRA/2021/0635,257/2021,sent,"{
    'CSV': 'K8MDBTATZ2KMC9RL',
    'DatosPresentacion': {
        'NIFPresentador': 'B74125311',
        'TimestampPre"
3129,1,in_invoice,S/FRA/2021/0634,H0663/0011,sent,"{
    'CSV': '8W4HCRN4J7S7R5L2',
    'DatosPresentacion': {
        'NIFPresentador': 'B74125311',
        'TimestampPre"
3128,1,in_invoice,S/FRA/2021/0633,R-H0663/0002,sent,"{
    'CSV': 'RYSKLHPGHABTSMR5',
    'DatosPresentacion': {
        'NIFPresentador': 'B74125311',
        'TimestampPre"
3111,1,in_invoice,S/FRA/2021/0632,312-KF21-17301,sent,"{
    'CSV': 'ESYFA2KU5A7NRMBW',
    'DatosPresentacion': {
        'NIFPresentador': 'B74125311',
        'TimestampPre"
3109,1,in_invoice,S/FRA/2021/0631,212810,sent,"{
    'CSV': '4GWK5236Z3EYSHBZ',
    'DatosPresentacion': {
        'NIFPresentador': 'B74125311',
        'TimestampPre"
3060,1,in_invoice,S/FRA/2021/0630,A000029953,sent,"{
    'CSV': 'PTUUSMFZ42ZJCGCZ',
    'DatosPresentacion': {
        'NIFPresentador': 'B74125311',
        'TimestampPre"
3061,1,in_invoice,S/FRA/2021/0629,7/2021,sent,"{
    'CSV': 'AWK2ZBZAP7DWEWHM',
    'DatosPresentacion': {
        'NIFPresentador': 'B74125311',
        'TimestampPre"
3063,1,in_invoice,S/FRA/2021/0628,211716,sent,"{
    'CSV': 'RHNGKHTGAPA4538D',
    'DatosPresentacion': {
        'NIFPresentador': 'B74125311',
        'TimestampPre"
3101,1,in_invoice,S/FRA/2021/0627,001D000365,sent,"{
    'CSV': 'CVNKRV9QM4MCBBRJ',
    'DatosPresentacion': {
        'NIFPresentador': 'B74125311',
        'TimestampPre"
3080,1,in_invoice,S/FRA/2021/0626,201/2021,sent,"{
    'CSV': '94V48C7HJ4223JS3',
    'DatosPresentacion': {
        'NIFPresentador': 'B74125311',
        'TimestampPre"
3012,1,in_invoice,S/FRA/2021/0625,LD17/21,sent,"{
    'CSV': 'PGZ6RWHF8SRUDLMZ',
    'DatosPresentacion': {
        'NIFPresentador': 'B74125311',
        'TimestampPre"
3085,1,in_invoice,S/FRA/2021/0624,199/2021,sent,"{
    'CSV': 'DARTLDWMTA8L68AU',
    'DatosPresentacion': {
        'NIFPresentador': 'B74125311',
        'TimestampPre"
3010,1,in_invoice,S/FRA/2021/0623,S/06-21,sent,"{
    'CSV': 'RSHZUHSKTFQW4ENY',
    'DatosPresentacion': {
        'NIFPresentador': 'B74125311',
        'TimestampPre"
3071,1,in_invoice,S/FRA/2021/0622,FD21-55513,sent,"{
    'CSV': 'MGDL8FJMZRSNBQW3',
    'DatosPresentacion': {
        'NIFPresentador': 'B74125311',
        'TimestampPre"
3042,1,in_invoice,S/FRA/2021/0621,8,sent,"{
    'CSV': 'MKABRC34XA3GA4PU',
    'DatosPresentacion': {
        'NIFPresentador': 'B74125311',
        'TimestampPre"
3059,1,in_invoice,S/FRA/2021/0620,A000029725,sent,"{
    'CSV': 'V3JY69JDVP5HHWW6',
    'DatosPresentacion': {
        'NIFPresentador': 'B74125311',
        'TimestampPre"
3075,1,in_invoice,S/FRA/2021/0619,183/2021,sent,"{
    'CSV': '796S62WRQ45PJJ99',
    'DatosPresentacion': {
        'NIFPresentador': 'B74125311',
        'TimestampPre"
3076,1,in_invoice,S/FRA/2021/0618,184/2021,sent,"{
    'CSV': 'Q855UF4JVBT46PBS',
    'DatosPresentacion': {
        'NIFPresentador': 'B74125311',
        'TimestampPre"
3077,1,in_invoice,S/FRA/2021/0617,185/2021,sent,"{
    'CSV': 'CVHYT2KRHPGWFD3E',
    'DatosPresentacion': {
        'NIFPresentador': 'B74125311',
        'TimestampPre"
3079,1,in_invoice,S/FRA/2021/0616,186/2021,sent,"{
    'CSV': 'DER3SQA2EB6SRNVY',
    'DatosPresentacion': {
        'NIFPresentador': 'B74125311',
        'TimestampPre"
3074,1,in_invoice,S/FRA/2021/0615,182/2021,sent,"{
    'CSV': 'NRPNXHLAVAVXWUXL',
    'DatosPresentacion': {
        'NIFPresentador': 'B74125311',
        'TimestampPre"
3070,1,in_invoice,S/FRA/2021/0614,FD21-51000,sent,"{
    'CSV': 'HZCDZPT62H8GJKGK',
    'DatosPresentacion': {
        'NIFPresentador': 'B74125311',
        'TimestampPre"
3069,1,in_invoice,S/FRA/2021/0613,FD21-48343,sent,"{
    'CSV': 'HEJRU589SKTP9E3M',
    'DatosPresentacion': {
        'NIFPresentador': 'B74125311',
        'TimestampPre"
3073,1,in_invoice,S/FRA/2021/0612,168/2021,sent,"{
    'CSV': 'NY877EFHT5FKLBWX',
    'DatosPresentacion': {
        'NIFPresentador': 'B74125311',
        'TimestampPre"
3068,1,in_invoice,S/FRA/2021/0611,FD21-46446,sent,"{
    'CSV': 'P972VW9EA623PMTG',
    'DatosPresentacion': {
        'NIFPresentador': 'B74125311',
        'TimestampPre"
3067,1,in_invoice,S/FRA/2021/0610,FD21-39481,sent,"{
    'CSV': 'BR4RJ9332LWHSRPF',
    'DatosPresentacion': {
        'NIFPresentador': 'B74125311',
        'TimestampPre"
3058,1,in_invoice,S/FRA/2021/0608,A000028916,sent,"{
    'CSV': 'ERU44746PXS4MCM8',
    'DatosPresentacion': {
        'NIFPresentador': 'B74125311',
        'TimestampPre"
3009,1,in_invoice,S/FRA/2021/0606,14,sent,"{
    'CSV': 'GU8Z9YMUJ49BHWDR',
    'DatosPresentacion': {
        'NIFPresentador': 'B74125311',
        'TimestampPre"
2620,1,in_invoice,S/FRA/2021/0605,A2103329,sent,"{
    'CSV': 'N748M8UU4Z538HL9',
    'DatosPresentacion': {
        'NIFPresentador': 'B74125311',
        'TimestampPre"
2325,1,in_invoice,S/FRA/2021/0604,G210061460,sent,"{
    'CSV': '9KUJ3MNXXWUQ4Q8U',
    'DatosPresentacion': {
        'NIFPresentador': 'B74125311',
        'TimestampPre"
2491,1,in_invoice,S/FRA/2021/0603,1HSN210800068521,sent,"{
    'CSV': 'QHLBZXV6XUXUDEEK',
    'DatosPresentacion': {
        'NIFPresentador': 'B74125311',
        'TimestampPre"
2326,1,in_invoice,S/FRA/2021/0602,S210063444,sent,"{
    'CSV': 'WCJWC493PDHCTSYQ',
    'DatosPresentacion': {
        'NIFPresentador': 'B74125311',
        'TimestampPre"
2360,1,in_invoice,S/FRA/2021/0601,95-D,sent,"{
    'CSV': '3P38BTEHG5U3S4PJ',
    'DatosPresentacion': {
        'NIFPresentador': 'B74125311',
        'TimestampPre"
2892,1,in_invoice,S/FRA/2021/0600,H2269/0001,sent,"{
    'CSV': 'SRJXFDBCKL2LN3Y7',
    'DatosPresentacion': {
        'NIFPresentador': 'B74125311',
        'TimestampPre"
1607,1,in_invoice,S/FRA/2021/0599,03/2021/10,sent,"{
    'CSV': 'Q4KL7CNC6C9GHEFW',
    'DatosPresentacion': {
        'NIFPresentador': 'B74125311',
        'TimestampPre"
1610,1,in_invoice,S/FRA/2021/0598,VF21-10-0074,sent,"{
    'CSV': 'TPHDZE2CGMZX6N5L',
    'DatosPresentacion': {
        'NIFPresentador': 'B74125311',
        'TimestampPre"
2060,1,in_invoice,S/FRA/2021/0597,21289,sent,"{
    'CSV': 'H2XZFD62C38V2BUW',
    'DatosPresentacion': {
        'NIFPresentador': 'B74125311',
        'TimestampPre"
2064,1,in_invoice,S/FRA/2021/0596,6/2021,sent_modified,"{
    'CSV': '6Z93VDR47CH7HUK2',
    'DatosPresentacion': {
        'NIFPresentador': 'B74125311',
        'TimestampPre"
2127,1,in_invoice,S/FRA/2021/0595,2021-368,sent,"{
    'CSV': 'SSTWS2UVKF8DY8SB',
    'DatosPresentacion': {
        'NIFPresentador': 'B74125311',
        'TimestampPre"
2327,1,in_invoice,S/FRA/2021/0594,O210100846,sent,"{
    'CSV': 'CX9DSHMJSLKWRTGX',
    'DatosPresentacion': {
        'NIFPresentador': 'B74125311',
        'TimestampPre"
2489,1,in_invoice,S/FRA/2021/0593,1HSN211000363466,sent,"{
    'CSV': 'PDGWKNZFPYHA34RY',
    'DatosPresentacion': {
        'NIFPresentador': 'B74125311',
        'TimestampPre"
2490,1,in_invoice,S/FRA/2021/0592,1HSN211000231303,sent,"{
    'CSV': '5L7UHPQ7NYQ6FFQT',
    'DatosPresentacion': {
        'NIFPresentador': 'B74125311',
        'TimestampPre"
2492,1,in_invoice,S/FRA/2021/0591,1NSN211000050878,sent,"{
    'CSV': 'CZCYAWMLK8RRZKVA',
    'DatosPresentacion': {
        'NIFPresentador': 'B74125311',
        'TimestampPre"
2894,1,in_invoice,S/FRA/2021/0590,2021/09800/000000012,sent,"{
    'CSV': 'J5RMMURFP5DEMEGT',
    'DatosPresentacion': {
        'NIFPresentador': 'B74125311',
        'TimestampPre"
1611,1,in_invoice,S/FRA/2021/0589,I0-000003,sent,"{
    'CSV': 'LQD5RFWVGXS7BTYE',
    'DatosPresentacion': {
        'NIFPresentador': 'B74125311',
        'TimestampPre"
628,1,in_invoice,S/FRA/2021/0588,42,sent,"{
    'CSV': '9ZGQWEGVSYKJLQDM',
    'DatosPresentacion': {
        'NIFPresentador': 'B74125311',
        'TimestampPre"
697,1,in_invoice,S/FRA/2021/0587,A-1198,sent,"{
    'CSV': 'P32K7UCH8WB9A7ZL',
    'DatosPresentacion': {
        'NIFPresentador': 'B74125311',
        'TimestampPre"
698,1,in_invoice,S/FRA/2021/0586,INV116190685,sent,"{
    'CSV': 'H664M7QLYD2468BW',
    'DatosPresentacion': {
        'NIFPresentador': 'B74125311',
        'TimestampPre"
791,1,in_invoice,S/FRA/2021/0585,OO2021-3,sent,"{
    'CSV': '797MGCTW4ESH3LRC',
    'DatosPresentacion': {
        'NIFPresentador': 'B74125311',
        'TimestampPre"
1579,1,in_invoice,S/FRA/2021/0584,FV21/0364,sent,"{
    'CSV': 'RB5ZCV9TDYNSEVRF',
    'DatosPresentacion': {
        'NIFPresentador': 'B74125311',
        'TimestampPre"
1608,1,in_invoice,S/FRA/2021/0583,03/2021/11,sent,"{
    'CSV': 'ZVDET72LMJYF5MUS',
    'DatosPresentacion': {
        'NIFPresentador': 'B74125311',
        'TimestampPre"
2062,1,in_invoice,S/FRA/2021/0582,5156A,sent,"{
    'CSV': 'TPDVB3SZEW9RP7ST',
    'DatosPresentacion': {
        'NIFPresentador': 'B74125311',
        'TimestampPre"
2063,1,in_invoice,S/FRA/2021/0581,5181A,sent,"{
    'CSV': 'MCDNKNKVULY8P36G',
    'DatosPresentacion': {
        'NIFPresentador': 'B74125311',
        'TimestampPre"
2070,1,in_invoice,S/FRA/2021/0580,001527,sent_modified,"{
    'CSV': 'T588J3FX7H43MU5E',
    'DatosPresentacion': {
        'NIFPresentador': 'B74125311',
        'TimestampPre"
2126,1,in_invoice,S/FRA/2021/0579,MTA2102104,sent,"{
    'CSV': 'QZ3XNK7Q5P9G5S6X',
    'DatosPresentacion': {
        'NIFPresentador': 'B74125311',
        'TimestampPre"
2187,1,in_invoice,S/FRA/2021/0578,210173,sent,"{
    'CSV': '6A3KR24CGLMW7J28',
    'DatosPresentacion': {
        'NIFPresentador': 'B74125311',
        'TimestampPre"
2201,1,in_invoice,S/FRA/2021/0577,42/21,sent,"{
    'CSV': 'G65PHZCBLMZFSJQ8',
    'DatosPresentacion': {
        'NIFPresentador': 'B74125311',
        'TimestampPre"
2243,1,in_invoice,S/FRA/2021/0576,09411600042,sent,"{
    'CSV': 'HLBNG2852X6KTLY6',
    'DatosPresentacion': {
        'NIFPresentador': 'B74125311',
        'TimestampPre"
2244,1,in_invoice,S/FRA/2021/0575,48/EST,sent,"{
    'CSV': 'AXLL6Z6PB5JYE4PB',
    'DatosPresentacion': {
        'NIFPresentador': 'B74125311',
        'TimestampPre"
2310,1,in_invoice,S/FRA/2021/0574,006/2021,sent,"{
    'CSV': 'V4YMETMBGYFASHBG',
    'DatosPresentacion': {
        'NIFPresentador': 'B74125311',
        'TimestampPre"
2322,1,in_invoice,S/FRA/2021/0573,4TM112592,sent,"{
    'CSV': '9UVJXB9DLXQKWRUG',
    'DatosPresentacion': {
        'NIFPresentador': 'B74125311',
        'TimestampPre"
2323,1,in_invoice,S/FRA/2021/0572,4TM112481,sent,"{
    'CSV': '897GA64KP8A3XEPE',
    'DatosPresentacion': {
        'NIFPresentador': 'B74125311',
        'TimestampPre"
2334,1,in_invoice,S/FRA/2021/0571,UN-275/21,sent,"{
    'CSV': 'NJKPAJS9F6UQALPP',
    'DatosPresentacion': {
        'NIFPresentador': 'B74125311',
        'TimestampPre"
2341,1,in_invoice,S/FRA/2021/0570,009,sent,"{
    'CSV': 'HX76NDHGQGTJX5AE',
    'DatosPresentacion': {
        'NIFPresentador': 'B74125311',
        'TimestampPre"
2487,1,in_invoice,S/FRA/2021/0569,5280A,sent,"{
    'CSV': 'UKQCXDTANQ7L3YZG',
    'DatosPresentacion': {
        'NIFPresentador': 'B74125311',
        'TimestampPre"
2488,1,in_invoice,S/FRA/2021/0568,5297A,sent,"{
    'CSV': 'TPL4E6DYTT5A2WX4',
    'DatosPresentacion': {
        'NIFPresentador': 'B74125311',
        'TimestampPre"
2557,1,in_invoice,S/FRA/2021/0567,8/2021,sent,"{
    'CSV': 'YKBHWG83DHZXX69Z',
    'DatosPresentacion': {
        'NIFPresentador': 'B74125311',
        'TimestampPre"
2846,1,in_invoice,S/FRA/2021/0566,549,sent,"{
    'CSV': '27E8RY837WBUUM8Q',
    'DatosPresentacion': {
        'NIFPresentador': 'B74125311',
        'TimestampPre"
2849,1,in_invoice,S/FRA/2021/0565,06/21,sent,"{
    'CSV': 'N8LNQKQMVCAA4ZYP',
    'DatosPresentacion': {
        'NIFPresentador': 'B74125311',
        'TimestampPre"
2850,1,in_invoice,S/FRA/2021/0564,66/21,sent,"{
    'CSV': '9NECT9PQEQCFKLSF',
    'DatosPresentacion': {
        'NIFPresentador': 'B74125311',
        'TimestampPre"
2851,1,in_invoice,S/FRA/2021/0563,I0-000044,sent,"{
    'CSV': '24ATV9TTL57GB6S5',
    'DatosPresentacion': {
        'NIFPresentador': 'B74125311',
        'TimestampPre"
2878,1,in_invoice,S/FRA/2021/0562,21-0029,sent,"{
    'CSV': 'JFHZN7FDBWG854L4',
    'DatosPresentacion': {
        'NIFPresentador': 'B74125311',
        'TimestampPre"
2879,1,in_invoice,S/FRA/2021/0561,21-0030,sent,"{
    'CSV': 'PKNDHGYLSDJ65B7H',
    'DatosPresentacion': {
        'NIFPresentador': 'B74125311',
        'TimestampPre"
2880,1,in_invoice,S/FRA/2021/0560,21-0031,sent,"{
    'CSV': 'WL2MXE7X228JP4Z9',
    'DatosPresentacion': {
        'NIFPresentador': 'B74125311',
        'TimestampPre"
2881,1,in_invoice,S/FRA/2021/0559,21-0034,sent,"{
    'CSV': '2UYLQ8292UXD5QYU',
    'DatosPresentacion': {
        'NIFPresentador': 'B74125311',
        'TimestampPre"
2883,1,in_invoice,S/FRA/2021/0558,210180,sent,"{
    'CSV': 'MZWVYSH53UCYNKTN',
    'DatosPresentacion': {
        'NIFPresentador': 'B74125311',
        'TimestampPre"
2884,1,in_invoice,S/FRA/2021/0557,D21 454,sent,"{
    'CSV': 'AT5MN6JSLK9VAZCH',
    'DatosPresentacion': {
        'NIFPresentador': 'B74125311',
        'TimestampPre"
2885,1,in_invoice,S/FRA/2021/0556,20211420,sent,"{
    'CSV': 'LXMV39G4LDCPTMNU',
    'DatosPresentacion': {
        'NIFPresentador': 'B74125311',
        'TimestampPre"
2890,1,in_invoice,S/FRA/2021/0555,21-0027,sent,"{
    'CSV': 'SYCD6ST4RAXWWEN6',
    'DatosPresentacion': {
        'NIFPresentador': 'B74125311',
        'TimestampPre"
2891,1,in_invoice,S/FRA/2021/0554,7,sent,"{
    'CSV': 'HUU342FHYWSKXQT6',
    'DatosPresentacion': {
        'NIFPresentador': 'B74125311',
        'TimestampPre"
2893,1,in_invoice,S/FRA/2021/0553,RI 21000306,sent,"{
    'CSV': 'ANP375JTTM6KAXRG',
    'DatosPresentacion': {
        'NIFPresentador': 'B74125311',
        'TimestampPre"
3002,1,in_invoice,S/FRA/2021/0552,AF/0970/01,sent,"{
    'CSV': '4HBBP23FW78FTG7M',
    'DatosPresentacion': {
        'NIFPresentador': 'B74125311',
        'TimestampPre"
2882,1,in_invoice,S/FRA/2021/0551,11/2021,sent,"{
    'CSV': '64U3AXV75EKPP5C5',
    'DatosPresentacion': {
        'NIFPresentador': 'B74125311',
        'TimestampPre"
3001,1,in_invoice,S/FRA/2021/0550,AF/1428/01,sent,"{
    'CSV': 'QDSHZA9EP8W8XYXB',
    'DatosPresentacion': {
        'NIFPresentador': 'B74125311',
        'TimestampPre"
3000,1,in_invoice,S/FRA/2021/0549,AF/1427/01,sent,"{
    'CSV': 'CMFJ2TDDX35BWKER',
    'DatosPresentacion': {
        'NIFPresentador': 'B74125311',
        'TimestampPre"
2999,1,in_invoice,S/FRA/2021/0548,AF/0759/01,sent,"{
    'CSV': 'JCEG7LYY4YUPGVLD',
    'DatosPresentacion': {
        'NIFPresentador': 'B74125311',
        'TimestampPre"
2998,1,in_invoice,S/FRA/2021/0547,AF/1426/01,sent,"{
    'CSV': 'TXFX8VCR9HMUZY2W',
    'DatosPresentacion': {
        'NIFPresentador': 'B74125311',
        'TimestampPre"
2997,1,in_invoice,S/FRA/2021/0546,AF/1425/01,sent,"{
    'CSV': '3THW5YLW25JEBYC2',
    'DatosPresentacion': {
        'NIFPresentador': 'B74125311',
        'TimestampPre"
2995,1,in_invoice,S/FRA/2021/0545,AF/1424/01,sent,"{
    'CSV': 'F6VJU5KRK59HB5AZ',
    'DatosPresentacion': {
        'NIFPresentador': 'B74125311',
        'TimestampPre"
2994,1,in_invoice,S/FRA/2021/0544,AF/0809/01,sent,"{
    'CSV': 'QLRCUZS63NPX8TDC',
    'DatosPresentacion': {
        'NIFPresentador': 'B74125311',
        'TimestampPre"
2993,1,in_invoice,S/FRA/2021/0543,H2248/0002,sent,"{
    'CSV': 'ENSAY7VG8UMURG5E',
    'DatosPresentacion': {
        'NIFPresentador': 'B74125311',
        'TimestampPre"
2992,1,in_invoice,S/FRA/2021/0542,,sent,"{
    'CSV': '9P3ATFZUKYSY26GA',
    'DatosPresentacion': {
        'NIFPresentador': 'B74125311',
        'TimestampPre"
2991,1,in_invoice,S/FRA/2021/0541,AF/1422/01,sent,"{
    'CSV': 'PF9FP5DVWDKPCJVS',
    'DatosPresentacion': {
        'NIFPresentador': 'B74125311',
        'TimestampPre"
2990,1,in_invoice,S/FRA/2021/0540,AF/1421/01,sent,"{
    'CSV': 'CUPU37ZF5QAC8P2U',
    'DatosPresentacion': {
        'NIFPresentador': 'B74125311',
        'TimestampPre"
2989,1,in_invoice,S/FRA/2021/0539,AF/1416/01,sent,"{
    'CSV': 'BMH6MSUX7EJULWWK',
    'DatosPresentacion': {
        'NIFPresentador': 'B74125311',
        'TimestampPre"
2586,1,in_invoice,S/FRA/2021/0538,3.451/F,sent,"{
    'CSV': 'JTYRGBNXGLWYLKXW',
    'DatosPresentacion': {
        'NIFPresentador': 'B74125311',
        'TimestampPre"
2590,1,in_invoice,S/FRA/2021/0537,3.384/F,sent,"{
    'CSV': 'WSJ6FRRFVBLT3YUL',
    'DatosPresentacion': {
        'NIFPresentador': 'B74125311',
        'TimestampPre"
2848,1,in_invoice,S/FRA/2021/0536,2.908/F,sent,"{
    'CSV': '9LJFTP6DA7SM7Y4E',
    'DatosPresentacion': {
        'NIFPresentador': 'B74125311',
        'TimestampPre"
2874,1,in_invoice,S/FRA/2021/0535,1.367/F,sent,"{
    'CSV': 'HL5RSVAJBGSJ7MQ4',
    'DatosPresentacion': {
        'NIFPresentador': 'B74125311',
        'TimestampPre"
2061,1,in_invoice,S/FRA/2021/0534,FO1/1690,sent,"{
    'CSV': 'M9GDWMYJM9W25ZV4',
    'DatosPresentacion': {
        'NIFPresentador': 'B74125311',
        'TimestampPre"
2877,1,in_invoice,S/FRA/2021/0533,659/21,sent,"{
    'CSV': 'ATBR8CVNB32QVXCW',
    'DatosPresentacion': {
        'NIFPresentador': 'B74125311',
        'TimestampPre"
2066,1,in_invoice,S/FRA/2021/0532,10/2021,sent,"{
    'CSV': 'BBRSP6V56QQNH3CS',
    'DatosPresentacion': {
        'NIFPresentador': 'B74125311',
        'TimestampPre"
699,1,in_invoice,S/FRA/2021/0531,80-21,sent,"{
    'CSV': '57XPPBNNE94BXNS5',
    'DatosPresentacion': {
        'NIFPresentador': 'B74125311',
        'TimestampPre"
2522,1,in_invoice,S/FRA/2021/0530,A/21-0050,sent,"{
    'CSV': 'YW3EPAXNSJDA2XVN',
    'DatosPresentacion': {
        'NIFPresentador': 'B74125311',
        'TimestampPre"
2619,1,in_invoice,S/FRA/2021/0529,A2107105,sent,"{
    'CSV': '3JWQM7JQZLP25UVF',
    'DatosPresentacion': {
        'NIFPresentador': 'B74125311',
        'TimestampPre"
2242,1,in_invoice,S/FRA/2021/0528,2021 A 0000167,sent,"{
    'CSV': 'X9NUZSCL2AUR67BR',
    'DatosPresentacion': {
        'NIFPresentador': 'B74125311',
        'TimestampPre"
2182,1,in_invoice,S/FRA/2021/0527,210148,sent,"{
    'CSV': 'K6M8YKRQ34LGW9JG',
    'DatosPresentacion': {
        'NIFPresentador': 'B74125311',
        'TimestampPre"
2566,1,in_invoice,S/FRA/2021/0526,FV21033,sent,"{
    'CSV': 'G6BQ66SVEFWESEM3',
    'DatosPresentacion': {
        'NIFPresentador': 'B74125311',
        'TimestampPre"
2563,1,in_invoice,S/FRA/2021/0525,FV21035,sent,"{
    'CSV': 'NBGQ3VZKJ9TLVDEF',
    'DatosPresentacion': {
        'NIFPresentador': 'B74125311',
        'TimestampPre"
2495,1,in_invoice,S/FRA/2021/0524,FV21031,sent,"{
    'CSV': 'JTMCLC3UC4E3J554',
    'DatosPresentacion': {
        'NIFPresentador': 'B74125311',
        'TimestampPre"
2167,1,in_invoice,S/FRA/2021/0522,Y210064981,sent,"{
    'CSV': '2RKPZFGE9G2HVEG8',
    'DatosPresentacion': {
        'NIFPresentador': 'B74125311',
        'TimestampPre"
2166,1,in_invoice,S/FRA/2021/0521,A210063354,sent,"{
    'CSV': 'YWGC88D7LY9HQVC8',
    'DatosPresentacion': {
        'NIFPresentador': 'B74125311',
        'TimestampPre"
2165,1,in_invoice,S/FRA/2021/0520,M210038185,sent,"{
    'CSV': 'NNTKMTTQU557ZX3E',
    'DatosPresentacion': {
        'NIFPresentador': 'B74125311',
        'TimestampPre"
2211,1,in_invoice,S/FRA/2021/0519,312-KF21-15729,sent,"{
    'CSV': 'G7DWCHLLFF7FU4L3',
    'DatosPresentacion': {
        'NIFPresentador': 'B74125311',
        'TimestampPre"
2210,1,in_invoice,S/FRA/2021/0518,A10015999988-0521,sent,"{
    'CSV': 'CLQEHUBGWMWBHHTG',
    'DatosPresentacion': {
        'NIFPresentador': 'B74125311',
        'TimestampPre"
2209,1,in_invoice,S/FRA/2021/0517,A10015726456-0221,sent,"{
    'CSV': 'M2Y9VRJTPVZKZSHR',
    'DatosPresentacion': {
        'NIFPresentador': 'B74125311',
        'TimestampPre"
2208,1,in_invoice,S/FRA/2021/0516,A10015818290-0321,sent,"{
    'CSV': '9GLDEMWR6XTD24F9',
    'DatosPresentacion': {
        'NIFPresentador': 'B74125311',
        'TimestampPre"
2207,1,in_invoice,S/FRA/2021/0515,312-KF21-9210,sent,"{
    'CSV': 'EBESMJXMP5BDU7S4',
    'DatosPresentacion': {
        'NIFPresentador': 'B74125311',
        'TimestampPre"
2206,1,in_invoice,S/FRA/2021/0514,312-KF21-8391,sent,"{
    'CSV': 'ASRSKTLLZ85RKD7N',
    'DatosPresentacion': {
        'NIFPresentador': 'B74125311',
        'TimestampPre"
2205,1,in_invoice,S/FRA/2021/0513,312-KF21-5803,sent,"{
    'CSV': '2B834Z9AUQASBH9Q',
    'DatosPresentacion': {
        'NIFPresentador': 'B74125311',
        'TimestampPre"
2204,1,in_invoice,S/FRA/2021/0512,312-KF21-4197,sent,"{
    'CSV': 'CPHLU8353UUJVFPM',
    'DatosPresentacion': {
        'NIFPresentador': 'B74125311',
        'TimestampPre"
2203,1,in_invoice,S/FRA/2021/0511,312-KF21-2859,sent,"{
    'CSV': 'A225M4QK6BA92ERR',
    'DatosPresentacion': {
        'NIFPresentador': 'B74125311',
        'TimestampPre"
2202,1,in_invoice,S/FRA/2021/0510,312-KF21-814,sent,"{
    'CSV': 'TJLADTNJ6T6SRDSQ',
    'DatosPresentacion': {
        'NIFPresentador': 'B74125311',
        'TimestampPre"
2200,1,in_invoice,S/FRA/2021/0509,312-KF20-20072,sent,"{
    'CSV': '44VYPJYBKHVRZQBW',
    'DatosPresentacion': {
        'NIFPresentador': 'B74125311',
        'TimestampPre"
2199,1,in_invoice,S/FRA/2021/0508,312-KF20-18360,sent,"{
    'CSV': 'SF5YEKH99U24RC5Y',
    'DatosPresentacion': {
        'NIFPresentador': 'B74125311',
        'TimestampPre"
2198,1,in_invoice,S/FRA/2021/0507,312-KF20-16296,sent,"{
    'CSV': 'PLS8XK4VFGJC7YC9',
    'DatosPresentacion': {
        'NIFPresentador': 'B74125311',
        'TimestampPre"
2197,1,in_invoice,S/FRA/2021/0506,312-KF20-14186,sent,"{
    'CSV': 'P66RXDH9VNQJGR2R',
    'DatosPresentacion': {
        'NIFPresentador': 'B74125311',
        'TimestampPre"
2196,1,in_invoice,S/FRA/2021/0505,312-KF20-12433,sent,"{
    'CSV': 'HG9MKQ8ZXMBGXMHD',
    'DatosPresentacion': {
        'NIFPresentador': 'B74125311',
        'TimestampPre"
2195,1,in_invoice,S/FRA/2021/0504,312-KF20-10638,sent,"{
    'CSV': 'ZXUBNYGAVLSCXHZS',
    'DatosPresentacion': {
        'NIFPresentador': 'B74125311',
        'TimestampPre"
2194,1,in_invoice,S/FRA/2021/0503,312-KF20-7461,sent,"{
    'CSV': 'NGA5GX8WQK3AU4H2',
    'DatosPresentacion': {
        'NIFPresentador': 'B74125311',
        'TimestampPre"
2193,1,in_invoice,S/FRA/2021/0502,312-KF20-5885,sent,"{
    'CSV': 'HT8PLUYE66B6NKRL',
    'DatosPresentacion': {
        'NIFPresentador': 'B74125311',
        'TimestampPre"
2192,1,in_invoice,S/FRA/2021/0501,312-KF20-1975,sent,"{
    'CSV': 'XC9R932PSL92TTXT',
    'DatosPresentacion': {
        'NIFPresentador': 'B74125311',
        'TimestampPre"
2190,1,in_invoice,S/FRA/2021/0500,312-KF20-1122,sent,"{
    'CSV': 'WD86Z94L8B439ATX',
    'DatosPresentacion': {
        'NIFPresentador': 'B74125311',
        'TimestampPre"
2186,1,in_invoice,S/FRA/2021/0499,312-KF19-15621,sent,"{
    'CSV': 'F4JQQRB952TSC968',
    'DatosPresentacion': {
        'NIFPresentador': 'B74125311',
        'TimestampPre"
2183,1,in_invoice,S/FRA/2021/0498,312-KF19-14053,sent,"{
    'CSV': '53PJCBZD3LKTVA9Q',
    'DatosPresentacion': {
        'NIFPresentador': 'B74125311',
        'TimestampPre"
2181,1,in_invoice,S/FRA/2021/0497,312-KF19-12629,sent,"{
    'CSV': 'MAUQ6ZTH8DTMQ9RS',
    'DatosPresentacion': {
        'NIFPresentador': 'B74125311',
        'TimestampPre"
2178,1,in_invoice,S/FRA/2021/0496,312-KF19-11174,sent,"{
    'CSV': 'WKB6L4RJAVFU8SEB',
    'DatosPresentacion': {
        'NIFPresentador': 'B74125311',
        'TimestampPre"
2177,1,in_invoice,S/FRA/2021/0495,312-KF19-9798,sent,"{
    'CSV': 'K7TQ5JJZLZLFNEJB',
    'DatosPresentacion': {
        'NIFPresentador': 'B74125311',
        'TimestampPre"
665,1,in_invoice,S/FRA/2021/0494,312-KF20-9071,sent,"{
    'CSV': 'P5G2TXR6B45YQY58',
    'DatosPresentacion': {
        'NIFPresentador': 'B74125311',
        'TimestampPre"
661,1,in_invoice,S/FRA/2021/0493,312-KF20-4237,sent,"{
    'CSV': 'QP6A3FSLBQ75K44U',
    'DatosPresentacion': {
        'NIFPresentador': 'B74125311',
        'TimestampPre"
94,1,in_invoice,S/FRA/2021/0492,312-KF19-17058,sent,"{
    'CSV': 'HYFN4F8NM5RFQ3DP',
    'DatosPresentacion': {
        'NIFPresentador': 'B74125311',
        'TimestampPre"
2164,1,in_invoice,S/FRA/2021/0491,M200041479,sent,"{
    'CSV': 'NP5GDY5S2H5T2UA4',
    'DatosPresentacion': {
        'NIFPresentador': 'B74125311',
        'TimestampPre"
3088,1,in_refund,RS/FRA/2021/0014,001GR00045,sent,"{
    'CSV': 'YC2N2RY35QS5PVLR',
    'DatosPresentacion': {
        'NIFPresentador': 'B74125311',
        'TimestampPre"
1609,1,in_refund,RS/FRA/2021/0013,A2105,sent,"{
    'CSV': 'EKWEWLXK5E9T96U9',
    'DatosPresentacion': {
        'NIFPresentador': 'B74125311',
        'TimestampPre"
3127,1,in_refund,RS/FRA/2021/0012,R-H0663/0001,sent,"{
    'CSV': '6BPECHDR6SE89BHD',
    'DatosPresentacion': {
        'NIFPresentador': 'B74125311',
        'TimestampPre"
1582,1,in_invoice,S/FRA/2021/0490,222/2021,sent,"{
    'CSV': 'UD946HL637EADCTP',
    'DatosPresentacion': {
        'NIFPresentador': 'B74125311',
        'TimestampPre"
1581,1,in_invoice,S/FRA/2021/0489,208/2021,sent,"{
    'CSV': 'DBVA2KWKL5FLCUJX',
    'DatosPresentacion': {
        'NIFPresentador': 'B74125311',
        'TimestampPre"
1580,1,in_invoice,S/FRA/2021/0488,H0663/0010,sent,"{
    'CSV': 'Q8ZMAEGZ6EJ2KCUQ',
    'DatosPresentacion': {
        'NIFPresentador': 'B74125311',
        'TimestampPre"
646,1,in_invoice,S/FRA/2021/0487,2.573/F,sent_modified,"{
    'CSV': '8JXRQLSGPJSAQNEY',
    'DatosPresentacion': {
        'NIFPresentador': 'B74125311',
        'TimestampPre"
692,1,in_invoice,S/FRA/2021/0486,01-5260,sent,"{
    'CSV': '8LQKWRJNPRDUQJF9',
    'DatosPresentacion': {
        'NIFPresentador': 'B74125311',
        'TimestampPre"
694,1,in_invoice,S/FRA/2021/0485,FRO20212325617,sent,"{
    'CSV': '5WP99GX56XAJ8PSP',
    'DatosPresentacion': {
        'NIFPresentador': 'B74125311',
        'TimestampPre"
674,1,in_invoice,S/FRA/2021/0484,21159,sent,"{
    'CSV': 'QBNBC453KFBC6F5K',
    'DatosPresentacion': {
        'NIFPresentador': 'B74125311',
        'TimestampPre"
678,1,in_invoice,S/FRA/2021/0483,21160,sent,"{
    'CSV': 'AHNG4JLAH9YWQ6BA',
    'DatosPresentacion': {
        'NIFPresentador': 'B74125311',
        'TimestampPre"
633,1,in_invoice,S/FRA/2021/0482,21-0025,sent,"{
    'CSV': 'FPR2M3KH36SGYML2',
    'DatosPresentacion': {
        'NIFPresentador': 'B74125311',
        'TimestampPre"
693,1,in_invoice,S/FRA/2021/0481,110*10/21,sent,"{
    'CSV': 'DVYG9N8K5XEXYX7J',
    'DatosPresentacion': {
        'NIFPresentador': 'B74125311',
        'TimestampPre"
758,1,in_invoice,S/FRA/2021/0480,3.381F,sent,"{
    'CSV': 'Y8TMF7WCZYXC4M46',
    'DatosPresentacion': {
        'NIFPresentador': 'B74125311',
        'TimestampPre"
759,1,in_invoice,S/FRA/2021/0479,3.382F,sent,"{
    'CSV': 'ZFGLZKF5CC4CDGUD',
    'DatosPresentacion': {
        'NIFPresentador': 'B74125311',
        'TimestampPre"
760,1,in_invoice,S/FRA/2021/0478,3.383F,sent,"{
    'CSV': 'JNPK27FH8VAZWGU9',
    'DatosPresentacion': {
        'NIFPresentador': 'B74125311',
        'TimestampPre"
757,1,in_invoice,S/FRA/2021/0477,3.380/F,sent,"{
    'CSV': '7WGPGTDLXXWW3NBU',
    'DatosPresentacion': {
        'NIFPresentador': 'B74125311',
        'TimestampPre"
761,1,in_invoice,S/FRA/2021/0476,RD/002/21,sent,"{
    'CSV': 'GPMXE3HCVZXP2YUW',
    'DatosPresentacion': {
        'NIFPresentador': 'B74125311',
        'TimestampPre"
666,1,in_invoice,S/FRA/2021/0475,3.362/F,sent,"{
    'CSV': 'JZ53D469BT44KGJR',
    'DatosPresentacion': {
        'NIFPresentador': 'B74125311',
        'TimestampPre"
617,1,in_invoice,S/FRA/2021/0474,5/2021,sent,"{
    'CSV': 'LVZ9NVZDMS34UG9Z',
    'DatosPresentacion': {
        'NIFPresentador': 'B74125311',
        'TimestampPre"
667,1,in_invoice,S/FRA/2021/0473,3.353/F,sent,"{
    'CSV': 'NN6PBDSVWQWK4PBH',
    'DatosPresentacion': {
        'NIFPresentador': 'B74125311',
        'TimestampPre"
691,1,in_invoice,S/FRA/2021/0472,A21000378,sent,"{
    'CSV': 'LKCDKPN2CQD7MCNC',
    'DatosPresentacion': {
        'NIFPresentador': 'B74125311',
        'TimestampPre"
800,1,in_invoice,S/FRA/2021/0471,MTA2101925,sent,"{
    'CSV': 'LQYPJYC4B4D7L6T6',
    'DatosPresentacion': {
        'NIFPresentador': 'B74125311',
        'TimestampPre"
619,1,in_invoice,S/FRA/2021/0470,870,sent,"{
    'CSV': 'AMTB3V3G2448BTYM',
    'DatosPresentacion': {
        'NIFPresentador': 'B74125311',
        'TimestampPre"
632,1,in_invoice,S/FRA/2021/0469,21-0023,sent,"{
    'CSV': 'TV5HQQXQ4D3EQS3T',
    'DatosPresentacion': {
        'NIFPresentador': 'B74125311',
        'TimestampPre"
634,1,in_invoice,S/FRA/2021/0468,42/2021,sent,"{
    'CSV': 'FXSYKHU8T6TFWMND',
    'DatosPresentacion': {
        'NIFPresentador': 'B74125311',
        'TimestampPre"
637,1,in_invoice,S/FRA/2021/0467,D21 402,sent,"{
    'CSV': 'EMYWDXJVG3UB299W',
    'DatosPresentacion': {
        'NIFPresentador': 'B74125311',
        'TimestampPre"
754,1,in_invoice,S/FRA/2021/0466,3.332F,sent,"{
    'CSV': 'U7J7H4B4EXAQCVN4',
    'DatosPresentacion': {
        'NIFPresentador': 'B74125311',
        'TimestampPre"
755,1,in_invoice,S/FRA/2021/0465,3.333/F,sent_modified,"{
    'CSV': 'WVTRTYDUK3AXBAS2',
    'DatosPresentacion': {
        'NIFPresentador': 'B74125311',
        'TimestampPre"
640,1,in_invoice,S/FRA/2021/0464,SER-21-0354,sent,"{
    'CSV': 'LZRR35FTPSMR43PE',
    'DatosPresentacion': {
        'NIFPresentador': 'B74125311',
        'TimestampPre"
635,1,in_invoice,S/FRA/2021/0463,1/2021,sent,"{
    'CSV': 'GWTHA94V3TVJH7JF',
    'DatosPresentacion': {
        'NIFPresentador': 'B74125311',
        'TimestampPre"
629,1,in_invoice,S/FRA/2021/0462,7/2021,sent,"{
    'CSV': '6NZF4AK55AMJJZQE',
    'DatosPresentacion': {
        'NIFPresentador': 'B74125311',
        'TimestampPre"
616,1,in_invoice,S/FRA/2021/0461,008,sent,"{
    'CSV': 'RY8QA4V5DWEPW4J7',
    'DatosPresentacion': {
        'NIFPresentador': 'B74125311',
        'TimestampPre"
626,1,in_invoice,S/FRA/2021/0460,LD14/21,sent,"{
    'CSV': '98L92FAHA42K6JLH',
    'DatosPresentacion': {
        'NIFPresentador': 'B74125311',
        'TimestampPre"
756,1,in_invoice,S/FRA/2021/0459,3.311F,sent,"{
    'CSV': 'MF3H2VX2PUF73UJX',
    'DatosPresentacion': {
        'NIFPresentador': 'B74125311',
        'TimestampPre"
753,1,in_invoice,S/FRA/2021/0458,3.309F,sent,"{
    'CSV': 'WJ88GV76KBQQDGPX',
    'DatosPresentacion': {
        'NIFPresentador': 'B74125311',
        'TimestampPre"
506,1,in_invoice,S/FRA/2021/0457,41,sent,"{
    'CSV': 'EAXLFEQKBLZYJL6Q',
    'DatosPresentacion': {
        'NIFPresentador': 'B74125311',
        'TimestampPre"
627,1,in_invoice,S/FRA/2021/0456,OO02/2021,sent,"{
    'CSV': '5VVC36PVVMGCRH4P',
    'DatosPresentacion': {
        'NIFPresentador': 'B74125311',
        'TimestampPre"
673,1,in_invoice,S/FRA/2021/0455,006/2021,sent,"{
    'CSV': 'JMXY9BV67W6R2BCN',
    'DatosPresentacion': {
        'NIFPresentador': 'B74125311',
        'TimestampPre"
752,1,in_invoice,S/FRA/2021/0454,3.293F,sent,"{
    'CSV': 'YAN6XXFRANS8AWWM',
    'DatosPresentacion': {
        'NIFPresentador': 'B74125311',
        'TimestampPre"
630,1,in_invoice,S/FRA/2021/0453,OO2021-2,sent,"{
    'CSV': 'TXECGQ29NCWZJUR6',
    'DatosPresentacion': {
        'NIFPresentador': 'B74125311',
        'TimestampPre"
662,1,in_invoice,S/FRA/2021/0452,A10016435736-1021,sent,"{
    'CSV': '49HS3P9DJY9Z2ZE5',
    'DatosPresentacion': {
        'NIFPresentador': 'B74125311',
        'TimestampPre"
639,1,in_invoice,S/FRA/2021/0451,61-21,sent,"{
    'CSV': 'JRC5S89H9G6SEEP3',
    'DatosPresentacion': {
        'NIFPresentador': 'B74125311',
        'TimestampPre"
638,1,in_invoice,S/FRA/2021/0450,60-21,sent,"{
    'CSV': 'MQHM3HF6J9TQVWFD',
    'DatosPresentacion': {
        'NIFPresentador': 'B74125311',
        'TimestampPre"
696,1,in_invoice,S/FRA/2021/0449,A-1074,sent,"{
    'CSV': 'T89NA4VW2M9DE73F',
    'DatosPresentacion': {
        'NIFPresentador': 'B74125311',
        'TimestampPre"
790,1,in_invoice,S/FRA/2021/0448,6/2021,sent,"{
    'CSV': 'NNA2VCPMRDYTTUZ9',
    'DatosPresentacion': {
        'NIFPresentador': 'B74125311',
        'TimestampPre"
751,1,in_invoice,S/FRA/2021/0447,2.900F,sent,"{
    'CSV': '34CSB7M4HZPXUTZB',
    'DatosPresentacion': {
        'NIFPresentador': 'B74125311',
        'TimestampPre"
636,1,in_invoice,S/FRA/2021/0446,28/2021,sent,"{
    'CSV': 'NM5KR89MFVASFNN5',
    'DatosPresentacion': {
        'NIFPresentador': 'B74125311',
        'TimestampPre"
631,1,in_invoice,S/FRA/2021/0445,21-0015,sent,"{
    'CSV': 'H7TJMYZZY7ZQZHHB',
    'DatosPresentacion': {
        'NIFPresentador': 'B74125311',
        'TimestampPre"
695,1,in_invoice,S/FRA/2021/0444,A-560,sent,"{
    'CSV': '2RZ923HHWQF839LL',
    'DatosPresentacion': {
        'NIFPresentador': 'B74125311',
        'TimestampPre"
688,1,in_invoice,S/FRA/2021/0443,AF/1400/01,sent,"{
    'CSV': '8C7L7STAP9PESC5A',
    'DatosPresentacion': {
        'NIFPresentador': 'B74125311',
        'TimestampPre"
687,1,in_invoice,S/FRA/2021/0442,AF/1399/01,sent,"{
    'CSV': 'AEG7Z2C3D9JRTPWU',
    'DatosPresentacion': {
        'NIFPresentador': 'B74125311',
        'TimestampPre"
686,1,in_invoice,S/FRA/2021/0441,AF/1398/01,sent,"{
    'CSV': 'JQH6JC83CKARN3BT',
    'DatosPresentacion': {
        'NIFPresentador': 'B74125311',
        'TimestampPre"
685,1,in_invoice,S/FRA/2021/0440,AF/1397/01,sent,"{
    'CSV': 'FKJ4QVWUVJXTJLT9',
    'DatosPresentacion': {
        'NIFPresentador': 'B74125311',
        'TimestampPre"
684,1,in_invoice,S/FRA/2021/0439,AF/1396/01,sent,"{
    'CSV': 'XQXRMUGNRM6SDK4Q',
    'DatosPresentacion': {
        'NIFPresentador': 'B74125311',
        'TimestampPre"
642,1,in_invoice,S/FRA/2021/0438,4/2021,sent,"{
    'CSV': 'EC69JMV9Q6ARTLE3',
    'DatosPresentacion': {
        'NIFPresentador': 'B74125311',
        'TimestampPre"
683,1,in_invoice,S/FRA/2021/0437,AF/1395/01,sent,"{
    'CSV': '9AAG6UQH5VUXZWTF',
    'DatosPresentacion': {
        'NIFPresentador': 'B74125311',
        'TimestampPre"
641,1,in_invoice,S/FRA/2021/0436,2021-001,sent,"{
    'CSV': 'G9H78LHYAZHKRDHU',
    'DatosPresentacion': {
        'NIFPresentador': 'B74125311',
        'TimestampPre"
682,1,in_invoice,S/FRA/2021/0435,AF/1394/01,sent,"{
    'CSV': 'YSHEUEF39KT3X9BX',
    'DatosPresentacion': {
        'NIFPresentador': 'B74125311',
        'TimestampPre"
681,1,in_invoice,S/FRA/2021/0434,2021-0002,sent,"{
    'CSV': 'ZLG6MBZEAUB58VN9',
    'DatosPresentacion': {
        'NIFPresentador': 'B74125311',
        'TimestampPre"
680,1,in_invoice,S/FRA/2021/0433,AF/1393/01,sent,"{
    'CSV': '5TNV2L6Z796AWT64',
    'DatosPresentacion': {
        'NIFPresentador': 'B74125311',
        'TimestampPre"
679,1,in_invoice,S/FRA/2021/0432,AF/1392/01,sent,"{
    'CSV': 'W5K7QXCEKEUS8KSR',
    'DatosPresentacion': {
        'NIFPresentador': 'B74125311',
        'TimestampPre"
643,1,in_invoice,S/FRA/2021/0431,,sent,"{
    'CSV': 'Q3K4Q7XRJ83USP27',
    'DatosPresentacion': {
        'NIFPresentador': 'B74125311',
        'TimestampPre"
677,1,in_invoice,S/FRA/2021/0430,AF/1009/01,sent,"{
    'CSV': 'B7PFFMGUNNTC5V4Y',
    'DatosPresentacion': {
        'NIFPresentador': 'B74125311',
        'TimestampPre"
676,1,in_invoice,S/FRA/2021/0429,AF/1391/01,sent_modified,"{
    'CSV': 'GHFN7Q858GW4Z3Q7',
    'DatosPresentacion': {
        'NIFPresentador': 'B74125311',
        'TimestampPre"
675,1,in_invoice,S/FRA/2021/0428,AF/1390/01,sent,"{
    'CSV': 'D5F4JXG2MCSYM7XN',
    'DatosPresentacion': {
        'NIFPresentador': 'B74125311',
        'TimestampPre"
672,1,in_invoice,S/FRA/2021/0427,AF/0917/01,sent,"{
    'CSV': 'KBA4DJDT4U3EQD4E',
    'DatosPresentacion': {
        'NIFPresentador': 'B74125311',
        'TimestampPre"
671,1,in_invoice,S/FRA/2021/0426,AF/1389/01,sent,"{
    'CSV': 'BPZPUP7AMZ2TDTFL',
    'DatosPresentacion': {
        'NIFPresentador': 'B74125311',
        'TimestampPre"
670,1,in_invoice,S/FRA/2021/0425,AF/1388/01,sent,"{
    'CSV': 'BCQJVDZ6EK22HNL7',
    'DatosPresentacion': {
        'NIFPresentador': 'B74125311',
        'TimestampPre"
669,1,in_invoice,S/FRA/2021/0424,AF/1387/01,sent,"{
    'CSV': 'MJUKBYQM9NG6FGS6',
    'DatosPresentacion': {
        'NIFPresentador': 'B74125311',
        'TimestampPre"
668,1,in_invoice,S/FRA/2021/0423,AF/1386/01,sent,"{
    'CSV': '2UYNRRDNYDDU274T',
    'DatosPresentacion': {
        'NIFPresentador': 'B74125311',
        'TimestampPre"
611,1,in_invoice,S/FRA/2021/0422,H0663/0009,sent,"{
    'CSV': 'NSDKMWDCPASGAAZ6',
    'DatosPresentacion': {
        'NIFPresentador': 'B74125311',
        'TimestampPre"
606,1,in_invoice,S/FRA/2021/0421,I0-000032,sent,"{
    'CSV': '2Z5YPR5EXZG3FVEL',
    'DatosPresentacion': {
        'NIFPresentador': 'B74125311',
        'TimestampPre"
504,1,in_invoice,S/FRA/2021/0420,S/05 -21,sent,"{
    'CSV': 'NLMZHG7AGWSH5RWX',
    'DatosPresentacion': {
        'NIFPresentador': 'B74125311',
        'TimestampPre"
505,1,in_invoice,S/FRA/2021/0419,40,sent,"{
    'CSV': 'S4YMJQ2QZ8NS7CLS',
    'DatosPresentacion': {
        'NIFPresentador': 'B74125311',
        'TimestampPre"
507,1,in_invoice,S/FRA/2021/0418,4/2021,sent,"{
    'CSV': 'ZSKDPNXUCVAML6W9',
    'DatosPresentacion': {
        'NIFPresentador': 'B74125311',
        'TimestampPre"
508,1,in_invoice,S/FRA/2021/0417,21/636,sent,"{
    'CSV': 'RL97HLTWMUVZESEG',
    'DatosPresentacion': {
        'NIFPresentador': 'B74125311',
        'TimestampPre"
509,1,in_invoice,S/FRA/2021/0416,21-0020,sent,"{
    'CSV': 'XDFTRSB5M44E2RN8',
    'DatosPresentacion': {
        'NIFPresentador': 'B74125311',
        'TimestampPre"
512,1,in_invoice,S/FRA/2021/0415,12/21,sent,"{
    'CSV': 'YMTRWNYSEMDRHTAW',
    'DatosPresentacion': {
        'NIFPresentador': 'B74125311',
        'TimestampPre"
513,1,in_invoice,S/FRA/2021/0414,6,sent,"{
    'CSV': '886C8E3X8V2Y3S2B',
    'DatosPresentacion': {
        'NIFPresentador': 'B74125311',
        'TimestampPre"
514,1,in_invoice,S/FRA/2021/0413,OO01/2021,sent,"{
    'CSV': '45X3BZLRD8CWS5K3',
    'DatosPresentacion': {
        'NIFPresentador': 'B74125311',
        'TimestampPre"
515,1,in_invoice,S/FRA/2021/0412,007,sent,"{
    'CSV': '2PJ28QW8UZZB7CR2',
    'DatosPresentacion': {
        'NIFPresentador': 'B74125311',
        'TimestampPre"
516,1,in_invoice,S/FRA/2021/0411,LD12/21,sent,"{
    'CSV': '473RAFGP2VJ2FPH2',
    'DatosPresentacion': {
        'NIFPresentador': 'B74125311',
        'TimestampPre"
517,1,in_invoice,S/FRA/2021/0410,OO2021-1,sent,"{
    'CSV': 'UPM6BMBCJHV679GC',
    'DatosPresentacion': {
        'NIFPresentador': 'B74125311',
        'TimestampPre"
518,1,in_invoice,S/FRA/2021/0409,6/2021,sent,"{
    'CSV': 'FRKXDVK8C72YX6YA',
    'DatosPresentacion': {
        'NIFPresentador': 'B74125311',
        'TimestampPre"
519,1,in_invoice,S/FRA/2021/0408,D21 353,sent,"{
    'CSV': 'VRQCPPKSH7QQP9H7',
    'DatosPresentacion': {
        'NIFPresentador': 'B74125311',
        'TimestampPre"
520,1,in_invoice,S/FRA/2021/0407,867,sent,"{
    'CSV': 'DYZ8C3ZWKGUM2CYM',
    'DatosPresentacion': {
        'NIFPresentador': 'B74125311',
        'TimestampPre"
521,1,in_invoice,S/FRA/2021/0406,864,sent,"{
    'CSV': '2QFQF7ZMXXZC7HKB',
    'DatosPresentacion': {
        'NIFPresentador': 'B74125311',
        'TimestampPre"
522,1,in_invoice,S/FRA/2021/0405,865,sent,"{
    'CSV': 'UA3A6882NRXAP9KJ',
    'DatosPresentacion': {
        'NIFPresentador': 'B74125311',
        'TimestampPre"
536,1,in_invoice,S/FRA/2021/0404,573/21,sent,"{
    'CSV': 'RZ8ULH6KX8DN7NGV',
    'DatosPresentacion': {
        'NIFPresentador': 'B74125311',
        'TimestampPre"
537,1,in_invoice,S/FRA/2021/0403,547/21,sent,"{
    'CSV': '6YAZ5THL7GKZWMJA',
    'DatosPresentacion': {
        'NIFPresentador': 'B74125311',
        'TimestampPre"
538,1,in_invoice,S/FRA/2021/0402,1.211.570,sent,"{
    'CSV': 'CJEU95WL74HVTNHN',
    'DatosPresentacion': {
        'NIFPresentador': 'B74125311',
        'TimestampPre"
539,1,in_invoice,S/FRA/2021/0401,21/520,sent,"{
    'CSV': 'UGM38GA5723KB6QS',
    'DatosPresentacion': {
        'NIFPresentador': 'B74125311',
        'TimestampPre"
540,1,in_invoice,S/FRA/2021/0400,21/521,sent,"{
    'CSV': 'TTERHKR24YF5YR6D',
    'DatosPresentacion': {
        'NIFPresentador': 'B74125311',
        'TimestampPre"
541,1,in_invoice,S/FRA/2021/0399,21/522,sent,"{
    'CSV': 'AF6P427L5T5ES6VZ',
    'DatosPresentacion': {
        'NIFPresentador': 'B74125311',
        'TimestampPre"
542,1,in_invoice,S/FRA/2021/0398,21/524,sent,"{
    'CSV': '48RRB956GSPCEDTR',
    'DatosPresentacion': {
        'NIFPresentador': 'B74125311',
        'TimestampPre"
543,1,in_invoice,S/FRA/2021/0397,21/525,sent,"{
    'CSV': 'RJS5W2GMC6GBWBCK',
    'DatosPresentacion': {
        'NIFPresentador': 'B74125311',
        'TimestampPre"
544,1,in_invoice,S/FRA/2021/0396,21/526,sent,"{
    'CSV': 'RE4G5BHN9TCNZY7U',
    'DatosPresentacion': {
        'NIFPresentador': 'B74125311',
        'TimestampPre"
545,1,in_invoice,S/FRA/2021/0395,2.754/F,sent,"{
    'CSV': 'BBJ4C8SLK8UJJS7T',
    'DatosPresentacion': {
        'NIFPresentador': 'B74125311',
        'TimestampPre"
546,1,in_invoice,S/FRA/2021/0394,2.620/F,sent,"{
    'CSV': 'NML2LT8BH4USCSSD',
    'DatosPresentacion': {
        'NIFPresentador': 'B74125311',
        'TimestampPre"
547,1,in_invoice,S/FRA/2021/0393,2.621/F,sent,"{
    'CSV': 'EAJBX85483USXZDD',
    'DatosPresentacion': {
        'NIFPresentador': 'B74125311',
        'TimestampPre"
548,1,in_invoice,S/FRA/2021/0392,2.596/F,sent,"{
    'CSV': 'DTXEFGUWCUC5GYCS',
    'DatosPresentacion': {
        'NIFPresentador': 'B74125311',
        'TimestampPre"
549,1,in_invoice,S/FRA/2021/0391,2.570/F,sent,"{
    'CSV': '4DBBLSZY2A6LKVF6',
    'DatosPresentacion': {
        'NIFPresentador': 'B74125311',
        'TimestampPre"
550,1,in_invoice,S/FRA/2021/0390,2.572/F,sent,"{
    'CSV': 'FXQSQ84C3J68AA94',
    'DatosPresentacion': {
        'NIFPresentador': 'B74125311',
        'TimestampPre"
551,1,in_invoice,S/FRA/2021/0389,2.536/F,sent,"{
    'CSV': 'CYAGK8VXAVBCF9AU',
    'DatosPresentacion': {
        'NIFPresentador': 'B74125311',
        'TimestampPre"
552,1,in_invoice,S/FRA/2021/0388,2.535/F,sent_modified,"{
    'CSV': 'BLNTSBDBF7LLBTCH',
    'DatosPresentacion': {
        'NIFPresentador': 'B74125311',
        'TimestampPre"
553,1,in_invoice,S/FRA/2021/0387,2.571/F,sent,"{
    'CSV': '9BSBZXX43T5NET7W',
    'DatosPresentacion': {
        'NIFPresentador': 'B74125311',
        'TimestampPre"
554,1,in_invoice,S/FRA/2021/0386,2570,sent,"{
    'CSV': '6LP87H2AYE46L5UX',
    'DatosPresentacion': {
        'NIFPresentador': 'B74125311',
        'TimestampPre"
555,1,in_invoice,S/FRA/2021/0385,1HSN210800547132,sent,"{
    'CSV': 'SVVGPPRJ27H5T9HA',
    'DatosPresentacion': {
        'NIFPresentador': 'B74125311',
        'TimestampPre"
556,1,in_invoice,S/FRA/2021/0384,1HSN210800403945,sent,"{
    'CSV': 'ATC34ANM8RNQTKKW',
    'DatosPresentacion': {
        'NIFPresentador': 'B74125311',
        'TimestampPre"
558,1,in_invoice,S/FRA/2021/0383,A10016263688-0821,sent,"{
    'CSV': 'LD4TUAGGHNWJ7JAU',
    'DatosPresentacion': {
        'NIFPresentador': 'B74125311',
        'TimestampPre"
559,1,in_invoice,S/FRA/2021/0382,312-KF21-12580,sent,"{
    'CSV': 'AF6RS52BVYT8CJD5',
    'DatosPresentacion': {
        'NIFPresentador': 'B74125311',
        'TimestampPre"
560,1,in_invoice,S/FRA/2021/0381,21/523,sent,"{
    'CSV': 'MALMBTHQ8U34M4YN',
    'DatosPresentacion': {
        'NIFPresentador': 'B74125311',
        'TimestampPre"
562,1,in_invoice,S/FRA/2021/0380,Q210050983,sent,"{
    'CSV': 'JWAHXHHM27N3QXAS',
    'DatosPresentacion': {
        'NIFPresentador': 'B74125311',
        'TimestampPre"
563,1,in_invoice,S/FRA/2021/0379,AN141,sent,"{
    'CSV': 'QBE3F5RDUWBSCCDG',
    'DatosPresentacion': {
        'NIFPresentador': 'B74125311',
        'TimestampPre"
564,1,in_invoice,S/FRA/2021/0378,21/637,sent,"{
    'CSV': 'URUGCZQ257FUP34D',
    'DatosPresentacion': {
        'NIFPresentador': 'B74125311',
        'TimestampPre"
565,1,in_invoice,S/FRA/2021/0377,21/638,sent,"{
    'CSV': 'YD9T3DTXYQK5GVFU',
    'DatosPresentacion': {
        'NIFPresentador': 'B74125311',
        'TimestampPre"
566,1,in_invoice,S/FRA/2021/0376,21/640,sent,"{
    'CSV': 'TCMWU6L6QT82WUG7',
    'DatosPresentacion': {
        'NIFPresentador': 'B74125311',
        'TimestampPre"
567,1,in_invoice,S/FRA/2021/0375,21/639,sent,"{
    'CSV': 'ALZYJCH97XRFRQQZ',
    'DatosPresentacion': {
        'NIFPresentador': 'B74125311',
        'TimestampPre"
568,1,in_invoice,S/FRA/2021/0374,21/643,sent,"{
    'CSV': '4HVKSSGVZMYPTCCU',
    'DatosPresentacion': {
        'NIFPresentador': 'B74125311',
        'TimestampPre"
569,1,in_invoice,S/FRA/2021/0373,21/644,sent,"{
    'CSV': 'GQWXM4RLHS7NBPVF',
    'DatosPresentacion': {
        'NIFPresentador': 'B74125311',
        'TimestampPre"
570,1,in_invoice,S/FRA/2021/0372,21/645,sent,"{
    'CSV': '8XWUA26BFWUYD2BV',
    'DatosPresentacion': {
        'NIFPresentador': 'B74125311',
        'TimestampPre"
571,1,in_invoice,S/FRA/2021/0371,21/642,sent,"{
    'CSV': 'X4T4KT4WA42BY6DG',
    'DatosPresentacion': {
        'NIFPresentador': 'B74125311',
        'TimestampPre"
572,1,in_invoice,S/FRA/2021/0370,21/641,sent,"{
    'CSV': 'XEBMTQ225HPMCD62',
    'DatosPresentacion': {
        'NIFPresentador': 'B74125311',
        'TimestampPre"
573,1,in_invoice,S/FRA/2021/0369,312-KF21-14080,sent,"{
    'CSV': 'K6FDUAN3CC4C64GQ',
    'DatosPresentacion': {
        'NIFPresentador': 'B74125311',
        'TimestampPre"
574,1,in_invoice,S/FRA/2021/0368,A10016349459-0921,sent,"{
    'CSV': '8UJNJKH8XUZJCTQF',
    'DatosPresentacion': {
        'NIFPresentador': 'B74125311',
        'TimestampPre"
575,1,in_invoice,S/FRA/2021/0367,148/2021,sent,"{
    'CSV': 'LDMV68BMGZPHN5CA',
    'DatosPresentacion': {
        'NIFPresentador': 'B74125311',
        'TimestampPre"
576,1,in_invoice,S/FRA/2021/0366,2021-306,sent,"{
    'CSV': 'GH8N673KNMGXQ48N',
    'DatosPresentacion': {
        'NIFPresentador': 'B74125311',
        'TimestampPre"
577,1,in_invoice,S/FRA/2021/0365,A000029659,sent,"{
    'CSV': 'CAWTTGTKEAQMYSDV',
    'DatosPresentacion': {
        'NIFPresentador': 'B74125311',
        'TimestampPre"
578,1,in_invoice,S/FRA/2021/0364,A/21-0136,sent,"{
    'CSV': 'HNFTKGCK5JG2SFPZ',
    'DatosPresentacion': {
        'NIFPresentador': 'B74125311',
        'TimestampPre"
579,1,in_invoice,S/FRA/2021/0363,001G000417,sent,"{
    'CSV': 'FV93Q8KPTG8AFYTC',
    'DatosPresentacion': {
        'NIFPresentador': 'B74125311',
        'TimestampPre"
580,1,in_invoice,S/FRA/2021/0362,001D000271,sent,"{
    'CSV': '9QYGYTYLZNDRA5Q8',
    'DatosPresentacion': {
        'NIFPresentador': 'B74125311',
        'TimestampPre"
581,1,in_invoice,S/FRA/2021/0361,001D000269,sent,"{
    'CSV': '2DQZFGCLLG92U3FG',
    'DatosPresentacion': {
        'NIFPresentador': 'B74125311',
        'TimestampPre"
582,1,in_invoice,S/FRA/2021/0360,2.907/F,sent,"{
    'CSV': 'ERX7EASZXVR99TSG',
    'DatosPresentacion': {
        'NIFPresentador': 'B74125311',
        'TimestampPre"
583,1,in_invoice,S/FRA/2021/0359,2.906/F,sent,"{
    'CSV': 'JLGN5YGXQDSVG43N',
    'DatosPresentacion': {
        'NIFPresentador': 'B74125311',
        'TimestampPre"
584,1,in_invoice,S/FRA/2021/0358,2.905/F,sent,"{
    'CSV': 'KSYVS88JDL3K5M9E',
    'DatosPresentacion': {
        'NIFPresentador': 'B74125311',
        'TimestampPre"
585,1,in_invoice,S/FRA/2021/0357,2.903/F,sent,"{
    'CSV': 'LXSQM3QGJB9MUKKT',
    'DatosPresentacion': {
        'NIFPresentador': 'B74125311',
        'TimestampPre"
586,1,in_invoice,S/FRA/2021/0356,2.902/F,sent,"{
    'CSV': 'D3625C8VMHAKZW8R',
    'DatosPresentacion': {
        'NIFPresentador': 'B74125311',
        'TimestampPre"
587,1,in_invoice,S/FRA/2021/0355,2.899/F,sent,"{
    'CSV': '5LQ7Y5KYGY68TMN7',
    'DatosPresentacion': {
        'NIFPresentador': 'B74125311',
        'TimestampPre"
588,1,in_invoice,S/FRA/2021/0354,2.901/F,sent,"{
    'CSV': 'PR3EMBYXRPC8DW3C',
    'DatosPresentacion': {
        'NIFPresentador': 'B74125311',
        'TimestampPre"
589,1,in_invoice,S/FRA/2021/0353,2.904/F,sent,"{
    'CSV': 'XT758GFY4Q4C7RH8',
    'DatosPresentacion': {
        'NIFPresentador': 'B74125311',
        'TimestampPre"
590,1,in_invoice,S/FRA/2021/0352,2.889/F,sent,"{
    'CSV': 'L8SV6WU8Q4M8ETA7',
    'DatosPresentacion': {
        'NIFPresentador': 'B74125311',
        'TimestampPre"
591,1,in_invoice,S/FRA/2021/0351,2.888/F,sent,"{
    'CSV': 'HC394XUBJRUS64PH',
    'DatosPresentacion': {
        'NIFPresentador': 'B74125311',
        'TimestampPre"
592,1,in_invoice,S/FRA/2021/0350,20211021,sent,"{
    'CSV': '87BNG27PFASRDWKZ',
    'DatosPresentacion': {
        'NIFPresentador': 'B74125311',
        'TimestampPre"
593,1,in_invoice,S/FRA/2021/0349,F488901,sent,"{
    'CSV': 'D8UA2U692983VG6C',
    'DatosPresentacion': {
        'NIFPresentador': 'B74125311',
        'TimestampPre"
594,1,in_invoice,S/FRA/2021/0348,5247,sent,"{
    'CSV': '3LM6Q8BZ7X3EN6L4',
    'DatosPresentacion': {
        'NIFPresentador': 'B74125311',
        'TimestampPre"
595,1,in_invoice,S/FRA/2021/0347,3.949 A,sent,"{
    'CSV': '62RJ59V9G5AZMJB9',
    'DatosPresentacion': {
        'NIFPresentador': 'B74125311',
        'TimestampPre"
596,1,in_invoice,S/FRA/2021/0346,3.984 A,sent,"{
    'CSV': 'NMA5T8BBL6XX68WD',
    'DatosPresentacion': {
        'NIFPresentador': 'B74125311',
        'TimestampPre"
597,1,in_invoice,S/FRA/2021/0345,3.702 A,sent,"{
    'CSV': 'U5E823SZ2WUMQCKC',
    'DatosPresentacion': {
        'NIFPresentador': 'B74125311',
        'TimestampPre"
598,1,in_invoice,S/FRA/2021/0344,VF21-09-0074,sent,"{
    'CSV': 'GMYZRY8MQ3GPTCQJ',
    'DatosPresentacion': {
        'NIFPresentador': 'B74125311',
        'TimestampPre"
599,1,in_invoice,S/FRA/2021/0343,A-927,sent,"{
    'CSV': 'Z5JLPJNZLLSZX2N9',
    'DatosPresentacion': {
        'NIFPresentador': 'B74125311',
        'TimestampPre"
600,1,in_invoice,S/FRA/2021/0342,21FCP00041,sent,"{
    'CSV': '9CDRMGPGPCFBC9B5',
    'DatosPresentacion': {
        'NIFPresentador': 'B74125311',
        'TimestampPre"
601,1,in_invoice,S/FRA/2021/0341,A01/21,sent,"{
    'CSV': 'Q6SDVF9VE6UKDXZR',
    'DatosPresentacion': {
        'NIFPresentador': 'B74125311',
        'TimestampPre"
602,1,in_invoice,S/FRA/2021/0340,218,sent,"{
    'CSV': '63ST7WZN4WQCYKAH',
    'DatosPresentacion': {
        'NIFPresentador': 'B74125311',
        'TimestampPre"
603,1,in_invoice,S/FRA/2021/0339,217,sent,"{
    'CSV': 'BNXVY5USURXSMV4E',
    'DatosPresentacion': {
        'NIFPresentador': 'B74125311',
        'TimestampPre"
604,1,in_invoice,S/FRA/2021/0338,210109,sent,"{
    'CSV': '3MP43UUGBKBLXELX',
    'DatosPresentacion': {
        'NIFPresentador': 'B74125311',
        'TimestampPre"
607,1,in_invoice,S/FRA/2021/0337,21-0019,sent,"{
    'CSV': '9RTXRNLDP7AQ2N72',
    'DatosPresentacion': {
        'NIFPresentador': 'B74125311',
        'TimestampPre"
608,1,in_invoice,S/FRA/2021/0336,A2106224,sent,"{
    'CSV': 'CB76G4VUZUMVB5KD',
    'DatosPresentacion': {
        'NIFPresentador': 'B74125311',
        'TimestampPre"
609,1,in_invoice,S/FRA/2021/0335,13,sent,"{
    'CSV': 'CHAJ9G66SP5DQSW2',
    'DatosPresentacion': {
        'NIFPresentador': 'B74125311',
        'TimestampPre"
610,1,in_invoice,S/FRA/2021/0334,1169-2021,sent,"{
    'CSV': 'V8L7KKG5SA778UTN',
    'DatosPresentacion': {
        'NIFPresentador': 'B74125311',
        'TimestampPre"
510,1,in_invoice,S/FRA/2021/0333,AF/1364/02,sent,"{
    'CSV': 'EKV3PJ4HE9FWKLJN',
    'DatosPresentacion': {
        'NIFPresentador': 'B74125311',
        'TimestampPre"
500,1,in_invoice,S/FRA/2021/0332,AF/0860/02,sent,"{
    'CSV': 'MJLUZ8LZ4NANEFWF',
    'DatosPresentacion': {
        'NIFPresentador': 'B74125311',
        'TimestampPre"
499,1,in_invoice,S/FRA/2021/0331,AF/1371/01,sent,"{
    'CSV': 'MUEKSE423MUSSF5P',
    'DatosPresentacion': {
        'NIFPresentador': 'B74125311',
        'TimestampPre"
498,1,in_invoice,S/FRA/2021/0330,AF/0869/01,sent,"{
    'CSV': 'X8SRSNGYSNC8WR9Y',
    'DatosPresentacion': {
        'NIFPresentador': 'B74125311',
        'TimestampPre"
497,1,in_invoice,S/FRA/2021/0329,AF/1370/01,sent,"{
    'CSV': 'U68REXHT5RMP6UMF',
    'DatosPresentacion': {
        'NIFPresentador': 'B74125311',
        'TimestampPre"
496,1,in_invoice,S/FRA/2021/0328,AF/1369/01,not_sent,
495,1,in_invoice,S/FRA/2021/0327,AF/1368/01,not_sent,
494,1,in_invoice,S/FRA/2021/0326,AF/0735/01,sent,"{
    'CSV': '35E3RDTUY8LKFR7F',
    'DatosPresentacion': {
        'NIFPresentador': 'B74125311',
        'TimestampPre"
493,1,in_invoice,S/FRA/2021/0325,AF/1366/01,sent,"{
    'CSV': 'XDKF5ENYVFG8CCF2',
    'DatosPresentacion': {
        'NIFPresentador': 'B74125311',
        'TimestampPre"
492,1,in_invoice,S/FRA/2021/0324,AF/1364/01,sent,"{
    'CSV': 'WVTT2875JM683ZRC',
    'DatosPresentacion': {
        'NIFPresentador': 'B74125311',
        'TimestampPre"
491,1,in_invoice,S/FRA/2021/0323,AF/1363/01,sent,"{
    'CSV': 'LTEN8QWKHTFQGVFT',
    'DatosPresentacion': {
        'NIFPresentador': 'B74125311',
        'TimestampPre"
490,1,in_invoice,S/FRA/2021/0322,AF/1010/01,sent,"{
    'CSV': 'SPVSTBZWZSG2VMK8',
    'DatosPresentacion': {
        'NIFPresentador': 'B74125311',
        'TimestampPre"
489,1,in_invoice,S/FRA/2021/0321,AF/1362/01,sent,"{
    'CSV': 'JBHNV9R2NMSGE3QV',
    'DatosPresentacion': {
        'NIFPresentador': 'B74125311',
        'TimestampPre"
488,1,in_invoice,S/FRA/2021/0320,AF/0860/01,sent,"{
    'CSV': 'MHLR782TWDF6G95E',
    'DatosPresentacion': {
        'NIFPresentador': 'B74125311',
        'TimestampPre"
487,1,in_invoice,S/FRA/2021/0319,AF/1360/01,sent,"{
    'CSV': 'FS9RGP5VSQ2NJ6D7',
    'DatosPresentacion': {
        'NIFPresentador': 'B74125311',
        'TimestampPre"
561,1,in_refund,RS/FRA/2021/0008,21/ABO 15,sent,"{
    'CSV': 'G2RBEKZSGEZAWRYA',
    'DatosPresentacion': {
        'NIFPresentador': 'B74125311',
        'TimestampPre"
605,1,in_refund,RS/FRA/2021/0007,21.035,sent,"{
    'CSV': 'Y5UZCCNRR24MHDTJ',
    'DatosPresentacion': {
        'NIFPresentador': 'B74125311',
        'TimestampPre"
297,1,in_invoice,S/FRA/2021/0214,RECTIFICATIVA,not_sent,
292,1,in_invoice,S/FRA/2021/0196,RECTIFICATIVA,not_sent,
221,1,in_invoice,S/FRA/2021/0118,RECTIFICATIVA,not_sent,
211,1,in_invoice,S/FRA/2021/0073,RECTIFICATIVA,not_sent,
205,1,in_invoice,S/FRA/2021/0037,RECTIFICATIVA,not_sent,
485,1,in_invoice,S/FRA/2021/0318,5211,not_sent,
484,1,in_invoice,S/FRA/2021/0317,A000029465,not_sent,
483,1,in_invoice,S/FRA/2021/0316,142/2021,not_sent,
482,1,in_invoice,S/FRA/2021/0315,141/2021,not_sent,
481,1,in_invoice,S/FRA/2021/0314,140/2021,not_sent,
480,1,in_invoice,S/FRA/2021/0313,139/2021,not_sent,
479,1,in_invoice,S/FRA/2021/0312,138/2021,not_sent,
478,1,in_invoice,S/FRA/2021/0311,2021/09800/00000007,not_sent,
477,1,in_invoice,S/FRA/2021/0310,2021/09800/00000008,not_sent,
476,1,in_invoice,S/FRA/2021/0309,F483633,not_sent,
475,1,in_invoice,S/FRA/2021/0308,21/28,not_sent,
474,1,in_invoice,S/FRA/2021/0307,T/1630/2021,not_sent,
473,1,in_invoice,S/FRA/2021/0306,FD21-41520,not_sent,
472,1,in_invoice,S/FRA/2021/0305,001058,not_sent,
471,1,in_invoice,S/FRA/2021/0304,001D000210,not_sent,
470,1,in_invoice,S/FRA/2021/0303,21-0011,not_sent,
469,1,in_invoice,S/FRA/2021/0302,21-0010,not_sent,
468,1,in_invoice,S/FRA/2021/0301,21-0009,not_sent,
467,1,in_invoice,S/FRA/2021/0300,A2105424,not_sent,
466,1,in_invoice,S/FRA/2021/0299,2021-246,not_sent,
465,1,in_invoice,S/FRA/2021/0298,2021/AES004523,not_sent,
464,1,in_invoice,S/FRA/2021/0297,1066-2021,not_sent,
463,1,in_invoice,S/FRA/2021/0296,860,not_sent,
462,1,in_invoice,S/FRA/2021/0295,861,not_sent,
461,1,in_invoice,S/FRA/2021/0294,A10016176860-0721,not_sent,
460,1,in_invoice,S/FRA/2021/0293,A000029277,not_sent,
459,1,in_invoice,S/FRA/2021/0292,1NSN210700244183,not_sent,
458,1,in_invoice,S/FRA/2021/0291,312-KF21-10898,not_sent,
457,1,in_invoice,S/FRA/2021/0290,RI 21000188,not_sent,
456,1,in_invoice,S/FRA/2021/0289,L210060815,not_sent,
455,1,in_invoice,S/FRA/2021/0288,4,not_sent,
454,1,in_invoice,S/FRA/2021/0287,933-2021,not_sent,
453,1,in_invoice,S/FRA/2021/0286,18742101P0175837,not_sent,
452,1,in_invoice,S/FRA/2021/0285,21233,not_sent,
451,1,in_invoice,S/FRA/2021/0284,04/2021/07,not_sent,
450,1,in_invoice,S/FRA/2021/0283,FD21-33180,not_sent,
449,1,in_invoice,S/FRA/2021/0282,21/422,not_sent,
448,1,in_invoice,S/FRA/2021/0281,243,not_sent,
447,1,in_invoice,S/FRA/2021/0280,21-0002,not_sent,
446,1,in_invoice,S/FRA/2021/0279,210728,not_sent,
445,1,in_invoice,S/FRA/2021/0278,001D000177,not_sent,
444,1,in_invoice,S/FRA/2021/0277,001D000176,not_sent,
443,1,in_invoice,S/FRA/2021/0276,001D000175,not_sent,
442,1,in_invoice,S/FRA/2021/0275,001D000174,not_sent,
441,1,in_invoice,S/FRA/2021/0274,2.190/F,not_sent,
440,1,in_invoice,S/FRA/2021/0273,21/490,not_sent,
439,1,in_invoice,S/FRA/2021/0272,A-825,not_sent,
437,1,in_invoice,S/FRA/2021/0270,A-684,not_sent,
436,1,in_invoice,S/FRA/2021/0269,A2103972,not_sent,
435,1,in_invoice,S/FRA/2021/0268,A2104759,not_sent,
434,1,in_invoice,S/FRA/2021/0267,VF21-07-0114,not_sent,
433,1,in_invoice,S/FRA/2021/0266,2.209/F,not_sent,
432,1,in_invoice,S/FRA/2021/0265,H0663/0008,not_sent,
431,1,in_invoice,S/FRA/2021/0264,191/2021,not_sent,
438,1,in_invoice,S/FRA/2021/0271,A-775,not_sent,
430,1,in_invoice,S/FRA/2021/0263,H0663/0007,not_sent,
429,1,in_invoice,S/FRA/2021/0262,187/2021,not_sent,
428,1,in_invoice,S/FRA/2021/0261,21/25,not_sent,
427,1,in_invoice,S/FRA/2021/0260,21/18,not_sent,
426,1,in_invoice,S/FRA/2021/0259,52,not_sent,
340,1,in_invoice,S/FRA/2021/0258,H0663/0006,not_sent,
339,1,in_invoice,S/FRA/2021/0257,147/2021,not_sent,
338,1,in_invoice,S/FRA/2021/0256,21/364,not_sent,
337,1,in_invoice,S/FRA/2021/0255,21/365,not_sent,
336,1,in_invoice,S/FRA/2021/0254,21/366,not_sent,
335,1,in_invoice,S/FRA/2021/0253,21/368,not_sent,
334,1,in_invoice,S/FRA/2021/0252,001G000202,not_sent,
333,1,in_invoice,S/FRA/2021/0251,001D000140,not_sent,
332,1,in_invoice,S/FRA/2021/0250,1HSN210600473090,not_sent,
331,1,in_invoice,S/FRA/2021/0249,J210000311,not_sent,
330,1,in_invoice,S/FRA/2021/0248,A10016088398-0621,not_sent,
329,1,in_invoice,S/FRA/2021/0247,652210100,not_sent,
328,1,in_invoice,S/FRA/2021/0246,FAO211220,not_sent,
327,1,in_invoice,S/FRA/2021/0245,INV91794032,not_sent,
326,1,in_invoice,S/FRA/2021/0244,21/367,not_sent,
325,1,in_invoice,S/FRA/2021/0243,4/2021,not_sent,
324,1,in_invoice,S/FRA/2021/0242,1.754/F,not_sent,
323,1,in_invoice,S/FRA/2021/0241,F210156473,not_sent,
322,1,in_invoice,S/FRA/2021/0240,F210156483,not_sent,
321,1,in_invoice,S/FRA/2021/0239,VF21-06-0081,not_sent,
320,1,in_invoice,S/FRA/2021/0238,A2103737,not_sent,
319,1,in_invoice,S/FRA/2021/0237,1NSN210600037867,not_sent,
318,1,in_invoice,S/FRA/2021/0236,S210436,not_sent,
317,1,in_invoice,S/FRA/2021/0235,1HSN210600086216,not_sent,
303,1,in_invoice,S/FRA/2021/0234,FD21-25079,not_sent,
302,1,in_invoice,S/FRA/2021/0233,H0663/0005,not_sent,
301,1,in_invoice,S/FRA/2021/0232,141/2021,not_sent,
175,1,in_invoice,S/FRA/2021/0231,21/299,not_sent,
174,1,in_invoice,S/FRA/2021/0230,2021/02,not_sent,
173,1,in_invoice,S/FRA/2021/0229,21/297,not_sent,
172,1,in_invoice,S/FRA/2021/0228,2370003450,not_sent,
171,1,in_invoice,S/FRA/2021/0227,21/298,not_sent,
170,1,in_invoice,S/FRA/2021/0226,001D000083,not_sent,
169,1,in_invoice,S/FRA/2021/0225,001G000122,not_sent,
168,1,in_invoice,S/FRA/2021/0224,224/21,not_sent,
167,1,in_invoice,S/FRA/2021/0223,21/00437,not_sent,
166,1,in_invoice,S/FRA/2021/0222,057*05/21,not_sent,
164,1,in_invoice,S/FRA/2021/0221,1.437/F,not_sent,
165,1,in_invoice,S/FRA/2021/0220,1.474/F,not_sent,
163,1,in_invoice,S/FRA/2021/0219,1.401/F,not_sent,
300,1,in_invoice,S/FRA/2021/0218,F21/16,not_sent,
162,1,in_invoice,S/FRA/2021/0217,1HSN210500411886,not_sent,
299,1,in_invoice,S/FRA/2021/0216,18742101P0123716,not_sent,
161,1,in_invoice,S/FRA/2021/0215,D20 288,not_sent,
160,1,in_refund,RS/FRA/2021/0006,P2/20,not_sent,
159,1,in_invoice,S/FRA/2021/0213,T/959/2021,not_sent,
158,1,in_invoice,S/FRA/2021/0212,21/088,not_sent,
157,1,in_invoice,S/FRA/2021/0211,A-440,not_sent,
156,1,in_invoice,S/FRA/2021/0210,04/2021/05,not_sent,
155,1,in_invoice,S/FRA/2021/0209,VF21-05-0076,not_sent,
154,1,in_invoice,S/FRA/2021/0208,005-A21-003838,not_sent,
296,1,in_invoice,S/FRA/2021/0207,20ES00204530129820,not_sent,
295,1,in_invoice,S/FRA/2021/0206,20ES00204530130835,not_sent,
294,1,in_invoice,S/FRA/2021/0205,20ES00204530131393,not_sent,
293,1,in_invoice,S/FRA/2021/0204,H0663/0004,not_sent,
125,1,in_invoice,S/FRA/2021/0203,460-2021,not_sent,
153,1,in_invoice,S/FRA/2021/0202,001G000043,not_sent,
152,1,in_invoice,S/FRA/2021/0201,001D000029,not_sent,
151,1,in_invoice,S/FRA/2021/0200,21/266,not_sent,
150,1,in_invoice,S/FRA/2021/0199,21/225,not_sent,
149,1,in_invoice,S/FRA/2021/0198,A-316,not_sent,
148,1,in_invoice,S/FRA/2021/0197,A2102654,not_sent,
147,1,in_invoice,S/FRA/2021/0195,1.092/F,not_sent,
146,1,in_invoice,S/FRA/2021/0194,1HSN210400085987,not_sent,
145,1,in_invoice,S/FRA/2021/0193,FD21-14334,not_sent,
144,1,in_invoice,S/FRA/2021/0192,A10015909962-0421,not_sent,
143,1,in_invoice,S/FRA/2021/0191,FF21C00074,not_sent,
142,1,in_invoice,S/FRA/2021/0190,11/2021,not_sent,
141,1,in_invoice,S/FRA/2021/0189,F20210446,not_sent,
140,1,in_invoice,S/FRA/2021/0188,GD-21-0003,not_sent,
290,1,in_invoice,S/FRA/2021/0187,120/2021,not_sent,
291,1,in_refund,RS/FRA/2021/0005,5.369,not_sent,
139,1,in_invoice,S/FRA/2021/0186,1HSN210400043330,not_sent,
138,1,in_invoice,S/FRA/2021/0185,51,not_sent,
289,1,in_invoice,S/FRA/2021/0184,04/2021/04,not_sent,
288,1,in_invoice,S/FRA/2021/0183,VF21-04-0065,not_sent,
287,1,in_invoice,S/FRA/2021/0182,3.757,not_sent,
286,1,in_invoice,S/FRA/2021/0181,65,not_sent,
285,1,in_invoice,S/FRA/2021/0180,3.732,not_sent,
284,1,in_invoice,S/FRA/2021/0179,H2206/0001,not_sent,
283,1,in_invoice,S/FRA/2021/0178,420,not_sent,
137,1,in_invoice,S/FRA/2021/0177,FV21/0018,not_sent,
136,1,in_invoice,S/FRA/2021/0176,D21 008,not_sent,
193,1,in_invoice,S/FRA/2021/0175,21/9,not_sent,
186,1,in_invoice,S/FRA/2021/0174,21/10,not_sent,
190,1,in_invoice,S/FRA/2021/0173,21/11,not_sent,
282,1,in_invoice,S/FRA/2021/0172,21/12 (CORREGIR),not_sent,
188,1,in_invoice,S/FRA/2021/0171,21/13,not_sent,
192,1,in_invoice,S/FRA/2021/0170,21/18,not_sent,
191,1,in_invoice,S/FRA/2021/0169,21/17,not_sent,
187,1,in_invoice,S/FRA/2021/0168,21/14,not_sent,
275,1,in_invoice,S/FRA/2021/0167,156,not_sent,
274,1,in_invoice,S/FRA/2021/0166,155,not_sent,
271,1,in_invoice,S/FRA/2021/0165,21-0004,not_sent,
135,1,in_invoice,S/FRA/2021/0164,21121,not_sent,
267,1,in_invoice,S/FRA/2021/0163,323795,not_sent,
266,1,in_invoice,S/FRA/2021/0162,21-0009,not_sent,
264,1,in_invoice,S/FRA/2021/0161,A/21-0024,not_sent,
262,1,in_invoice,S/FRA/2021/0160,F202100012,not_sent,
261,1,in_invoice,S/FRA/2021/0159,2021 - 001,not_sent,
244,1,in_invoice,S/FRA/2021/0158,H2250/0001,not_sent,
243,1,in_invoice,S/FRA/2021/0157,H2255/0001,not_sent,
242,1,in_invoice,S/FRA/2021/0156,H2080/0001,not_sent,
134,1,in_invoice,S/FRA/2021/0155,A10015632455-0121,not_sent,
196,1,in_invoice,S/FRA/2021/0154,3.082/F,not_sent,
194,1,in_invoice,S/FRA/2021/0153,3.822/F,not_sent,
195,1,in_invoice,S/FRA/2021/0152,3.455/F,not_sent,
241,1,in_invoice,S/FRA/2021/0151,VF21-01-0174,not_sent,
240,1,in_invoice,S/FRA/2021/0150,A-18,not_sent,
239,1,in_invoice,S/FRA/2021/0149,A-73,not_sent,
238,1,in_invoice,S/FRA/2021/0148,F421694,not_sent,
237,1,in_invoice,S/FRA/2021/0147,48,not_sent,
236,1,in_invoice,S/FRA/2021/0146,INV-053013,not_sent,
235,1,in_invoice,S/FRA/2021/0145,18742101P0018624,not_sent,
133,1,in_invoice,S/FRA/2021/0144,FD21-1239,not_sent,
234,1,in_invoice,S/FRA/2021/0143,5.091,not_sent,
185,1,in_invoice,S/FRA/2021/0142,21/15,not_sent,
184,1,in_invoice,S/FRA/2021/0141,21/16,not_sent,
183,1,in_invoice,S/FRA/2021/0140,21/19,not_sent,
179,1,in_invoice,S/FRA/2021/0139,310/F,not_sent,
178,1,in_invoice,S/FRA/2021/0138,297/F,not_sent,
176,1,in_invoice,S/FRA/2021/0137,281/ F,not_sent,
177,1,in_invoice,S/FRA/2021/0136,282/F,not_sent,
233,1,in_invoice,S/FRA/2021/0135,A/21-0023,not_sent,
232,1,in_invoice,S/FRA/2021/0134,H2254/0001,not_sent,
197,1,in_invoice,S/FRA/2021/0133,3.448/F,not_sent,
231,1,in_invoice,S/FRA/2021/0132,75/03771573,not_sent,
229,1,in_invoice,S/FRA/2021/0130,75/03804662,not_sent,
228,1,in_invoice,S/FRA/2021/0129,101/2021,not_sent,
227,1,in_invoice,S/FRA/2021/0128,000598/21,not_sent,
132,1,in_invoice,S/FRA/2021/0127,FD21-9321,not_sent,
226,1,in_invoice,S/FRA/2021/0126,A2100454,not_sent,
131,1,in_invoice,S/FRA/2021/0125,50,not_sent,
130,1,in_invoice,S/FRA/2021/0124,A-208,not_sent,
129,1,in_invoice,S/FRA/2021/0123,N-166/21,not_sent,
225,1,in_invoice,S/FRA/2021/0122,05/2021/03,not_sent,
224,1,in_invoice,S/FRA/2021/0121,VF21-03-0080,not_sent,
223,1,in_invoice,S/FRA/2021/0120,A2102092,not_sent,
222,1,in_invoice,S/FRA/2021/0119,692/ F,not_sent,
128,1,in_invoice,S/FRA/2021/0117,A000028786,not_sent,
220,1,in_invoice,S/FRA/2021/0116,18742101P0071254,not_sent,
127,1,in_invoice,S/FRA/2021/0115,1NSN210300463863,not_sent,
182,1,in_invoice,S/FRA/2021/0114,21/159,not_sent,
181,1,in_invoice,S/FRA/2021/0113,21/160,not_sent,
180,1,in_invoice,S/FRA/2021/0112,21/161,not_sent,
219,1,in_invoice,S/FRA/2021/0111,621/F,not_sent,
218,1,in_invoice,S/FRA/2021/0110,655/ F,not_sent,
217,1,in_invoice,S/FRA/2021/0109,Q210015366,not_sent,
126,1,in_invoice,S/FRA/2021/0108,T/589/2021,not_sent,
216,1,in_invoice,S/FRA/2021/0107,5.263,not_sent,
215,1,in_invoice,S/FRA/2021/0106,386-2021,not_sent,
124,1,in_invoice,S/FRA/2021/0105,21126,not_sent,
199,1,in_invoice,S/FRA/2021/0104,021.017,not_sent,
198,1,in_invoice,S/FRA/2021/0103,2021-46,not_sent,
203,1,in_invoice,S/FRA/2021/0102,A000028701,not_sent,
214,1,in_invoice,S/FRA/2021/0101,H0663/0003,not_sent,
91,1,in_refund,RS/FRA/2021/0004,AV-000094 DE A000028564,not_sent,
213,1,in_invoice,S/FRA/2021/0100,H0663/0002,not_sent,
212,1,in_invoice,S/FRA/2021/0099,24/2021,not_sent,
123,1,in_invoice,S/FRA/2021/0098,49,not_sent,
122,1,in_invoice,S/FRA/2021/0097,VF21-02-0097,not_sent,
121,1,in_invoice,S/FRA/2021/0096,FD21-4562,not_sent,
120,1,in_invoice,S/FRA/2021/0095,INV67001075,not_sent,
119,1,in_invoice,S/FRA/2021/0094,A-118,not_sent,
118,1,in_invoice,S/FRA/2021/0093,1NSN210200118758,not_sent,
116,1,in_invoice,S/FRA/2021/0092,1HSN210200099721,not_sent,
115,1,in_invoice,S/FRA/2021/0091,A2101107,not_sent,
114,1,in_invoice,S/FRA/2021/0090,F210103909,not_sent,
113,1,in_invoice,S/FRA/2021/0089,E210000322,not_sent,
112,1,in_invoice,S/FRA/2021/0088,1HSN210200406194,not_sent,
111,1,in_invoice,S/FRA/2021/0087,21/85,not_sent,
109,1,in_invoice,S/FRA/2021/0086,21/86,not_sent,
110,1,in_invoice,S/FRA/2021/0085,21/87,not_sent,
108,1,in_invoice,S/FRA/2021/0084,1360/2020,not_sent,
106,1,in_invoice,S/FRA/2021/0083,28,not_sent,
107,1,in_invoice,S/FRA/2021/0082,27,not_sent,
105,1,in_invoice,S/FRA/2021/0081,SER-21-0040,not_sent,
104,1,in_invoice,S/FRA/2021/0080,SER-20-0489,not_sent,
103,1,in_invoice,S/FRA/2021/0079,1/2021,not_sent,
102,1,in_invoice,S/FRA/2021/0078,FD21-3855,not_sent,
101,1,in_invoice,S/FRA/2021/0077,21118,not_sent,
100,1,in_invoice,S/FRA/2021/0076,001,not_sent,
99,1,in_invoice,S/FRA/2021/0075,001/2021,not_sent,
98,1,in_invoice,S/FRA/2021/0074,05/2021,not_sent,
97,1,in_invoice,S/FRA/2021/0072,1/2021,not_sent,
96,1,in_invoice,S/FRA/2021/0071,21-0008,not_sent,
95,1,in_invoice,S/FRA/2021/0070,F202100013,not_sent,
92,1,in_invoice,S/FRA/2021/0069,A000028724,not_sent,
90,1,in_invoice,S/FRA/2021/0068,102/21,not_sent,
89,1,in_invoice,S/FRA/2021/0067,3,not_sent,
88,1,in_invoice,S/FRA/2021/0066,210221,not_sent,
87,1,in_invoice,S/FRA/2021/0065,D200101678,not_sent,
86,1,in_invoice,S/FRA/2021/0064,N200255946,not_sent,
209,1,in_invoice,S/FRA/2021/0063,H2246/0001,not_sent,
85,1,in_invoice,S/FRA/2021/0062,H1827/0001,not_sent,
84,1,in_invoice,S/FRA/2021/0061,H2248/0001,not_sent,
83,1,in_invoice,S/FRA/2021/0060,H2252/0001,not_sent,
82,1,in_invoice,S/FRA/2021/0059,H2247/0001,not_sent,
81,1,in_invoice,S/FRA/2021/0058,H1828/0001,not_sent,
80,1,in_invoice,S/FRA/2021/0057,H1754/0001,not_sent,
79,1,in_invoice,S/FRA/2021/0056,H2253/0001,not_sent,
78,1,in_invoice,S/FRA/2021/0055,H2251/0001,not_sent,
210,1,in_refund,RS/FRA/2021/0003,5.174,not_sent,
208,1,in_invoice,S/FRA/2021/0054,H0663/0001,not_sent,
207,1,in_invoice,S/FRA/2021/0053,11/2021,not_sent,
206,1,in_invoice,S/FRA/2021/0052,260121,not_sent,
77,1,in_invoice,S/FRA/2021/0051,2021/09800/00000002,not_sent,
76,1,in_invoice,S/FRA/2021/0050,01/2021,not_sent,
75,1,in_invoice,S/FRA/2021/0049,4,not_sent,
74,1,in_invoice,S/FRA/2021/0048,82,not_sent,
73,1,in_invoice,S/FRA/2021/0047,108,not_sent,
72,1,in_invoice,S/FRA/2021/0046,2021-0017,not_sent,
71,1,in_invoice,S/FRA/2021/0045,FO1/131,not_sent,
70,1,in_invoice,S/FRA/2021/0044,001389,not_sent,
69,1,in_invoice,S/FRA/2021/0043,FD21-383,not_sent,
68,1,in_invoice,S/FRA/2021/0042,FD21-1771,not_sent,
67,1,in_invoice,S/FRA/2021/0041,FD21-2628,not_sent,
66,1,in_invoice,S/FRA/2021/0040,210092,not_sent,
64,1,in_invoice,S/FRA/2021/0039,1,not_sent,
65,1,in_invoice,S/FRA/2021/0038,2,not_sent,
63,1,in_invoice,S/FRA/2021/0036,5.089,not_sent,
61,1,in_invoice,S/FRA/2021/0035,2021-12,not_sent,
60,1,in_invoice,S/FRA/2021/0034,4-21,not_sent,
57,1,in_invoice,S/FRA/2021/0033,06/2021,not_sent,
58,1,in_invoice,S/FRA/2021/0032,5/2021,not_sent,
59,1,in_invoice,S/FRA/2021/0031,4/2021,not_sent,
56,1,in_invoice,S/FRA/2021/0030,830,not_sent,
20,1,in_invoice,S/FRA/2021/0029,9216100005,not_sent,
19,1,in_invoice,S/FRA/2021/0028,9216100006,not_sent,
52,1,in_invoice,S/FRA/2021/0027,06/2021,not_sent,
53,1,in_invoice,S/FRA/2021/0026,05/2021,not_sent,
54,1,in_invoice,S/FRA/2021/0025,04/2021,not_sent,
55,1,in_invoice,S/FRA/2021/0024,03/2021,not_sent,
51,1,in_invoice,S/FRA/2021/0023,02/2021,not_sent,
50,1,in_invoice,S/FRA/2021/0022,01/2021,not_sent,
40,1,in_invoice,S/FRA/2021/0021,21-0003,not_sent,
39,1,in_invoice,S/FRA/2021/0020,21-0001,not_sent,
38,1,in_invoice,S/FRA/2021/0019,21-0005,not_sent,
37,1,in_invoice,S/FRA/2021/0018,5.042,not_sent,
36,1,in_invoice,S/FRA/2021/0017,5.041,not_sent,
35,1,in_invoice,S/FRA/2021/0016,5.043,not_sent,
34,1,in_invoice,S/FRA/2021/0015,A/20-0176,not_sent,
33,1,in_invoice,S/FRA/2021/0014,695/20,not_sent,
32,1,in_invoice,S/FRA/2021/0013,74/00316130,not_sent,
30,1,in_invoice,S/FRA/2021/0011,A000028289,not_sent,
29,1,in_invoice,S/FRA/2021/0010,3.861/F,not_sent,
28,1,in_invoice,S/FRA/2021/0009,3.860/F,not_sent,
27,1,in_invoice,S/FRA/2021/0008,A2008207,not_sent,
26,1,in_invoice,S/FRA/2021/0007,FD2054930,not_sent,
25,1,in_invoice,S/FRA/2021/0006,001331,not_sent,
24,1,in_invoice,S/FRA/2021/0005,NN-20-05235,not_sent,
23,1,in_invoice,S/FRA/2021/0004,2020 A 0000164,not_sent,
21,1,in_invoice,S/FRA/2021/0003,20005072,not_sent,
22,1,in_invoice,S/FRA/2021/0002,20004853,not_sent,
18,1,in_invoice,S/FRA/2021/0001,2.622/F,not_sent,
62,1,in_refund,RS/FRA/2021/0002,5090,not_sent,
31,1,in_refund,RS/FRA/2021/0001,74/00316129,not_sent,
