company_id,move_id,move_type,name,ref,payment_reference,src_state,aeat_send_error
1,15845,in_invoice,S/FRA/2023/1013,OO/2023/013,"",sent,""
1,16640,in_invoice,S/FRA/2024/0081,FV21747,Mantenimiento Odoo,sent,""
1,18376,in_invoice,S/FRA/2024/0286,FV21838,Mantenimiento Odoo,sent,""
1,26711,in_invoice,S/FRA/2025/0748,ES5815TABEY,"",not_sent,""
1,16085,in_invoice,S/FRA/2024/0011,FV21714,Mantenimiento Odoo,sent,""
1,18941,in_invoice,S/FRA/2024/0344,FV21894,Mantenimiento Odoo,sent,""
1,18889,in_invoice,S/FRA/2024/0353,FV21864,Mantenimiento Odoo,sent,""
1,23789,in_invoice,S/FRA/2025/0234,OVIE-250067,"",sent,""
1,21148,in_invoice,S/FRA/2024/0800,FV21971,Mantenimiento Odoo,sent,""
1,19352,in_invoice,S/FRA/2024/0572,FV21919,Mantenimiento Odoo,sent,""
1,21125,in_invoice,S/FRA/2024/0775,1122-2024,"",sent,""
1,19720,in_invoice,S/FRA/2024/0573,FV21945,Mantenimiento Odoo,sent,""
1,26718,in_invoice,S/FRA/2025/0751,AP-2/2025,"",not_sent,""
1,11387,in_invoice,S/FRA/2023/0267,211140030,"",sent,""
1,11397,in_invoice,S/FRA/2023/0277,301210019,"",sent,""
1,16546,in_invoice,S/FRA/2024/0108,2024000782,"",sent,""
1,4034,in_invoice,S/FRA/2022/0151,BL7/2021/1/41650,"",sent,""
1,4035,in_invoice,S/FRA/2022/0139,BL7/2021/1/40984,"",sent,""
1,21446,in_invoice,S/FRA/2024/0900,FV22029,Mantenimiento Odoo,sent,""
1,21514,in_invoice,S/FRA/2024/0880,FA2400474,"",sent,""
1,16013,in_invoice,S/FRA/2023/1133,BL7/2023/1/27196,"",sent,""
1,16030,in_invoice,S/FRA/2023/1069,BL7/2023/19976,"",sent,""
1,16011,in_invoice,S/FRA/2023/1074,BL7/2023/2/24344,"",sent,""
1,19507,in_invoice,S/FRA/2024/0434,TB-2024-F 41,"",sent,""
1,21642,in_invoice,S/FRA/2024/0919,F000101-658,"",sent,""
1,21149,in_invoice,S/FRA/2024/0799,FV22000,Mantenimiento Odoo,sent,""
1,6387,in_invoice,S/FRA/2022/0377,000177,"",sent,""
1,21672,in_invoice,S/FRA/2024/0909,6.891,"",sent,""
1,26723,in_invoice,S/FRA/2025/0758,125/2025,"",not_sent,""
1,19957,in_invoice,S/FRA/2024/0535,040/325993,"",sent,""
1,23837,in_invoice,S/FRA/2025/0246,2025112,"",sent,""
1,19786,in_invoice,S/FRA/2024/0481,24-78,"",sent,""
1,26467,in_invoice,S/FRA/2025/0754,PE013465,"",not_sent,""
1,20603,in_invoice,S/FRA/2024/0742,05/2024,"",sent,""
1,20081,in_invoice,S/FRA/2024/0748,FA 242212,"",sent,""
1,6396,in_invoice,S/FRA/2022/0370,30-0,"",sent,""
1,22048,in_invoice,S/FRA/2024/0982,15/2024,"",sent,""
1,19790,in_invoice,S/FRA/2024/0485,006/2024,"",sent,""
1,20329,in_invoice,S/FRA/2024/0699,F139-2024,"",sent,""
1,20672,in_invoice,S/FRA/2024/0733,A-V2024-00004747259,"",sent,""
1,6401,in_invoice,S/FRA/2022/0374,I513502F0000065,"",sent,""
1,19907,in_invoice,S/FRA/2024/0471,AF/2982/01,"",sent,""
1,26492,in_invoice,/,25/566,"",not_sent,""
1,19673,in_invoice,S/FRA/2024/0464,1TSN240900061033,"",sent,""
1,21515,in_invoice,S/FRA/2024/0879,FA2400475,"",sent,""
1,319,in_invoice,S/FRA/2021/0237,1NSN210600037867,"",not_sent,""
1,459,in_invoice,S/FRA/2021/0292,1NSN210700244183,"",not_sent,""
1,26906,in_invoice,/,"","",not_sent,""
1,17140,in_invoice,S/FRA/2024/0168,000038,"",sent,""
1,20281,in_invoice,S/FRA/2024/0566,OO/2024/011,"",sent,""
1,21516,in_invoice,S/FRA/2024/0876,FA2410806,"",sent,""
1,26728,in_invoice,S/FRA/2025/0756,035,"",not_sent,""
1,19984,in_invoice,S/FRA/2024/0515,000223,"",sent,""
1,18426,in_invoice,S/FRA/2024/0320,OO/2024/006,"",sent,""
1,20400,in_invoice,S/FRA/2024/0661,A 240550,"",sent,""
1,2893,in_invoice,S/FRA/2021/0553,RI 21000306,"",sent,""
1,26669,in_invoice,S/FRA/2025/0760,16/2025,"",not_sent,""
1,6372,in_invoice,S/FRA/2022/0403,A/2595/2022,"",sent,""
1,26713,in_invoice,S/FRA/2025/0739,1NSN251100230535,"",not_sent,""
1,19985,in_invoice,S/FRA/2024/0516,000224,"",sent,""
1,16560,in_invoice,S/FRA/2024/0094,1TSN240100416616,"",sent,""
1,21123,in_invoice,S/FRA/2024/0809,13-2024,"",sent,""
1,20682,in_invoice,S/FRA/2024/0723,A-1554,"",sent,""
1,22390,in_invoice,S/FRA/2024/1041,A10019352282-1224,"",sent,""
1,6373,in_invoice,S/FRA/2022/0400,01/2022,"",sent,""
1,19955,in_invoice,S/FRA/2024/0537,95-223304,"",sent,""
1,86,in_invoice,S/FRA/2021/0064,N200255946,"",not_sent,""
1,22119,in_invoice,S/FRA/2025/0004,ES546AABEY,"",sent,""
1,2492,in_invoice,S/FRA/2021/0591,1NSN211000050878,"",sent,""
1,21670,in_invoice,S/FRA/2024/0911,19-2024,"",sent,""
1,26454,in_invoice,S/FRA/2025/0731,20,"",not_sent,""
1,22019,in_invoice,S/FRA/2024/0983,4,"",sent,""
1,6376,in_invoice,S/FRA/2022/0409,7,"",sent,""
1,20108,in_invoice,S/FRA/2024/0553,7/2024,"",sent,""
1,20119,in_invoice,S/FRA/2024/0543,ES44FAUABEY,"",sent,""
1,21517,in_invoice,S/FRA/2024/0875,FA2410807,"",sent,""
1,6402,in_invoice,S/FRA/2022/0376,193,"",sent,""
1,21539,in_invoice,S/FRA/2024/0872,5.402/F,"",sent,""
1,21893,in_invoice,S/FRA/2024/0995,1/2024,"",sent,""
1,20279,in_invoice,S/FRA/2024/0564,OO/2024/009,"",sent,""
1,18994,in_invoice,S/FRA/2024/0342,1TSN240600240911,"",sent,""
1,20570,in_invoice,S/FRA/2024/0709,312-KF24-11861,"",sent,""
1,20569,in_invoice,S/FRA/2024/0708,A10019238361-1024,"",sent,""
1,20280,in_invoice,S/FRA/2024/0565,OO/2024/010,"",sent,""
1,20568,in_invoice,S/FRA/2024/0707,A10019201739-1024,"",sent,""
1,17216,in_invoice,S/FRA/2024/0150,FMI/364,"",sent,""
1,19934,in_invoice,S/FRA/2024/0493,26,"",sent,""
1,17212,in_invoice,S/FRA/2024/0153,20953/2024,"",sent,""
1,17217,in_invoice,S/FRA/2024/0149,L9550 / 1931,"",sent,""
1,17221,in_invoice,S/FRA/2024/0147,L9700 / 14847,"",sent,""
1,6365,in_invoice,S/FRA/2022/0387,FAC-1159,"",sent,""
1,16535,in_invoice,S/FRA/2024/0119,157,"",sent,""
1,22073,in_invoice,S/FRA/2024/1011,2024-387,"",sent,""
1,19956,in_invoice,S/FRA/2024/0536,95-223619,"",sent,""
1,6377,in_invoice,S/FRA/2022/0410,1 22 0005 0000507251,"",sent,""
1,20669,in_invoice,S/FRA/2024/0736,95-224998,"",sent,""
1,19880,in_invoice,S/FRA/2024/0500,F120-2024,"",sent,""
1,21727,in_invoice,S/FRA/2024/0938,1,"",sent,""
1,21461,in_invoice,S/FRA/2024/0890,000321,"",sent,""
1,19808,in_invoice,S/FRA/2024/0503,ES44248ABEY,"",sent,""
1,21460,in_invoice,S/FRA/2024/0891,000320,"",sent,""
1,19569,in_invoice,S/FRA/2024/0446,ES43R2WABEY,"",sent,""
1,22072,in_invoice,S/FRA/2024/1012,2024-408,"",sent,""
1,23126,in_invoice,S/FRA/2025/0029,01/2025,"",sent,""
1,23201,in_invoice,S/FRA/2025/0143,25/345,"",sent,""
1,20408,in_invoice,S/FRA/2024/0675,2024-276,"",sent,""
1,19636,in_invoice,S/FRA/2024/0466,B00054367,"",sent,""
1,19620,in_invoice,S/FRA/2024/0441,A-1291,"",sent,""
1,18295,in_invoice,S/FRA/2024/0268,1TSN240300408921,"",sent,""
1,20022,in_invoice,S/FRA/2024/0662,A-1397,"",sent,""
1,19521,in_invoice,S/FRA/2024/0448,A-1257,"",sent,""
1,8438,in_invoice,S/FRA/2022/0758,FAC-1204,"",sent,""
1,19313,in_invoice,S/FRA/2024/0436,1TSN240800070036,"",sent,""
1,19218,in_invoice,S/FRA/2024/0397,A-1107,"",sent,""
1,18205,in_invoice,S/FRA/2024/0288,A-485,"",sent_modified,""
1,21487,in_invoice,S/FRA/2024/0883,8.414,"",sent,""
1,27020,in_invoice,/,16/11/2025,"",not_sent,""
1,19597,in_invoice,S/FRA/2024/0450,FRO20241493539,"",sent,""
1,19087,in_invoice,S/FRA/2024/0379,A-948,"",sent,""
1,20214,in_invoice,S/FRA/2024/0548,1TSN241000069177,"",sent,""
1,17317,in_invoice,S/FRA/2024/0183,A-328,"",sent_modified,""
1,8444,in_invoice,S/FRA/2022/0752,052-0008-774421,"",sent,""
1,17307,in_invoice,S/FRA/2024/0184,1TSN240200381744,"",sent,""
1,18668,in_invoice,S/FRA/2024/0346,A-796,"",sent_modified,""
1,13527,in_invoice,S/FRA/2023/0553,66/23,"",sent,""
1,20073,in_invoice,S/FRA/2024/0560,24/560,"",sent,""
1,16597,in_invoice,S/FRA/2024/0087,A-190,"",sent_modified,""
1,14450,in_invoice,S/FRA/2023/0791,AU20230323ZKY000198,NEXT,not_sent,3000 | Factura duplicada
1,18858,in_invoice,S/FRA/2024/0321,OO/2024/007,"",sent,""
1,21453,in_invoice,S/FRA/2024/0898,FRO20242021721,"",sent,""
1,15963,in_invoice,S/FRA/2024/0003,A-33,"",sent_modified,""
1,18857,in_invoice,S/FRA/2024/0319,OO/2024/005,"",sent,""
1,19007,in_invoice,S/FRA/2024/0373,A10018899833-0624,"",sent,""
1,18459,in_invoice,S/FRA/2024/0305,1TSN240500057228,"",sent,""
1,23792,in_invoice,S/FRA/2025/0233,164709,"",sent,""
1,8445,in_invoice,S/FRA/2022/0751,220006231,"",sent,""
1,19431,in_invoice,S/FRA/2024/0409,14/2024,"",sent,""
1,3885,in_invoice,S/FRA/2022/0180,4TM113549,"",sent,""
1,18242,in_invoice,S/FRA/2024/0256,OO/2024/003,"",sent,""
1,9322,in_invoice,/,A2209307,"",sent_modified,""
1,17492,in_invoice,/,AF/0001/01,"",sent_w_errors,2024 | El valor de ImporteTotal no coincide con el sumatorio de Bas
1,19599,in_invoice,S/FRA/2024/0439,2024000608,"",sent,""
1,9473,in_invoice,S/FRA/2023/0037,4TM00116076,"",sent,""
1,10551,in_invoice,S/FRA/2023/0123,10206,"",sent,""
1,3934,in_invoice,S/FRA/2022/0025,2567,"",sent,""
1,26536,in_invoice,/,FM25-2673,"",not_sent,""
1,18996,in_invoice,S/FRA/2024/0340,1TSN240600426783,"",sent,""
1,26907,in_invoice,/,000G009979,"",not_sent,""
1,19351,in_invoice,S/FRA/2024/0426,1TSN240800080166,"",sent,""
1,18364,in_invoice,S/FRA/2024/0291,A-643,"",sent_modified,""
1,18727,in_invoice,S/FRA/2024/0313,90-2024,"",sent,""
1,21964,in_invoice,S/FRA/2024/0975,FO4/2097,"",sent,""
1,26428,in_invoice,S/FRA/2025/0740,17,"",not_sent,""
1,26537,in_invoice,/,4.881/F,"",not_sent,""
1,23477,in_invoice,S/FRA/2025/0203,024-022,"",sent,""
1,21480,in_invoice,S/FRA/2024/0885,124,"",sent,""
1,19860,in_invoice,S/FRA/2024/0507,312-KF24-10581,"",sent,""
1,14408,in_invoice,S/FRA/2023/0794,FA-08182023-2,NEXT,not_sent,3000 | Factura duplicada
1,18241,in_invoice,S/FRA/2024/0255,OO/2024/002,"",sent,""
1,6748,in_invoice,S/FRA/2022/0514,61134525,"",sent,""
1,21384,in_invoice,S/FRA/2024/0835,24-0043,"",sent,""
1,9082,in_invoice,S/FRA/2022/0955,TRK-22-0695,"",sent,""
1,18278,in_invoice,/,33112023002878,"",sent_w_errors,2024 | El valor de ImporteTotal no coincide con el sumatorio de Bas
1,19081,in_invoice,S/FRA/2024/0385,A2404287,"",sent,""
1,21812,in_invoice,S/FRA/2024/0942,02 2024 FGL,"",sent,""
1,21424,in_invoice,S/FRA/2024/0836,8.348,"",sent,""
1,19807,in_invoice,S/FRA/2024/0474,03/2024,"",sent,""
1,18186,in_invoice,S/FRA/2024/0247,M240022148,"",sent,""
1,17241,in_invoice,S/FRA/2024/0193,F240034814,"",sent,""
1,19617,in_invoice,S/FRA/2024/0440,2024000836,"",sent,""
1,23820,in_invoice,S/FRA/2025/0245,4/2025,"",sent,""
1,9480,in_invoice,S/FRA/2023/0047,TRK-23-0044,"",sent,""
1,21481,in_invoice,S/FRA/2024/0884,1,"",sent,""
1,19990,in_invoice,S/FRA/2024/0518,S240103624,"",sent,""
1,19008,in_invoice,S/FRA/2024/0372,A10018937272-0624,"",sent,""
1,21451,in_invoice,S/FRA/2024/0860,107/EST,"",sent,""
1,21512,in_invoice,S/FRA/2024/0979,FA 242822,"",sent,""
1,9251,in_invoice,S/FRA/2022/1018,CIND/66760,"",sent,""
1,9253,in_invoice,S/FRA/2022/1016,244,"",sent,""
1,19567,in_invoice,S/FRA/2024/0443,3.519 / F,"",sent,""
1,21399,in_invoice,S/FRA/2024/0980,240187,"",sent_modified,""
1,9255,in_invoice,S/FRA/2022/1014,4728,"",sent,""
1,27050,in_invoice,/,00003550,"",not_sent,""
1,23311,in_invoice,S/FRA/2025/0138,25/1,"",sent,""
1,9481,in_invoice,S/FRA/2023/0050,TRK-23-0045,"",sent,""
1,9482,in_invoice,S/FRA/2023/0048,TRK-23-0046,"",sent,""
1,21425,in_invoice,S/FRA/2024/0931,A-1724,"",sent,""
1,21917,in_invoice,S/FRA/2024/0961,2024001156,"",sent,""
1,24441,in_invoice,S/FRA/2025/0322,T/884/2025,"",sent,""
1,21967,in_invoice,S/FRA/2024/0959,AF/1363/02,"",sent,""
1,23990,in_invoice,S/FRA/2025/0295,000121,"",sent,""
1,9483,in_invoice,S/FRA/2023/0043,TRK-23-0047,"",sent,""
1,19469,in_invoice,S/FRA/2024/0428,G240057083,"",sent,""
1,21357,in_invoice,S/FRA/2024/0824,AF/1423/01,"",sent,""
1,23196,in_invoice,S/FRA/2025/0110,84-2025,"",sent,""
1,22010,in_invoice,S/FRA/2024/0989,09,"",sent,""
1,21879,in_invoice,S/FRA/2024/1002,05/2024,"",sent,""
1,21329,in_invoice,S/FRA/2024/0852,8.256,"",sent,""
1,21886,in_invoice,S/FRA/2024/0997,2076,"",sent,""
1,6392,in_invoice,S/FRA/2022/0364,A/14323,"",sent,""
1,143,in_invoice,S/FRA/2021/0191,FF21C00074,"",not_sent,""
1,9484,in_invoice,S/FRA/2023/0046,TRK-23-0048,"",sent,""
1,1611,in_invoice,S/FRA/2021/0589,I0-000003,"",sent,""
1,16505,in_invoice,S/FRA/2024/0134,E240045783,"",sent,""
1,19184,in_invoice,S/FRA/2024/0391,L240057852,"",sent,""
1,26929,in_invoice,/,A10020027767-0925,"",not_sent,""
1,22196,in_invoice,S/FRA/2025/0016,20250016,"",sent,""
1,18997,in_invoice,S/FRA/2024/0352,J240070428,"",sent,""
1,7026,in_invoice,S/FRA/2022/0600,FRO20221600895,"",sent,""
1,14436,in_invoice,S/FRA/2023/0779,FRO20221588426,"",not_sent,3000 | Factura duplicada
1,9119,in_invoice,S/FRA/2022/0962,529950,"",sent,""
1,188,in_invoice,S/FRA/2021/0171,21/13,"",not_sent,""
1,24354,in_invoice,S/FRA/2025/0336,FM25-1093,"",sent,""
1,190,in_invoice,S/FRA/2021/0173,21/11,"",not_sent,""
1,5912,in_invoice,S/FRA/2022/0292,000018,"",sent,""
1,5885,in_invoice,S/FRA/2022/0296,000164,"",sent,""
1,5948,in_invoice,S/FRA/2022/0304,I830-02-00082,"",sent,""
1,23321,in_invoice,S/FRA/2025/0136,2025000095,"",sent,""
1,20678,in_invoice,S/FRA/2024/0727,TB081920,"",sent,""
1,17380,in_invoice,S/FRA/2024/0199,A10018674075-0324,"",sent,""
1,5926,in_invoice,S/FRA/2022/0344,000422,"",sent,""
1,191,in_invoice,S/FRA/2021/0169,21/17,"",not_sent,""
1,22049,in_invoice,S/FRA/2024/0981,1/2024,"",sent,""
1,20075,in_invoice,S/FRA/2024/0563,24/562,"",sent,""
1,18331,in_invoice,S/FRA/2024/0277,A240102987,"",sent,""
1,19078,in_invoice,S/FRA/2024/0387,Y240102804,"",sent,""
1,19858,in_invoice,S/FRA/2024/0508,A10019163455-0924,"",sent,""
1,19404,in_invoice,S/FRA/2024/0421,312-KF24-9305,"",sent,""
1,19011,in_invoice,S/FRA/2024/0359,A10019012678-0724,"",sent,""
1,19402,in_invoice,S/FRA/2024/0419,A10019088217-0824,"",sent,""
1,19403,in_invoice,S/FRA/2024/0420,A10019051455-0824,"",sent,""
1,19010,in_invoice,S/FRA/2024/0360,A10018976064-0724,"",sent,""
1,19145,in_invoice,S/FRA/2024/0392,312-KF24-8074,"",sent,""
1,19002,in_invoice,S/FRA/2024/0364,A10018786535-0424,"",sent,""
1,19009,in_invoice,S/FRA/2024/0361,312-KF24-6780,"",sent,""
1,19004,in_invoice,S/FRA/2024/0362,A10018824298-0524,"",sent,""
1,17142,in_invoice,S/FRA/2024/0167,312-KF24-1629,"",sent,""
1,19006,in_invoice,S/FRA/2024/0374,312-KF24-5538,"",sent,""
1,19005,in_invoice,S/FRA/2024/0375,A10018861470-0524,"",sent,""
1,19003,in_invoice,S/FRA/2024/0363,312-KF24-4233,"",sent,""
1,18888,in_invoice,S/FRA/2024/0345,202406162,"",sent,""
1,23084,in_invoice,S/FRA/2025/0048,F012-2025,"",sent,""
1,19001,in_invoice,S/FRA/2024/0365,A10018749049-0424,"",sent,""
1,24376,in_invoice,S/FRA/2025/0333,635-2025,"",sent,""
1,17497,in_invoice,S/FRA/2024/0216,312-KF24-2850,"",sent,""
1,18243,in_invoice,S/FRA/2024/0257,OO/2024/004,"",sent,""
1,16207,in_invoice,S/FRA/2024/0010,A10018559142-0124,"",sent,""
1,17381,in_invoice,S/FRA/2024/0198,A10018710694-0324,"",sent,""
1,16206,in_invoice,S/FRA/2024/0012,A10018522218-0124,"",sent,""
1,16682,in_invoice,S/FRA/2024/0057,A10018635418-0224,"",sent,""
1,16681,in_invoice,S/FRA/2024/0058,A10018597272-0224,"",sent,""
1,82,in_invoice,S/FRA/2021/0059,H2247/0001,"",not_sent,""
1,20505,in_invoice,S/FRA/2024/0701,2024-298,"",sent,""
1,180,in_invoice,S/FRA/2021/0112,21/161,"",not_sent,""
1,223,in_invoice,S/FRA/2021/0120,A2102092,"",not_sent,""
1,261,in_invoice,S/FRA/2021/0159,2021 - 001,"",not_sent,""
1,328,in_invoice,S/FRA/2021/0246,FAO211220,"",not_sent,""
1,19596,in_invoice,S/FRA/2024/0451,A2406120,"",sent,""
1,18815,in_invoice,S/FRA/2024/0326,A2404048,"",sent,""
1,19237,in_invoice,S/FRA/2024/0404,A2405111,"",sent,""
1,18197,in_invoice,S/FRA/2024/0244,A2401896,"",sent,""
1,22,in_invoice,S/FRA/2021/0002,20004853,"",not_sent,""
1,32,in_invoice,S/FRA/2021/0013,74/00316130,"",not_sent,""
1,92,in_invoice,S/FRA/2021/0069,A000028724,"",not_sent,""
1,18776,in_invoice,S/FRA/2024/0314,A2403988,"",sent,""
1,109,in_invoice,S/FRA/2021/0086,21/86,"",not_sent,""
1,110,in_invoice,S/FRA/2021/0085,21/87,"",not_sent,""
1,18657,in_invoice,S/FRA/2024/0351,A24037378,"",sent,""
1,111,in_invoice,S/FRA/2021/0087,21/85,"",not_sent,""
1,119,in_invoice,S/FRA/2021/0094,A-118,"",not_sent,""
1,120,in_invoice,S/FRA/2021/0095,INV67001075,"",not_sent,""
1,128,in_invoice,S/FRA/2021/0117,A000028786,"",not_sent,""
1,130,in_invoice,S/FRA/2021/0124,A-208,"",not_sent,""
1,139,in_invoice,S/FRA/2021/0186,1HSN210400043330,"",not_sent,""
1,17379,in_invoice,S/FRA/2024/0200,A2401381,"",sent,""
1,23847,in_invoice,S/FRA/2025/0241,2025-19,"",sent,""
1,16724,in_invoice,S/FRA/2024/0145,A2400719,"",sent,""
1,146,in_invoice,S/FRA/2021/0194,1HSN210400085987,"",not_sent,""
1,150,in_invoice,S/FRA/2021/0199,21/225,"",not_sent,""
1,20679,in_invoice,S/FRA/2024/0726,00001TB221376,"",sent,""
1,151,in_invoice,S/FRA/2021/0200,21/266,"",not_sent,""
1,192,in_invoice,S/FRA/2021/0170,21/18,"",not_sent,""
1,154,in_invoice,S/FRA/2021/0208,005-A21-003838,"",not_sent,""
1,157,in_invoice,S/FRA/2021/0211,A-440,"",not_sent,""
1,5901,in_invoice,S/FRA/2022/0299,129,"",sent,""
1,167,in_invoice,S/FRA/2021/0223,21/00437,NEXT,not_sent,""
1,162,in_invoice,S/FRA/2021/0217,1HSN210500411886,"",not_sent,""
1,171,in_invoice,S/FRA/2021/0227,21/298,"",not_sent,""
1,173,in_invoice,S/FRA/2021/0229,21/297,"",not_sent,""
1,175,in_invoice,S/FRA/2021/0231,21/299,"",not_sent,""
1,181,in_invoice,S/FRA/2021/0113,21/160,"",not_sent,""
1,182,in_invoice,S/FRA/2021/0114,21/159,"",not_sent,""
1,183,in_invoice,S/FRA/2021/0140,21/19,"",not_sent,""
1,5966,in_invoice,S/FRA/2022/0315,20210550,"",sent,""
1,184,in_invoice,S/FRA/2021/0141,21/16,"",not_sent,""
1,185,in_invoice,S/FRA/2021/0142,21/15,"",not_sent,""
1,186,in_invoice,S/FRA/2021/0174,21/10,"",not_sent,""
1,187,in_invoice,S/FRA/2021/0168,21/14,"",not_sent,""
1,193,in_invoice,S/FRA/2021/0175,21/9,"",not_sent,""
1,219,in_invoice,S/FRA/2021/0111,621/F,"",not_sent,""
1,239,in_invoice,S/FRA/2021/0149,A-73,"",not_sent,""
1,19632,in_invoice,S/FRA/2024/0438,1114,"",sent,""
1,282,in_invoice,S/FRA/2021/0172,21/12 (CORREGIR),"",not_sent,""
1,327,in_invoice,S/FRA/2021/0245,INV91794032,"",not_sent,""
1,317,in_invoice,S/FRA/2021/0235,1HSN210600086216,"",not_sent,""
1,335,in_invoice,S/FRA/2021/0253,21/368,"",not_sent,""
1,336,in_invoice,S/FRA/2021/0254,21/366,"",not_sent,""
1,337,in_invoice,S/FRA/2021/0255,21/365,"",not_sent,""
1,21365,in_invoice,S/FRA/2024/0932,102,"",sent,""
1,18448,in_invoice,S/FRA/2024/0287,68/2024,"",sent,""
1,21055,in_invoice,S/FRA/2024/0771,28/2024,"",sent,""
1,338,in_invoice,S/FRA/2021/0256,21/364,"",not_sent,""
1,21909,in_invoice,S/FRA/2024/0994,1,"",sent,""
1,5954,in_invoice,S/FRA/2022/0324,11-21-600-00041,"",sent,""
1,431,in_invoice,S/FRA/2021/0264,191/2021,"",not_sent,""
1,5969,in_invoice,S/FRA/2022/0321,00001TB168622,"",sent,""
1,437,in_invoice,S/FRA/2021/0270,A-684,"",not_sent,""
1,18277,in_invoice,S/FRA/2024/0265,57/2024,"",sent,""
1,438,in_invoice,S/FRA/2021/0271,A-775,"",not_sent,""
1,5949,in_invoice,S/FRA/2022/0308,V.8 211022/4,"",sent,""
1,439,in_invoice,S/FRA/2021/0272,A-825,"",not_sent,""
1,460,in_invoice,S/FRA/2021/0293,A000029277,"",not_sent,""
1,5951,in_invoice,S/FRA/2022/0306,V.3 211018-270,"",sent,""
1,16658,in_invoice,S/FRA/2024/0062,153816,"",sent,""
1,16628,in_invoice,S/FRA/2024/0073,000G004933,"",sent,""
1,21884,in_invoice,S/FRA/2024/0998,MV-35472,"",sent,""
1,16409,in_invoice,S/FRA/2024/0124,INV-071177,"",sent,""
1,9485,in_invoice,S/FRA/2023/0044,TRK-23-0049,"",sent,""
1,9486,in_invoice,S/FRA/2023/0045,TRK-23-0050,"",sent,""
1,18660,in_invoice,S/FRA/2024/0349,2612313,"",sent,""
1,18462,in_invoice,S/FRA/2024/0302,2558258,"",sent,""
1,18275,in_invoice,S/FRA/2024/0263,16/2024,"",sent,""
1,20624,in_invoice,S/FRA/2024/0750,24-0038,"",sent,""
1,16558,in_invoice,S/FRA/2024/0096,18742401P0017329,"",sent,""
1,18240,in_invoice,S/FRA/2024/0254,OO/2024/001,"",sent,""
1,20466,in_invoice,S/FRA/2024/0689,A2/2024,"",sent,""
1,18995,in_invoice,S/FRA/2024/0341,2665897,"",sent,""
1,18173,in_invoice,S/FRA/2024/0252,Q240014708,"",sent,""
1,18855,in_invoice,S/FRA/2024/0317,97/2024,"",sent,""
1,16465,in_invoice,S/FRA/2024/0135,ES49DOABEY,"",sent_modified,""
1,16617,in_invoice,S/FRA/2024/0085,79-2024,"",sent,""
1,19254,in_invoice,S/FRA/2024/0401,2723543,"",sent,""
1,18840,in_invoice,S/FRA/2024/0316,84/2024,"",sent,""
1,18276,in_invoice,S/FRA/2024/0264,34/2024,"",sent,""
1,18261,in_invoice,S/FRA/2024/0259,224199,"",sent,""
1,16594,in_invoice,S/FRA/2024/0090,FM24-50,"",sent,""
1,19701,in_invoice,S/FRA/2024/0462,2779783,"",sent,""
1,16624,in_invoice,S/FRA/2024/0077,24/10,"",sent_modified,""
1,16625,in_invoice,S/FRA/2024/0076,24/11,"",sent_modified,""
1,9487,in_invoice,S/FRA/2023/0049,TRK-23-0051,"",sent,""
1,20093,in_invoice,S/FRA/2024/0555,FRO20241655707,"",sent,""
1,4264,in_invoice,S/FRA/2022/0236,A000030375,"",sent,""
1,16627,in_invoice,S/FRA/2024/0074,000G004932,"",sent,""
1,19062,in_invoice,S/FRA/2024/0386,Q240029312,"",sent,""
1,18203,in_invoice,S/FRA/2024/0241,18742401P0064493,"",sent,""
1,20002,in_invoice,S/FRA/2024/0539,18742401P0226262,"",sent,""
1,18445,in_invoice,S/FRA/2024/0284,2/2024,"",sent_modified,""
1,5896,in_invoice,S/FRA/2022/0288,4675F21,"",sent,""
1,21157,in_invoice,S/FRA/2024/0817,7.011,"",sent,""
1,20068,in_invoice,S/FRA/2024/0749,FO4/1675,"",sent,""
1,20076,in_invoice,S/FRA/2024/0559,24/563,"",sent,""
1,21254,in_invoice,S/FRA/2024/0830,2894329,"",sent,""
1,149,in_invoice,S/FRA/2021/0198,A-316,"",not_sent,""
1,169,in_invoice,S/FRA/2021/0225,001G000122,"",not_sent,""
1,170,in_invoice,S/FRA/2021/0226,001D000083,"",not_sent,""
1,177,in_invoice,S/FRA/2021/0136,282/F,"",not_sent,""
1,203,in_invoice,S/FRA/2021/0102,A000028701,"",not_sent,""
1,196,in_invoice,S/FRA/2021/0154,3.082/F,"",not_sent,""
1,21666,in_invoice,S/FRA/2024/0914,A2408605,"",sent,""
1,23984,in_invoice,S/FRA/2025/0315,10/25,"",sent,""
1,19072,in_invoice,S/FRA/2024/0388,24-001,"",sent,""
1,11483,in_invoice,S/FRA/2023/0248,A000031309,"",sent,""
1,19649,in_invoice,S/FRA/2024/0505,FM24-1968,"",sent,""
1,6397,in_invoice,S/FRA/2022/0372,31-0,"",sent,""
1,3060,in_invoice,S/FRA/2021/0630,A000029953,"",sent,""
1,283,in_invoice,S/FRA/2021/0178,420,"",not_sent,""
1,21107,in_invoice,S/FRA/2024/0780,FM24-2554,"",sent,""
1,3901,in_invoice,S/FRA/2022/0051,A000030174,"",sent,""
1,6359,in_invoice,S/FRA/2022/0397,09422000581,"",sent,""
1,19491,in_invoice,S/FRA/2024/0432,18742401P0210025,"",sent,""
1,329,in_invoice,S/FRA/2021/0247,652210100,"",not_sent,""
1,19400,in_invoice,S/FRA/2024/0414,A/FA00416,"",sent,""
1,16677,in_invoice,S/FRA/2024/0034,02/2024,"",sent,""
1,483,in_invoice,S/FRA/2021/0316,142/2021,"",not_sent,""
1,485,in_invoice,S/FRA/2021/0318,5211,"",not_sent,""
1,484,in_invoice,S/FRA/2021/0317,A000029465,"",not_sent,""
1,23913,in_invoice,S/FRA/2025/0247,25-030241,"",sent,""
1,18658,in_invoice,S/FRA/2024/0339,2.244/F,"",sent,""
1,19144,in_invoice,S/FRA/2024/0393,110-2024,"",sent,""
1,23877,in_invoice,S/FRA/2025/0248,3229640,"",sent,""
1,496,in_invoice,S/FRA/2021/0328,AF/1369/01,"",not_sent,""
1,19952,in_invoice,S/FRA/2024/0524,119-2024,"",sent,""
1,21726,in_invoice,S/FRA/2024/0940,17-2024,"",sent,""
1,5905,in_invoice,S/FRA/2022/0276,11184,"",sent,""
1,21810,in_invoice,S/FRA/2024/0949,24/333,"",sent,""
1,21811,in_invoice,S/FRA/2024/0948,24/334,"",sent_modified,""
1,19030,in_invoice,S/FRA/2024/0358,24/288,"",sent,""
1,18577,in_invoice,S/FRA/2024/0311,OVIE-240247,"",sent,""
1,22396,in_invoice,S/FRA/2024/1038,11426/24,"",sent,""
1,18854,in_invoice,S/FRA/2024/0322,15/2024,"",sent,""
1,23854,in_invoice,S/FRA/2025/0251,ES52DDTABEY,"",sent,""
1,20444,in_invoice,S/FRA/2024/0677,AF/1756/03,"",sent,""
1,23171,in_invoice,S/FRA/2025/0129,FO5/179,"",sent,""
1,21966,in_invoice,S/FRA/2024/0958,AF/3074/01,"",sent,""
1,14213,in_invoice,S/FRA/2023/0873,FA2300308,"",not_sent,3000 | Factura duplicada
1,19505,in_invoice,S/FRA/2024/0433,4TM00124112,"",sent,""
1,14216,in_invoice,S/FRA/2023/0870,FA2310634,"",not_sent,3000 | Factura duplicada
1,19463,in_invoice,S/FRA/2024/0416,5/2024,"",sent,""
1,14218,in_invoice,S/FRA/2023/0867,FA2310635,"",not_sent,3000 | Factura duplicada
1,14215,in_invoice,S/FRA/2023/0871,FA2300316,"",not_sent,3000 | Factura duplicada
1,6355,in_invoice,S/FRA/2022/0395,119152,"",sent,""
1,6352,in_invoice,S/FRA/2022/0398,0187-02-22006798,"",sent,""
1,23271,in_invoice,S/FRA/2025/0081,FA 250097,"",sent,""
1,6379,in_invoice,S/FRA/2022/0389,906,"",sent,""
1,5892,in_invoice,S/FRA/2022/0278,00001TB166657,"",sent,""
1,14266,in_invoice,S/FRA/2023/0600,ES1AISKAEUI,"",sent,""
1,5902,in_invoice,S/FRA/2022/0267,011T/84.873,"",sent,""
1,24184,in_invoice,S/FRA/2025/0319,6/2025,"",sent,""
1,22012,in_invoice,S/FRA/2024/0988,A6/2024,"",sent,""
1,23279,in_invoice,S/FRA/2025/0073,FM25-43,"",sent,""
1,19787,in_invoice,S/FRA/2024/0479,092024,"",sent,""
1,22672,in_invoice,S/FRA/2025/0043,2024000918,"",sent,""
1,14258,in_invoice,S/FRA/2023/0723,INV-ES-999004995-2022-646,"",not_sent,3000 | Factura duplicada
1,22418,in_invoice,S/FRA/2024/1055,FA 243191,"",sent,""
1,19461,in_invoice,S/FRA/2024/0417,ES43LRWABEY,"",sent,""
1,19506,in_invoice,S/FRA/2024/0435,TB-2024-F 26,"",sent,""
1,23280,in_invoice,S/FRA/2025/0072,FM25-108,"",sent,""
1,18260,in_invoice,S/FRA/2024/0260,240401,"",sent,""
1,20078,in_invoice,S/FRA/2024/0557,24/565,"",sent,""
1,23281,in_invoice,S/FRA/2025/0071,530/25,"",sent,""
1,21316,in_invoice,S/FRA/2024/0847,D24 502,"",sent,""
1,20503,in_invoice,S/FRA/2024/0711,8-2024,"",sent,""
1,20282,in_invoice,S/FRA/2024/0567,OO/2024/012,"",sent,""
1,21177,in_invoice,S/FRA/2024/0821,A324621,"",sent,""
1,21122,in_invoice,S/FRA/2024/0810,11-2024,"",sent,""
1,23819,in_invoice,S/FRA/2025/0244,2025-35,"",sent,""
1,18666,in_invoice,S/FRA/2024/0335,T/848/2024,"",sent,""
1,18446,in_invoice,S/FRA/2024/0285,1/2024,"",sent_modified,""
1,22032,in_invoice,S/FRA/2024/0973,TB-2024-F 59,"",sent,""
1,21596,in_invoice,S/FRA/2024/0869,012-24/25,"",sent,""
1,21133,in_invoice,S/FRA/2024/0774,2024/006,"",sent,""
1,20072,in_invoice,S/FRA/2024/0546,24/559,"",sent,""
1,18600,in_invoice,S/FRA/2024/0310,2401246,"",sent,""
1,287,in_invoice,S/FRA/2021/0182,3.757,"",not_sent,""
1,20023,in_invoice,S/FRA/2024/0540,24/19,"",sent,""
1,22430,in_invoice,S/FRA/2024/1050,2370010245,"",sent,""
1,14211,in_invoice,S/FRA/2023/0628,ES31SYTABEY,"",sent,""
1,18181,in_invoice,S/FRA/2024/0249,T/424/2024,"",sent,""
1,18363,in_invoice,S/FRA/2024/0274,24401,"",sent,""
1,17331,in_invoice,S/FRA/2024/0180,FM24-297,"",sent,""
1,19719,in_invoice,S/FRA/2024/0456,24901,"",sent,""
1,18356,in_invoice,S/FRA/2024/0292,18742401P0104473,"",sent,""
1,17398,in_invoice,S/FRA/2024/0234,18742401P0016261,"",sent,""
1,18460,in_invoice,S/FRA/2024/0303,FM24-787,"",sent,""
1,18667,in_invoice,S/FRA/2024/0334,18742401P0120818,"",sent,""
1,18766,in_invoice,S/FRA/2024/0312,2024/041,"",sent,""
1,22403,in_invoice,S/FRA/2024/1067,170-24,"",sent,""
1,18661,in_invoice,S/FRA/2024/0348,FM24-1055,"",sent,""
1,23982,in_invoice,S/FRA/2025/0314,000D008705,"",sent_w_errors,2024 | El valor de ImporteTotal no coincide con el sumatorio de Bas
1,21084,in_invoice,S/FRA/2024/0786,000D006949,"",sent,""
1,19951,in_invoice,S/FRA/2024/0523,2024/060,"",sent,""
1,19042,in_invoice,S/FRA/2024/0356,FM24-1325,"",sent,""
1,19252,in_invoice,S/FRA/2024/0403,FM24-1606,"",sent,""
1,20582,in_invoice,S/FRA/2024/0721,18742401P0261782,"",sent,""
1,19650,in_invoice,S/FRA/2024/0467,FM24-1897,"",sent,""
1,21274,in_invoice,S/FRA/2024/1009,8D330CF5-0001,"",not_sent,""
1,23981,in_invoice,S/FRA/2025/0313,000G008960,"",sent_w_errors,2024 | El valor de ImporteTotal no coincide con el sumatorio de Bas
1,14394,in_invoice,S/FRA/2023/0783,06/23,"",not_sent,3000 | Factura duplicada
1,19468,in_invoice,S/FRA/2024/0412,24-0016,"",sent,""
1,23980,in_invoice,S/FRA/2025/0312,FM25-800,"",sent,""
1,2849,in_invoice,S/FRA/2021/0565,06/21,"",sent,""
1,22391,in_invoice,S/FRA/2024/1040,A10019389271-1224,"",sent,""
1,9494,in_invoice,S/FRA/2023/0053,06/22,"",sent,""
1,23767,in_invoice,S/FRA/2025/0239,2024-459,"",sent,""
1,22388,in_invoice,S/FRA/2024/1043,A10019313874-1124,"",sent,""
1,22406,in_invoice,S/FRA/2024/1064,175-24,"",sent,""
1,22757,in_invoice,S/FRA/2025/0051,10-2025,"",sent,""
1,21362,in_invoice,S/FRA/2024/0841,25/2024,"",sent,""
1,20105,in_invoice,S/FRA/2024/0551,000G007181,"",sent,""
1,23879,in_invoice,S/FRA/2025/0252,R-11155,"",sent,""
1,22410,in_invoice,S/FRA/2024/1033,15,"",sent,""
1,21639,in_invoice,S/FRA/2024/0922,20241,"",sent,""
1,20074,in_invoice,S/FRA/2024/0550,24/561,"",sent,""
1,21729,in_invoice,S/FRA/2024/0939,436,"",sent,""
1,19219,in_invoice,S/FRA/2024/0396,24/411,"",sent,""
1,23794,in_invoice,S/FRA/2025/0231,00002978,"",sent,""
1,23987,in_invoice,S/FRA/2025/0298,10-2025,"",sent,""
1,19398,in_invoice,S/FRA/2024/0413,14/2024,"",sent,""
1,23977,in_invoice,S/FRA/2025/0309,A10019679948-0425,"",sent,""
1,23809,in_invoice,S/FRA/2025/0230,25087,"",sent,""
1,22800,in_invoice,S/FRA/2025/0035,0225,"",sent,""
1,26983,in_invoice,S/FRA/2025/0780,D25 500,"",not_sent,""
1,20278,in_invoice,S/FRA/2024/0568,31,"",sent,""
1,21511,in_invoice,S/FRA/2024/0882,VARIOS2400025595,"",sent,""
1,21638,in_invoice,S/FRA/2024/0923,2411003,"",sent,""
1,23976,in_invoice,S/FRA/2025/0308,A10019645972-0425,"",sent,""
1,20677,in_invoice,S/FRA/2024/0728,A/000188/24,"",sent,""
1,19253,in_invoice,S/FRA/2024/0402,3.249/F,"",sent,""
1,20104,in_invoice,S/FRA/2024/0552,000G007182,"",sent,""
1,20077,in_invoice,S/FRA/2024/0561,24/564,"",sent,""
1,19430,in_invoice,S/FRA/2024/0411,F20241102,"",sent,""
1,21643,in_invoice,S/FRA/2024/1006,10538/24,"",sent,""
1,22424,in_invoice,S/FRA/2024/1028,3030575,"",sent,""
1,23547,in_invoice,S/FRA/2025/0222,F.224/25,"",sent,""
1,23943,in_invoice,S/FRA/2025/0305,A2502437,"",sent,""
1,2619,in_invoice,S/FRA/2021/0529,A2107105,"",sent,""
1,16621,in_invoice,S/FRA/2024/0080,422,"",sent_modified,""
1,16622,in_invoice,S/FRA/2024/0079,018-0001-154504,"",sent_modified,""
1,21039,in_invoice,S/FRA/2024/0765,24-0040,"",sent,""
1,21158,in_invoice,S/FRA/2024/0816,7.012,"",sent,""
1,20149,in_invoice,S/FRA/2024/0746,8526/24,"",sent,""
1,25788,in_invoice,S/FRA/2025/0781,25/487,"",not_sent,""
1,19537,in_invoice,S/FRA/2024/0437,24/482,"",sent,""
1,19071,in_invoice,S/FRA/2024/0390,FRO20241212422,"",sent,""
1,27042,in_invoice,S/FRA/2025/0782,22/FTE,"",not_sent,""
1,20403,in_invoice,S/FRA/2024/0694,118/2024,"",sent,""
1,20405,in_invoice,S/FRA/2024/0686,120/2024,"",sent,""
1,20402,in_invoice,S/FRA/2024/0692,117/2024,"",sent,""
1,22118,in_invoice,S/FRA/2024/1013,21241111010357342,"",sent,""
1,14251,in_invoice,S/FRA/2023/0753,INV-ES-149065261-2022-55,"",not_sent,3000 | Factura duplicada
1,20404,in_invoice,S/FRA/2024/0693,119/2024,"",sent,""
1,27043,in_invoice,S/FRA/2025/0783,25/375,"",not_sent,""
1,23940,in_invoice,S/FRA/2025/0302,18742501P0103986,"",sent,""
1,20401,in_invoice,S/FRA/2024/0691,116/2024,"",sent,""
1,19255,in_invoice,S/FRA/2024/0400,1891889,"",sent,""
1,20537,in_invoice,S/FRA/2024/0705,130 - 10 / 24,"",sent,""
1,19399,in_invoice,S/FRA/2024/0410,64,"",sent,""
1,14120,in_invoice,S/FRA/2023/0643,ES315HZABEY,"",sent,""
1,14121,in_invoice,S/FRA/2023/0635,ES3TCGABEY,"",sent,""
1,14117,in_invoice,S/FRA/2023/0626,ES31CZJABEY,"",sent,""
1,26927,in_invoice,S/FRA/2025/0785,G 129-25,"",not_sent,""
1,19082,in_invoice,S/FRA/2024/0384,828-2024,"",sent,""
1,19084,in_invoice,S/FRA/2024/0382,24/344,"",sent,""
1,23986,in_invoice,S/FRA/2025/0299,8-2025,"",sent,""
1,19236,in_invoice,S/FRA/2024/0394,E2024-00235,"",sent,""
1,23988,in_invoice,S/FRA/2025/0297,14-2025,"",sent,""
1,599,in_invoice,S/FRA/2021/0343,A-927,"",sent,""
1,23989,in_invoice,S/FRA/2025/0296,A2543,"",sent,""
1,14147,in_invoice,S/FRA/2023/0597,ES23MX8UAEUI,"",sent,""
1,23939,in_invoice,S/FRA/2025/0270,B/2901,"",sent,""
1,20103,in_invoice,S/FRA/2024/0554,000D006459,"",sent,""
1,26914,in_invoice,S/FRA/2025/0786,ES58CXYABEY,"",not_sent,""
1,24475,in_invoice,S/FRA/2025/0364,40,"",sent,""
1,23997,in_invoice,S/FRA/2025/0294,15-2025,"",sent,""
1,17208,in_invoice,S/FRA/2024/0156,FRO20240119360,"",sent,""
1,26947,in_invoice,S/FRA/2025/0787,93/EST,"",not_sent,""
1,23409,in_invoice,S/FRA/2025/0166,R31000779394,"",sent,""
1,27044,in_invoice,/,"","",not_sent,""
1,16539,in_invoice,S/FRA/2024/0115,5571,"",sent,""
1,16117,in_invoice,S/FRA/2024/0008,C4/100068,"",sent,""
1,16554,in_invoice,S/FRA/2024/0100,FO8145010000015,"",sent,""
1,16018,in_invoice,S/FRA/2023/1072,042170,"",sent,""
1,12318,in_invoice,S/FRA/2023/0419,ESINV23000001220200,"",not_sent,3000 | Factura duplicada
1,6398,in_invoice,S/FRA/2022/0369,FS5901.21.003657,"",sent,""
1,17414,in_invoice,S/FRA/2024/0226,CU023566,"",sent,""
1,24122,in_invoice,S/FRA/2025/0293,18742501P0078993,"",sent,""
1,17225,in_invoice,S/FRA/2024/0196,SH7202300097644,"",sent,""
1,8439,in_invoice,S/FRA/2022/0757,FAC-1207,"",sent,""
1,9506,in_invoice,S/FRA/2023/0040,CJ2/2023,"",sent,""
1,554,in_invoice,S/FRA/2021/0386,2570,"",sent,""
1,19200,in_invoice,S/FRA/2024/0405,18742401P0174259,"",sent,""
1,21151,in_invoice,S/FRA/2024/0804,167/2024,"",sent,""
1,21725,in_invoice,S/FRA/2024/0937,184/2024,"",sent,""
1,27019,in_invoice,S/FRA/2025/0788,8/001,"",not_sent,""
1,19954,in_invoice,S/FRA/2024/0511,152/2024,"",sent,""
1,19752,in_invoice,S/FRA/2024/0469,139/2024,"",sent,""
1,19751,in_invoice,S/FRA/2024/0468,121/2024,"",sent,""
1,26867,in_invoice,S/FRA/2025/0790,OO_202504,"",not_sent,""
1,26850,in_invoice,S/FRA/2025/0789,ES589MEABEY,"",not_sent,""
1,23942,in_invoice,S/FRA/2025/0304,FRO20250722581,"",sent,""
1,24123,in_invoice,S/FRA/2025/0301,1TSN250500058829,"",sent,""
1,23983,in_invoice,S/FRA/2025/0300,25F0053857,"",sent,""
1,26868,in_invoice,S/FRA/2025/0792,F250194,"",not_sent,""
1,27029,in_invoice,S/FRA/2025/0793,2025001216,"",not_sent,""
1,26993,in_invoice,S/FRA/2025/0795,18/25,"",not_sent,""
1,26994,in_invoice,S/FRA/2025/0802,F250206,"",not_sent,""
1,22742,in_invoice,S/FRA/2025/0040,02/25,"",sent,""
1,26892,in_invoice,S/FRA/2025/0804,128/2025,"",not_sent,""
1,24125,in_invoice,S/FRA/2025/0291,21250211010073701,"",sent,""
1,9470,in_invoice,S/FRA/2023/0023,2391,"",sent,""
1,24126,in_invoice,S/FRA/2025/0290,21250219010493839,"",sent,""
1,24127,in_invoice,S/FRA/2025/0289,21250305010374375,"",sent,""
1,24128,in_invoice,S/FRA/2025/0288,21250313010352011,"",sent,""
1,26557,in_invoice,/,FO5/2057,"",not_sent,""
1,3130,in_invoice,S/FRA/2021/0635,257/2021,"",sent,""
1,24129,in_invoice,S/FRA/2025/0287,21250320010331962,"",sent,""
1,16205,in_invoice,S/FRA/2024/0023,312-KF24-267,"",sent,""
1,9250,in_invoice,S/FRA/2023/0001,0003-2023,"",sent,""
1,5906,in_invoice,S/FRA/2022/0265,111422,"",sent,""
1,6393,in_invoice,S/FRA/2022/0365,20210611,"",sent,""
1,5889,in_invoice,S/FRA/2022/0297,95-188088,"",sent,""
1,6399,in_invoice,S/FRA/2022/0379,71/21,"",sent,""
1,5927,in_invoice,S/FRA/2022/0348,000390,"",sent,""
1,6400,in_invoice,S/FRA/2022/0373,351,"",sent,""
1,5894,in_invoice,S/FRA/2022/0284,2021/00200/00000335,"",sent,""
1,6347,in_invoice,S/FRA/2022/0339,2021017666,"",sent,""
1,6380,in_invoice,S/FRA/2022/0399,A/2596/2022,"",sent,""
1,6664,in_invoice,S/FRA/2022/0490,03/2021/05,"",sent,""
1,6721,in_invoice,/, ,"",not_sent,""
1,19086,in_invoice,S/FRA/2024/0380,24/346,"",sent,""
1,61,in_invoice,S/FRA/2021/0035,2021-12,"",not_sent,""
1,3477,in_invoice,S/FRA/2021/0736,21/721,"",sent,""
1,4271,in_invoice,S/FRA/2022/0173,1NSN220100469732,"",sent,""
1,3478,in_invoice,S/FRA/2021/0733,21/720,"",sent,""
1,19083,in_invoice,S/FRA/2024/0383,FRO20241189051,"",sent,""
1,3479,in_invoice,S/FRA/2021/0732,21/719,"",sent,""
1,28,in_invoice,S/FRA/2021/0009,3.860/F,"",not_sent,""
1,4272,in_invoice,S/FRA/2022/0170,1NSN211200063964,"",sent,""
1,57,in_invoice,S/FRA/2021/0033,06/2021,"",not_sent,""
1,59,in_invoice,S/FRA/2021/0031,4/2021,"",not_sent,""
1,11423,in_invoice,S/FRA/2022/1136,A2209307,"",not_sent,""
1,23906,in_invoice,S/FRA/2025/0263,B/2828,"",sent,""
1,3689,in_invoice,S/FRA/2021/0809,280/2021,"",sent,""
1,35,in_invoice,S/FRA/2021/0016,5.043,"",not_sent,""
1,36,in_invoice,S/FRA/2021/0017,5.041,"",not_sent,""
1,97,in_invoice,S/FRA/2021/0072,1/2021,"",not_sent,""
1,231,in_invoice,S/FRA/2021/0132,75/03771573,"",not_sent,""
1,24131,in_invoice,S/FRA/2025/0285,A10019716183-0525,"",sent,""
1,18344,in_invoice,S/FRA/2024/0275,EV/24000067,"",sent,""
1,237,in_invoice,S/FRA/2021/0147,48,"",not_sent,""
1,51,in_invoice,S/FRA/2021/0023,02/2021,"",not_sent,""
1,52,in_invoice,S/FRA/2021/0027,06/2021,"",not_sent,""
1,6871,in_invoice,S/FRA/2022/0552,22/390,"",sent,""
1,53,in_invoice,S/FRA/2021/0026,05/2021,"",not_sent,""
1,33,in_invoice,S/FRA/2021/0014,695/20,"",not_sent,""
1,34,in_invoice,S/FRA/2021/0015,A/20-0176,"",not_sent,""
1,176,in_invoice,S/FRA/2021/0137,281/ F,"",not_sent,""
1,20409,in_invoice,S/FRA/2024/0674,6.740 A,"",sent,""
1,23129,in_invoice,S/FRA/2025/0026,04/2025,"",sent,""
1,429,in_invoice,S/FRA/2021/0262,187/2021,"",not_sent,""
1,24133,in_invoice,S/FRA/2025/0283,312-KF25-4881,"",sent,""
1,19788,in_invoice,S/FRA/2024/0488,06/2024,"",sent,""
1,9287,in_invoice,/,FA-221838,"",sent_modified,""
1,23907,in_invoice,S/FRA/2025/0262,424-2025,"",sent,""
1,19882,in_invoice,S/FRA/2024/0496,TB-2024-F 43,"",sent,""
1,19800,in_invoice,S/FRA/2024/0487,3/2024,"",sent,""
1,19834,in_invoice,S/FRA/2024/0491,6,"",sent,""
1,9326,in_invoice,/,FA-222885,"",sent_modified,""
1,21,in_invoice,S/FRA/2021/0003,20005072,"",not_sent,""
1,38,in_invoice,S/FRA/2021/0019,21-0005,"",not_sent,""
1,39,in_invoice,S/FRA/2021/0020,21-0001,"",not_sent,""
1,240,in_invoice,S/FRA/2021/0150,A-18,"",not_sent,""
1,54,in_invoice,S/FRA/2021/0025,04/2021,"",not_sent,""
1,6382,in_invoice,S/FRA/2022/0391,011T/120.539,"",sent,""
1,19859,in_invoice,S/FRA/2024/0509,A10019126556-0924,"",sent,""
1,6635,in_invoice,S/FRA/2022/0463,1NSN220300417713,"",sent,""
1,24177,in_invoice,S/FRA/2025/0282,1NSN250200014636,"",sent,""
1,24476,in_invoice,S/FRA/2025/0363,9/2025,"",sent,""
1,21885,in_invoice,S/FRA/2024/0953,14/2024,"",sent,""
1,22082,in_invoice,S/FRA/2024/1016,21241211010436651,"",sent,""
1,6371,in_invoice,S/FRA/2022/0402,A/2594/2022,"",sent,""
1,23159,in_invoice,S/FRA/2025/0133,01/2025,"",sent,""
1,440,in_invoice,S/FRA/2021/0273,21/490,"",not_sent,""
1,23,in_invoice,S/FRA/2021/0004,2020 A 0000164,"",not_sent,""
1,24,in_invoice,S/FRA/2021/0005,NN-20-05235,"",not_sent,""
1,25,in_invoice,S/FRA/2021/0006,001331,"",not_sent,""
1,26,in_invoice,S/FRA/2021/0007,FD2054930,"",not_sent,""
1,27,in_invoice,S/FRA/2021/0008,A2008207,"",not_sent,""
1,29,in_invoice,S/FRA/2021/0010,3.861/F,"",not_sent,""
1,30,in_invoice,S/FRA/2021/0011,A000028289,"",not_sent,""
1,37,in_invoice,S/FRA/2021/0018,5.042,"",not_sent,""
1,40,in_invoice,S/FRA/2021/0021,21-0003,"",not_sent,""
1,50,in_invoice,S/FRA/2021/0022,01/2021,"",not_sent,""
1,55,in_invoice,S/FRA/2021/0024,03/2021,"",not_sent,""
1,56,in_invoice,S/FRA/2021/0030,830,"",not_sent,""
1,58,in_invoice,S/FRA/2021/0032,5/2021,"",not_sent,""
1,63,in_invoice,S/FRA/2021/0036,5.089,"",not_sent,""
1,64,in_invoice,S/FRA/2021/0039,1,"",not_sent,""
1,65,in_invoice,S/FRA/2021/0038,2,"",not_sent,""
1,66,in_invoice,S/FRA/2021/0040,210092,"",not_sent,""
1,67,in_invoice,S/FRA/2021/0041,FD21-2628,"",not_sent,""
1,68,in_invoice,S/FRA/2021/0042,FD21-1771,"",not_sent,""
1,326,in_invoice,S/FRA/2021/0244,21/367,"",not_sent,""
1,69,in_invoice,S/FRA/2021/0043,FD21-383,"",not_sent,""
1,70,in_invoice,S/FRA/2021/0044,001389,"",not_sent,""
1,71,in_invoice,S/FRA/2021/0045,FO1/131,"",not_sent,""
1,72,in_invoice,S/FRA/2021/0046,2021-0017,"",not_sent,""
1,73,in_invoice,S/FRA/2021/0047,108,"",not_sent,""
1,74,in_invoice,S/FRA/2021/0048,82,"",not_sent,""
1,75,in_invoice,S/FRA/2021/0049,4,"",not_sent,""
1,76,in_invoice,S/FRA/2021/0050,01/2021,"",not_sent,""
1,77,in_invoice,S/FRA/2021/0051,2021/09800/00000002,"",not_sent,""
1,78,in_invoice,S/FRA/2021/0055,H2251/0001,"",not_sent,""
1,79,in_invoice,S/FRA/2021/0056,H2253/0001,"",not_sent,""
1,80,in_invoice,S/FRA/2021/0057,H1754/0001,"",not_sent,""
1,81,in_invoice,S/FRA/2021/0058,H1828/0001,"",not_sent,""
1,83,in_invoice,S/FRA/2021/0060,H2252/0001,"",not_sent,""
1,85,in_invoice,S/FRA/2021/0062,H1827/0001,"",not_sent,""
1,87,in_invoice,S/FRA/2021/0065,D200101678,"",not_sent,""
1,88,in_invoice,S/FRA/2021/0066,210221,"",not_sent,""
1,89,in_invoice,S/FRA/2021/0067,3,"",not_sent,""
1,90,in_invoice,S/FRA/2021/0068,102/21,"",not_sent,""
1,95,in_invoice,S/FRA/2021/0070,F202100013,"",not_sent,""
1,96,in_invoice,S/FRA/2021/0071,21-0008,"",not_sent,""
1,98,in_invoice,S/FRA/2021/0074,05/2021,"",not_sent,""
1,99,in_invoice,S/FRA/2021/0075,001/2021,"",not_sent,""
1,101,in_invoice,S/FRA/2021/0077,21118,"",not_sent,""
1,102,in_invoice,S/FRA/2021/0078,FD21-3855,"",not_sent,""
1,103,in_invoice,S/FRA/2021/0079,1/2021,"",not_sent,""
1,104,in_invoice,S/FRA/2021/0080,SER-20-0489,"",not_sent,""
1,105,in_invoice,S/FRA/2021/0081,SER-21-0040,"",not_sent,""
1,106,in_invoice,S/FRA/2021/0083,28,"",not_sent,""
1,107,in_invoice,S/FRA/2021/0082,27,"",not_sent,""
1,108,in_invoice,S/FRA/2021/0084,1360/2020,"",not_sent,""
1,113,in_invoice,S/FRA/2021/0089,E210000322,"",not_sent,""
1,114,in_invoice,S/FRA/2021/0090,F210103909,"",not_sent,""
1,115,in_invoice,S/FRA/2021/0091,A2101107,"",not_sent,""
1,121,in_invoice,S/FRA/2021/0096,FD21-4562,"",not_sent,""
1,122,in_invoice,S/FRA/2021/0097,VF21-02-0097,"",not_sent,""
1,123,in_invoice,S/FRA/2021/0098,49,"",not_sent,""
1,124,in_invoice,S/FRA/2021/0105,21126,"",not_sent,""
1,125,in_invoice,S/FRA/2021/0203,460-2021,"",not_sent,""
1,126,in_invoice,S/FRA/2021/0108,T/589/2021,"",not_sent,""
1,19738,in_invoice,S/FRA/2024/0455,A2/2023/012,"",sent,""
1,23909,in_invoice,S/FRA/2025/0260,000D008454,"",sent,""
1,129,in_invoice,S/FRA/2021/0123,N-166/21,"",not_sent,""
1,131,in_invoice,S/FRA/2021/0125,50,"",not_sent,""
1,132,in_invoice,S/FRA/2021/0127,FD21-9321,"",not_sent,""
1,133,in_invoice,S/FRA/2021/0144,FD21-1239,"",not_sent,""
1,134,in_invoice,S/FRA/2021/0155,A10015632455-0121,"",not_sent,""
1,135,in_invoice,S/FRA/2021/0164,21121,"",not_sent,""
1,136,in_invoice,S/FRA/2021/0176,D21 008,"",not_sent,""
1,137,in_invoice,S/FRA/2021/0177,FV21/0018,"",not_sent,""
1,138,in_invoice,S/FRA/2021/0185,51,"",not_sent,""
1,140,in_invoice,S/FRA/2021/0188,GD-21-0003,"",not_sent,""
1,141,in_invoice,S/FRA/2021/0189,F20210446,"",not_sent,""
1,23910,in_invoice,S/FRA/2025/0259,000G008784,"",sent,""
1,142,in_invoice,S/FRA/2021/0190,11/2021,"",not_sent,""
1,144,in_invoice,S/FRA/2021/0192,A10015909962-0421,"",not_sent,""
1,145,in_invoice,S/FRA/2021/0193,FD21-14334,"",not_sent,""
1,23185,in_invoice,S/FRA/2025/0119,A2500362,"",sent,""
1,147,in_invoice,S/FRA/2021/0195,1.092/F,"",not_sent,""
1,148,in_invoice,S/FRA/2021/0197,A2102654,"",not_sent,""
1,152,in_invoice,S/FRA/2021/0201,001D000029,"",not_sent,""
1,153,in_invoice,S/FRA/2021/0202,001G000043,"",not_sent,""
1,155,in_invoice,S/FRA/2021/0209,VF21-05-0076,"",not_sent,""
1,156,in_invoice,S/FRA/2021/0210,04/2021/05,"",not_sent,""
1,158,in_invoice,S/FRA/2021/0212,21/088,"",not_sent,""
1,159,in_invoice,S/FRA/2021/0213,T/959/2021,"",not_sent,""
1,161,in_invoice,S/FRA/2021/0215,D20 288,"",not_sent,""
1,163,in_invoice,S/FRA/2021/0219,1.401/F,"",not_sent,""
1,164,in_invoice,S/FRA/2021/0221,1.437/F,"",not_sent,""
1,165,in_invoice,S/FRA/2021/0220,1.474/F,"",not_sent,""
1,166,in_invoice,S/FRA/2021/0222,057*05/21,"",not_sent,""
1,168,in_invoice,S/FRA/2021/0224,224/21,"",not_sent,""
1,172,in_invoice,S/FRA/2021/0228,2370003450,"",not_sent,""
1,174,in_invoice,S/FRA/2021/0230,2021/02,"",not_sent,""
1,178,in_invoice,S/FRA/2021/0138,297/F,"",not_sent,""
1,179,in_invoice,S/FRA/2021/0139,310/F,"",not_sent,""
1,198,in_invoice,S/FRA/2021/0103,2021-46,"",not_sent,""
1,199,in_invoice,S/FRA/2021/0104,021.017,"",not_sent,""
1,205,in_invoice,S/FRA/2021/0037,RECTIFICATIVA,"",not_sent,""
1,206,in_invoice,S/FRA/2021/0052,260121,"",not_sent,""
1,207,in_invoice,S/FRA/2021/0053,11/2021,"",not_sent,""
1,23911,in_invoice,S/FRA/2025/0258,1.133/F,"",sent,""
1,208,in_invoice,S/FRA/2021/0054,H0663/0001,"",not_sent,""
1,209,in_invoice,S/FRA/2021/0063,H2246/0001,"",not_sent,""
1,211,in_invoice,S/FRA/2021/0073,RECTIFICATIVA,"",not_sent,""
1,212,in_invoice,S/FRA/2021/0099,24/2021,"",not_sent,""
1,213,in_invoice,S/FRA/2021/0100,H0663/0002,"",not_sent,""
1,214,in_invoice,S/FRA/2021/0101,H0663/0003,"",not_sent,""
1,241,in_invoice,S/FRA/2021/0151,VF21-01-0174,"",not_sent,""
1,215,in_invoice,S/FRA/2021/0106,386-2021,"",not_sent,""
1,216,in_invoice,S/FRA/2021/0107,5.263,"",not_sent,""
1,23912,in_invoice,S/FRA/2025/0257,FM25-554,"",sent,""
1,217,in_invoice,S/FRA/2021/0109,Q210015366,"",not_sent,""
1,218,in_invoice,S/FRA/2021/0110,655/ F,"",not_sent,""
1,220,in_invoice,S/FRA/2021/0116,18742101P0071254,"",not_sent,""
1,221,in_invoice,S/FRA/2021/0118,RECTIFICATIVA,"",not_sent,""
1,23220,in_invoice,S/FRA/2025/0101,02,"",sent,""
1,222,in_invoice,S/FRA/2021/0119,692/ F,"",not_sent,""
1,23567,in_invoice,S/FRA/2025/0219,164035,"",sent,""
1,224,in_invoice,S/FRA/2021/0121,VF21-03-0080,"",not_sent,""
1,225,in_invoice,S/FRA/2021/0122,05/2021/03,"",not_sent,""
1,226,in_invoice,S/FRA/2021/0126,A2100454,"",not_sent,""
1,227,in_invoice,S/FRA/2021/0128,000598/21,"",not_sent,""
1,228,in_invoice,S/FRA/2021/0129,101/2021,"",not_sent,""
1,232,in_invoice,S/FRA/2021/0134,H2254/0001,"",not_sent,""
1,233,in_invoice,S/FRA/2021/0135,A/21-0023,"",not_sent,""
1,234,in_invoice,S/FRA/2021/0143,5.091,"",not_sent,""
1,235,in_invoice,S/FRA/2021/0145,18742101P0018624,"",not_sent,""
1,236,in_invoice,S/FRA/2021/0146,INV-053013,"",not_sent,""
1,242,in_invoice,S/FRA/2021/0156,H2080/0001,"",not_sent,""
1,243,in_invoice,S/FRA/2021/0157,H2255/0001,"",not_sent,""
1,244,in_invoice,S/FRA/2021/0158,H2250/0001,"",not_sent,""
1,262,in_invoice,S/FRA/2021/0160,F202100012,"",not_sent,""
1,264,in_invoice,S/FRA/2021/0161,A/21-0024,"",not_sent,""
1,21253,in_invoice,S/FRA/2024/0818,A/154,"",sent,""
1,266,in_invoice,S/FRA/2021/0162,21-0009,"",not_sent,""
1,267,in_invoice,S/FRA/2021/0163,323795,"",not_sent,""
1,271,in_invoice,S/FRA/2021/0165,21-0004,"",not_sent,""
1,274,in_invoice,S/FRA/2021/0166,155,"",not_sent,""
1,275,in_invoice,S/FRA/2021/0167,156,"",not_sent,""
1,284,in_invoice,S/FRA/2021/0179,H2206/0001,"",not_sent,""
1,285,in_invoice,S/FRA/2021/0180,3.732,"",not_sent,""
1,286,in_invoice,S/FRA/2021/0181,65,"",not_sent,""
1,288,in_invoice,S/FRA/2021/0183,VF21-04-0065,"",not_sent,""
1,289,in_invoice,S/FRA/2021/0184,04/2021/04,"",not_sent,""
1,290,in_invoice,S/FRA/2021/0187,120/2021,"",not_sent,""
1,292,in_invoice,S/FRA/2021/0196,RECTIFICATIVA,"",not_sent,""
1,293,in_invoice,S/FRA/2021/0204,H0663/0004,"",not_sent,""
1,294,in_invoice,S/FRA/2021/0205,20ES00204530131393,"",not_sent,""
1,295,in_invoice,S/FRA/2021/0206,20ES00204530130835,"",not_sent,""
1,296,in_invoice,S/FRA/2021/0207,20ES00204530129820,"",not_sent,""
1,297,in_invoice,S/FRA/2021/0214,RECTIFICATIVA,"",not_sent,""
1,299,in_invoice,S/FRA/2021/0216,18742101P0123716,"",not_sent,""
1,300,in_invoice,S/FRA/2021/0218,F21/16,"",not_sent,""
1,301,in_invoice,S/FRA/2021/0232,141/2021,"",not_sent,""
1,302,in_invoice,S/FRA/2021/0233,H0663/0005,"",not_sent,""
1,303,in_invoice,S/FRA/2021/0234,FD21-25079,"",not_sent,""
1,318,in_invoice,S/FRA/2021/0236,S210436,"",not_sent,""
1,320,in_invoice,S/FRA/2021/0238,A2103737,"",not_sent,""
1,321,in_invoice,S/FRA/2021/0239,VF21-06-0081,"",not_sent,""
1,322,in_invoice,S/FRA/2021/0240,F210156483,"",not_sent,""
1,323,in_invoice,S/FRA/2021/0241,F210156473,"",not_sent,""
1,324,in_invoice,S/FRA/2021/0242,1.754/F,"",not_sent,""
1,325,in_invoice,S/FRA/2021/0243,4/2021,"",not_sent,""
1,330,in_invoice,S/FRA/2021/0248,A10016088398-0621,"",not_sent,""
1,331,in_invoice,S/FRA/2021/0249,J210000311,"",not_sent,""
1,333,in_invoice,S/FRA/2021/0251,001D000140,"",not_sent,""
1,334,in_invoice,S/FRA/2021/0252,001G000202,"",not_sent,""
1,339,in_invoice,S/FRA/2021/0257,147/2021,"",not_sent,""
1,340,in_invoice,S/FRA/2021/0258,H0663/0006,"",not_sent,""
1,426,in_invoice,S/FRA/2021/0259,52,"",not_sent,""
1,428,in_invoice,S/FRA/2021/0261,21/25,"",not_sent,""
1,430,in_invoice,S/FRA/2021/0263,H0663/0007,"",not_sent,""
1,432,in_invoice,S/FRA/2021/0265,H0663/0008,"",not_sent,""
1,433,in_invoice,S/FRA/2021/0266,2.209/F,"",not_sent,""
1,434,in_invoice,S/FRA/2021/0267,VF21-07-0114,"",not_sent,""
1,435,in_invoice,S/FRA/2021/0268,A2104759,"",not_sent,""
1,436,in_invoice,S/FRA/2021/0269,A2103972,"",not_sent,""
1,441,in_invoice,S/FRA/2021/0274,2.190/F,"",not_sent,""
1,442,in_invoice,S/FRA/2021/0275,001D000174,"",not_sent,""
1,443,in_invoice,S/FRA/2021/0276,001D000175,"",not_sent,""
1,444,in_invoice,S/FRA/2021/0277,001D000176,"",not_sent,""
1,445,in_invoice,S/FRA/2021/0278,001D000177,"",not_sent,""
1,446,in_invoice,S/FRA/2021/0279,210728,"",not_sent,""
1,447,in_invoice,S/FRA/2021/0280,21-0002,"",not_sent,""
1,448,in_invoice,S/FRA/2021/0281,243,"",not_sent,""
1,449,in_invoice,S/FRA/2021/0282,21/422,"",not_sent,""
1,450,in_invoice,S/FRA/2021/0283,FD21-33180,"",not_sent,""
1,451,in_invoice,S/FRA/2021/0284,04/2021/07,"",not_sent,""
1,452,in_invoice,S/FRA/2021/0285,21233,"",not_sent,""
1,453,in_invoice,S/FRA/2021/0286,18742101P0175837,"",not_sent,""
1,454,in_invoice,S/FRA/2021/0287,933-2021,"",not_sent,""
1,455,in_invoice,S/FRA/2021/0288,4,"",not_sent,""
1,456,in_invoice,S/FRA/2021/0289,L210060815,"",not_sent,""
1,457,in_invoice,S/FRA/2021/0290,RI 21000188,"",not_sent,""
1,458,in_invoice,S/FRA/2021/0291,312-KF21-10898,"",not_sent,""
1,461,in_invoice,S/FRA/2021/0294,A10016176860-0721,"",not_sent,""
1,462,in_invoice,S/FRA/2021/0295,861,"",not_sent,""
1,463,in_invoice,S/FRA/2021/0296,860,"",not_sent,""
1,464,in_invoice,S/FRA/2021/0297,1066-2021,"",not_sent,""
1,466,in_invoice,S/FRA/2021/0299,2021-246,"",not_sent,""
1,467,in_invoice,S/FRA/2021/0300,A2105424,"",not_sent,""
1,468,in_invoice,S/FRA/2021/0301,21-0009,"",not_sent,""
1,469,in_invoice,S/FRA/2021/0302,21-0010,"",not_sent,""
1,470,in_invoice,S/FRA/2021/0303,21-0011,"",not_sent,""
1,471,in_invoice,S/FRA/2021/0304,001D000210,"",not_sent,""
1,472,in_invoice,S/FRA/2021/0305,001058,"",not_sent,""
1,473,in_invoice,S/FRA/2021/0306,FD21-41520,"",not_sent,""
1,474,in_invoice,S/FRA/2021/0307,T/1630/2021,"",not_sent,""
1,475,in_invoice,S/FRA/2021/0308,21/28,"",not_sent,""
1,477,in_invoice,S/FRA/2021/0310,2021/09800/00000008,"",not_sent,""
1,478,in_invoice,S/FRA/2021/0311,2021/09800/00000007,"",not_sent,""
1,479,in_invoice,S/FRA/2021/0312,138/2021,"",not_sent,""
1,480,in_invoice,S/FRA/2021/0313,139/2021,"",not_sent,""
1,481,in_invoice,S/FRA/2021/0314,140/2021,"",not_sent,""
1,482,in_invoice,S/FRA/2021/0315,141/2021,"",not_sent,""
1,19113,in_invoice,S/FRA/2024/0377,55/2024,"",sent,""
1,19785,in_invoice,S/FRA/2024/0480,00003,"",sent,""
1,19906,in_invoice,S/FRA/2024/0470,AF/1006/01,"",sent,""
1,11100,in_invoice,S/FRA/2023/0270,T000103-3108,"",not_sent,""
1,494,in_invoice,S/FRA/2021/0326,AF/0735/01,"",sent,""
1,497,in_invoice,S/FRA/2021/0329,AF/1370/01,"",sent,""
1,508,in_invoice,S/FRA/2021/0417,21/636,"",sent,""
1,539,in_invoice,S/FRA/2021/0401,21/520,"",sent,""
1,540,in_invoice,S/FRA/2021/0400,21/521,"",sent,""
1,541,in_invoice,S/FRA/2021/0399,21/522,"",sent,""
1,542,in_invoice,S/FRA/2021/0398,21/524,"",sent,""
1,543,in_invoice,S/FRA/2021/0397,21/525,"",sent,""
1,544,in_invoice,S/FRA/2021/0396,21/526,"",sent,""
1,6659,in_invoice,S/FRA/2022/0487,VF22-04-0855,"",sent,""
1,560,in_invoice,S/FRA/2021/0381,21/523,"",sent,""
1,564,in_invoice,S/FRA/2021/0378,21/637,"",sent,""
1,565,in_invoice,S/FRA/2021/0377,21/638,"",sent,""
1,566,in_invoice,S/FRA/2021/0376,21/640,"",sent,""
1,567,in_invoice,S/FRA/2021/0375,21/639,"",sent,""
1,568,in_invoice,S/FRA/2021/0374,21/643,"",sent,""
1,569,in_invoice,S/FRA/2021/0373,21/644,"",sent,""
1,570,in_invoice,S/FRA/2021/0372,21/645,"",sent,""
1,571,in_invoice,S/FRA/2021/0371,21/642,"",sent,""
1,572,in_invoice,S/FRA/2021/0370,21/641,"",sent,""
1,577,in_invoice,S/FRA/2021/0365,A000029659,"",sent,""
1,606,in_invoice,S/FRA/2021/0421,I0-000032,"",sent,""
1,611,in_invoice,S/FRA/2021/0422,H0663/0009,"",sent,""
1,688,in_invoice,S/FRA/2021/0443,AF/1400/01,"",sent,""
1,695,in_invoice,S/FRA/2021/0444,A-560,"",sent,""
1,696,in_invoice,S/FRA/2021/0449,A-1074,"",sent,""
1,697,in_invoice,S/FRA/2021/0587,A-1198,"",sent,""
1,698,in_invoice,S/FRA/2021/0586,INV116190685,"",sent,""
1,1580,in_invoice,S/FRA/2021/0488,H0663/0010,"",sent,""
1,1581,in_invoice,S/FRA/2021/0489,208/2021,"",sent,""
1,1582,in_invoice,S/FRA/2021/0490,222/2021,"",sent,""
1,2329,in_invoice,S/FRA/2021/0729,8742101P0056342,"",sent,""
1,6663,in_invoice,S/FRA/2022/0489,VF22-05-0099,"",sent,""
1,22247,in_invoice,S/FRA/2025/0007,250101,"",sent,""
1,2495,in_invoice,S/FRA/2021/0524,FV21031,NEXT,sent,""
1,2994,in_invoice,S/FRA/2021/0544,AF/0809/01,"",sent,""
1,3016,in_invoice,S/FRA/2021/0689,A-1321,"",sent,""
1,18825,in_invoice,S/FRA/2024/0325,5/2024,"",sent,""
1,3058,in_invoice,S/FRA/2021/0608,A000028916,"",sent,""
1,3059,in_invoice,S/FRA/2021/0620,A000029725,"",sent,""
1,19085,in_invoice,S/FRA/2024/0381,24/345,"",sent,""
1,3128,in_invoice,S/FRA/2021/0633,R-H0663/0002,"",sent,""
1,3129,in_invoice,S/FRA/2021/0634,H0663/0011,"",sent,""
1,3247,in_invoice,S/FRA/2021/0701,FV21140,NEXT,sent,""
1,3428,in_invoice,S/FRA/2021/0725,2021/19093,"",sent,""
1,23886,in_invoice,S/FRA/2025/0256,OVIE-250080,"",sent,""
1,3480,in_invoice,S/FRA/2021/0734,21/718,"",sent,""
1,3481,in_invoice,S/FRA/2021/0735,21/722,"",sent,""
1,3482,in_invoice,S/FRA/2021/0742,21/748,"",sent,""
1,3483,in_invoice,S/FRA/2021/0740,21/746,"",sent,""
1,3492,in_invoice,S/FRA/2021/0741,21/747,"",sent,""
1,3523,in_invoice,S/FRA/2021/0796,21/911,"",sent,""
1,3524,in_invoice,S/FRA/2021/0797,21/910,"",sent,""
1,3525,in_invoice,S/FRA/2021/0798,21/909,"",sent,""
1,3526,in_invoice,S/FRA/2021/0799,21/908,"",sent,""
1,3527,in_invoice,S/FRA/2021/0787,21/912,"",sent,""
1,3582,in_invoice,S/FRA/2021/0779,A-1460,"",sent,""
1,3583,in_invoice,S/FRA/2022/0075,A-10,"",sent,""
1,3586,in_invoice,S/FRA/2021/0791,DCGNN8BV82,"",sent,""
1,3587,in_invoice,S/FRA/2021/0745,BSBGC8KV82,"",sent,""
1,3588,in_invoice,S/FRA/2021/0730,BQSMG6PV82,"",sent,""
1,3589,in_invoice,S/FRA/2021/0728,2RSJ75XU82,"",sent,""
1,3601,in_invoice,S/FRA/2021/0718,000168/O/21,"",sent,""
1,3683,in_invoice,S/FRA/2021/0803,202903,"",sent,""
1,3684,in_invoice,S/FRA/2021/0804,203175,"",sent,""
1,3685,in_invoice,S/FRA/2021/0805,2020/0507,"",sent,""
1,3686,in_invoice,S/FRA/2021/0806,62,"",sent,""
1,3688,in_invoice,S/FRA/2021/0808,20/856,"",sent,""
1,3690,in_invoice,S/FRA/2021/0810,H0663/0012,"",sent,""
1,22047,in_invoice,S/FRA/2024/1004,05-04-2024,"",sent,""
1,3912,in_invoice,S/FRA/2022/0176,A-116,"",sent,""
1,3917,in_invoice,S/FRA/2022/0039,21/811,"",sent,""
1,3918,in_invoice,S/FRA/2022/0038,21/812,"",sent,""
1,3919,in_invoice,S/FRA/2022/0037,21/813,"",sent,""
1,3920,in_invoice,S/FRA/2022/0036,21/814,"",sent,""
1,3921,in_invoice,S/FRA/2022/0035,21/815,"",sent,""
1,3922,in_invoice,S/FRA/2022/0034,21/816,"",sent,""
1,3923,in_invoice,S/FRA/2022/0083,21/817,"",sent,""
1,3924,in_invoice,S/FRA/2022/0033,21/818,"",sent,""
1,3925,in_invoice,S/FRA/2022/0032,22/14,"",sent,""
1,3926,in_invoice,S/FRA/2022/0031,22/15,"",sent,""
1,3927,in_invoice,S/FRA/2022/0030,22/16,"",sent,""
1,3938,in_invoice,S/FRA/2022/0082,1.043/F,"",sent,""
1,3939,in_invoice,S/FRA/2022/0022,1.046/F,"",sent,""
1,3940,in_invoice,S/FRA/2022/0021,1.091/F,"",sent,""
1,23869,in_invoice,S/FRA/2025/0255,18742501P0055341,"",sent,""
1,7102,in_invoice,S/FRA/2022/0596,000D000700,"",sent,""
1,3945,in_invoice,S/FRA/2022/0016,CF/0000078942-2021,"",sent,""
1,3946,in_invoice,S/FRA/2022/0015,INV82868364,"",sent,""
1,3971,in_invoice,S/FRA/2022/0011,AF/1515/01,"",sent,""
1,3997,in_invoice,S/FRA/2022/0096,ORD-260401-8-2021-1,"",sent_modified,""
1,4075,in_invoice,S/FRA/2022/0242,75/03787891,"",sent_modified,""
1,4117,in_invoice,S/FRA/2022/0238,22/74,"",sent,""
1,4118,in_invoice,S/FRA/2022/0239,22/76,"",sent,""
1,4119,in_invoice,S/FRA/2022/0228,22/73,"",sent,""
1,4120,in_invoice,S/FRA/2022/0237,22/75,"",sent,""
1,4263,in_invoice,S/FRA/2022/0418,A-237,"",sent,""
1,23495,in_invoice,S/FRA/2025/0199,18742501P0048219,"",sent,""
1,604,in_invoice,S/FRA/2021/0338,210109,"",sent,""
1,2182,in_invoice,S/FRA/2021/0527,210148,"",sent,""
1,2187,in_invoice,S/FRA/2021/0578,210173,"",sent,""
1,2883,in_invoice,S/FRA/2021/0558,210180,"",sent,""
1,23846,in_invoice,S/FRA/2025/0242,FV22162,Mantenimiento Odoo,sent,""
1,24178,in_invoice,S/FRA/2025/0281,1NSN250200165655,"",sent,""
1,5871,in_invoice,S/FRA/2022/0257,FN-21-02855,"",sent,""
1,5872,in_invoice,S/FRA/2022/0263,FN-21-03028,"",sent,""
1,23042,in_invoice,S/FRA/2025/0033,ES5N3PABEY,"",sent,""
1,23177,in_invoice,S/FRA/2025/0123,SI254,"",sent,""
1,6847,in_invoice,S/FRA/2022/0531,1NSN220500419553,"",sent,""
1,21252,in_invoice,S/FRA/2024/0819,24334,"",sent,""
1,21219,in_invoice,S/FRA/2024/0813,147 - 11 / 24,"",sent,""
1,21449,in_invoice,S/FRA/2024/0861,24/27,"",sent,""
1,20668,in_invoice,S/FRA/2024/0737,A-V2024-00004617024,"",sent,""
1,19088,in_invoice,S/FRA/2024/0378,B00054197,"",sent,""
1,21880,in_invoice,S/FRA/2024/1001,06/2024,"",sent,""
1,21641,in_invoice,S/FRA/2024/0920,1574/24,"",sent,""
1,5918,in_invoice,S/FRA/2022/0354,A/13382,"",sent,""
1,5919,in_invoice,S/FRA/2022/0338,A/12571,"",sent,""
1,5920,in_invoice,S/FRA/2022/0341,A/12706,"",sent,""
1,5921,in_invoice,S/FRA/2022/0346,A/12928,"",sent,""
1,5922,in_invoice,S/FRA/2022/0347,A/13027,"",sent,""
1,5923,in_invoice,S/FRA/2022/0353,A/13254,"",sent,""
1,5924,in_invoice,S/FRA/2022/0355,A/13476,"",sent,""
1,5963,in_invoice,S/FRA/2022/0310,FN-21-03827,"",sent,""
1,5964,in_invoice,S/FRA/2022/0331,FN-21-03912,"",sent,""
1,5968,in_invoice,S/FRA/2022/0313,0070/02/2021/0000029,"",sent,""
1,6384,in_invoice,S/FRA/2022/0311,2021/4120/00000011,"",sent,""
1,6385,in_invoice,S/FRA/2022/0329,2021/4120/00000016,"",sent,""
1,6386,in_invoice,S/FRA/2022/0314,2021/4120/00000012,"",sent,""
1,6494,in_invoice,S/FRA/2022/0448,A000030538,"",sent,""
1,6496,in_invoice,S/FRA/2022/0440,22/159,"",sent,""
1,6619,in_invoice,S/FRA/2022/0442,22/160,"",sent,""
1,6631,in_invoice,S/FRA/2022/0469,22-0018,"",sent,""
1,7711,in_invoice,S/FRA/2022/0632,220186,"",sent,""
1,7787,in_invoice,S/FRA/2022/0715,220197,"",sent,""
1,6644,in_invoice,S/FRA/2022/0464,A-347,"",sent,""
1,6657,in_invoice,S/FRA/2022/0479,OO/2022/005,"",sent,""
1,6658,in_invoice,S/FRA/2022/0488,A-485,"",sent,""
1,6662,in_invoice,S/FRA/2022/0483,A000030642,"",sent,""
1,21289,in_invoice,S/FRA/2024/0832,2024A/0001,"",sent,""
1,6665,in_invoice,S/FRA/2022/0486,22/234,"",sent,""
1,6666,in_invoice,S/FRA/2022/0485,22/235,"",sent,""
1,6667,in_invoice,S/FRA/2022/0484,22/236,"",sent,""
1,6670,in_invoice,S/FRA/2022/0492,22-0025,"",sent,""
1,6672,in_invoice,S/FRA/2022/0511,A-610,"",sent,""
1,21815,in_invoice,S/FRA/2024/0947,A240000632,"",sent,""
1,6683,in_invoice,S/FRA/2022/0495,OO/2022/006,"",sent,""
1,6712,in_invoice,S/FRA/2022/0503,A000030819,"",sent,""
1,6713,in_invoice,S/FRA/2022/0504,22/308,"",sent,""
1,6714,in_invoice,S/FRA/2022/0505,22/309,"",sent,""
1,6715,in_invoice,S/FRA/2022/0501,22/310,"",sent,""
1,6716,in_invoice,S/FRA/2022/0502,22/311,"",sent,""
1,6732,in_invoice,S/FRA/2022/0521,3170003417,"",sent,""
1,6775,in_invoice,S/FRA/2022/0525,OO/2022/007,"",sent,""
1,6844,in_invoice,S/FRA/2022/0572,CF/0000045548-2022,"",sent,""
1,9083,in_invoice,S/FRA/2022/1054,220250,"",sent,""
1,9329,in_invoice,S/FRA/2023/0009,230005,"",sent,""
1,6862,in_invoice,S/FRA/2022/0543,A000030947,"",sent,""
1,6865,in_invoice,S/FRA/2022/0570,A-765,"",sent,""
1,6866,in_invoice,S/FRA/2022/0556,22/391,"",sent,""
1,6867,in_invoice,S/FRA/2022/0544,22/392,"",sent,""
1,6868,in_invoice,S/FRA/2022/0548,22/387,"",sent,""
1,6869,in_invoice,S/FRA/2022/0549,22/388,"",sent,""
1,6870,in_invoice,S/FRA/2022/0550,22/389,"",sent,""
1,6872,in_invoice,S/FRA/2022/0553,000G000733,"",sent,""
1,6873,in_invoice,S/FRA/2022/0554,000D000576,"",sent,""
1,6874,in_invoice,S/FRA/2022/0555,000D000575,"",sent,""
1,6895,in_invoice,S/FRA/2022/0603,I0-000058,"",sent,""
1,7077,in_invoice,S/FRA/2022/0598,22006CA,"",sent,""
1,7101,in_invoice,S/FRA/2022/0597,000G000894,"",sent,""
1,7103,in_invoice,S/FRA/2022/0606,2698,"",sent,""
1,7693,in_invoice,S/FRA/2022/0592,A000031007,"",sent,""
1,7694,in_invoice,S/FRA/2022/0618,589,"",sent,""
1,7696,in_invoice,S/FRA/2022/0590,22/465,"",sent,""
1,7697,in_invoice,S/FRA/2022/0589,22/466,"",sent_modified,""
1,7699,in_invoice,S/FRA/2022/0615,A-918,"",sent,""
1,7714,in_invoice,S/FRA/2022/0631,159,"",sent,""
1,7727,in_invoice,S/FRA/2022/0701,A-1034,"",sent,""
1,7737,in_invoice,S/FRA/2022/0710,000D000769,"",sent,""
1,7739,in_invoice,S/FRA/2022/0708,22/530,"",sent,""
1,7740,in_invoice,S/FRA/2022/0702,22/529,"",sent,""
1,7741,in_invoice,S/FRA/2022/0705,22/528,"",sent,""
1,7742,in_invoice,S/FRA/2022/0700,22/527,"",sent,""
1,7743,in_invoice,S/FRA/2022/0704,22/526,"",sent,""
1,7774,in_invoice,S/FRA/2022/0667,1220448731,"",sent,""
1,7784,in_invoice,S/FRA/2022/0640,OO/2022/009,"",sent,""
1,7861,in_invoice,S/FRA/2022/0661,C5/2022,"",sent,""
1,8224,in_invoice,S/FRA/2022/0673,06/2022,"",sent,""
1,8250,in_invoice,S/FRA/2022/0682,OO/2022/010,"",sent,""
1,8268,in_invoice,S/FRA/2022/0740,22/621,"",sent_modified,""
1,8269,in_invoice,S/FRA/2022/0739,22/622,"",sent,""
1,8270,in_invoice,S/FRA/2022/0738,22/623,"",sent,""
1,8271,in_invoice,S/FRA/2022/0737,22/624,"",sent,""
1,8272,in_invoice,S/FRA/2022/0729,22/625,"",sent,""
1,8273,in_invoice,S/FRA/2022/0736,22/626,"",sent,""
1,8274,in_invoice,S/FRA/2022/0735,22/627,"",sent,""
1,8275,in_invoice,S/FRA/2022/0770,22/628,"",sent,""
1,8276,in_invoice,S/FRA/2022/0734,22/630,"",sent,""
1,8277,in_invoice,S/FRA/2022/0733,22/631,"",sent,""
1,8278,in_invoice,S/FRA/2022/0732,22/632,"",sent,""
1,8279,in_invoice,S/FRA/2022/0731,22/705,"",sent,""
1,8283,in_invoice,S/FRA/2022/0773,A-1164,"",sent,""
1,8307,in_invoice,S/FRA/2022/0769,22/629,"",sent,""
1,8428,in_invoice,S/FRA/2022/0765,22-0044,"",sent,""
1,8490,in_invoice,S/FRA/2022/0814,FNLC193220003017,"",sent,""
1,8507,in_invoice,S/FRA/2022/0803,F084-2022,"",sent,""
1,24179,in_invoice,S/FRA/2025/0280,1NSN250300515223,"",sent,""
1,8521,in_invoice,S/FRA/2022/0794,139-2020,"",sent,""
1,8869,in_invoice,S/FRA/2022/0834,AF75891140,"",not_sent,1104 | Valor del campo ID incorrecto
1,8905,in_invoice,S/FRA/2022/0876,22/734,"",sent,""
1,8906,in_invoice,S/FRA/2022/0877,22/733,"",sent,""
1,8907,in_invoice,S/FRA/2022/0888,22/732,"",sent,""
1,8908,in_invoice,S/FRA/2022/0887,22/731,"",sent,""
1,8909,in_invoice,S/FRA/2022/0886,22/735,"",sent,""
1,8918,in_invoice,S/FRA/2022/0885,000D001096,"",sent,""
1,8919,in_invoice,S/FRA/2022/0884,000G001455,"",sent,""
1,8920,in_invoice,S/FRA/2022/0883,000D001097,"",sent,""
1,8921,in_invoice,S/FRA/2022/0882,000D001098,"",sent,""
1,8922,in_invoice,S/FRA/2022/0881,000G001456,"",sent,""
1,8923,in_invoice,S/FRA/2022/0880,000G001457,"",sent,""
1,8924,in_invoice,S/FRA/2022/0855,000D000926,"",sent,""
1,8925,in_invoice,S/FRA/2022/0856,000D000927,"",sent,""
1,8926,in_invoice,S/FRA/2022/0854,000D000928,"",sent,""
1,8927,in_invoice,S/FRA/2022/0848,000D000771,"",sent,""
1,8928,in_invoice,S/FRA/2022/0846,000D000770,"",sent,""
1,8954,in_invoice,S/FRA/2022/0890,OO/2022/011,"",sent,""
1,9012,in_invoice,S/FRA/2022/0940,A000031160,"",sent,""
1,9013,in_invoice,S/FRA/2022/0939,A000031382,"",sent,""
1,13574,in_invoice,S/FRA/2023/0491,230140,"",sent,""
1,13611,in_invoice,S/FRA/2023/0484,230152,"",sent,""
1,14653,in_invoice,S/FRA/2023/0984,230179,"",sent,""
1,16165,in_invoice,S/FRA/2024/0007,240002,"",sent,""
1,9052,in_invoice,S/FRA/2022/0924,8/2022,"",sent,""
1,9067,in_invoice,S/FRA/2022/0912,154/2022,"",sent,""
1,9081,in_invoice,S/FRA/2022/0956,2022-00018,"",sent,""
1,9108,in_invoice,S/FRA/2022/0967,154-2022,"",sent,""
1,9133,in_invoice,S/FRA/2022/0978,022.056.,"",sent,""
1,9148,in_invoice,S/FRA/2022/0982,OO/2022/012,"",sent,""
1,94,in_invoice,S/FRA/2021/0492,312-KF19-17058,"",sent,""
1,504,in_invoice,S/FRA/2021/0420,S/05 -21,"",sent,""
1,505,in_invoice,S/FRA/2021/0419,40,"",sent,""
1,506,in_invoice,S/FRA/2021/0457,41,"",sent,""
1,507,in_invoice,S/FRA/2021/0418,4/2021,"",sent,""
1,509,in_invoice,S/FRA/2021/0416,21-0020,"",sent,""
1,512,in_invoice,S/FRA/2021/0415,12/21,"",sent,""
1,513,in_invoice,S/FRA/2021/0414,6,"",sent,""
1,514,in_invoice,S/FRA/2021/0413,OO01/2021,"",sent,""
1,516,in_invoice,S/FRA/2021/0411,LD12/21,"",sent,""
1,518,in_invoice,S/FRA/2021/0409,6/2021,"",sent,""
1,519,in_invoice,S/FRA/2021/0408,D21 353,"",sent,""
1,520,in_invoice,S/FRA/2021/0407,867,"",sent,""
1,521,in_invoice,S/FRA/2021/0406,864,"",sent,""
1,522,in_invoice,S/FRA/2021/0405,865,"",sent,""
1,536,in_invoice,S/FRA/2021/0404,573/21,"",sent,""
1,537,in_invoice,S/FRA/2021/0403,547/21,"",sent,""
1,538,in_invoice,S/FRA/2021/0402,1.211.570,"",sent,""
1,545,in_invoice,S/FRA/2021/0395,2.754/F,"",sent,""
1,546,in_invoice,S/FRA/2021/0394,2.620/F,"",sent,""
1,547,in_invoice,S/FRA/2021/0393,2.621/F,"",sent,""
1,548,in_invoice,S/FRA/2021/0392,2.596/F,"",sent,""
1,549,in_invoice,S/FRA/2021/0391,2.570/F,"",sent,""
1,550,in_invoice,S/FRA/2021/0390,2.572/F,"",sent,""
1,551,in_invoice,S/FRA/2021/0389,2.536/F,"",sent,""
1,552,in_invoice,S/FRA/2021/0388,2.535/F,"",sent_modified,""
1,553,in_invoice,S/FRA/2021/0387,2.571/F,"",sent,""
1,558,in_invoice,S/FRA/2021/0383,A10016263688-0821,"",sent,""
1,559,in_invoice,S/FRA/2021/0382,312-KF21-12580,"",sent,""
1,617,in_invoice,S/FRA/2021/0474,5/2021,"",sent,""
1,619,in_invoice,S/FRA/2021/0470,870,"",sent,""
1,626,in_invoice,S/FRA/2021/0460,LD14/21,"",sent,""
1,627,in_invoice,S/FRA/2021/0456,OO02/2021,"",sent,""
1,628,in_invoice,S/FRA/2021/0588,42,"",sent,""
1,629,in_invoice,S/FRA/2021/0462,7/2021,"",sent,""
1,631,in_invoice,S/FRA/2021/0445,21-0015,"",sent,""
1,632,in_invoice,S/FRA/2021/0469,21-0023,"",sent,""
1,633,in_invoice,S/FRA/2021/0482,21-0025,"",sent,""
1,634,in_invoice,S/FRA/2021/0468,42/2021,"",sent,""
1,635,in_invoice,S/FRA/2021/0463,1/2021,"",sent,""
1,636,in_invoice,S/FRA/2021/0446,28/2021,"",sent,""
1,637,in_invoice,S/FRA/2021/0467,D21 402,"",sent,""
1,638,in_invoice,S/FRA/2021/0450,60-21,"",sent,""
1,639,in_invoice,S/FRA/2021/0451,61-21,"",sent,""
1,640,in_invoice,S/FRA/2021/0464,SER-21-0354,"",sent,""
1,641,in_invoice,S/FRA/2021/0436,2021-001,"",sent,""
1,642,in_invoice,S/FRA/2021/0438,4/2021,"",sent,""
1,643,in_invoice,S/FRA/2021/0431, ,"",sent,""
1,646,in_invoice,S/FRA/2021/0487,2.573/F,"",sent_modified,""
1,661,in_invoice,S/FRA/2021/0493,312-KF20-4237,"",sent,""
1,662,in_invoice,S/FRA/2021/0452,A10016435736-1021,"",sent,""
1,665,in_invoice,S/FRA/2021/0494,312-KF20-9071,"",sent,""
1,666,in_invoice,S/FRA/2021/0475,3.362/F,"",sent,""
1,667,in_invoice,S/FRA/2021/0473,3.353/F,"",sent,""
1,668,in_invoice,S/FRA/2021/0423,AF/1386/01,"",sent,""
1,669,in_invoice,S/FRA/2021/0424,AF/1387/01,"",sent,""
1,670,in_invoice,S/FRA/2021/0425,AF/1388/01,"",sent,""
1,671,in_invoice,S/FRA/2021/0426,AF/1389/01,"",sent,""
1,672,in_invoice,S/FRA/2021/0427,AF/0917/01,"",sent,""
1,673,in_invoice,S/FRA/2021/0455,006/2021,"",sent,""
1,674,in_invoice,S/FRA/2021/0484,21159,"",sent,""
1,675,in_invoice,S/FRA/2021/0428,AF/1390/01,"",sent,""
1,676,in_invoice,S/FRA/2021/0429,AF/1391/01,"",sent_modified,""
1,677,in_invoice,S/FRA/2021/0430,AF/1009/01,"",sent,""
1,678,in_invoice,S/FRA/2021/0483,21160,"",sent,""
1,679,in_invoice,S/FRA/2021/0432,AF/1392/01,"",sent,""
1,680,in_invoice,S/FRA/2021/0433,AF/1393/01,"",sent,""
1,681,in_invoice,S/FRA/2021/0434,2021-0002,"",sent,""
1,682,in_invoice,S/FRA/2021/0435,AF/1394/01,"",sent,""
1,683,in_invoice,S/FRA/2021/0437,AF/1395/01,"",sent,""
1,684,in_invoice,S/FRA/2021/0439,AF/1396/01,"",sent,""
1,685,in_invoice,S/FRA/2021/0440,AF/1397/01,"",sent,""
1,687,in_invoice,S/FRA/2021/0442,AF/1399/01,"",sent,""
1,691,in_invoice,S/FRA/2021/0472,A21000378,"",sent,""
1,693,in_invoice,S/FRA/2021/0481,110*10/21,"",sent,""
1,694,in_invoice,S/FRA/2021/0485,FRO20212325617,"",sent,""
1,699,in_invoice,S/FRA/2021/0531,80-21,"",sent,""
1,751,in_invoice,S/FRA/2021/0447,2.900F,"",sent,""
1,752,in_invoice,S/FRA/2021/0454,3.293F,"",sent,""
1,753,in_invoice,S/FRA/2021/0458,3.309F,"",sent,""
1,754,in_invoice,S/FRA/2021/0466,3.332F,"",sent,""
1,755,in_invoice,S/FRA/2021/0465,3.333/F,"",sent_modified,""
1,756,in_invoice,S/FRA/2021/0459,3.311F,"",sent,""
1,757,in_invoice,S/FRA/2021/0477,3.380/F,"",sent,""
1,758,in_invoice,S/FRA/2021/0480,3.381F,"",sent,""
1,759,in_invoice,S/FRA/2021/0479,3.382F,"",sent,""
1,760,in_invoice,S/FRA/2021/0478,3.383F,"",sent,""
1,761,in_invoice,S/FRA/2021/0476,RD/002/21,"",sent,""
1,790,in_invoice,S/FRA/2021/0448,6/2021,"",sent,""
1,800,in_invoice,S/FRA/2021/0471,MTA2101925,"",sent,""
1,1579,in_invoice,S/FRA/2021/0584,FV21/0364,"",sent,""
1,1607,in_invoice,S/FRA/2021/0599,03/2021/10,"",sent,""
1,1608,in_invoice,S/FRA/2021/0583,03/2021/11,"",sent,""
1,1610,in_invoice,S/FRA/2021/0598,VF21-10-0074,"",sent,""
1,2060,in_invoice,S/FRA/2021/0597,21289,"",sent,""
1,2061,in_invoice,S/FRA/2021/0534,FO1/1690,"",sent,""
1,2062,in_invoice,S/FRA/2021/0582,5156A,"",sent,""
1,2063,in_invoice,S/FRA/2021/0581,5181A,"",sent,""
1,2064,in_invoice,S/FRA/2021/0596,6/2021,"",sent_modified,""
1,2066,in_invoice,S/FRA/2021/0532,10/2021,"",sent,""
1,2070,in_invoice,S/FRA/2021/0580,001527,"",sent_modified,""
1,2126,in_invoice,S/FRA/2021/0579,MTA2102104,"",sent,""
1,2127,in_invoice,S/FRA/2021/0595,2021-368,"",sent,""
1,2164,in_invoice,S/FRA/2021/0491,M200041479,"",sent,""
1,2165,in_invoice,S/FRA/2021/0520,M210038185,"",sent,""
1,2166,in_invoice,S/FRA/2021/0521,A210063354,"",sent,""
1,2167,in_invoice,S/FRA/2021/0522,Y210064981,"",sent,""
1,2177,in_invoice,S/FRA/2021/0495,312-KF19-9798,"",sent,""
1,2178,in_invoice,S/FRA/2021/0496,312-KF19-11174,"",sent,""
1,2181,in_invoice,S/FRA/2021/0497,312-KF19-12629,"",sent,""
1,22404,in_invoice,S/FRA/2024/1066,174-24,"",sent,""
1,2183,in_invoice,S/FRA/2021/0498,312-KF19-14053,"",sent,""
1,2186,in_invoice,S/FRA/2021/0499,312-KF19-15621,"",sent,""
1,23574,in_invoice,S/FRA/2025/0240,18742501P0025654,"",sent,""
1,2190,in_invoice,S/FRA/2021/0500,312-KF20-1122,"",sent,""
1,2192,in_invoice,S/FRA/2021/0501,312-KF20-1975,"",sent,""
1,2193,in_invoice,S/FRA/2021/0502,312-KF20-5885,"",sent,""
1,2194,in_invoice,S/FRA/2021/0503,312-KF20-7461,"",sent,""
1,2195,in_invoice,S/FRA/2021/0504,312-KF20-10638,"",sent,""
1,2196,in_invoice,S/FRA/2021/0505,312-KF20-12433,"",sent,""
1,2197,in_invoice,S/FRA/2021/0506,312-KF20-14186,"",sent,""
1,2198,in_invoice,S/FRA/2021/0507,312-KF20-16296,"",sent,""
1,2199,in_invoice,S/FRA/2021/0508,312-KF20-18360,"",sent,""
1,2200,in_invoice,S/FRA/2021/0509,312-KF20-20072,"",sent,""
1,2201,in_invoice,S/FRA/2021/0577,42/21,"",sent,""
1,2202,in_invoice,S/FRA/2021/0510,312-KF21-814,"",sent,""
1,2203,in_invoice,S/FRA/2021/0511,312-KF21-2859,"",sent,""
1,2204,in_invoice,S/FRA/2021/0512,312-KF21-4197,"",sent,""
1,2205,in_invoice,S/FRA/2021/0513,312-KF21-5803,"",sent,""
1,2206,in_invoice,S/FRA/2021/0514,312-KF21-8391,"",sent,""
1,2207,in_invoice,S/FRA/2021/0515,312-KF21-9210,"",sent,""
1,2208,in_invoice,S/FRA/2021/0516,A10015818290-0321,"",sent,""
1,2209,in_invoice,S/FRA/2021/0517,A10015726456-0221,"",sent,""
1,2210,in_invoice,S/FRA/2021/0518,A10015999988-0521,"",sent,""
1,2211,in_invoice,S/FRA/2021/0519,312-KF21-15729,"",sent,""
1,2242,in_invoice,S/FRA/2021/0528,2021 A 0000167,"",sent,""
1,2243,in_invoice,S/FRA/2021/0576,09411600042,"",sent,""
1,2244,in_invoice,S/FRA/2021/0575,48/EST,"",sent,""
1,2310,in_invoice,S/FRA/2021/0574,006/2021,"",sent,""
1,2325,in_invoice,S/FRA/2021/0604,G210061460,"",sent,""
1,2326,in_invoice,S/FRA/2021/0602,S210063444,"",sent,""
1,2327,in_invoice,S/FRA/2021/0594,O210100846,"",sent,""
1,2334,in_invoice,S/FRA/2021/0571,UN-275/21,"",sent,""
1,26250,in_invoice,S/FRA/2025/0595,2025/00210/00000037,"",sent,""
1,2360,in_invoice,S/FRA/2021/0601,95-D,"",sent,""
1,2487,in_invoice,S/FRA/2021/0569,5280A,"",sent,""
1,2488,in_invoice,S/FRA/2021/0568,5297A,"",sent,""
1,2522,in_invoice,S/FRA/2021/0530,A/21-0050,"",sent,""
1,2557,in_invoice,S/FRA/2021/0567,8/2021,"",sent,""
1,2566,in_invoice,S/FRA/2021/0526,FV21033,"",sent,""
1,2586,in_invoice,S/FRA/2021/0538,3.451/F,"",sent,""
1,2590,in_invoice,S/FRA/2021/0537,3.384/F,"",sent,""
1,2620,in_invoice,S/FRA/2021/0605,A2103329,"",sent,""
1,2846,in_invoice,S/FRA/2021/0566,549,"",sent,""
1,2848,in_invoice,S/FRA/2021/0536,2.908/F,"",sent,""
1,2850,in_invoice,S/FRA/2021/0564,66/21,"",sent,""
1,2851,in_invoice,S/FRA/2021/0563,I0-000044,"",sent,""
1,2874,in_invoice,S/FRA/2021/0535,1.367/F,"",sent,""
1,2877,in_invoice,S/FRA/2021/0533,659/21,"",sent,""
1,2878,in_invoice,S/FRA/2021/0562,21-0029,"",sent,""
1,2879,in_invoice,S/FRA/2021/0561,21-0030,"",sent,""
1,2880,in_invoice,S/FRA/2021/0560,21-0031,"",sent,""
1,2881,in_invoice,S/FRA/2021/0559,21-0034,"",sent,""
1,2882,in_invoice,S/FRA/2021/0551,11/2021,"",sent,""
1,2884,in_invoice,S/FRA/2021/0557,D21 454,"",sent,""
1,2885,in_invoice,S/FRA/2021/0556,20211420,"",sent,""
1,2890,in_invoice,S/FRA/2021/0555,21-0027,"",sent,""
1,2891,in_invoice,S/FRA/2021/0554,7,"",sent,""
1,2892,in_invoice,S/FRA/2021/0600,H2269/0001,"",sent,""
1,2894,in_invoice,S/FRA/2021/0590,2021/09800/000000012,"",sent,""
1,2989,in_invoice,S/FRA/2021/0539,AF/1416/01,"",sent,""
1,2990,in_invoice,S/FRA/2021/0540,AF/1421/01,"",sent,""
1,2991,in_invoice,S/FRA/2021/0541,AF/1422/01,"",sent,""
1,2992,in_invoice,S/FRA/2021/0542, ,"",sent,""
1,25681,in_invoice,S/FRA/2025/0517,AF/2014/02,"",sent,""
1,2995,in_invoice,S/FRA/2021/0545,AF/1424/01,"",sent,""
1,2997,in_invoice,S/FRA/2021/0546,AF/1425/01,"",sent,""
1,2998,in_invoice,S/FRA/2021/0547,AF/1426/01,"",sent,""
1,2999,in_invoice,S/FRA/2021/0548,AF/0759/01,"",sent,""
1,3000,in_invoice,S/FRA/2021/0549,AF/1427/01,"",sent,""
1,3001,in_invoice,S/FRA/2021/0550,AF/1428/01,"",sent,""
1,3002,in_invoice,S/FRA/2021/0552,AF/0970/01,"",sent,""
1,3009,in_invoice,S/FRA/2021/0606,14,"",sent,""
1,3010,in_invoice,S/FRA/2021/0623,S/06-21,"",sent,""
1,3011,in_invoice,S/FRA/2021/0692,07/2021,"",sent,""
1,3012,in_invoice,S/FRA/2021/0625,LD17/21,"",sent,""
1,3013,in_invoice,S/FRA/2021/0691,2021-0231,"",sent,""
1,3014,in_invoice,S/FRA/2021/0690,4/2021,"",sent,""
1,3015,in_invoice,S/FRA/2021/0747,47-2021,"",sent,""
1,3017,in_invoice,S/FRA/2021/0688,VF21-12-0080,"",sent,""
1,3042,in_invoice,S/FRA/2021/0621,8,"",sent,""
1,3045,in_invoice,S/FRA/2021/0687,99-21,"",sent,""
1,3056,in_invoice,S/FRA/2021/0749,6,"",sent,""
1,3057,in_invoice,S/FRA/2021/0685,16,"",sent,""
1,3061,in_invoice,S/FRA/2021/0629,7/2021,"",sent,""
1,3062,in_invoice,S/FRA/2021/0750,73/21,"",sent,""
1,3063,in_invoice,S/FRA/2021/0628,211716,"",sent,""
1,3064,in_invoice,S/FRA/2021/0684,SI102,"",sent,""
1,3065,in_invoice,S/FRA/2021/0683,AN159,"",sent,""
1,3066,in_invoice,S/FRA/2021/0682,AN160,"",sent,""
1,3067,in_invoice,S/FRA/2021/0610,FD21-39481,"",sent,""
1,3068,in_invoice,S/FRA/2021/0611,FD21-46446,"",sent,""
1,3069,in_invoice,S/FRA/2021/0613,FD21-48343,"",sent,""
1,3070,in_invoice,S/FRA/2021/0614,FD21-51000,"",sent,""
1,3071,in_invoice,S/FRA/2021/0622,FD21-55513,"",sent,""
1,3072,in_invoice,S/FRA/2021/0681,FD21-61318,"",sent,""
1,3073,in_invoice,S/FRA/2021/0612,168/2021,"",sent,""
1,3074,in_invoice,S/FRA/2021/0615,182/2021,"",sent,""
1,3075,in_invoice,S/FRA/2021/0619,183/2021,"",sent,""
1,3076,in_invoice,S/FRA/2021/0618,184/2021,"",sent,""
1,3077,in_invoice,S/FRA/2021/0617,185/2021,"",sent,""
1,3078,in_invoice,S/FRA/2021/0607,AF/1432/01,"",sent,""
1,3079,in_invoice,S/FRA/2021/0616,186/2021,"",sent,""
1,3080,in_invoice,S/FRA/2021/0626,201/2021,"",sent,""
1,3085,in_invoice,S/FRA/2021/0624,199/2021,"",sent,""
1,3086,in_invoice,S/FRA/2021/0680,21-0037,"",sent,""
1,3087,in_invoice,S/FRA/2021/0679,09411600049,"",sent,""
1,3101,in_invoice,S/FRA/2021/0627,001D000365,"",sent,""
1,3103,in_invoice,S/FRA/2021/0638,00004345,"",sent_modified,""
1,3104,in_invoice,S/FRA/2021/0641,00006747,"",sent_modified,""
1,3105,in_invoice,S/FRA/2021/0645,FRO20212567131,"",sent,""
1,3106,in_invoice,S/FRA/2021/0647,A2107815,"",sent,""
1,3107,in_invoice,S/FRA/2021/0648,1487-2021,"",sent,""
1,3108,in_invoice,S/FRA/2021/0649,FO1 / 2291,"",sent,""
1,3109,in_invoice,S/FRA/2021/0631,212810,"",sent,""
1,3110,in_invoice,S/FRA/2021/0644,A10016520137-1121,"",sent,""
1,3111,in_invoice,S/FRA/2021/0632,312-KF21-17301,"",sent,""
1,3112,in_invoice,S/FRA/2021/0678,FA 212263,"",sent,""
1,3113,in_invoice,S/FRA/2021/0643,FA 212525,"",sent,""
1,3114,in_invoice,S/FRA/2021/0637,FA 211991,"",sent,""
1,3115,in_invoice,S/FRA/2021/0636,FA 210854,"",sent,""
1,3116,in_invoice,S/FRA/2021/0653,001D000362,"",sent,""
1,3117,in_invoice,S/FRA/2021/0652,001D000363,"",sent,""
1,3118,in_invoice,S/FRA/2021/0651,001D000364,"",sent,""
1,3119,in_invoice,S/FRA/2021/0646,001G000511,"",sent,""
1,3120,in_invoice,S/FRA/2021/0650,001G000512,"",sent,""
1,3122,in_invoice,S/FRA/2021/0677,312-KF21-18971,"",sent,""
1,3124,in_invoice,S/FRA/2021/0676,A10016604117-1221,"",sent,""
1,3125,in_invoice,S/FRA/2021/0639,001D000315,"",sent,""
1,3131,in_invoice,S/FRA/2021/0640,001D000316,"",sent,""
1,3132,in_invoice,S/FRA/2021/0642,001G000475,"",sent,""
1,3133,in_invoice,S/FRA/2021/0656,001D000317,"",sent,""
1,3134,in_invoice,S/FRA/2021/0655,001D000318,"",sent,""
1,3135,in_invoice,S/FRA/2021/0654,001D000270,"",sent,""
1,3136,in_invoice,S/FRA/2021/0657,001D000319,"",sent,""
1,3137,in_invoice,S/FRA/2021/0658,3929/F,"",sent,""
1,3216,in_invoice,S/FRA/2021/0659,264,"",sent,""
1,3217,in_invoice,S/FRA/2021/0660,263,"",sent,""
1,3228,in_invoice,S/FRA/2021/0675,021 A 0000211,"",sent,""
1,3229,in_invoice,S/FRA/2021/0674,2021 -404,"",sent,""
1,3230,in_invoice,S/FRA/2021/0744,18742101P0087262,"",sent,""
1,3231,in_invoice,S/FRA/2021/0673,A2108282,"",sent,""
1,3234,in_invoice,S/FRA/2021/0672,001725,"",sent,""
1,3235,in_invoice,S/FRA/2021/0671,ACT-30724,"",sent,""
1,3237,in_invoice,S/FRA/2021/0669,21166,"",sent,""
1,3238,in_invoice,S/FRA/2021/0755,1/E,"",sent,""
1,3240,in_invoice,S/FRA/2021/0694,FV21048,FV21048: FV21048,sent,""
1,8281,in_invoice,S/FRA/2022/0730,001236,"",sent,""
1,3241,in_invoice,S/FRA/2021/0695,FV21065,FV21065: FV21065,sent,""
1,3242,in_invoice,S/FRA/2021/0696,FV21083,FV21083: FV21083,sent,""
1,3243,in_invoice,S/FRA/2021/0697,FV21095,FV21095: FV21095,sent,""
1,3244,in_invoice,S/FRA/2021/0698,FV21105,FV21105: FV21105,sent,""
1,3245,in_invoice,S/FRA/2021/0699,FV21119,FV21119: FV21119,sent,""
1,3246,in_invoice,S/FRA/2021/0700,FV21129,FV21129: FV21129,sent,""
1,3274,in_invoice,S/FRA/2021/0726,03/2021/06,"",sent,""
1,3275,in_invoice,S/FRA/2021/0693,03/2021/08,"",sent,""
1,3276,in_invoice,S/FRA/2021/0668,03/2021/09,"",sent,""
1,3278,in_invoice,S/FRA/2021/0702,FV21143,FV21143: FV21143,sent,""
1,3279,in_invoice,S/FRA/2021/0667,117-A,"",sent,""
1,3280,in_invoice,S/FRA/2021/0760,5,"",sent,""
1,3281,in_invoice,S/FRA/2021/0759,02/2021,"",sent,""
1,3283,in_invoice,S/FRA/2021/0665,D21 506,"",sent,""
1,3287,in_invoice,S/FRA/2021/0664,50/2021,"",sent,""
1,3288,in_invoice,S/FRA/2021/0663,9/2021,"",sent,""
1,3289,in_invoice,S/FRA/2021/0662,119/2021,"",sent,""
1,9044,in_invoice,S/FRA/2022/0931,1NSN220700239312,"",sent,""
1,20376,in_invoice,S/FRA/2024/0647,20240430,"",sent,""
1,21330,in_invoice,S/FRA/2024/0853,8.253,"",sent,""
1,9045,in_invoice,S/FRA/2022/0930,1NSN221000014002,"",sent_modified,""
1,3297,in_invoice,S/FRA/2021/0762,F20211514,"",sent,""
1,3386,in_invoice,S/FRA/2021/0724,2021/14101,"",sent,""
1,3415,in_invoice,S/FRA/2021/0765,021.080,"",sent,""
1,3418,in_invoice,S/FRA/2021/0764,008/2021,"",sent,""
1,3430,in_invoice,S/FRA/2021/0737,01-2021,"",sent,""
1,3431,in_invoice,S/FRA/2021/0731,361175,"",sent,""
1,3432,in_invoice,S/FRA/2021/0763,01/2021,"",sent,""
1,3433,in_invoice,S/FRA/2021/0756,OO03/2021,"",sent,""
1,3434,in_invoice,S/FRA/2021/0761,G 123-21,"",sent,""
1,3435,in_invoice,S/FRA/2021/0738,871,"",sent,""
1,3436,in_invoice,S/FRA/2021/0739,872,"",sent,""
1,3437,in_invoice,S/FRA/2021/0752,877,"",sent,""
1,3438,in_invoice,S/FRA/2021/0753,878,"",sent,""
1,3448,in_invoice,S/FRA/2021/0766,10,"",sent,""
1,3449,in_invoice,S/FRA/2021/0748,13,"",sent,""
1,3451,in_invoice,S/FRA/2021/0771,378,"",sent,""
1,3452,in_invoice,S/FRA/2021/0772,379,"",sent,""
1,3453,in_invoice,S/FRA/2021/0767,D210024084,"",sent,""
1,3455,in_invoice,S/FRA/2021/0703,AF/1458/01,"",sent,""
1,3457,in_invoice,S/FRA/2021/0704, ,"",sent,""
1,3458,in_invoice,S/FRA/2021/0705,AF/0765/01,"",sent,""
1,3459,in_invoice,S/FRA/2021/0706,AF/1459/01,"",sent,""
1,3460,in_invoice,S/FRA/2021/0707,AF/1460/01,"",sent,""
1,3461,in_invoice,S/FRA/2021/0708,AF/1364/03,"",sent,""
1,3462,in_invoice,S/FRA/2021/0709,AF/1461/01,"",sent,""
1,3463,in_invoice,S/FRA/2021/0710,AF/1462/01,"",sent,""
1,3464,in_invoice,S/FRA/2021/0711, ,"",sent,""
1,3465,in_invoice,S/FRA/2021/0712,AF/1463/01,"",sent,""
1,3466,in_invoice,S/FRA/2021/0713,AF/1464/01,"",sent,""
1,3467,in_invoice,S/FRA/2021/0714,AF/1465/01,"",sent,""
1,3468,in_invoice,S/FRA/2021/0715, ,"",sent,""
1,3472,in_invoice,S/FRA/2021/0743,VF21-11-0079,"",sent,""
1,3473,in_invoice,S/FRA/2021/0727,VF21-08-0078,"",sent,""
1,3475,in_invoice,S/FRA/2021/0773,A/21-0271,"",sent,""
1,3529,in_invoice,S/FRA/2021/0757,LD19/21,"",sent,""
1,3530,in_invoice,S/FRA/2021/0746,704/21,"",sent,""
1,3531,in_invoice,S/FRA/2021/0751,879,"",sent,""
1,3540,in_invoice,S/FRA/2022/0085,FV21156,FV21156: FV21156,sent,""
1,3541,in_invoice,S/FRA/2021/0792,A2108686,"",sent,""
1,3542,in_invoice,S/FRA/2022/0084,INV-057302,"",sent,""
1,3546,in_invoice,S/FRA/2021/0794,389,"",sent,""
1,3549,in_invoice,S/FRA/2022/0087,5133/22,"",sent,""
1,21328,in_invoice,S/FRA/2024/0858,8.112,"",sent,""
1,3552,in_invoice,S/FRA/2021/0776,FO1 / 2469,"",sent,""
1,3553,in_invoice,S/FRA/2021/0802,21172,"",sent,""
1,3554,in_invoice,S/FRA/2021/0801,828/21,"",sent,""
1,3555,in_invoice,S/FRA/2021/0769,21/056,"",sent,""
1,3556,in_invoice,S/FRA/2021/0754,1 000054,"",sent,""
1,3557,in_invoice,S/FRA/2021/0775,018/2021,"",sent,""
1,3558,in_invoice,S/FRA/2021/0770,011/2021,"",sent,""
1,3560,in_invoice,S/FRA/2021/0768,424,"",sent,""
1,3561,in_invoice,S/FRA/2022/0081,428,"",sent,""
1,3562,in_invoice,S/FRA/2022/0080,11,"",sent,""
1,3563,in_invoice,S/FRA/2022/0079,08/2022,"",sent,""
1,3564,in_invoice,S/FRA/2022/0078,20220027,"",sent,""
1,3565,in_invoice,S/FRA/2021/0786,G 129-21,"",sent,""
1,3566,in_invoice,S/FRA/2021/0784,001G000537,"",sent,""
1,3567,in_invoice,S/FRA/2021/0785,001G000538,"",sent,""
1,3568,in_invoice,S/FRA/2021/0774,001D000387,"",sent,""
1,3569,in_invoice,S/FRA/2021/0781,001D000388,"",sent,""
1,3570,in_invoice,S/FRA/2021/0782,001G000539,"",sent,""
1,3571,in_invoice,S/FRA/2021/0783,001D000389,"",sent,""
1,3572,in_invoice,S/FRA/2022/0077,2-22,"",sent,""
1,3573,in_invoice,S/FRA/2021/0800,211890,"",sent,""
1,3574,in_invoice,S/FRA/2021/0793,1713-2021,"",sent,""
1,3575,in_invoice,S/FRA/2021/0780,21-0040,"",sent,""
1,3576,in_invoice,S/FRA/2022/0076,03/2021/02,"",sent,""
1,3577,in_invoice,S/FRA/2021/0777,8/2021,"",sent,""
1,3578,in_invoice,S/FRA/2021/0795,2021-443,"",sent,""
1,3579,in_invoice,S/FRA/2021/0758,18,"",sent,""
1,3584,in_invoice,S/FRA/2021/0790,4448/F,"",sent,""
1,3585,in_invoice,S/FRA/2021/0778,FA 213099,"",sent,""
1,3591,in_invoice,S/FRA/2021/0788,0000397680,"",sent,""
1,3592,in_invoice,S/FRA/2022/0074,312-KF22-458,"",sent,""
1,3593,in_invoice,S/FRA/2022/0073,A10016686897-0122,"",sent,""
1,3594,in_invoice,S/FRA/2022/0072,17,"",sent,""
1,3598,in_invoice,S/FRA/2021/0722,A-01/2021,"",sent,""
1,3751,in_invoice,S/FRA/2022/0055,9/EST,"",sent,""
1,3752,in_invoice,S/FRA/2022/0088,V 19 210618/26,"",sent,""
1,3854,in_invoice,S/FRA/2022/0071,325,"",sent,""
1,3855,in_invoice,S/FRA/2022/0070,326,"",sent,""
1,3856,in_invoice,S/FRA/2022/0069,390,"",sent,""
1,3857,in_invoice,S/FRA/2022/0068,9,"",sent,""
1,3858,in_invoice,S/FRA/2022/0067,2,"",sent,""
1,3868,in_invoice,S/FRA/2022/0066,02/2022,"",sent,""
1,3869,in_invoice,S/FRA/2022/0065,000064,"",sent_modified,""
1,3870,in_invoice,S/FRA/2022/0064,894,"",sent,""
1,3871,in_invoice,S/FRA/2022/0063,886,"",sent,""
1,3872,in_invoice,S/FRA/2022/0062,887,"",sent,""
1,3873,in_invoice,S/FRA/2022/0061,E220047339,"",sent,""
1,3874,in_invoice,S/FRA/2022/0060,001D000411,"",sent,""
1,3878,in_invoice,S/FRA/2022/0059,18742201P0015510,"",sent,""
1,3880,in_invoice,S/FRA/2022/0058,22-0002,"",sent,""
1,3881,in_invoice,S/FRA/2022/0057,22-0003,"",sent,""
1,3882,in_invoice,S/FRA/2022/0056,22-0004,"",sent,""
1,3888,in_invoice,S/FRA/2022/0188,01,"",sent,""
1,3889,in_invoice,S/FRA/2022/0183,122000566,"",sent,""
1,3890,in_invoice,S/FRA/2022/0199,D22 034,"",sent,""
1,3891,in_invoice,S/FRA/2022/0054,FACTURA,"",sent,""
1,3892,in_invoice,S/FRA/2022/0178,RG-22-0008,"",sent,""
1,3896,in_invoice,S/FRA/2022/0198,A/22-0025,"",sent,""
1,3897,in_invoice,S/FRA/2022/0053,03/2022,"",sent,""
1,3898,in_invoice,S/FRA/2022/0191,1/2022,"",sent,""
1,3899,in_invoice,S/FRA/2022/0201,G 14-22,"",sent,""
1,3900,in_invoice,S/FRA/2022/0052,A2200620,"",sent,""
1,3902,in_invoice,S/FRA/2022/0050,36,"",sent,""
1,3903,in_invoice,S/FRA/2022/0049,37,"",sent,""
1,3904,in_invoice,S/FRA/2022/0182,03/2022/02,"",sent,""
1,3905,in_invoice,S/FRA/2022/0048,022.005,"",sent,""
1,3907,in_invoice,S/FRA/2022/0047,VF22-01-0254,"",sent,""
1,3908,in_invoice,S/FRA/2022/0046,FA 220096,"",sent,""
1,3909,in_invoice,S/FRA/2022/0045,FRO20220254777,"",sent,""
1,22015,in_invoice,S/FRA/2024/1005,146/2024,"",sent,""
1,3910,in_invoice,S/FRA/2022/0044,FD22-4181,"",sent,""
1,3911,in_invoice,S/FRA/2022/0043,120/F,"",sent,""
1,3913,in_invoice,S/FRA/2022/0179,M007/2022,"",sent,""
1,3914,in_invoice,S/FRA/2022/0042,FO2/131,"",sent,""
1,3915,in_invoice,S/FRA/2022/0041,13/2022,"",sent,""
1,3929,in_invoice,S/FRA/2022/0190,LD02/22,"",sent,""
1,3930,in_invoice,S/FRA/2022/0029,001G000578,"",sent,""
1,3931,in_invoice,S/FRA/2022/0028,001D000418,"",sent,""
1,3932,in_invoice,S/FRA/2022/0027,001D000417,"",sent,""
1,3933,in_invoice,S/FRA/2022/0026,001D000416,"",sent,""
1,24185,in_invoice,S/FRA/2025/0318,7/2025,"",sent,""
1,10633,in_invoice,S/FRA/2023/0114,1NSN221200149194,"",sent,""
1,3942,in_invoice,S/FRA/2022/0019,45022/C,"",sent,""
1,3943,in_invoice,S/FRA/2022/0018,46538/C,"",sent,""
1,24490,in_invoice,S/FRA/2025/0359,10/2025,"",sent,""
1,3948,in_invoice,S/FRA/2022/0013,220043,"",sent,""
1,3951,in_invoice,S/FRA/2022/0197,22181,"",sent,""
1,3952,in_invoice,S/FRA/2022/0196,22182,"",sent,""
1,3954,in_invoice,S/FRA/2022/0192,1/2022,"",sent,""
1,3955,in_invoice,S/FRA/2022/0205,AN219,"",sent,""
1,3956,in_invoice,S/FRA/2022/0204,AN218,"",sent,""
1,3957,in_invoice,S/FRA/2022/0195,SI107,"",sent,""
1,3958,in_invoice,S/FRA/2022/0194,220146,"",sent,""
1,3960,in_invoice,S/FRA/2022/0001,AF/0786/02,"",sent,""
1,3961,in_invoice,S/FRA/2022/0002,AF/1509/01,"",sent,""
1,3962,in_invoice,S/FRA/2022/0003,AF/0812/01,"",sent,""
1,3963,in_invoice,S/FRA/2022/0004,AF/1510/01,"",sent,""
1,3964,in_invoice,S/FRA/2022/0005,AF/1511/02,"",sent,""
1,3965,in_invoice,S/FRA/2022/0006,AF/1512/01,"",sent,""
1,3967,in_invoice,S/FRA/2022/0007,AF/1024/01,"",sent,""
1,3968,in_invoice,S/FRA/2022/0008,AF/0883/01,"",sent,""
1,3969,in_invoice,S/FRA/2022/0009,AF/1513/01,"",sent,""
1,3970,in_invoice,S/FRA/2022/0010,AF/1514/01,"",sent,""
1,3972,in_invoice,S/FRA/2022/0012,AF/1516/01,"",sent,""
1,3979,in_invoice,S/FRA/2022/0089,014/2022,"",sent_modified,""
1,3980,in_invoice,S/FRA/2022/0100,V21 210622/21,"",sent,""
1,3981,in_invoice,S/FRA/2022/0127,V.3 210915/17,"",sent,""
1,3982,in_invoice,S/FRA/2022/0222,V.14 210914/16,"",sent,""
1,3983,in_invoice,S/FRA/2022/0220,V.21 210628/2,"",sent,""
1,3984,in_invoice,S/FRA/2022/0101,V.19 210628/12,"",sent,""
1,3985,in_invoice,S/FRA/2022/0221,V.19 210622/28,"",sent,""
1,3986,in_invoice,S/FRA/2022/0122,V.22 210908/22,"",sent,""
1,3987,in_invoice,S/FRA/2022/0126,V.9 210915/14,"",sent,""
1,3988,in_invoice,S/FRA/2022/0099,V.19 210618/29,"",sent,""
1,3989,in_invoice,S/FRA/2022/0098,V.21 210618/23,"",sent,""
1,3990,in_invoice,S/FRA/2022/0128,V.13 210916/2,"",sent,""
1,3991,in_invoice,S/FRA/2022/0123,V.6 210914/6,"",sent,""
1,3992,in_invoice,S/FRA/2022/0097,V.19 210615/8,"",sent,""
1,3993,in_invoice,S/FRA/2022/0103,V.19 210708/30,"",sent,""
1,3994,in_invoice,S/FRA/2022/0124,V.3 210914/19,"",sent,""
1,3995,in_invoice,S/FRA/2022/0125,V.9 210915/10,"",sent,""
1,3996,in_invoice,S/FRA/2022/0219,V.19 210614/48,"",sent,""
1,3998,in_invoice,S/FRA/2022/0111,11-21-600/00027,"",sent,""
1,3999,in_invoice,S/FRA/2022/0105,11-21-600/00021,"",sent,""
1,4000,in_invoice,S/FRA/2022/0116,11-21-600/00028,"",sent,""
1,4001,in_invoice,S/FRA/2022/0107,11-21-600/00024,"",sent,""
1,4002,in_invoice,S/FRA/2022/0137,11-21-600/00031,"",sent,""
1,4003,in_invoice,S/FRA/2022/0108,11-21-600/00026,"",sent,""
1,4004,in_invoice,S/FRA/2022/0147,11-21-600/00034,"",sent,""
1,4005,in_invoice,S/FRA/2022/0132,11-21-600/00029,"",sent,""
1,4006,in_invoice,S/FRA/2022/0110,11/21/600/00025,"",sent,""
1,4007,in_invoice,S/FRA/2022/0155,11-21-600/00036,"",sent,""
1,4008,in_invoice,S/FRA/2022/0144,11-21-600/00032,"",sent,""
1,4009,in_invoice,S/FRA/2022/0165,09411001051,"",sent,""
1,4010,in_invoice,S/FRA/2022/0117,09411000933,"",sent,""
1,4011,in_invoice,S/FRA/2022/0121,00021007673,"",sent,""
1,4012,in_invoice,S/FRA/2022/0140,09981000054,"",sent,""
1,4013,in_invoice,S/FRA/2022/0106,09981000047,"",sent,""
1,4014,in_invoice,S/FRA/2022/0118,09981000051,"",sent,""
1,4015,in_invoice,S/FRA/2022/0112,20ES054646,"",sent,""
1,4016,in_invoice,S/FRA/2022/0150,20210490,"",sent,""
1,4017,in_invoice,S/FRA/2022/0130,20210476,"",sent,""
1,4018,in_invoice,S/FRA/2022/0113,20210435,"",sent,""
1,4019,in_invoice,S/FRA/2022/0115,2021/4120/00000009,"",sent,""
1,4021,in_invoice,S/FRA/2022/0120,KT 0402288,"",sent,""
1,4022,in_invoice,S/FRA/2022/0158,10071/00029771,"",sent,""
1,4023,in_invoice,S/FRA/2022/0149,10071/00028469,"",sent,""
1,4024,in_invoice,S/FRA/2022/0145,KT 040785,"",sent,""
1,4025,in_invoice,S/FRA/2022/0131,1700275,"",sent,""
1,4026,in_invoice,S/FRA/2022/0160,1700279,"",sent,""
1,4027,in_invoice,S/FRA/2022/0134,ES19XY5WAEUS,"",sent,""
1,4028,in_invoice,S/FRA/2022/0133,ES19Y5VZAEUS,"",sent,""
1,4029,in_invoice,S/FRA/2022/0184,902,"",sent,""
1,4030,in_invoice,S/FRA/2022/0186,903,"",sent,""
1,4031,in_invoice,S/FRA/2022/0135,5705,"",sent,""
1,4032,in_invoice,S/FRA/2022/0136,210007783,"",sent,""
1,4033,in_invoice,S/FRA/2022/0154,210007982,"",sent,""
1,4036,in_invoice,S/FRA/2022/0163,I19-01/000035,"",sent,""
1,4037,in_invoice,S/FRA/2022/0146,IT57-02/000030,"",sent,""
1,4038,in_invoice,S/FRA/2022/0138,I157-01/000044,"",sent,""
1,4039,in_invoice,S/FRA/2022/0141,00001TB166619,"",sent,""
1,4040,in_invoice,S/FRA/2022/0153,00001TB166935,"",sent,""
1,4041,in_invoice,S/FRA/2022/0148,00001TB166788,"",sent,""
1,4042,in_invoice,S/FRA/2022/0143,21/1/415,"",sent,""
1,4043,in_invoice,S/FRA/2022/0156,L9550/499,"",sent,""
1,4044,in_invoice,S/FRA/2022/0157,150-2021,"",sent,""
1,4045,in_invoice,S/FRA/2022/0159,I830-02/000080,"",sent,""
1,4046,in_invoice,S/FRA/2022/0162,117-21,"",sent,""
1,4047,in_invoice,S/FRA/2022/0161,AJ1T 306556,"",sent,""
1,4048,in_invoice,S/FRA/2022/0164,2021-000027,"",sent,""
1,4049,in_invoice,S/FRA/2022/0166,2021/015200/00000023,"",sent,""
1,4051,in_invoice,S/FRA/2022/0167,1378-2021,"",sent,""
1,4053,in_invoice,S/FRA/2022/0129,F210905935,"",sent,""
1,4054,in_invoice,S/FRA/2022/0114,F210900799,"",sent,""
1,4055,in_invoice,S/FRA/2022/0142,0070/01/2021/0000032,"",sent,""
1,4056,in_invoice,S/FRA/2022/0211,4/2022,"",sent,""
1,4057,in_invoice,S/FRA/2022/0240,1/2022,"",sent,""
1,4058,in_invoice,S/FRA/2022/0241,2/2022,"",sent,""
1,4059,in_invoice,S/FRA/2022/0224,01/22,"",sent,""
1,4060,in_invoice,S/FRA/2022/0212,1/22,"",sent,""
1,4061,in_invoice,S/FRA/2022/0193,06/2022,"",sent,""
1,4062,in_invoice,S/FRA/2022/0210,76/22,"",sent,""
1,4063,in_invoice,S/FRA/2022/0214,5,"",sent,""
1,4064,in_invoice,S/FRA/2022/0215,6,"",sent,""
1,4065,in_invoice,S/FRA/2022/0203,2/FE,"",sent,""
1,4067,in_invoice,S/FRA/2022/0225,1/2022,"",sent,""
1,23562,in_invoice,S/FRA/2025/0220,000059,"",sent,""
1,4070,in_invoice,S/FRA/2022/0209,A/22-0028,"",sent,""
1,4071,in_invoice,S/FRA/2022/0223,1,"",sent,""
1,4072,in_invoice,S/FRA/2022/0171,OE/2022/M0145,"",sent,""
1,4073,in_invoice,S/FRA/2022/0226,22/01,"",sent,""
1,4074,in_invoice,S/FRA/2022/0208,22-0011,"",sent,""
1,4076,in_invoice,S/FRA/2022/0152,FRO2021098279,"",sent,""
1,4078,in_invoice,S/FRA/2022/0206,22-0010,"",sent,""
1,4079,in_invoice,S/FRA/2022/0207,22-0009,"",sent,""
1,4082,in_invoice,S/FRA/2022/0216,2,"",sent,""
1,4083,in_invoice,S/FRA/2022/0187,VF22-02-0138,"",sent,""
1,4084,in_invoice,S/FRA/2022/0174,1/2022,"",sent,""
1,4085,in_invoice,S/FRA/2022/0175,2022-43,"",sent,""
1,4086,in_invoice,S/FRA/2022/0104,FRO20211716236,"",sent,""
1,4087,in_invoice,S/FRA/2022/0102,FRO20211482127,"",sent,""
1,4088,in_invoice,S/FRA/2022/0095,FRO20211243364,"",sent,""
1,4089,in_invoice,S/FRA/2022/0248,330001020210518000341,"",sent,""
1,4091,in_invoice,S/FRA/2022/0090,FRO20210265132,"",sent,""
1,4092,in_invoice,S/FRA/2022/0091,FRO20210509444,"",sent,""
1,4093,in_invoice,S/FRA/2022/0093,FRO20211009227,"",sent,""
1,4094,in_invoice,S/FRA/2022/0092,FRO20210774585,"",sent,""
1,4095,in_invoice,S/FRA/2022/0217,40,"",sent,""
1,4096,in_invoice,S/FRA/2022/0218,41,"",sent,""
1,4097,in_invoice,S/FRA/2022/0243,1,"",sent,""
1,4098,in_invoice,S/FRA/2022/0244,2,"",sent,""
1,4114,in_invoice,S/FRA/2022/0227,F220111408,"",sent,""
1,4115,in_invoice,S/FRA/2022/0213,312-KF22-2157,"",sent,""
1,4116,in_invoice,S/FRA/2022/0189,A10016769024-0222,"",sent,""
1,4121,in_invoice,S/FRA/2022/0229,001D000453,"",sent,""
1,23187,in_invoice,S/FRA/2025/0117,000020,"",sent,""
1,4259,in_invoice,S/FRA/2022/0231,FD22-10361,"",sent,""
1,4260,in_invoice,S/FRA/2022/0230,FA 220413,"",sent,""
1,4261,in_invoice,S/FRA/2022/0416,03/2022/03,"",sent,""
1,4262,in_invoice,S/FRA/2022/0232,2022 A 0000045,"",sent,""
1,4266,in_invoice,S/FRA/2022/0234,A2201223,"",sent,""
1,20209,in_invoice,S/FRA/2024/0665,2024/038,"",sent,""
1,4276,in_invoice,S/FRA/2022/0419,VF22-03-0089,"",sent,""
1,4277,in_invoice,S/FRA/2022/0233,209-2022,"",sent,""
1,20320,in_invoice,S/FRA/2024/0619,3231,"",sent,""
1,4278,in_invoice,S/FRA/2022/0420,1 000018,"",sent,""
1,4521,in_invoice,S/FRA/2022/0423,90/2020,"",sent,""
1,4626,in_invoice,S/FRA/2022/0202,B/000002/22,"",sent,""
1,4627,in_invoice,S/FRA/2022/0245,028/2022,"",sent,""
1,4628,in_invoice,S/FRA/2022/0246,OO/2022/001,"",sent,""
1,4629,in_invoice,S/FRA/2022/0247,OO/2022/002,"",sent,""
1,4670,in_invoice,S/FRA/2022/0413,001D000454,"",sent,""
1,4740,in_invoice,S/FRA/2022/0414,001G000620,"",sent,""
1,229,in_invoice,S/FRA/2021/0130,75/03804662,"",not_sent,""
1,4743,in_invoice,S/FRA/2022/0415,487/F,"",sent,""
1,4814,in_invoice,S/FRA/2022/0280,0861,"",sent,""
1,4818,in_invoice,S/FRA/2022/0295,FAC-1103,"",sent,""
1,4833,in_invoice,S/FRA/2022/0286,FAC-1102,"",sent,""
1,4834,in_invoice,S/FRA/2022/0274,A9500/74286,"",sent,""
1,5864,in_invoice,S/FRA/2022/0412,2022-99,"",sent,""
1,5882,in_invoice,S/FRA/2022/0422,312-KF22-3725,"",sent,""
1,5883,in_invoice,S/FRA/2022/0421,A10016850723-0322,"",sent,""
1,6041,in_invoice,S/FRA/2022/0428,35/2022,"",sent,""
1,6042,in_invoice,S/FRA/2022/0430,158,"",sent,""
1,6366,in_invoice,S/FRA/2022/0429,OVIE-220075,"",sent,""
1,6405,in_invoice,S/FRA/2022/0426,2022/17570,"",sent,""
1,6412,in_invoice,S/FRA/2022/0431,M220062281,"",sent,""
1,6416,in_invoice,S/FRA/2022/0432,Q220015347,"",sent,""
1,6421,in_invoice,S/FRA/2022/0433,T/482/2022,"",sent,""
1,6467,in_invoice,S/FRA/2022/0436,12/2022,"",sent,""
1,6468,in_invoice,S/FRA/2022/0435,13/2022,"",sent,""
1,6469,in_invoice,S/FRA/2022/0450,FRO20220734093,"",sent,""
1,6470,in_invoice,S/FRA/2022/0449,365-2022,"",sent,""
1,6493,in_invoice,S/FRA/2022/0437,FD22-15524,"",sent,""
1,6495,in_invoice,S/FRA/2022/0447,A2202433,"",sent,""
1,6497,in_invoice,S/FRA/2022/0467,03/2022/04,"",sent,""
1,6498,in_invoice,S/FRA/2022/0457,VF22-04-0085,"",sent,""
1,6499,in_invoice,S/FRA/2022/0444,VF22-03-0935,"",sent,""
1,6500,in_invoice,S/FRA/2022/0434,18742201P0070826,"",sent,""
1,6501,in_invoice,S/FRA/2022/0456,F20220400,"",sent,""
1,6518,in_invoice,S/FRA/2022/0443,VF22-03-1031,"",sent,""
1,22014,in_invoice,S/FRA/2024/0987,00005,"",sent,""
1,6620,in_invoice,S/FRA/2022/0441,948/F,"",sent,""
1,6621,in_invoice,S/FRA/2022/0439,001D000497,"",sent,""
1,6622,in_invoice,S/FRA/2022/0438,001D000496,"",sent,""
1,6623,in_invoice,S/FRA/2022/0446,001G000666,"",sent,""
1,6624,in_invoice,S/FRA/2022/0445,2022-145,"",sent,""
1,6625,in_invoice,S/FRA/2022/0451,OO/2022/003,"",sent,""
1,6626,in_invoice,S/FRA/2022/0452,OO/2022/004,"",sent,""
1,6627,in_invoice,S/FRA/2022/0453,057/2022,"",sent,""
1,6629,in_invoice,S/FRA/2022/0458,A10016932262-0422,"",sent,""
1,6630,in_invoice,S/FRA/2022/0459,312-KF22-5225,"",sent,""
1,23310,in_invoice,S/FRA/2025/0139,000018,"",sent,""
1,6633,in_invoice,S/FRA/2022/0455,1 000037,"",sent,""
1,6634,in_invoice,S/FRA/2022/0470,A220110584,"",sent,""
1,11659,in_invoice,S/FRA/2023/0339,AL 23000344,"",sent,""
1,6637,in_invoice,S/FRA/2022/0468,83107,"",sent,""
1,6639,in_invoice,S/FRA/2022/0474,FRO20220942991,"",sent,""
1,6640,in_invoice,S/FRA/2022/0471,001G000700,"",sent,""
1,6641,in_invoice,S/FRA/2022/0472,001D000510,"",sent,""
1,6642,in_invoice,S/FRA/2022/0475,1408/F,"",sent,""
1,14357,in_invoice,S/FRA/2023/0750,1NSN230500294809,"",not_sent,3000 | Factura duplicada
1,6645,in_invoice,S/FRA/2022/0476,504-2022,"",sent,""
1,6653,in_invoice,S/FRA/2022/0473,002590-22,"",sent,""
1,6655,in_invoice,S/FRA/2022/0461,1,"",sent,""
1,6656,in_invoice,S/FRA/2022/0478,079/2022,"",sent,""
1,6660,in_invoice,S/FRA/2022/0482,A2202969,"",sent,""
1,6661,in_invoice,S/FRA/2022/0481,5/2022,"",sent,""
1,6668,in_invoice,S/FRA/2022/0491,T/820/2022,"",sent,""
1,6671,in_invoice,S/FRA/2022/0493,22/22,"",sent,""
1,6682,in_invoice,S/FRA/2022/0494,101/2022,"",sent,""
1,6711,in_invoice,S/FRA/2022/0499,39/22,"",sent,""
1,6717,in_invoice,S/FRA/2022/0506,A2203776,"",sent,""
1,6718,in_invoice,S/FRA/2022/0507,695-2022,"",sent,""
1,6719,in_invoice,S/FRA/2022/0508,FRO20221169571,"",sent,""
1,6720,in_invoice,S/FRA/2022/0497,FD22-26936,"",sent,""
1,6722,in_invoice,S/FRA/2022/0498,18742201P0122943,"",sent,""
1,6723,in_invoice,S/FRA/2022/0510,1872,"",sent,""
1,6724,in_invoice,S/FRA/2022/0500,001G000731,"",sent,""
1,6725,in_invoice,S/FRA/2022/0509,001D000535,"",sent,""
1,6726,in_invoice,S/FRA/2022/0512,A-03/2022,"",sent,""
1,6727,in_invoice,S/FRA/2022/0518,2022/AES008769,"",sent,""
1,6728,in_invoice,S/FRA/2022/0520,122003159,"",sent,""
1,6729,in_invoice,S/FRA/2022/0516,122003058,"",sent,""
1,6730,in_invoice,S/FRA/2022/0515,2370005537,"",sent,""
1,6734,in_invoice,S/FRA/2022/0571,5/2022,"",sent,""
1,6737,in_invoice,S/FRA/2022/0519,FVR-220008,"",sent,""
1,6738,in_invoice,S/FRA/2022/0513,2022-006,"",sent,""
1,6739,in_invoice,S/FRA/2022/0578,1,"",sent,""
1,6740,in_invoice,S/FRA/2022/0579,2,"",sent,""
1,6741,in_invoice,S/FRA/2022/0576,004/2022,"",sent,""
1,6742,in_invoice,S/FRA/2022/0577,005/2022,"",sent,""
1,6743,in_invoice,S/FRA/2022/0522,555,"",sent,""
1,6745,in_invoice,S/FRA/2022/0566,21/2022,"",sent,""
1,6746,in_invoice,S/FRA/2022/0567,19/2022,"",sent,""
1,6747,in_invoice,S/FRA/2022/0573,22-07-00014,"",sent,""
1,6749,in_invoice,S/FRA/2022/0517,84408,"",sent,""
1,6752,in_invoice,S/FRA/2022/0581,022034,"",sent,""
1,6753,in_invoice,S/FRA/2022/0523,3690,"",sent,""
1,6774,in_invoice,S/FRA/2022/0524,127/2022,"",sent,""
1,22741,in_invoice,S/FRA/2025/0052,2025_4,"",sent,""
1,6879,in_invoice,S/FRA/2022/0539,Q220038841,"",sent,""
1,6850,in_invoice,S/FRA/2022/0535,03/2022/06,"",sent,""
1,197,in_invoice,S/FRA/2021/0133,3.448/F,"",not_sent,""
1,194,in_invoice,S/FRA/2021/0153,3.822/F,"",not_sent,""
1,6851,in_invoice,S/FRA/2022/0575,09/2022/07,"",sent,""
1,6852,in_invoice,S/FRA/2022/0568,03/2022/07,"",sent,""
1,6853,in_invoice,S/FRA/2022/0551,FRO20221392247,"",sent,""
1,6854,in_invoice,S/FRA/2022/0574,FD22-35132,"",sent,""
1,6855,in_invoice,S/FRA/2022/0527,A10017012978-0522,"",sent,""
1,6856,in_invoice,S/FRA/2022/0536,A10017093023-0622,"",sent,""
1,6857,in_invoice,S/FRA/2022/0528,312-KF22-6829,"",sent,""
1,6858,in_invoice,S/FRA/2022/0540,312-KF22-8303,"",sent,""
1,6859,in_invoice,S/FRA/2022/0545,A2204646,"",sent,""
1,6860,in_invoice,S/FRA/2022/0533,VF22-06-0096,"",sent,""
1,6861,in_invoice,S/FRA/2022/0565,VF22-07-0081,"",sent,""
1,6863,in_invoice,S/FRA/2022/0542,22-0032,"",sent,""
1,6864,in_invoice,S/FRA/2022/0547,FA 221426,"",sent,""
1,6876,in_invoice,S/FRA/2022/0541,J220098020,"",sent,""
1,6877,in_invoice,S/FRA/2022/0529,Y220011928,"",sent,""
1,6878,in_invoice,S/FRA/2022/0546,2355/F,"",sent,""
1,16225,in_invoice,S/FRA/2023/1158,AL 23000465,"",sent,""
1,6880,in_invoice,S/FRA/2022/0538,T/1011/2022,"",sent,""
1,6881,in_invoice,S/FRA/2022/0537,T/1013/2022,"",sent,""
1,6882,in_invoice,S/FRA/2022/0569,A10017172984-0722,"",sent,""
1,6883,in_invoice,S/FRA/2022/0582,312-KF22-9911,"",sent,""
1,6884,in_invoice,S/FRA/2022/0564,2022-334,"",sent,""
1,6885,in_invoice,S/FRA/2022/0560,20/2022,"",sent,""
1,6886,in_invoice,S/FRA/2022/0561,18/2022,"",sent,""
1,6887,in_invoice,S/FRA/2022/0558,19/2022,"",sent,""
1,6888,in_invoice,S/FRA/2022/0559,16/2021,"",sent,""
1,6889,in_invoice,S/FRA/2022/0557,17/2022,"",sent,""
1,21920,in_invoice,S/FRA/2024/0971,2024 A 0000244,"",sent,""
1,6891,in_invoice,S/FRA/2022/0580,22/290,"",sent,""
1,6892,in_invoice,S/FRA/2022/0585,022039,"",sent,""
1,6893,in_invoice,S/FRA/2022/0587,G 108-22,"",sent,""
1,6896,in_invoice,S/FRA/2022/0583,2042-22,"",sent,""
1,6897,in_invoice,S/FRA/2022/0586,98209,"",sent,""
1,6902,in_invoice,S/FRA/2022/0562,122003237,"",sent,""
1,6903,in_invoice,S/FRA/2022/0563,122003339,"",sent,""
1,6904,in_invoice,S/FRA/2022/0642,01/2022,"",sent,""
1,6905,in_invoice,S/FRA/2022/0602,000267,"",sent,""
1,6907,in_invoice,S/FRA/2022/0619,6/2022,"",sent,""
1,6942,in_invoice,S/FRA/2022/0616,VF22-08-0076,"",sent,""
1,6945,in_invoice,S/FRA/2022/0601,A2205421,"",sent,""
1,7025,in_invoice,S/FRA/2022/0613,22248,"",sent,""
1,7038,in_invoice,S/FRA/2022/0622,4200123456,"",sent,""
1,7055,in_invoice,S/FRA/2022/0599,2022-001,"",sent,""
1,7665,in_invoice,S/FRA/2022/0611,2865/F,"",sent,""
1,7687,in_invoice,S/FRA/2022/0595,3344A,"",sent,""
1,7688,in_invoice,S/FRA/2022/0620,122004018,"",sent,""
1,7690,in_invoice,S/FRA/2022/0594,022041,"",sent,""
1,7691,in_invoice,S/FRA/2022/0593,FD22-39399,"",sent,""
1,7692,in_invoice,S/FRA/2022/0621,2022 A 0000145,"",sent,""
1,7695,in_invoice,S/FRA/2022/0591,22202,"",sent,""
1,7698,in_invoice,S/FRA/2022/0614,03/2022/08,"",sent,""
1,7700,in_invoice,S/FRA/2022/0588,18742201P0176729,"",sent,""
1,7704,in_invoice,S/FRA/2022/0604,138/2022,"",sent,""
1,7705,in_invoice,S/FRA/2022/0605,OO/2022/008,"",sent,""
1,7707,in_invoice,S/FRA/2022/0627,4/2022,"",sent,""
1,7708,in_invoice,S/FRA/2022/0607,20220374,"",sent,""
1,7709,in_invoice,S/FRA/2022/0617,2/2022,"",sent,""
1,16226,in_invoice,S/FRA/2023/1159,AL 23000550,"",sent,""
1,7712,in_invoice,S/FRA/2022/0608,A16,"",sent,""
1,7716,in_invoice,S/FRA/2022/0630,2/2022,"",sent,""
1,7717,in_invoice,S/FRA/2022/0634,20220200,"",sent_modified,3002 | No existe el Registro
1,7718,in_invoice,S/FRA/2022/0635,3968,"",sent,""
1,7719,in_invoice,S/FRA/2022/0633,A/377,"",sent,""
1,7721,in_invoice,S/FRA/2022/0623,170/2022,"",sent,""
1,7722,in_invoice,S/FRA/2022/0625,090-A22-002258,"",sent,""
1,7723,in_invoice,S/FRA/2022/0624,01,"",sent,""
1,7724,in_invoice,S/FRA/2022/0612,FA 221628,"",sent,""
1,7725,in_invoice,S/FRA/2022/0658,3122/F,"",sent,""
1,7728,in_invoice,S/FRA/2022/0650,55,"",sent,""
1,7736,in_invoice,S/FRA/2022/0703,3.212/F,"",sent,""
1,7738,in_invoice,S/FRA/2022/0707,03/2022/09,"",sent,""
1,7744,in_invoice,S/FRA/2022/0709,FO2/1508,"",sent,""
1,7745,in_invoice,S/FRA/2022/0637,09/2022,"",sent,""
1,7748,in_invoice,S/FRA/2022/0711,VF22-08-0811,"",sent,""
1,7749,in_invoice,S/FRA/2022/0697,FD22-46169,"",sent,""
1,7750,in_invoice,S/FRA/2022/0698,FD22-46170,"",sent,""
1,7751,in_invoice,S/FRA/2022/0695,FD22-43563,"",sent,""
1,7752,in_invoice,S/FRA/2022/0712,FRO20221756552,"",sent,""
1,7753,in_invoice,S/FRA/2022/0714,1129-2022,"",sent,""
1,7754,in_invoice,S/FRA/2022/0638,MTA2201384,"",sent,""
1,7755,in_invoice,S/FRA/2022/0645,56,"",sent,""
1,7756,in_invoice,S/FRA/2022/0713,9220515086,"",sent,""
1,7765,in_invoice,S/FRA/2022/0641,0202/22,"",sent,""
1,7766,in_invoice,S/FRA/2022/0706,4.209A,"",sent,""
1,7767,in_invoice,S/FRA/2022/0629,122004344,"",sent,""
1,7768,in_invoice,S/FRA/2022/0610,2022-364,"",sent,""
1,7769,in_invoice,S/FRA/2022/0685,F220012,"",sent,""
1,7770,in_invoice,S/FRA/2022/0643,000065,"",sent,""
1,7771,in_invoice,S/FRA/2022/0657,A/358,"",sent,""
1,7775,in_invoice,S/FRA/2022/0680,000071,"",sent,""
1,7776,in_invoice,S/FRA/2022/0652,062-2022,"",sent,""
1,7779,in_invoice,S/FRA/2022/0609,FO2/1318,"",sent,""
1,7780,in_invoice,S/FRA/2022/0660,05/23,"",sent,""
1,7781,in_invoice,S/FRA/2022/0659,04/23,"",sent,""
1,7783,in_invoice,S/FRA/2022/0639,157/2022,"",sent,""
1,7785,in_invoice,S/FRA/2022/0716,FVR-2200015,"",sent,""
1,7786,in_invoice,S/FRA/2022/0688,45/22,"",sent,""
1,16227,in_invoice,S/FRA/2023/1160,AL 23000637,"",sent,""
1,7788,in_invoice,S/FRA/2022/0719,A22/8480,"",sent,""
1,7790,in_invoice,S/FRA/2022/0681,34/2022,"",sent,""
1,7791,in_invoice,S/FRA/2022/0687,37/22,"",sent,""
1,7792,in_invoice,S/FRA/2022/0678,191/2022,"",sent,""
1,7793,in_invoice,S/FRA/2022/0679,192/2022,"",sent,""
1,7794,in_invoice,S/FRA/2022/0677,194/2022,"",sent,""
1,7796,in_invoice,S/FRA/2022/0649,A7,"",sent,""
1,7797,in_invoice,S/FRA/2022/0654,1/2022,"",sent,""
1,7798,in_invoice,S/FRA/2022/0647,7/2022,"",sent,""
1,7808,in_invoice,S/FRA/2022/0644,004/2022,"",sent,""
1,7809,in_invoice,S/FRA/2022/0671,007/2022,"",sent,""
1,7810,in_invoice,S/FRA/2022/0669,LD 06/22,"",sent,""
1,7814,in_invoice,S/FRA/2022/0675,83/09/22,"",sent_modified,""
1,7815,in_invoice,S/FRA/2022/0670,2022-426,"",sent,""
1,7816,in_invoice,S/FRA/2022/0646,4/2022,"",sent,""
1,7817,in_invoice,S/FRA/2022/0666,5/2022,"",sent,""
1,7818,in_invoice,S/FRA/2022/0672,6/2022,"",sent,""
1,7819,in_invoice,S/FRA/2022/0696,022.037.,"",sent,""
1,7820,in_invoice,S/FRA/2022/0663,0003/2022,"",sent,""
1,7828,in_invoice,S/FRA/2022/0662,5/2022,"",sent,""
1,7829,in_invoice,S/FRA/2022/0674,05/2022,"",sent,""
1,7830,in_invoice,S/FRA/2022/0655,001/22,"",sent,""
1,7862,in_invoice,S/FRA/2022/0656,39,"",sent,""
1,7872,in_invoice,S/FRA/2022/0664,0004/2022,"",sent,""
1,8221,in_invoice,S/FRA/2022/0648,0822,"",sent,""
1,8222,in_invoice,S/FRA/2022/0651,2022105,"",sent,""
1,8223,in_invoice,S/FRA/2022/0665,2022-192,"",sent,""
1,8232,in_invoice,S/FRA/2022/0686,2022-0006,"",sent,""
1,8236,in_invoice,S/FRA/2022/0683,0002/2022,"",sent,""
1,8238,in_invoice,S/FRA/2022/0684,F220013,"",sent,""
1,8242,in_invoice,S/FRA/2022/0689,952,"",sent,""
1,8243,in_invoice,S/FRA/2022/0690,953,"",sent,""
1,8244,in_invoice,S/FRA/2022/0691,954,"",sent,""
1,8245,in_invoice,S/FRA/2022/0692,956,"",sent,""
1,8246,in_invoice,S/FRA/2022/0693,958,"",sent,""
1,8247,in_invoice,S/FRA/2022/0694,961,"",sent,""
1,8248,in_invoice,S/FRA/2022/0789,2022-200,"",sent,""
1,8251,in_invoice,S/FRA/2022/0741,09/23,"",sent,""
1,8253,in_invoice,S/FRA/2022/0723,13/2022,"",sent,""
1,8254,in_invoice,S/FRA/2022/0775,33/2022,"",sent,""
1,8265,in_invoice,S/FRA/2022/0742,A/423,"",sent,""
1,23291,in_invoice,S/FRA/2025/0069,25/ 20,"",sent,""
1,8267,in_invoice,S/FRA/2022/0726,10360/22,"",sent,""
1,8280,in_invoice,S/FRA/2022/0774,VF22-10-0082,"",sent,""
1,8282,in_invoice,S/FRA/2022/0728,0096-2022,"",sent,""
1,8284,in_invoice,S/FRA/2022/0772,03/2022/10,"",sent,""
1,8286,in_invoice,S/FRA/2022/0722,D22 346,"",sent,""
1,8287,in_invoice,S/FRA/2022/0721,85991,"",sent,""
1,8288,in_invoice,S/FRA/2022/0699,FD22-51984,"",sent,""
1,8289,in_invoice,S/FRA/2022/0725,06/2022,"",sent,""
1,8290,in_invoice,S/FRA/2022/0720,002,"",sent,""
1,8291,in_invoice,S/FRA/2022/0724,A8,"",sent,""
1,8293,in_invoice,S/FRA/2022/0821,219,"",sent,""
1,8294,in_invoice,S/FRA/2022/0786,14/22,"",sent,""
1,8295,in_invoice,S/FRA/2022/0785,15/22,"",sent,""
1,8296,in_invoice,S/FRA/2022/0784,105-22,"",sent,""
1,8297,in_invoice,S/FRA/2022/0743,174/2022,"",sent,""
1,8300,in_invoice,S/FRA/2022/0783,06/2022,"",sent,""
1,8301,in_invoice,S/FRA/2022/0771,VP22/8,"",sent,""
1,8302,in_invoice,S/FRA/2022/0744,AF/1639/01,"",sent,""
1,8306,in_invoice,S/FRA/2022/0820,2022 A 0000186,"",sent,""
1,8309,in_invoice,S/FRA/2022/0782,102-22,"",sent,""
1,8419,in_invoice,S/FRA/2022/0780,006/2022,"",sent,""
1,8423,in_invoice,S/FRA/2022/0779,2022-09,"",sent,""
1,8424,in_invoice,S/FRA/2022/0778,2022/20,"",sent,""
1,8425,in_invoice,S/FRA/2022/0768,1328669,"",sent,""
1,8426,in_invoice,S/FRA/2022/0767,10/2022,"",sent,""
1,8427,in_invoice,S/FRA/2022/0766,307,"",sent,""
1,8429,in_invoice,S/FRA/2022/0764,22-0057,"",sent,""
1,8430,in_invoice,S/FRA/2022/0763,22-0058,"",sent,""
1,8431,in_invoice,S/FRA/2022/0762,22-0064,"",sent,""
1,23292,in_invoice,S/FRA/2025/0224,25/ 21,"",sent,""
1,8434,in_invoice,S/FRA/2022/0761,A322556,"",sent,""
1,8435,in_invoice,S/FRA/2022/0760,A2207059,"",sent,""
1,8447,in_invoice,S/FRA/2022/0749,09412600031,"",sent,""
1,8448,in_invoice,S/FRA/2022/0748,09412600027,"",sent,""
1,8449,in_invoice,S/FRA/2022/0747,0078,"",sent,""
1,8451,in_invoice,S/FRA/2022/0746,D22 373,"",sent,""
1,8452,in_invoice,S/FRA/2022/0745,D22 384,"",sent,""
1,8454,in_invoice,S/FRA/2022/0776,002/22,"",sent,""
1,8457,in_invoice,S/FRA/2022/0825,MTA2201660,"",sent,""
1,8480,in_invoice,S/FRA/2022/0867,22,"",sent,""
1,8481,in_invoice,S/FRA/2022/0819,OO01/2022,"",sent,""
1,8482,in_invoice,S/FRA/2022/0818,46/22,"",sent,""
1,8483,in_invoice,S/FRA/2022/0817,122004715,"",sent,""
1,8484,in_invoice,S/FRA/2022/0816,F075-2022,"",sent,""
1,8486,in_invoice,S/FRA/2022/0824,07/23,"",sent,""
1,8487,in_invoice,S/FRA/2022/0815,122004965,"",sent,""
1,8491,in_invoice,S/FRA/2022/0813,FNLC193220003022,"",sent,""
1,8492,in_invoice,S/FRA/2022/0812,D22 392,"",sent,""
1,8493,in_invoice,S/FRA/2022/0811,3/3,"",sent,""
1,8494,in_invoice,S/FRA/2022/0810,0002920,"",sent,""
1,8495,in_invoice,S/FRA/2022/0809,000334,"",sent,""
1,8496,in_invoice,S/FRA/2022/0808,000335,"",sent,""
1,8499,in_invoice,S/FRA/2022/0823,10 2022,"",sent,""
1,8500,in_invoice,S/FRA/2022/0822,P02/2022,"",sent,""
1,8501,in_invoice,S/FRA/2022/0807,A2207517,"",sent,""
1,8503,in_invoice,S/FRA/2022/0806,122004099,"",sent,""
1,8504,in_invoice,S/FRA/2022/0805,122004081,"",sent,""
1,8505,in_invoice,S/FRA/2022/0840,3636/F,"",sent,""
1,22423,in_invoice,S/FRA/2024/1029,A2409221,"",sent,""
1,8508,in_invoice,S/FRA/2022/0802,14,"",sent,""
1,8509,in_invoice,S/FRA/2022/0801,CR-22-10-00038,"",sent,""
1,8510,in_invoice,S/FRA/2022/0800,00008337,"",sent,""
1,8511,in_invoice,S/FRA/2022/0799,LD 09/22,"",sent,""
1,8512,in_invoice,S/FRA/2022/0839,23,"",sent,""
1,8516,in_invoice,S/FRA/2022/0798,A10,"",sent,""
1,8517,in_invoice,S/FRA/2022/0797,LD 07/22,"",sent,""
1,8518,in_invoice,S/FRA/2022/0796,A/22-0265,"",sent,""
1,8519,in_invoice,S/FRA/2022/0795,4/22,"",sent,""
1,15128,in_invoice,S/FRA/2023/0980,000299,"",sent,""
1,8523,in_invoice,S/FRA/2022/0791,AF/1671/01,"",sent_modified,""
1,8524,in_invoice,S/FRA/2022/0792,AF/1672/01,"",sent,""
1,8525,in_invoice,S/FRA/2022/0793,AF/1673/01,"",sent,""
1,8526,in_invoice,S/FRA/2022/0838,0922,"",sent,""
1,8527,in_invoice,S/FRA/2022/0879,2022-00778,"",sent,""
1,8528,in_invoice,S/FRA/2022/0872,30222,"",sent,""
1,8529,in_invoice,S/FRA/2022/0865,0236/22,"",sent,""
1,8531,in_invoice,S/FRA/2022/0891,FV21331,FV21331: FV21331,sent,""
1,8532,in_invoice,S/FRA/2022/0837,221122,"",sent,""
1,8533,in_invoice,S/FRA/2022/0836,35/2022,"",sent,""
1,8535,in_invoice,S/FRA/2022/0835,15,"",sent,""
1,8870,in_invoice,S/FRA/2022/0833,4546,"",sent,""
1,8871,in_invoice,S/FRA/2022/0832,P22/0000083,"",sent,""
1,8872,in_invoice,S/FRA/2022/0941,2022-459,"",sent,""
1,8873,in_invoice,S/FRA/2022/0831,A2207831,"",sent,""
1,8874,in_invoice,S/FRA/2022/0830,A2204246,"",sent,""
1,8875,in_invoice,S/FRA/2022/0829,A2206284,"",sent,""
1,8876,in_invoice,S/FRA/2022/0828,11/23,"",sent,""
1,8878,in_invoice,S/FRA/2022/0826,AF/1683/01,"",sent,""
1,8879,in_invoice,S/FRA/2022/0827,AF/1684/01,"",sent,""
1,8880,in_invoice,S/FRA/2022/0847,FA 221838,"",sent,""
1,8881,in_invoice,S/FRA/2022/0878,FRO20222177901,"",sent,""
1,8882,in_invoice,S/FRA/2022/0858,FRO20221961661,"",sent,""
1,8888,in_invoice,S/FRA/2022/0894,P22/0000093,"",sent,""
1,8889,in_invoice,S/FRA/2022/0857,FA 222066,"",sent,""
1,8891,in_invoice,S/FRA/2022/0898,05/2022,"",sent,""
1,8892,in_invoice,S/FRA/2022/0860,FD22-53238,"",sent,""
1,8893,in_invoice,S/FRA/2022/0861,FD22-53415,"",sent,""
1,8894,in_invoice,S/FRA/2022/0863,FD22-55034,"",sent,""
1,8895,in_invoice,S/FRA/2022/0875,FD22-58651,"",sent,""
1,8896,in_invoice,S/FRA/2022/0899,16,"",sent,""
1,8897,in_invoice,S/FRA/2022/0869,9/2022,"",sent,""
1,23502,in_invoice,S/FRA/2025/0194,000D008112,"",sent,""
1,22407,in_invoice,S/FRA/2024/1063,187-24,"",sent,""
1,8910,in_invoice,S/FRA/2022/0893,022251,"",sent,""
1,8913,in_invoice,S/FRA/2022/0871,7/2022,"",sent,""
1,8914,in_invoice,S/FRA/2022/0870,8/2022,"",sent,""
1,8931,in_invoice,S/FRA/2022/0852,00005142,"",sent,""
1,8932,in_invoice,S/FRA/2022/0850,VF22-09-0084,"",sent,""
1,8933,in_invoice,S/FRA/2022/0895,VF22-11-0089,"",sent,""
1,8935,in_invoice,S/FRA/2022/0842,L220084530,"",sent,""
1,8936,in_invoice,S/FRA/2022/0845,G220085405,"",sent,""
1,8937,in_invoice,S/FRA/2022/0853,S220072610,"",sent,""
1,8938,in_invoice,S/FRA/2022/0866,O220047776,"",sent,""
1,8939,in_invoice,S/FRA/2022/0900,312-KF22-15757,"",sent,""
1,8940,in_invoice,S/FRA/2022/0864,312-KF22-14282,"",sent,""
1,8941,in_invoice,S/FRA/2022/0851,312-KF22-12882,"",sent,""
1,8942,in_invoice,S/FRA/2022/0844,312-KF22-11338,"",sent,""
1,8943,in_invoice,S/FRA/2022/0843,A10017252682-0822,"",sent,""
1,8944,in_invoice,S/FRA/2022/0849,A10017331075-0922,"",sent,""
1,8945,in_invoice,S/FRA/2022/0862,A10017409871-1022,"",sent,""
1,8946,in_invoice,S/FRA/2022/0896,A10017487940-1122,"",sent,""
1,8947,in_invoice,S/FRA/2022/0897,A10017449361-1122,"",sent,""
1,8953,in_invoice,S/FRA/2022/0889,187/2022,"",sent,""
1,9021,in_invoice,S/FRA/2022/0908,11/2022,"",sent,""
1,9028,in_invoice,S/FRA/2022/0907,2022/000001,"",sent,""
1,9030,in_invoice,S/FRA/2022/0906,22/21,"",sent,""
1,9031,in_invoice,S/FRA/2022/0905,C11-2022,"",sent,""
1,9032,in_invoice,S/FRA/2022/0938,G 176-22,"",sent,""
1,9033,in_invoice,S/FRA/2022/0904,2022_08,"",sent,""
1,9034,in_invoice,S/FRA/2022/0937,22000859,"",sent,""
1,9035,in_invoice,S/FRA/2022/0903,2022-246,"",sent,""
1,9036,in_invoice,S/FRA/2022/0936,22000866,"",sent,""
1,9039,in_invoice,S/FRA/2022/0935,022270,"",sent,""
1,9040,in_invoice,S/FRA/2022/0934,3,"",sent,""
1,9043,in_invoice,S/FRA/2022/0932,2022-249,"",sent,""
1,15127,in_invoice,S/FRA/2023/0981,000298,"",sent,""
1,22018,in_invoice,S/FRA/2024/0984,143/2024,"",sent,""
1,9050,in_invoice,S/FRA/2022/0925,18742201P0227301,"",sent,""
1,9051,in_invoice,S/FRA/2022/0942,215,"",sent,""
1,9054,in_invoice,S/FRA/2022/0923,47/2022,"",sent,""
1,195,in_invoice,S/FRA/2021/0152,3.455/F,"",not_sent,""
1,9055,in_invoice,S/FRA/2022/0922,209/2022,"",sent,""
1,9056,in_invoice,S/FRA/2022/0921,210/2022,"",sent,""
1,9058,in_invoice,S/FRA/2022/0920,207/2022,"",sent,""
1,9059,in_invoice,S/FRA/2022/0919,212/2022,"",sent,""
1,9060,in_invoice,S/FRA/2022/0918,208/2022,"",sent,""
1,9061,in_invoice,S/FRA/2022/0917,02-2022,"",sent,""
1,9062,in_invoice,S/FRA/2022/0916,193/2022,"",sent,""
1,9063,in_invoice,S/FRA/2022/0915,211/2022,"",sent,""
1,9064,in_invoice,S/FRA/2022/0914,D22 446,"",sent,""
1,9065,in_invoice,S/FRA/2022/0913,005,"",sent,""
1,9068,in_invoice,S/FRA/2022/0911,5.824,"",sent,""
1,9069,in_invoice,S/FRA/2022/0910,5.823,"",sent,""
1,9070,in_invoice,S/FRA/2022/0909,5.822,"",sent,""
1,9077,in_invoice,S/FRA/2022/0943,05/2022,"",sent,""
1,9080,in_invoice,S/FRA/2022/0957,2221248,"",sent,""
1,16626,in_invoice,S/FRA/2024/0075,000D004211,"",sent,""
1,9085,in_invoice,S/FRA/2022/0953,09/2022,"",sent,""
1,9088,in_invoice,S/FRA/2022/0952,3919,"",sent,""
1,9092,in_invoice,S/FRA/2022/0951,18742201P0087513,"",sent,""
1,9093,in_invoice,S/FRA/2022/0950,N220035783,"",sent,""
1,9094,in_invoice,S/FRA/2022/0949,004,"",sent,""
1,9096,in_invoice,S/FRA/2022/0945,124/2022,"",sent,""
1,9097,in_invoice,S/FRA/2022/0944,LD 11/22,"",sent,""
1,9098,in_invoice,S/FRA/2022/0947,2,"",sent,""
1,9099,in_invoice,S/FRA/2022/0946,22223,"",sent,""
1,9103,in_invoice,S/FRA/2022/0959,FRO20222404090,"",sent,""
1,9104,in_invoice,S/FRA/2022/0958,221264,"",sent,""
1,9105,in_invoice,S/FRA/2022/0971,221/2022,"",sent,""
1,9107,in_invoice,S/FRA/2022/0968,2,"",sent,""
1,9109,in_invoice,S/FRA/2022/0969,7616/22,"",sent,""
1,9110,in_invoice,S/FRA/2022/0966,0283/22,"",sent,""
1,9111,in_invoice,S/FRA/2022/0960,AF/1708/02,"",sent,""
1,9112,in_invoice,S/FRA/2022/0961,AF/1709/01,"",sent,""
1,9115,in_invoice,S/FRA/2022/0965,F/22557,"",sent,""
1,9117,in_invoice,S/FRA/2022/0964,G 178-22,"",sent,""
1,9118,in_invoice,S/FRA/2022/0963,39/2022,"",sent,""
1,9120,in_invoice,S/FRA/2022/0980,A/506,"",sent,""
1,9132,in_invoice,S/FRA/2022/0979,22/046,"",sent,""
1,9144,in_invoice,S/FRA/2022/0974,6.107A,"",sent,""
1,9147,in_invoice,S/FRA/2022/0981,195/2022,"",sent,""
1,18,in_invoice,S/FRA/2021/0001,2.622/F,"",not_sent,""
1,19,in_invoice,S/FRA/2021/0028,9216100006,"",not_sent,""
1,20,in_invoice,S/FRA/2021/0029,9216100005,"",not_sent,""
1,487,in_invoice,S/FRA/2021/0319,AF/1360/01,"",sent,""
1,488,in_invoice,S/FRA/2021/0320,AF/0860/01,"",sent,""
1,489,in_invoice,S/FRA/2021/0321,AF/1362/01,"",sent,""
1,490,in_invoice,S/FRA/2021/0322,AF/1010/01,"",sent,""
1,491,in_invoice,S/FRA/2021/0323,AF/1363/01,"",sent,""
1,492,in_invoice,S/FRA/2021/0324,AF/1364/01,"",sent,""
1,493,in_invoice,S/FRA/2021/0325,AF/1366/01,"",sent,""
1,495,in_invoice,S/FRA/2021/0327,AF/1368/01,"",not_sent,""
1,498,in_invoice,S/FRA/2021/0330,AF/0869/01,"",sent,""
1,499,in_invoice,S/FRA/2021/0331,AF/1371/01,"",sent,""
1,500,in_invoice,S/FRA/2021/0332,AF/0860/02,"",sent,""
1,510,in_invoice,S/FRA/2021/0333,AF/1364/02,"",sent,""
1,562,in_invoice,S/FRA/2021/0380,Q210050983,"",sent,""
1,563,in_invoice,S/FRA/2021/0379,AN141,"",sent,""
1,573,in_invoice,S/FRA/2021/0369,312-KF21-14080,"",sent,""
1,574,in_invoice,S/FRA/2021/0368,A10016349459-0921,"",sent,""
1,575,in_invoice,S/FRA/2021/0367,148/2021,"",sent,""
1,576,in_invoice,S/FRA/2021/0366,2021-306,"",sent,""
1,578,in_invoice,S/FRA/2021/0364,A/21-0136,"",sent,""
1,579,in_invoice,S/FRA/2021/0363,001G000417,"",sent,""
1,580,in_invoice,S/FRA/2021/0362,001D000271,"",sent,""
1,581,in_invoice,S/FRA/2021/0361,001D000269,"",sent,""
1,582,in_invoice,S/FRA/2021/0360,2.907/F,"",sent,""
1,583,in_invoice,S/FRA/2021/0359,2.906/F,"",sent,""
1,584,in_invoice,S/FRA/2021/0358,2.905/F,"",sent,""
1,585,in_invoice,S/FRA/2021/0357,2.903/F,"",sent,""
1,586,in_invoice,S/FRA/2021/0356,2.902/F,"",sent,""
1,587,in_invoice,S/FRA/2021/0355,2.899/F,"",sent,""
1,588,in_invoice,S/FRA/2021/0354,2.901/F,"",sent,""
1,589,in_invoice,S/FRA/2021/0353,2.904/F,"",sent,""
1,590,in_invoice,S/FRA/2021/0352,2.889/F,"",sent,""
1,591,in_invoice,S/FRA/2021/0351,2.888/F,"",sent,""
1,592,in_invoice,S/FRA/2021/0350,20211021,"",sent,""
1,24409,in_invoice,S/FRA/2025/0330,A 2594,"",sent,""
1,594,in_invoice,S/FRA/2021/0348,5247,"",sent,""
1,595,in_invoice,S/FRA/2021/0347,3.949 A,"",sent,""
1,596,in_invoice,S/FRA/2021/0346,3.984 A,"",sent,""
1,597,in_invoice,S/FRA/2021/0345,3.702 A,"",sent,""
1,598,in_invoice,S/FRA/2021/0344,VF21-09-0074,"",sent,""
1,600,in_invoice,S/FRA/2021/0342,21FCP00041,"",sent,""
1,601,in_invoice,S/FRA/2021/0341,A01/21,"",sent,""
1,602,in_invoice,S/FRA/2021/0340,218,"",sent,""
1,603,in_invoice,S/FRA/2021/0339,217,"",sent,""
1,16228,in_invoice,S/FRA/2023/1163,AL 23000766,"",sent,""
1,607,in_invoice,S/FRA/2021/0337,21-0019,"",sent,""
1,608,in_invoice,S/FRA/2021/0336,A2106224,"",sent,""
1,609,in_invoice,S/FRA/2021/0335,13,"",sent,""
1,610,in_invoice,S/FRA/2021/0334,1169-2021,"",sent,""
1,11681,in_invoice,S/FRA/2023/0800,18742301P0123415,"",not_sent,3000 | Factura duplicada
1,12371,in_invoice,S/FRA/2023/0875,1844-GF,"",not_sent,3000 | Factura duplicada
1,13367,in_invoice,S/FRA/2023/0877,FV21613,FV21613,not_sent,3000 | Factura duplicada
1,13499,in_invoice,S/FRA/2023/0876,FV21619,FV21619,not_sent,3000 | Factura duplicada
1,13570,in_invoice,S/FRA/2023/0804,FO3/1598,"",not_sent,3000 | Factura duplicada
1,13870,in_invoice,S/FRA/2023/0789,65255,"",sent,""
1,14074,in_invoice,S/FRA/2023/0751,152-23,"",not_sent,3000 | Factura duplicada
1,14075,in_invoice,S/FRA/2023/0734,6159,"",not_sent,3000 | Factura duplicada
1,14076,in_invoice,S/FRA/2023/0770,20,"",not_sent,3000 | Factura duplicada
1,14100,in_invoice,S/FRA/2023/0765,1638812,"",not_sent,3000 | Factura duplicada
1,14101,in_invoice,S/FRA/2023/0664,1180184138,NEXT,not_sent,3000 | Factura duplicada
1,14102,in_invoice,S/FRA/2023/0656,5-2023,"",sent,""
1,14103,in_invoice,S/FRA/2023/0654,D23 411,"",sent,""
1,14104,in_invoice,S/FRA/2023/0733,006/2023,"",not_sent,3000 | Factura duplicada
1,14106,in_invoice,S/FRA/2023/0774,009/2023,"",not_sent,3000 | Factura duplicada
1,14109,in_invoice,S/FRA/2023/0772,05/2023,"",not_sent,3000 | Factura duplicada
1,14125,in_invoice,S/FRA/2023/0790,2023000942,"",not_sent,3000 | Factura duplicada
1,14127,in_invoice,S/FRA/2023/0659,34/2023,"",not_sent,3000 | Factura duplicada
1,14128,in_invoice,S/FRA/2023/0653,143/2023,"",sent,""
1,14132,in_invoice,S/FRA/2023/0652,140/2023,"",sent,""
1,14140,in_invoice,S/FRA/2023/0658,0151-2023,"",not_sent,3000 | Factura duplicada
1,14144,in_invoice,S/FRA/2023/0670,A000032485,"",not_sent,3000 | Factura duplicada
1,14162,in_invoice,S/FRA/2023/0671,38/2023,"",not_sent,3000 | Factura duplicada
1,14358,in_invoice,S/FRA/2023/0748,1NSN230400036325,"",not_sent,3000 | Factura duplicada
1,24180,in_invoice,S/FRA/2025/0279,1NSN250300599637,"",sent,""
1,14165,in_invoice,S/FRA/2023/0701,INV-ES-1582215085-2023-83,"",not_sent,3000 | Factura duplicada
1,9210,in_invoice,S/FRA/2022/1048,07/2022,"",sent,""
1,14168,in_invoice,S/FRA/2023/0668,95-211053,"",not_sent,3000 | Factura duplicada
1,14169,in_invoice,S/FRA/2023/0667,95-211244,"",not_sent,3000 | Factura duplicada
1,14170,in_invoice,S/FRA/2023/0768,20230470,"",not_sent,3000 | Factura duplicada
1,16689,in_invoice,S/FRA/2024/0054,1NSN240200037579,"",sent,""
1,24181,in_invoice,S/FRA/2025/0278,1NSN250400076233,"",sent,""
1,14173,in_invoice,S/FRA/2023/0669,95-21 686,"",not_sent,3000 | Factura duplicada
1,18292,in_invoice,S/FRA/2024/0280,1NSN240300391872,"",sent,""
1,14176,in_invoice,S/FRA/2023/0655,09423006673,"",sent,""
1,18999,in_invoice,S/FRA/2024/0367,1NSN240600014926,"",sent,""
1,24182,in_invoice,S/FRA/2025/0277,1NSN250400089635,"",sent,""
1,14179,in_invoice,S/FRA/2023/0665,53,"",not_sent,3000 | Factura duplicada
1,14180,in_invoice,S/FRA/2023/0660,2023/003,"",not_sent,3000 | Factura duplicada
1,14181,in_invoice,S/FRA/2023/0662,1808,"",not_sent,3000 | Factura duplicada
1,14182,in_invoice,S/FRA/2023/0663,9553,"",not_sent,3000 | Factura duplicada
1,14183,in_invoice,S/FRA/2023/0704,INV-DE-1857833635-2023-432,NEXT,not_sent,3000 | Factura duplicada
1,19374,in_invoice,S/FRA/2024/0427,1NSN240700374261,"",sent,""
1,22398,in_invoice,S/FRA/2024/1037,1NSN241000156554,"",sent,""
1,14188,in_invoice,S/FRA/2023/0657,7/2023,"",not_sent,3000 | Factura duplicada
1,14195,in_invoice,S/FRA/2023/0661,5,"",not_sent,3000 | Factura duplicada
1,14214,in_invoice,S/FRA/2023/0872,FA2310597,"",not_sent,3000 | Factura duplicada
1,14217,in_invoice,S/FRA/2023/0868,FA2300317,"",not_sent,3000 | Factura duplicada
1,14302,in_invoice,S/FRA/2023/0773,03/2023,"",not_sent,3000 | Factura duplicada
1,14332,in_invoice,S/FRA/2023/0681,A10018064003-0723,"",not_sent,3000 | Factura duplicada
1,14334,in_invoice,S/FRA/2023/0675,312-KF23-8490,"",not_sent,3000 | Factura duplicada
1,14335,in_invoice,S/FRA/2023/0683,A10018101540-0723,"",not_sent,3000 | Factura duplicada
1,14336,in_invoice,S/FRA/2023/0674,312-KF23-9831,"",not_sent,3000 | Factura duplicada
1,14337,in_invoice,S/FRA/2023/0682,A10018110851-0823,"",not_sent,3000 | Factura duplicada
1,14338,in_invoice,S/FRA/2023/0676,A10018177076-0823,"",not_sent,3000 | Factura duplicada
1,14340,in_invoice,S/FRA/2023/0677,A10018215567-0923,"",not_sent,3000 | Factura duplicada
1,14341,in_invoice,S/FRA/2023/0672,A10018254454-0923,"",not_sent,3000 | Factura duplicada
1,14342,in_invoice,S/FRA/2023/0678,312-KF23-11152,"",not_sent,3000 | Factura duplicada
1,14343,in_invoice,S/FRA/2023/0679,312-KF23-12532,"",not_sent,3000 | Factura duplicada
1,14344,in_invoice,S/FRA/2023/0680,A10018292469-1023,"",not_sent,3000 | Factura duplicada
1,14345,in_invoice,S/FRA/2023/0673,A10018331078-1023,"",not_sent,3000 | Factura duplicada
1,14347,in_invoice,S/FRA/2023/0749,1NSN230700326468,"",not_sent,3000 | Factura duplicada
1,14348,in_invoice,S/FRA/2023/0738,HSN230400348082,"",not_sent,3000 | Factura duplicada
1,24491,in_invoice,S/FRA/2025/0358,11/2025,"",sent,""
1,14354,in_invoice,S/FRA/2023/0747,1NSN231000105281,"",sent,""
1,16229,in_invoice,S/FRA/2023/1164,AL 23000807,"",sent,""
1,21640,in_invoice,S/FRA/2024/0921,1569/24,"",sent,""
1,23260,in_invoice,S/FRA/2025/0090,20250006,"",sent,""
1,14384,in_invoice,S/FRA/2023/0785,75,"",not_sent,3000 | Factura duplicada
1,22401,in_invoice,S/FRA/2024/1034,1NSN241200023623,"",sent,""
1,14389,in_invoice,S/FRA/2023/0775,A6,"",not_sent,3000 | Factura duplicada
1,14390,in_invoice,S/FRA/2023/0781,2023-006,"",not_sent,3000 | Factura duplicada
1,14391,in_invoice,S/FRA/2023/0742,1TSN230800390772,"",sent,""
1,14392,in_invoice,S/FRA/2023/0743,1TSN230900356622,"",sent,""
1,14395,in_invoice,S/FRA/2023/0786,05-2023,"",not_sent,3000 | Factura duplicada
1,14406,in_invoice,S/FRA/2023/0776,11,"",not_sent,3000 | Factura duplicada
1,20080,in_invoice,S/FRA/2024/0558,3.899/F,"",sent,""
1,14410,in_invoice,S/FRA/2023/0795,230235,NEXT,not_sent,3000 | Factura duplicada
1,23938,in_invoice,S/FRA/2025/0272,A252031902,"",sent,""
1,14412,in_invoice,S/FRA/2023/0782,20230538,"",not_sent,3000 | Factura duplicada
1,14413,in_invoice,S/FRA/2023/0787,24,"",not_sent,3000 | Factura duplicada
1,14414,in_invoice,S/FRA/2023/0788,2023-291,"",not_sent,3000 | Factura duplicada
1,14432,in_invoice,S/FRA/2023/0801,47/2023,"",not_sent,3000 | Factura duplicada
1,14433,in_invoice,S/FRA/2023/0777,A163548,"",not_sent,3000 | Factura duplicada
1,14434,in_invoice,S/FRA/2023/0778,4200138563,"",not_sent,3000 | Factura duplicada
1,20397,in_invoice,S/FRA/2024/0659,000002 TB 011797,"",sent,""
1,14447,in_invoice,S/FRA/2023/0792,FV230834/71,NEXT,not_sent,3000 | Factura duplicada
1,14449,in_invoice,S/FRA/2023/0793,3796,NEXT,not_sent,3000 | Factura duplicada
1,14451,in_invoice,S/FRA/2023/0805,154-2023,"",not_sent,3000 | Factura duplicada
1,14452,in_invoice,S/FRA/2023/0797,9/2023,"",not_sent,3000 | Factura duplicada
1,14453,in_invoice,S/FRA/2023/0803,412/2023C,"",not_sent,3000 | Factura duplicada
1,14461,in_invoice,S/FRA/2023/0802,1TSN231000379010,"",sent,""
1,14522,in_invoice,S/FRA/2023/0820,A-1434,"",sent,""
1,14523,in_invoice,S/FRA/2023/0798,07/23,"",not_sent,3000 | Factura duplicada
1,14562,in_invoice,S/FRA/2023/0796,AF/1908/01,"",not_sent,3000 | Factura duplicada
1,14564,in_invoice,S/FRA/2023/0836,10/20/2023 del 30/10/2023,"",not_sent,3000 | Factura duplicada
1,14571,in_invoice,S/FRA/2023/0857,000D003579,"",not_sent,3000 | Factura duplicada
1,14572,in_invoice,S/FRA/2023/0856,000D003580,"",not_sent,3000 | Factura duplicada
1,14573,in_invoice,S/FRA/2023/0855,000G004231,"",not_sent,3000 | Factura duplicada
1,14574,in_invoice,S/FRA/2023/0854,000G004232,"",not_sent,3000 | Factura duplicada
1,14575,in_invoice,S/FRA/2023/0853,000G004233,"",not_sent,3000 | Factura duplicada
1,14576,in_invoice,S/FRA/2023/0906,FO3/1973,"",sent,""
1,14578,in_invoice,S/FRA/2023/0810,FM23-2397,"",not_sent,3000 | Factura duplicada
1,14579,in_invoice,S/FRA/2023/0809,FM23-2476,"",not_sent,3000 | Factura duplicada
1,14580,in_invoice,S/FRA/2023/0816,FRO20232013476,"",not_sent,3000 | Factura duplicada
1,14581,in_invoice,S/FRA/2023/0866,4.421/F,"",not_sent,3000 | Factura duplicada
1,14582,in_invoice,S/FRA/2023/0865,FA 232408,"",not_sent,3000 | Factura duplicada
1,14583,in_invoice,S/FRA/2023/0864,000258,"",not_sent,3000 | Factura duplicada
1,14584,in_invoice,S/FRA/2023/0863,000259,"",not_sent,3000 | Factura duplicada
1,14585,in_invoice,S/FRA/2023/0819,03/2023/11,"",sent,""
1,14586,in_invoice,S/FRA/2023/0821,A2307690,"",not_sent,3000 | Factura duplicada
1,14587,in_invoice,S/FRA/2023/0808,000260,"",not_sent,3000 | Factura duplicada
1,14588,in_invoice,S/FRA/2023/0822,1301-2023,"",not_sent,3000 | Factura duplicada
1,14608,in_invoice,S/FRA/2023/0827,39/2023,"",sent,""
1,14609,in_invoice,S/FRA/2023/0811,12,"",not_sent,3000 | Factura duplicada
1,14610,in_invoice,S/FRA/2023/0834,101,"",sent,""
1,14611,in_invoice,S/FRA/2023/0869,FA2300318,"",not_sent,3000 | Factura duplicada
1,14612,in_invoice,S/FRA/2023/0852,23-0061,"",not_sent,3000 | Factura duplicada
1,14613,in_invoice,S/FRA/2023/0851,23-0062,"",not_sent,3000 | Factura duplicada
1,14614,in_invoice,S/FRA/2023/0850,23-0065,"",not_sent,3000 | Factura duplicada
1,14615,in_invoice,S/FRA/2023/0849,23-0066,"",not_sent,3000 | Factura duplicada
1,14616,in_invoice,S/FRA/2023/0862,23/664,"",not_sent,3000 | Factura duplicada
1,14619,in_invoice,S/FRA/2023/0848,23-0068,"",sent,""
1,14641,in_invoice,S/FRA/2023/0837,23OOO6O4,"",not_sent,3000 | Factura duplicada
1,14643,in_invoice,S/FRA/2023/0823,59,"",not_sent,3000 | Factura duplicada
1,23358,in_invoice,S/FRA/2025/0134,A10019539590-0225,"",sent,""
1,14647,in_invoice,S/FRA/2023/0814,207,"",not_sent,3000 | Factura duplicada
1,14648,in_invoice,S/FRA/2023/0815,200,"",not_sent,3000 | Factura duplicada
1,24183,in_invoice,S/FRA/2025/0276,1NSN250400089636,"",sent,""
1,14649,in_invoice,S/FRA/2023/0824,95-212498,"",not_sent,3000 | Factura duplicada
1,14650,in_invoice,S/FRA/2023/0826,95-212747,"",not_sent,3000 | Factura duplicada
1,14651,in_invoice,S/FRA/2023/0825,95-212095,"",not_sent,3000 | Factura duplicada
1,14652,in_invoice,S/FRA/2023/0847,VF23-11-0094,"",sent,""
1,16230,in_invoice,S/FRA/2023/1166,AL 23000893,"",sent,""
1,14654,in_invoice,S/FRA/2023/0813,SI179,"",sent,""
1,14655,in_invoice,S/FRA/2023/0812,SI180,"",sent_modified,""
1,14656,in_invoice,S/FRA/2023/0828,A10018368654-1123,"",sent,""
1,14657,in_invoice,S/FRA/2023/0829,A10018406895-1123,"",sent,""
1,14658,in_invoice,S/FRA/2023/0807,2242738,"",not_sent,3000 | Factura duplicada
1,14659,in_invoice,S/FRA/2023/0861,B00053241,"",not_sent,3000 | Factura duplicada
1,14665,in_invoice,S/FRA/2023/0830,FQ23/062650,"",sent,""
1,14666,in_invoice,S/FRA/2023/0845,TB-2023-F 56,"",not_sent,3000 | Factura duplicada
1,14667,in_invoice,S/FRA/2023/0844,TB-2023-F 57,"",not_sent,3000 | Factura duplicada
1,14668,in_invoice,S/FRA/2023/0843,TB-2023-F 67,"",not_sent,3000 | Factura duplicada
1,14669,in_invoice,S/FRA/2023/0860,TB-2023-F 71,"",not_sent,3000 | Factura duplicada
1,14670,in_invoice,S/FRA/2023/0842,TB-2023-F 58,"",not_sent,3000 | Factura duplicada
1,14671,in_invoice,S/FRA/2023/0841,TB-2023-F 38,"",not_sent,3000 | Factura duplicada
1,14672,in_invoice,S/FRA/2023/0840,5.615,"",not_sent,3000 | Factura duplicada
1,14673,in_invoice,S/FRA/2023/0859,0166-2023,"",sent,""
1,14684,in_invoice,S/FRA/2023/0858,312-KF23-13818,"",sent,""
1,14687,in_invoice,S/FRA/2023/0846,4TM00120777,"",sent,""
1,14693,in_invoice,S/FRA/2023/0878,OO/2023/011,"",not_sent,3000 | Factura duplicada
1,14694,in_invoice,S/FRA/2023/0883,151555,"",sent,""
1,14695,in_invoice,S/FRA/2023/0880,A 20230682,"",sent,""
1,14697,in_invoice,S/FRA/2023/0882,56-23,"",sent,""
1,14698,in_invoice,S/FRA/2023/0884,A23/116,"",sent,""
1,14699,in_invoice,S/FRA/2023/0879,2023-311 TV,"",sent,""
1,14705,in_invoice,S/FRA/2023/0881,18/2023,"",sent,""
1,14708,in_invoice,S/FRA/2023/0925,001478,"",sent,""
1,14709,in_invoice,S/FRA/2023/0932,9/23,"",sent,""
1,14711,in_invoice,S/FRA/2023/0918,173-2023,"",sent,""
1,14712,in_invoice,S/FRA/2023/0922,8/2023,"",sent,""
1,14817,in_invoice,S/FRA/2023/0911,FA23/634,"",sent,""
1,14818,in_invoice,S/FRA/2023/0905,23-0069,"",sent,""
1,14819,in_invoice,S/FRA/2023/0894,D23 462,"",sent,""
1,14831,in_invoice,S/FRA/2023/0886,023-011,"",sent,""
1,14836,in_invoice,S/FRA/2023/0907,1-2023,"",sent,""
1,14837,in_invoice,S/FRA/2023/0928,C9/2023,"",sent,""
1,14838,in_invoice,S/FRA/2023/0924,A/FA00343,"",sent,""
1,14839,in_invoice,S/FRA/2023/0919,957,"",sent,""
1,14860,in_invoice,S/FRA/2023/0885,023-012,"",sent,""
1,14861,in_invoice,S/FRA/2023/0904,0167-2023,"",sent,""
1,14862,in_invoice,S/FRA/2023/0896,1-015/2023,"",sent,""
1,14863,in_invoice,S/FRA/2023/0888,23/631,"",sent,""
1,14864,in_invoice,S/FRA/2023/0933,002,"",sent,""
1,14865,in_invoice,S/FRA/2023/0915,23/15,"",sent,""
1,14866,in_invoice,S/FRA/2023/0914,23/16,"",sent,""
1,14867,in_invoice,S/FRA/2023/0890,09/2023,"",sent,""
1,14870,in_invoice,S/FRA/2023/0913,42/2023,"",sent,""
1,14871,in_invoice,S/FRA/2023/0912,41/2023,"",sent,""
1,14872,in_invoice,S/FRA/2023/0926,174-23,"",sent,""
1,14873,in_invoice,S/FRA/2023/0892,159/2023,"",sent,""
1,14874,in_invoice,S/FRA/2023/0893,160/2023,"",sent,""
1,14875,in_invoice,S/FRA/2023/0891,6.493,"",sent,""
1,14877,in_invoice,S/FRA/2023/0929,03,"",sent,""
1,14878,in_invoice,S/FRA/2023/0916,007/2023,"",sent,""
1,14879,in_invoice,S/FRA/2023/0935,010/2023,"",sent,""
1,14928,in_invoice,S/FRA/2023/0921,10/2023,"",sent,""
1,14935,in_invoice,S/FRA/2023/0936,11/2023/1,"",sent,""
1,14936,in_invoice,S/FRA/2023/0917,159-2023,"",sent,""
1,14937,in_invoice,S/FRA/2023/0934,EE16/2023,"",sent,""
1,14938,in_invoice,S/FRA/2023/0927,09/2023,"",sent,""
1,14941,in_invoice,S/FRA/2023/0909,02/2023,"",sent,""
1,14942,in_invoice,S/FRA/2023/0930,08/2023,"",sent,""
1,14943,in_invoice,S/FRA/2023/0898,FAC-1404,"",sent,""
1,14957,in_invoice,S/FRA/2023/0895,A/2888/2023,"",sent,""
1,23780,in_invoice,S/FRA/2025/0238,A10019576402-0325,"",sent,""
1,14959,in_invoice,S/FRA/2023/0939,19/2023,"",sent,""
1,24190,in_invoice,S/FRA/2025/0275,F20250523,"",sent,""
1,14964,in_invoice,S/FRA/2023/0910,95-213458,"",sent,""
1,22393,in_invoice,S/FRA/2025/0010,A10019427377-0125,"",sent,""
1,14969,in_invoice,S/FRA/2023/0908,63,"",sent,""
1,14970,in_invoice,S/FRA/2023/0899,09413001436,"",sent,""
1,14971,in_invoice,S/FRA/2023/1008,240,"",sent,""
1,23468,in_invoice,S/FRA/2025/0205,F250091070,"",sent,""
1,14974,in_invoice,S/FRA/2023/0937,1/4,"",sent,""
1,24570,in_invoice,S/FRA/2025/0371,23-2025,"",sent,""
1,24538,in_invoice,S/FRA/2025/0369,025.041,"",sent,""
1,14978,in_invoice,S/FRA/2023/0962,20230574,"",sent,""
1,5874,in_invoice,S/FRA/2022/0266,09411000965,"",sent,""
1,15000,in_invoice,S/FRA/2023/0948,123004907,"",sent,""
1,15001,in_invoice,S/FRA/2023/0952,2,"",sent,""
1,15002,in_invoice,S/FRA/2023/0945,F140-2023,"",sent,""
1,15004,in_invoice,S/FRA/2023/0966,EF122902,"",sent,""
1,15005,in_invoice,S/FRA/2023/0955,176-2023,"",sent,""
1,15035,in_invoice,S/FRA/2023/0968,23001,"",sent,""
1,15036,in_invoice,S/FRA/2023/0967,22/2023,"",sent,""
1,15037,in_invoice,S/FRA/2023/0963,11.2023,"",sent,""
1,15038,in_invoice,S/FRA/2023/0953,UN-302/23,"",sent,""
1,15039,in_invoice,S/FRA/2023/0954,N-678/23,"",sent,""
1,15040,in_invoice,S/FRA/2023/0979,23-0071,"",sent,""
1,15041,in_invoice,S/FRA/2023/0978,23-0072,"",sent,""
1,15042,in_invoice,S/FRA/2023/0977,23-0073,"",sent,""
1,15043,in_invoice,S/FRA/2023/0976,23-0074,"",sent,""
1,15044,in_invoice,S/FRA/2023/1071,5/2023,"",sent,""
1,15045,in_invoice,S/FRA/2023/0942,1TSN231100384756,"",sent,""
1,15071,in_invoice,S/FRA/2023/0959,0/230739,"",sent,""
1,15072,in_invoice,S/FRA/2023/0950,A-1562,"",sent,""
1,15073,in_invoice,S/FRA/2023/0983,FA 232774,"",sent,""
1,15074,in_invoice,S/FRA/2023/0961,A2308126,"",sent,""
1,15075,in_invoice,S/FRA/2023/1048,FO3/2142,"",sent,""
1,15076,in_invoice,S/FRA/2023/1046,TB-2023-F 75,"",sent,""
1,15077,in_invoice,S/FRA/2023/1045,TB-2023-F 76,"",sent,""
1,15078,in_invoice,S/FRA/2023/1044,TB-2023-F 77,"",sent,""
1,27174,in_invoice,/,"","",not_sent,""
1,18841,in_invoice,S/FRA/2024/0376,0000079656 14,"",sent,""
1,22402,in_invoice,S/FRA/2025/0015,1TSN250100052168,"",sent,""
1,15082,in_invoice,S/FRA/2023/0944,FM23-2739,"",sent,""
1,15083,in_invoice,S/FRA/2023/0960,FM23-2656,"",sent,""
1,15084,in_invoice,S/FRA/2023/0949,23/745,"",sent,""
1,15085,in_invoice,S/FRA/2023/0970,23/746,"",sent,""
1,23265,in_invoice,S/FRA/2025/0140,A/3111/2025,"",sent,""
1,27175,in_invoice,/,"","",not_sent,""
1,15104,in_invoice,S/FRA/2023/0947,03/2023/12,"",sent,""
1,15111,in_invoice,S/FRA/2023/1004,5.229/F,"",sent,""
1,15121,in_invoice,S/FRA/2023/0985,1453-2023,"",sent,""
1,15124,in_invoice,S/FRA/2023/0973,001-11/2023,"",sent,""
1,15125,in_invoice,S/FRA/2023/0974,00004,"",sent,""
1,15126,in_invoice,S/FRA/2023/0975,000194,"",sent,""
1,16231,in_invoice,S/FRA/2023/1167,AL 23000996,"",sent,""
1,16232,in_invoice,S/FRA/2024/0004,AL 24000056,"",sent,""
1,15161,in_invoice,S/FRA/2023/0982,2292545,"",sent,""
1,15162,in_invoice,S/FRA/2023/0986,VF23-12-0089,"",sent,""
1,15232,in_invoice,S/FRA/2023/0997,A10018483327-1223,"",sent,""
1,15233,in_invoice,S/FRA/2023/1003,A10018445061-1223,"",sent,""
1,15234,in_invoice,S/FRA/2023/1002,N230023968,"",sent,""
1,15235,in_invoice,S/FRA/2023/1001,1NSN231200049733,"",sent,""
1,22405,in_invoice,S/FRA/2024/1065,200-24,"",sent,""
1,15238,in_invoice,S/FRA/2023/0998,23/23,"",sent,""
1,15267,in_invoice,S/FRA/2023/0990,7.059,"",sent,""
1,15277,in_invoice,S/FRA/2023/0989,21/2023,"",sent,""
1,15291,in_invoice,S/FRA/2023/0996,312-KF23-15211,"",sent,""
1,15306,in_invoice,S/FRA/2023/0988,MTA2301901,"",sent,""
1,15307,in_invoice,S/FRA/2023/0987,2023001218,"",sent,""
1,15308,in_invoice,S/FRA/2023/0995,09413600090,"",sent,""
1,15309,in_invoice,S/FRA/2023/0994,F154-2023,"",sent,""
1,15310,in_invoice,S/FRA/2023/0993,TB-2023-F 85,"",sent,""
1,15311,in_invoice,S/FRA/2023/0992,TB-2023-F 86,"",sent,""
1,15312,in_invoice,S/FRA/2023/0991,001216,"",sent,""
1,15332,in_invoice,S/FRA/2023/1043,15/2023,"",sent,""
1,15333,in_invoice,S/FRA/2023/1052,23017556,"",sent,""
1,15356,in_invoice,S/FRA/2023/1010,AF/1188/01,"",sent,""
1,15392,in_invoice,S/FRA/2023/1051,A2308556,"",sent,""
1,15462,in_invoice,S/FRA/2023/1041,18,"",sent,""
1,27176,in_invoice,/,"","",not_sent,""
1,15590,in_invoice,S/FRA/2023/1050,23-0076,"",sent,""
1,15600,in_invoice,S/FRA/2023/1040,165/2023,"",sent,""
1,15601,in_invoice,S/FRA/2023/1039,166/2023,"",sent,""
1,15602,in_invoice,S/FRA/2023/1038,167/2023,"",sent,""
1,15722,in_invoice,S/FRA/2023/1011,AF/1954/01,"",sent,""
1,15723,in_invoice,S/FRA/2023/1012,AF/1955/01,"",sent,""
1,15750,in_invoice,S/FRA/2023/1037,012/2023,"",sent,""
1,15787,in_invoice,S/FRA/2023/1036,1,"",sent,""
1,15788,in_invoice,S/FRA/2023/1035,4,"",sent,""
1,15789,in_invoice,S/FRA/2023/1034,1/2023,"",sent,""
1,15790,in_invoice,S/FRA/2023/1033,2023-29,"",sent,""
1,15791,in_invoice,S/FRA/2023/1032,13,"",sent,""
1,15792,in_invoice,S/FRA/2023/1031,6,"",sent,""
1,15793,in_invoice,S/FRA/2023/1030,02/2023,"",sent,""
1,15794,in_invoice,S/FRA/2023/1029,5/2023,"",sent,""
1,15795,in_invoice,S/FRA/2023/1028,008/2023,"",sent,""
1,15796,in_invoice,S/FRA/2023/1027,08/2023,"",sent,""
1,15799,in_invoice,S/FRA/2023/1026,087-2023,"",sent,""
1,15800,in_invoice,S/FRA/2023/1025,23014,"",sent,""
1,15808,in_invoice,S/FRA/2023/1024,023.066.,"",sent,""
1,15809,in_invoice,S/FRA/2023/1047,13,"",sent,""
1,15818,in_invoice,S/FRA/2023/1023,14/23,"",sent,""
1,15819,in_invoice,S/FRA/2023/1022,00005,"",sent,""
1,15822,in_invoice,S/FRA/2023/1020,202300000006,"",sent,""
1,15823,in_invoice,S/FRA/2023/1019,7/2023,"",sent,""
1,15824,in_invoice,S/FRA/2023/1018,965/2023,"",sent,""
1,15844,in_invoice,S/FRA/2023/1015,202312341,"",sent,""
1,15846,in_invoice,S/FRA/2023/1014,OO/2023/012,"",sent,""
1,15949,in_invoice,S/FRA/2024/0001,A1316117/2024,"",sent,""
1,15950,in_invoice,S/FRA/2023/1155,2348356,"",sent,""
1,15951,in_invoice,S/FRA/2023/1055,23/721,"",sent,""
1,15952,in_invoice,S/FRA/2023/1054,23/19,"",sent,""
1,15954,in_invoice,S/FRA/2023/1154,5.589/F,"",sent,""
1,15955,in_invoice,S/FRA/2023/1146,000331,"",sent,""
1,15956,in_invoice,S/FRA/2023/1149,000332,"",sent,""
1,15959,in_invoice,S/FRA/2023/1144,FM23-3017,"",sent,""
1,15960,in_invoice,S/FRA/2023/1143,FM23-2936,"",sent,""
1,15961,in_invoice,S/FRA/2023/1142,FRO20240007757,"",sent,""
1,15962,in_invoice,S/FRA/2023/1147,A2308709,"",sent,""
1,15964,in_invoice,S/FRA/2023/1136,FO3 / 2302,"",sent,""
1,15965,in_invoice,S/FRA/2023/1092,FRO20232215622,"",sent_modified,""
1,15966,in_invoice,S/FRA/2023/1077,18742301P0071545,"",sent,""
1,15967,in_invoice,S/FRA/2023/1060,0205-2023,"",sent,""
1,15969,in_invoice,S/FRA/2023/1059,0209-2023,"",sent,""
1,15970,in_invoice,S/FRA/2023/1058,23-0077,"",sent,""
1,15971,in_invoice,S/FRA/2023/1151,000354,"",sent,""
1,15972,in_invoice,S/FRA/2023/1057,23-0079,"",sent,""
1,16005,in_invoice,S/FRA/2023/1053,2023-0012,"",sent,""
1,16006,in_invoice,S/FRA/2023/1056,0210-2023,"",sent,""
1,16007,in_invoice,S/FRA/2023/1139,000D003967,"",sent,""
1,16008,in_invoice,S/FRA/2023/1137,000G004694,"",sent,""
1,16014,in_invoice,S/FRA/2023/1145,23/883,"",sent,""
1,16015,in_invoice,S/FRA/2023/1148,23/884,"",sent,""
1,16016,in_invoice,S/FRA/2023/1141,23/885,"",sent,""
1,22395,in_invoice,S/FRA/2025/0008,312-KF25-240,"",sent,""
1,21759,in_invoice,S/FRA/2024/1003,298/24,"",sent,""
1,24438,in_invoice,S/FRA/2025/0325,1NSN250600104453,"",sent,""
1,16024,in_invoice,S/FRA/2023/1081,233/871,"",sent,""
1,16026,in_invoice,S/FRA/2023/1091,A/2907/2023,"",sent,""
1,23082,in_invoice,S/FRA/2025/0030,18742501P0014603,"",sent,""
1,24439,in_invoice,S/FRA/2025/0324,1NSN250600157490,"",sent,""
1,24474,in_invoice,S/FRA/2025/0365,167036,"",sent,""
1,21667,in_invoice,S/FRA/2024/0913,VF24-12-0091,"",sent,""
1,24290,in_invoice,S/FRA/2025/0343,25/6,"",sent,""
1,16034,in_invoice,S/FRA/2023/1082,95-214334,"",sent,""
1,24501,in_invoice,S/FRA/2025/0357,ZEN-7665,"",sent,""
1,16036,in_invoice,S/FRA/2023/1087,95-214402,"",sent,""
1,24514,in_invoice,S/FRA/2025/0355,FA25/349,"",sent,""
1,16038,in_invoice,S/FRA/2023/1088,09423008986,"",sent,""
1,16039,in_invoice,S/FRA/2023/1090,A/2906/2023,"",sent,""
1,16043,in_invoice,S/FRA/2023/1099,9694,"",sent_modified,""
1,16044,in_invoice,S/FRA/2023/1103,95-214621,"",sent,""
1,24519,in_invoice,S/FRA/2025/0350,01/2025,"",sent,""
1,24292,in_invoice,S/FRA/2025/0342,18-2025,"",sent,""
1,16047,in_invoice,S/FRA/2023/1108,95-214656,"",sent,""
1,23044,in_invoice,S/FRA/2025/0032,E252074070,"",sent,""
1,16050,in_invoice,S/FRA/2023/1115,95-214840,"",sent,""
1,16051,in_invoice,S/FRA/2023/1114,G33465790,"",sent,""
1,16053,in_invoice,S/FRA/2023/1120,71,"",sent_modified,""
1,16054,in_invoice,S/FRA/2023/1121,286,"",sent,""
1,16055,in_invoice,S/FRA/2023/1119,A/2916/2023,"",sent,""
1,16061,in_invoice,S/FRA/2023/1122,A00007,"",sent,""
1,16077,in_invoice,S/FRA/2024/0006,03-2024,"",sent,""
1,16078,in_invoice,S/FRA/2024/0005,04-2024,"",sent,""
1,16079,in_invoice,S/FRA/2024/0009,05-2024,"",sent,""
1,16080,in_invoice,S/FRA/2024/0013,INV-02420-Z5S2C2,"",sent,""
1,16100,in_invoice,S/FRA/2023/1116,5345,"",sent,""
1,16101,in_invoice,S/FRA/2023/1113,C4/114725,"",sent,""
1,16102,in_invoice,S/FRA/2023/1109,C4/114644,"",sent,""
1,16103,in_invoice,S/FRA/2023/1106,C4/114576,"",sent,""
1,26777,in_invoice,S/FRA/2025/0763,000313,"",not_sent,""
1,16107,in_invoice,S/FRA/2023/1117,A 230739,"",sent,""
1,16108,in_invoice,S/FRA/2023/1125,5532,"",sent,""
1,16110,in_invoice,S/FRA/2023/1127,716,"",sent,""
1,16111,in_invoice,S/FRA/2023/1129,968,"",sent,""
1,16112,in_invoice,S/FRA/2023/1128,970,"",sent,""
1,16114,in_invoice,S/FRA/2023/1131,5559,"",sent,""
1,16115,in_invoice,S/FRA/2023/1124,960,"",sent,""
1,16118,in_invoice,S/FRA/2023/1132,C4/115319,"",sent,""
1,16119,in_invoice,S/FRA/2023/1101,A 230720,"",sent,""
1,16120,in_invoice,S/FRA/2023/1112,C4/114729,"",sent,""
1,16135,in_invoice,S/FRA/2023/1134,C4/115294,"",sent,""
1,16136,in_invoice,S/FRA/2023/1123,C4/115084,"",sent,""
1,16137,in_invoice,S/FRA/2023/1111,C4/114843,"",sent,""
1,16138,in_invoice,S/FRA/2023/1093,61-23,"",sent,""
1,16139,in_invoice,S/FRA/2023/1068,A/23-0244,"",sent,""
1,16140,in_invoice,S/FRA/2023/1063,2023-361,"",sent,""
1,16141,in_invoice,S/FRA/2023/1094,192-23,"",sent,""
1,16160,in_invoice,S/FRA/2023/1153,000333,"",sent,""
1,16161,in_invoice,S/FRA/2023/1152,000334,"",sent,""
1,16162,in_invoice,S/FRA/2024/0015,21,"",sent,""
1,16163,in_invoice,S/FRA/2023/1130,1TSN231200368882,"",sent,""
1,16164,in_invoice,S/FRA/2023/1126,18742301P0098671,"",sent,""
1,20287,in_invoice,S/FRA/2024/0597,AL 24000116,"",sent,""
1,16166,in_invoice,S/FRA/2023/1064,2023-360,"",sent,""
1,16167,in_invoice,S/FRA/2023/1070,4,"",sent,""
1,16168,in_invoice,S/FRA/2024/0014,1,"",sent,""
1,16169,in_invoice,S/FRA/2023/1138,15,"",sent,""
1,16170,in_invoice,S/FRA/2023/1135,13,"",sent,""
1,16171,in_invoice,S/FRA/2023/1140,16,"",sent,""
1,16188,in_invoice,S/FRA/2024/0016,MHA24001,"",sent,""
1,16190,in_invoice,S/FRA/2023/1150,1167/23,"",sent,""
1,16191,in_invoice,S/FRA/2024/0019,ES437NABEY,"",sent,""
1,16192,in_invoice,S/FRA/2023/1062,OO/2023/014,"",sent,""
1,16203,in_invoice,S/FRA/2024/0022,1/2024,"",sent,""
1,16208,in_invoice,S/FRA/2024/0017,A/11,"",sent,""
1,16217,in_invoice,S/FRA/2023/1156,187/2023,"",sent,""
1,16219,in_invoice,S/FRA/2023/1157,201/2023,"",sent,""
1,22532,in_invoice,S/FRA/2025/0053,T/14/2025,"",sent,""
1,20964,in_invoice,S/FRA/2024/0770,13,"",sent,""
1,16223,in_invoice,S/FRA/2023/1168,23/25,"",sent,""
1,21106,in_invoice,S/FRA/2024/0803,24/329,"",sent,""
1,21645,in_invoice,S/FRA/2024/0918,477,"",sent,""
1,21646,in_invoice,S/FRA/2024/0917,482,"",sent,""
1,20307,in_invoice,S/FRA/2024/0612,C4 /107336,"",sent,""
1,21067,in_invoice,S/FRA/2024/0766,A001759,"",sent,""
1,16233,in_invoice,S/FRA/2024/0018,24-003,"",sent,""
1,16234,in_invoice,S/FRA/2024/0020,24-004,"",sent,""
1,16235,in_invoice,S/FRA/2024/0021,24-005,"",sent,""
1,16236,in_invoice,S/FRA/2024/0140,ES44W3ABEY,"",sent,""
1,16237,in_invoice,S/FRA/2024/0002,2023 A 0000346,"",sent,""
1,16254,in_invoice,S/FRA/2024/0129,08012400,"",sent,""
1,16302,in_invoice,S/FRA/2024/0052,24-006,"",sent,""
1,16329,in_invoice,S/FRA/2024/0139,ES451HABEY,"",sent,""
1,19061,in_invoice,S/FRA/2024/0369,NN-24-17937,"",sent,""
1,5903,in_invoice,S/FRA/2022/0283,111916,"",sent,""
1,16373,in_invoice,S/FRA/2024/0126,20240000000000001,"",sent,""
1,16374,in_invoice,S/FRA/2024/0125,01/2024,"",sent,""
1,16403,in_invoice,S/FRA/2024/0138,003-2024,"",sent,""
1,16410,in_invoice,S/FRA/2024/0137,B00053406,"",sent,""
1,16411,in_invoice,S/FRA/2024/0123,4,"",sent,""
1,16423,in_invoice,S/FRA/2024/0045,24/826,"",sent_modified,""
1,16425,in_invoice,S/FRA/2024/0136,ES48KFABEY,"",sent,""
1,16506,in_invoice,S/FRA/2024/0133,481 A,"",sent,""
1,16533,in_invoice,S/FRA/2024/0120,1,"",sent,""
1,16534,in_invoice,S/FRA/2024/0131,09414600006,"",sent,""
1,6378,in_invoice,S/FRA/2022/0385,20220023,"",sent,""
1,16575,in_invoice,S/FRA/2024/0092,FA 240022,"",sent,""
1,16576,in_invoice,S/FRA/2024/0093,1,"",sent,""
1,16596,in_invoice,S/FRA/2024/0088,121/F,"",sent,""
1,16595,in_invoice,S/FRA/2024/0089,FM24-129,"",sent,""
1,16614,in_invoice,S/FRA/2024/0042,1,"",sent,""
1,16615,in_invoice,S/FRA/2024/0041,2,"",sent,""
1,10648,in_invoice,S/FRA/2023/0102,A10017642939-0123,"",sent,""
1,16618,in_invoice,S/FRA/2024/0084,02/24,"",sent,""
1,6381,in_invoice,S/FRA/2022/0388,22-1001-1-1039,"",sent,""
1,19054,in_invoice,S/FRA/2024/0355,2.614/F,"",sent,""
1,19651,in_invoice,S/FRA/2024/0520,FA 241947,"",sent,""
1,18993,in_invoice,S/FRA/2024/0343,INV/2024/03754,M21031824409111,sent,""
1,19354,in_invoice,S/FRA/2024/0407,24801,"",sent,""
1,18659,in_invoice,S/FRA/2024/0350,FRO20241013077,"",sent,""
1,19619,in_invoice,S/FRA/2024/0442,ES43STKABEY,"",sent,""
1,23359,in_invoice,S/FRA/2025/0055,312-KF25-1351,"",sent,""
1,16654,in_invoice,S/FRA/2024/0040,01/2024,"",sent,""
1,16655,in_invoice,S/FRA/2024/0060,11,"",sent,""
1,16657,in_invoice,S/FRA/2024/0039,001/2024,"",sent,""
1,26776,in_invoice,S/FRA/2025/0764,000314,"",not_sent,""
1,16660,in_invoice,S/FRA/2024/0061,2393471,"",sent,""
1,16661,in_invoice,S/FRA/2024/0037,01/2024,"",sent,""
1,16675,in_invoice,S/FRA/2024/0036,B00053577,"",sent,""
1,16676,in_invoice,S/FRA/2024/0035,2024000046,"",sent,""
1,16679,in_invoice,S/FRA/2024/0059,04/24,"",sent,""
1,16680,in_invoice,S/FRA/2024/0033,001/2024,"",sent,""
1,16687,in_invoice,S/FRA/2024/0056,0017-2024,"",sent,""
1,18662,in_invoice,S/FRA/2024/0347,24/270,"",sent_modified,""
1,16691,in_invoice,S/FRA/2024/0051,A101,"",sent,""
1,16692,in_invoice,S/FRA/2024/0032,TB-2024-F1,"",sent,""
1,16696,in_invoice,S/FRA/2024/0024,AF/2011/01,"",sent,""
1,26775,in_invoice,S/FRA/2025/0765,000315,"",not_sent,""
1,16697,in_invoice,S/FRA/2024/0025,AF/2012/01,"",sent,""
1,16701,in_invoice,S/FRA/2024/0026,AF/2013/01,"",sent,""
1,16704,in_invoice,S/FRA/2024/0028,AF/2015/01,"",sent,""
1,26774,in_invoice,S/FRA/2025/0766,000316,"",not_sent,""
1,16705,in_invoice,S/FRA/2024/0031,2/2024,"",sent,""
1,16706,in_invoice,S/FRA/2024/0030,24/289,"",sent,""
1,16707,in_invoice,S/FRA/2024/0050,1-2024,"",sent,""
1,16714,in_invoice,S/FRA/2024/0049,02-2024,"",sent,""
1,16715,in_invoice,S/FRA/2024/0048,E/-12,"",sent,""
1,16716,in_invoice,S/FRA/2024/0047,13-2400006,"",sent,""
1,16717,in_invoice,S/FRA/2024/0046,2,"",sent,""
1,16718,in_invoice,S/FRA/2024/0029,01/2024,"",sent,""
1,17135,in_invoice,S/FRA/2024/0172,24-009,"",sent,""
1,17136,in_invoice,S/FRA/2024/0171,6,"",sent,""
1,17137,in_invoice,S/FRA/2024/0175,175-23,"",sent,""
1,17138,in_invoice,S/FRA/2024/0170,000036,"",sent,""
1,17139,in_invoice,S/FRA/2024/0169,000037,"",sent,""
1,17145,in_invoice,S/FRA/2024/0159,2023-0106,"",sent,""
1,17146,in_invoice,S/FRA/2024/0166,24-0010,"",sent,""
1,17147,in_invoice,S/FRA/2024/0165,TB-2024-F 6,"",sent,""
1,17181,in_invoice,S/FRA/2024/0164,13-2400007,"",sent,""
1,24463,in_invoice,S/FRA/2025/0320,1NSN250600299506,"",sent,""
1,23969,in_invoice,S/FRA/2025/0307,FA 250951,"",sent,""
1,24132,in_invoice,S/FRA/2025/0284,A10019749376-0525,"",sent,""
1,20288,in_invoice,S/FRA/2024/0598,AL 24000197,"",sent,""
1,17231,in_invoice,S/FRA/2024/0190,EV/23000367,"",sent,""
1,17232,in_invoice,S/FRA/2024/0189,EV/23000437,"",sent,""
1,17233,in_invoice,S/FRA/2024/0188,EV/23000436,"",sent,""
1,17234,in_invoice,S/FRA/2024/0187,2,"",sent,""
1,17242,in_invoice,S/FRA/2024/0186,187/24,"",sent,""
1,17243,in_invoice,S/FRA/2024/0185,UN-28/24,"",sent,""
1,24377,in_invoice,S/FRA/2025/0332,FRO20250890400,"",sent,""
1,17319,in_invoice,S/FRA/2024/0181,UN-62/24,"",sent,""
1,18992,in_invoice,S/FRA/2024/0328,OO/2024/008,REVISAR DOC. ADJUNTO,sent,""
1,19554,in_invoice,S/FRA/2024/0447,ES4Q7VQABEI,"",sent,""
1,23811,in_invoice,S/FRA/2025/0228,M252014466,"",sent,""
1,23944,in_invoice,S/FRA/2025/0306,3306880,"",sent,""
1,17375,in_invoice,S/FRA/2024/0204,24001292,"",sent,""
1,17376,in_invoice,S/FRA/2024/0203,24001293,"",sent,""
1,17377,in_invoice,S/FRA/2024/0202,6-24,"",sent,""
1,17378,in_invoice,S/FRA/2024/0201,FA 240393,"",sent,""
1,26692,in_invoice,S/FRA/2025/0770,MB-2025-001,"",not_sent,""
1,17396,in_invoice,S/FRA/2024/0197,2452250,"",sent,""
1,17405,in_invoice,S/FRA/2024/0236,FACT.008738,"",sent,""
1,17417,in_invoice,S/FRA/2024/0224,VP2310180056,"",sent,""
1,17489,in_invoice,S/FRA/2024/0219,2024 -24,"",sent,""
1,17490,in_invoice,S/FRA/2024/0218,2023 -400,"",sent,""
1,17491,in_invoice,S/FRA/2024/0217,2023 -449,"",sent,""
1,19721,in_invoice,S/FRA/2024/0510,3449F24,"",sent,""
1,17746,in_invoice,S/FRA/2024/0210,01/24,"",sent,""
1,17754,in_invoice,S/FRA/2024/0207,FCL-09154698,"",sent,""
1,17755,in_invoice,S/FRA/2024/0208,2023-AS-LOPDOS-106,"",sent,""
1,23978,in_invoice,S/FRA/2025/0310,312-KF25-3679,"",sent,""
1,18174,in_invoice,S/FRA/2024/0251,FA00996,"",sent,""
1,26668,in_invoice,S/FRA/2025/0771,17/2025,"",not_sent,""
1,18179,in_invoice,S/FRA/2024/0250,24/293,"",sent,""
1,23979,in_invoice,S/FRA/2025/0311,1.631/F,"",sent,""
1,18816,in_invoice,S/FRA/2024/0330,24/102,"",sent,""
1,23876,in_invoice,S/FRA/2025/0249,A2501654,"",sent,""
1,26644,in_invoice,S/FRA/2025/0772,2.501.25,"",not_sent,""
1,18204,in_invoice,S/FRA/2024/0240,2024-39,"",sent,""
1,18797,in_invoice,S/FRA/2024/0327,6/2024,"",sent,""
1,23937,in_invoice,S/FRA/2025/0273,A250066649,"",sent,""
1,26614,in_invoice,S/FRA/2025/0773,02 2025 CNV,"",not_sent,""
1,18209,in_invoice,S/FRA/2024/0237,2021000271,"",sent,""
1,18258,in_invoice,S/FRA/2024/0258,5/23,"",sent,""
1,16630,in_invoice,S/FRA/2024/0071,20240013,"",sent,""
1,238,in_invoice,S/FRA/2021/0148,F421694,"",not_sent,""
1,18304,in_invoice,S/FRA/2024/0267,D230069666,"",sent,""
1,476,in_invoice,S/FRA/2021/0309,F483633,"",not_sent,""
1,16635,in_invoice,S/FRA/2024/0067,AJ17 127721,"",sent_modified,""
1,23810,in_invoice,S/FRA/2025/0229,M250046990,"",sent,""
1,25894,in_invoice,S/FRA/2025/0776, ,"",not_sent,""
1,24246,in_invoice,S/FRA/2025/0317,41-2005,"",sent,""
1,21160,in_invoice,S/FRA/2024/0823,P1-2024,"",sent,""
1,20303,in_invoice,S/FRA/2024/0611,FMI/4986,"",sent,""
1,24216,in_invoice,S/FRA/2025/0274,1NSN250500311191,"",sent,""
1,593,in_invoice,S/FRA/2021/0349,F488901,"",sent,""
1,24357,in_invoice,S/FRA/2025/0346,8/2025,"",sent,""
1,18530,in_invoice,S/FRA/2024/0304,A-6363,"",sent,""
1,18669,in_invoice,S/FRA/2024/0333,B00054077,"",sent,""
1,24758,in_invoice,S/FRA/2025/0395,2025/001,"",sent,""
1,18546,in_invoice,S/FRA/2024/0308,24/0229,"",sent,""
1,18547,in_invoice,S/FRA/2024/0307,13122147,"",sent,""
1,20812,in_invoice,S/FRA/2024/0758,052-0010-R282659,FEDERICA,sent,""
1,3936,in_invoice,S/FRA/2022/0024,F491552,"",sent,""
1,18726,in_invoice,S/FRA/2024/0331,1124001991,"",sent,""
1,18843,in_invoice,S/FRA/2024/0323,FA24/356,"",sent,""
1,18394,in_invoice,S/FRA/2024/0290,240501,"",sent,""
1,18338,in_invoice,S/FRA/2024/0273,B/1767,"",sent,""
1,18845,in_invoice,S/FRA/2024/0370,PG4R000351,"",sent,""
1,18844,in_invoice,S/FRA/2024/0329,PG4O006285,"",sent,""
1,24355,in_invoice,S/FRA/2025/0335,A2503438,"",sent,""
1,19235,in_invoice,S/FRA/2024/0395,F20240846,"",sent,""
1,3944,in_invoice,S/FRA/2022/0017,F495954,"",sent,""
1,7720,in_invoice,S/FRA/2022/0636,F574654,"",sent,""
1,26577,in_invoice,S/FRA/2025/0743,036,"",not_sent,""
1,8285,in_invoice,S/FRA/2022/0727,F582880,"",sent,""
1,19256,in_invoice,S/FRA/2024/0399,FRO20241370312,"",sent,""
1,23874,in_invoice,S/FRA/2025/0266,000080,"",sent,""
1,18709,in_invoice,S/FRA/2024/0309,11045/24,"",sent,""
1,18463,in_invoice,S/FRA/2024/0301,1.560/F,"",sent,""
1,26580,in_invoice,S/FRA/2025/0741,AL25000922,"",not_sent,""
1,26724,in_invoice,S/FRA/2025/0745,8.567A,"",not_sent,""
1,18464,in_invoice,S/FRA/2024/0300,24/188,"",sent_modified,""
1,21644,in_invoice,S/FRA/2024/0936,24-0044,"",sent,""
1,18466,in_invoice,S/FRA/2024/0298,24/190,"",sent_modified,""
1,23934,in_invoice,S/FRA/2025/0267,250401,"",sent,""
1,18826,in_invoice,S/FRA/2024/0324,17/2024,"",sent,""
1,18467,in_invoice,S/FRA/2024/0297,24/191,"",sent_modified,""
1,18465,in_invoice,S/FRA/2024/0299,24/189,"",sent_modified,""
1,18461,in_invoice,S/FRA/2024/0293,FRO20240819452,"",sent,""
1,18670,in_invoice,S/FRA/2024/0332,462/24,"",sent,""
1,23935,in_invoice,S/FRA/2025/0268,250403,"",sent,""
1,26808,in_invoice,S/FRA/2025/0777,F 0007/25,"",not_sent,""
1,23936,in_invoice,S/FRA/2025/0269,I-10983,"",sent,""
1,16557,in_invoice,S/FRA/2024/0097,10399/10100203,"",sent,""
1,14981,in_invoice,S/FRA/2023/0956,F11-372710,"",sent_modified,""
1,23985,in_invoice,S/FRA/2025/0316,9/25,"",sent,""
1,5878,in_invoice,S/FRA/2022/0424,BL7/2021/1/39959,"",sent,""
1,6358,in_invoice,S/FRA/2022/0380,09422000207,"",sent,""
1,19792,in_invoice,S/FRA/2024/0473,8/2024,"",sent,""
1,9011,in_invoice,S/FRA/2022/1080,22220,"",sent,""
1,9014,in_invoice,S/FRA/2022/1079,4.151/F,"",sent,""
1,9029,in_invoice,S/FRA/2022/1078,00006375,"",sent_modified,""
1,24416,in_invoice,S/FRA/2025/0328,000D009011,"",sent,""
1,20289,in_invoice,S/FRA/2024/0599,AL 24000284,"",sent,""
1,9089,in_invoice,S/FRA/2022/1076,22-0068,"",sent,""
1,9091,in_invoice,S/FRA/2022/1075,A-1426,"",sent,""
1,9095,in_invoice,S/FRA/2022/0948,FV21353,FV21353: FV21353,sent,""
1,9106,in_invoice,S/FRA/2022/0970,2022/001,"",sent,""
1,9126,in_invoice,S/FRA/2022/1074,A2208712,"",sent,""
1,9127,in_invoice,S/FRA/2022/1053,F100-2022,"",sent,""
1,9128,in_invoice,S/FRA/2022/1073,22-0066,"",sent,""
1,9129,in_invoice,S/FRA/2022/1072,22-0070,"",sent,""
1,9130,in_invoice,S/FRA/2022/1071,1563-2022,"",sent,""
1,9131,in_invoice,S/FRA/2022/1007,2022-498,"",sent,""
1,9141,in_invoice,S/FRA/2022/0977,1382258,"",sent,""
1,9142,in_invoice,S/FRA/2022/0976,6.251A,"",sent,""
1,9143,in_invoice,S/FRA/2022/0975,6.299A,"",sent,""
1,9145,in_invoice,S/FRA/2022/0973,6.369A,"",sent,""
1,9146,in_invoice,S/FRA/2022/0972,6.368A,"",sent,""
1,9151,in_invoice,S/FRA/2022/1070,62/22,"",sent,""
1,9152,in_invoice,S/FRA/2022/1069,A2209082,"",sent,""
1,9154,in_invoice,S/FRA/2022/0985,29/2022,"",sent,""
1,9155,in_invoice,S/FRA/2022/0984,001/22,"",sent,""
1,9156,in_invoice,S/FRA/2022/1006,10/2022,"",sent,""
1,9158,in_invoice,S/FRA/2022/1005,055,"",sent,""
1,9160,in_invoice,S/FRA/2022/1103,966,"",sent,""
1,9161,in_invoice,S/FRA/2022/1102,967,"",sent,""
1,9162,in_invoice,S/FRA/2022/1101,969,"",sent,""
1,9163,in_invoice,S/FRA/2022/1004,03/2022,"",sent,""
1,9164,in_invoice,S/FRA/2022/1100,976,"",sent,""
1,9165,in_invoice,S/FRA/2022/1099,977,"",sent,""
1,9166,in_invoice,S/FRA/2022/1098,981,"",sent,""
1,9167,in_invoice,S/FRA/2022/0986,AF/1001/02,"",sent,""
1,9169,in_invoice,S/FRA/2022/1003,22221,"",sent,""
1,9170,in_invoice,S/FRA/2022/1002,22222,"",sent,""
1,9171,in_invoice,S/FRA/2022/1001,06/2022,"",sent,""
1,9172,in_invoice,S/FRA/2022/1000,11/2022,"",sent,""
1,9173,in_invoice,S/FRA/2022/0999,2022/04,"",sent,""
1,26006,in_invoice,/,383925012660,"",not_sent,""
1,9176,in_invoice,S/FRA/2022/1009,A330,"",sent,""
1,9178,in_invoice,S/FRA/2022/0997,22228,"",sent,""
1,9179,in_invoice,S/FRA/2022/0996,DTP-22-12-00030,"",sent,""
1,9180,in_invoice,S/FRA/2022/0995,34,"",sent,""
1,9185,in_invoice,S/FRA/2022/0994,10/2022,"",sent,""
1,9186,in_invoice,S/FRA/2022/0987,AF/1723/02,"",sent,""
1,9189,in_invoice,S/FRA/2022/1052,UN-304/22,"",sent,""
1,9190,in_invoice,S/FRA/2022/0993,09412001595,"",sent,""
1,9191,in_invoice,S/FRA/2022/0992,D24/2022,"",sent,""
1,9192,in_invoice,S/FRA/2022/0991,V0045,"",sent,""
1,9193,in_invoice,S/FRA/2022/0989,000009,"",sent,""
1,9194,in_invoice,S/FRA/2022/1056,4221200040,"",sent,""
1,9195,in_invoice,S/FRA/2022/0990,LD 13/22,"",sent,""
1,9196,in_invoice,S/FRA/2022/1055,D22 495,"",sent,""
1,9201,in_invoice,S/FRA/2022/1051,7/2022,"",sent,""
1,9202,in_invoice,S/FRA/2022/1050,008/2022,"",sent,""
1,9203,in_invoice,S/FRA/2022/1049,22009CA,"",sent,""
1,9209,in_invoice,S/FRA/2022/1068,2022-517,"",sent,""
1,9211,in_invoice,S/FRA/2022/1047,A00002,"",sent,""
1,9213,in_invoice,S/FRA/2023/0004,FV21371,FV21371: FV21371,sent,""
1,9214,in_invoice,S/FRA/2022/1046,22229,"",sent,""
1,9215,in_invoice,S/FRA/2022/1045,08/2022,"",sent,""
1,9216,in_invoice,S/FRA/2022/1044,009/2022,"",sent,""
1,9220,in_invoice,S/FRA/2022/1010,AF/1388/02,"",sent,""
1,9221,in_invoice,S/FRA/2022/1043,IB22-11635,"",sent,""
1,9223,in_invoice,S/FRA/2023/0003,20230006,"",sent,""
1,9225,in_invoice,S/FRA/2022/1042,221367,"",sent,""
1,9226,in_invoice,S/FRA/2022/1041,AN254,"",sent,""
1,9227,in_invoice,S/FRA/2022/1040,Sl138,"",sent,""
1,9228,in_invoice,S/FRA/2022/1039,2022/000007,"",sent,""
1,9229,in_invoice,S/FRA/2023/0002,P01/2023,"",sent,""
1,9230,in_invoice,S/FRA/2022/1038,2022-279,"",sent,""
1,25743,in_invoice,S/FRA/2025/0592,CF/0000040578-2025,"",sent,""
1,26469,in_invoice,/,251019,"",not_sent,""
1,9232,in_invoice,S/FRA/2022/1036,22/33,"",sent,""
1,9233,in_invoice,S/FRA/2022/1035,22/34,"",sent,""
1,9234,in_invoice,S/FRA/2022/1034,03/2022/11,"",sent,""
1,9235,in_invoice,S/FRA/2022/1033,03/2022/12,"",sent,""
1,9236,in_invoice,S/FRA/2022/1032,FV21172,"",sent,""
1,9237,in_invoice,S/FRA/2022/1031,FV21195,"",sent,""
1,9238,in_invoice,S/FRA/2022/1030,FV21217,"",sent,""
1,9239,in_invoice,S/FRA/2022/1029,FV21238,"",sent,""
1,9240,in_invoice,S/FRA/2022/1028,FV21251,"",sent,""
1,9241,in_invoice,S/FRA/2022/1027,FV21271,"",sent,""
1,9242,in_invoice,S/FRA/2022/1026,FV21288,"",sent,""
1,9243,in_invoice,S/FRA/2022/1025,FV21304,"",sent,""
1,9244,in_invoice,S/FRA/2022/1024,FV21314,"",sent,""
1,9245,in_invoice,S/FRA/2022/1023,66/22,"",sent,""
1,9246,in_invoice,S/FRA/2022/1022,F109-2022,"",sent,""
1,9248,in_invoice,S/FRA/2022/1020,28/2022,"",sent,""
1,9249,in_invoice,S/FRA/2022/1019,29/2022,"",sent,""
1,9257,in_invoice,S/FRA/2022/1012,2022-OV-003,"",sent,""
1,9258,in_invoice,S/FRA/2022/1067,FA 222885,"",sent,""
1,9259,in_invoice,S/FRA/2022/1011,OE/2023/M0145,"",sent,""
1,9260,in_invoice,S/FRA/2022/1066,22-0074,"",sent,""
1,9261,in_invoice,S/FRA/2022/1065,22-0075,"",sent,""
1,9265,in_invoice,S/FRA/2023/0007,FD23-1382,"",sent,""
1,26534,in_invoice,S/FRA/2025/0749,1TSN251000431455,"",not_sent,""
1,9266,in_invoice,S/FRA/2022/1064,FD22-64019,"",sent,""
1,9267,in_invoice,S/FRA/2022/1063,FD22-66099,"",sent,""
1,9268,in_invoice,S/FRA/2023/0006,FD23-510,"",sent,""
1,9269,in_invoice,S/FRA/2022/1062,FD22-61450,"",sent,""
1,9270,in_invoice,S/FRA/2022/1061,FD22-64542,"",sent,""
1,9271,in_invoice,S/FRA/2022/1060,FD22-59291,"",sent,""
1,9273,in_invoice,S/FRA/2023/0005,A230000003,"",sent,""
1,9279,in_invoice,S/FRA/2022/1058,204/2022,"",sent,""
1,9280,in_invoice,S/FRA/2022/1059,OO/2022/013,"",sent,""
1,9286,in_invoice,S/FRA/2022/1129,4200138070,"",sent,""
1,9289,in_invoice,S/FRA/2022/1127,FO2/1905,"",sent,""
1,9290,in_invoice,S/FRA/2022/1096,A-1304,"",sent,""
1,9291,in_invoice,S/FRA/2022/1095,353,"",sent,""
1,9292,in_invoice,S/FRA/2022/1094,354,"",sent,""
1,9293,in_invoice,S/FRA/2022/1126,377,"",sent,""
1,9294,in_invoice,S/FRA/2022/1125,378,"",sent,""
1,9295,in_invoice,S/FRA/2022/1124,FO2/2115,"",sent,""
1,9296,in_invoice,S/FRA/2022/1123,000D001266,"",sent,""
1,9297,in_invoice,S/FRA/2022/1122,000D001265,"",sent,""
1,9298,in_invoice,S/FRA/2022/1121,000G001700,"",sent,""
1,9299,in_invoice,S/FRA/2022/1120,00006773,"",sent,""
1,9300,in_invoice,S/FRA/2022/1119,22/799,"",sent,""
1,9301,in_invoice,S/FRA/2022/1118,22/800,"",sent,""
1,9302,in_invoice,S/FRA/2022/1093,22/801,"",sent,""
1,9303,in_invoice,S/FRA/2022/1117,22/802,"",sent,""
1,9304,in_invoice,S/FRA/2022/1092,389,"",sent,""
1,9305,in_invoice,S/FRA/2022/1091,388,"",sent_modified,""
1,9306,in_invoice,S/FRA/2022/1090,4.633/F,"",sent_modified,""
1,9307,in_invoice,S/FRA/2022/1089,FA-222642,"",sent,""
1,9308,in_invoice,S/FRA/2022/1116,A000031625,"",sent,""
1,9309,in_invoice,S/FRA/2022/1115,VF22-12-0089,"",sent,""
1,9310,in_invoice,S/FRA/2022/1114,2022 A 0000244,"",sent,""
1,9311,in_invoice,S/FRA/2022/1113,001640,"",sent,""
1,9312,in_invoice,S/FRA/2023/0008,A-11,"",sent,""
1,9313,in_invoice,S/FRA/2022/1112,22/896,"",sent,""
1,9314,in_invoice,S/FRA/2022/1111,22/895,"",sent,""
1,9315,in_invoice,S/FRA/2022/1110,22/897,"",sent,""
1,9316,in_invoice,S/FRA/2022/1109,22/898,"",sent,""
1,9317,in_invoice,S/FRA/2022/1088,22/899,"",sent,""
1,9318,in_invoice,S/FRA/2022/1108,22/900,"",sent,""
1,9319,in_invoice,S/FRA/2022/1107,FO2/2273,"",sent,""
1,9320,in_invoice,S/FRA/2022/1106,000D001363,"",sent,""
1,9321,in_invoice,S/FRA/2022/1105,FRO20230008911,"",sent,""
1,9323,in_invoice,S/FRA/2022/1086,5.104,"",sent,""
1,9324,in_invoice,S/FRA/2022/1085,450,"",sent,""
1,9325,in_invoice,S/FRA/2022/1084,451,"",sent_modified,""
1,9327,in_invoice,S/FRA/2022/1082,A000031661,"",sent_modified,""
1,9328,in_invoice,S/FRA/2022/1104,2022-571,"",sent,""
1,20290,in_invoice,S/FRA/2024/0600,AL 24000349,"",sent,""
1,9330,in_invoice,S/FRA/2023/0010,84/EST,"",sent,""
1,9464,in_invoice,S/FRA/2023/0051,3-23,"",sent,""
1,9465,in_invoice,S/FRA/2023/0028,1,"",sent,""
1,9466,in_invoice,S/FRA/2023/0029,UN-15/23,"",sent,""
1,9467,in_invoice,S/FRA/2023/0024,03/2023/01,"",sent,""
1,9468,in_invoice,S/FRA/2023/0012,2022000681,"",sent,""
1,9479,in_invoice,S/FRA/2023/0042,734,"",sent,""
1,20291,in_invoice,S/FRA/2024/0601,AL 24000438,"",sent,""
1,20813,in_invoice,S/FRA/2024/0757,018-0011-R676393,FEDERICA,sent,""
1,20292,in_invoice,S/FRA/2024/0616,AL 24000526,"",sent,""
1,23263,in_invoice,S/FRA/2025/0087,A-V2025-00000216020,"",sent,""
1,21676,in_invoice,S/FRA/2024/0906,181B/2024,"",sent,""
1,9488,in_invoice,S/FRA/2023/0025,123000207,"",sent,""
1,9489,in_invoice,S/FRA/2023/0033,2022-032,"",sent,""
1,9493,in_invoice,S/FRA/2023/0014,Z-05,"",sent,""
1,9495,in_invoice,S/FRA/2023/0021,05/2023,"",sent,""
1,9496,in_invoice,S/FRA/2023/0022,02/2023,"",sent,""
1,9497,in_invoice,S/FRA/2023/0019,01/2023,"",sent,""
1,9498,in_invoice,S/FRA/2023/0017,03/2023,"",sent,""
1,9499,in_invoice,S/FRA/2023/0016,04/2023,"",sent,""
1,9500,in_invoice,S/FRA/2023/0018,08/2023,"",sent,""
1,9501,in_invoice,S/FRA/2023/0020,09/2023,"",sent,""
1,9502,in_invoice,S/FRA/2023/0013,02/2023,"",sent,""
1,9503,in_invoice,S/FRA/2023/0054,INV-063471,"",sent_modified,""
1,9504,in_invoice,S/FRA/2023/0015,12/EL,"",sent,""
1,9507,in_invoice,S/FRA/2023/0032,A/23-0008,"",sent,""
1,9516,in_invoice,S/FRA/2023/0052,FV21393,FV21393,sent,""
1,10371,in_invoice,S/FRA/2023/0084,FA 230106,"",sent,""
1,10372,in_invoice,S/FRA/2023/0085,03/2023/02,"",sent,""
1,10373,in_invoice,S/FRA/2023/0126,178/F,"",sent,""
1,10374,in_invoice,S/FRA/2023/0089,A-162,"",sent,""
1,10375,in_invoice,S/FRA/2023/0097,FO3/149,"",sent,""
1,10376,in_invoice,S/FRA/2023/0125,000D001504,"",sent,""
1,10377,in_invoice,S/FRA/2023/0124,000D001502,"",sent,""
1,10379,in_invoice,S/FRA/2023/0096,VF23-01-0328,"",sent,""
1,10380,in_invoice,S/FRA/2023/0088,23/16,"",sent,""
1,10381,in_invoice,S/FRA/2023/0086,23/63,"",sent,""
1,10382,in_invoice,S/FRA/2023/0087,23/17,"",sent,""
1,10383,in_invoice,S/FRA/2023/0030,FA22/570,"",sent,""
1,10550,in_invoice,S/FRA/2023/0082,330001020230112000201,"",sent,""
1,10552,in_invoice,S/FRA/2023/0093,A2300440,"",sent,""
1,10572,in_invoice,S/FRA/2023/0062,23-0003,"",sent,""
1,10577,in_invoice,S/FRA/2023/0067,OVIE-230001,"",sent,""
1,10589,in_invoice,S/FRA/2023/0058,19,"",sent,""
1,10590,in_invoice,S/FRA/2023/0057,18,"",sent,""
1,10591,in_invoice,S/FRA/2023/0060,426,"",sent,""
1,10592,in_invoice,S/FRA/2023/0068,ACT-3530,"",sent,""
1,10593,in_invoice,S/FRA/2023/0059,1/01,"",sent,""
1,10595,in_invoice,S/FRA/2023/0069,1/1,"",sent,""
1,10596,in_invoice,S/FRA/2023/0064,001/2023,"",sent,""
1,10597,in_invoice,S/FRA/2023/0066,1/2023,"",sent,""
1,10598,in_invoice,S/FRA/2023/0079,23234,"",sent,""
1,10599,in_invoice,S/FRA/2023/0122,145640,"",sent,""
1,10600,in_invoice,S/FRA/2023/0083,D23 040,"",sent,""
1,10601,in_invoice,S/FRA/2023/0063,03/2023,"",sent,""
1,10602,in_invoice,S/FRA/2023/0061,LD 03/22,"",sent,""
1,10603,in_invoice,S/FRA/2023/0065,2023-002,"",sent,""
1,10605,in_invoice,S/FRA/2023/0095,VF23-02-0116,"",sent,""
1,10607,in_invoice,S/FRA/2023/0080,F010-2023,"",sent,""
1,10608,in_invoice,S/FRA/2023/0081,AN263,"",sent,""
1,10609,in_invoice,S/FRA/2023/0120,145771,"",sent,""
1,10610,in_invoice,S/FRA/2023/0070,AF/1511/01,"",sent_modified,""
1,10612,in_invoice,S/FRA/2023/0071,AF/1749/01,"",sent,""
1,10613,in_invoice,S/FRA/2023/0072,AF/1750/01,"",sent,""
1,10614,in_invoice,S/FRA/2023/0073,AF/1751/01,"",sent,""
1,10620,in_invoice,S/FRA/2023/0119,000G001985,"",sent,""
1,10621,in_invoice,S/FRA/2023/0076,000027,"",sent,""
1,10622,in_invoice,S/FRA/2023/0074,000028,"",sent,""
1,10623,in_invoice,S/FRA/2023/0075,000029,"",sent,""
1,10624,in_invoice,S/FRA/2023/0094,LD 01/23,"",sent,""
1,10625,in_invoice,S/FRA/2023/0118,001063,"",sent,""
1,10626,in_invoice,S/FRA/2023/0117,2/2023,"",sent_modified,""
1,10627,in_invoice,S/FRA/2023/0077,18742301P0005669,"",sent,""
1,10630,in_invoice,S/FRA/2023/0078,FD23-3182,"",sent,""
1,10631,in_invoice,S/FRA/2023/0116,E230022678,"",sent,""
1,10632,in_invoice,S/FRA/2023/0115,D220058225,"",sent,""
1,19538,in_invoice,S/FRA/2024/0461,2024,"",sent,""
1,10634,in_invoice,S/FRA/2023/0113,1NSN230100323829,"",sent,""
1,23433,in_invoice,S/FRA/2025/0186,GASTOS SUPLIDOS,"",sent,""
1,23261,in_invoice,S/FRA/2025/0089,20250009,"",sent,""
1,10640,in_invoice,S/FRA/2023/0108,312-KF22-16784,"",sent,""
1,10641,in_invoice,S/FRA/2023/0107,312-KF23-431,"",sent,""
1,10642,in_invoice,S/FRA/2023/0106,312-KF23-1768,"",sent,""
1,10645,in_invoice,S/FRA/2023/0105,A10017525741-1222,"",sent,""
1,10646,in_invoice,S/FRA/2023/0104,A10017565734-1222,"",sent,""
1,10647,in_invoice,S/FRA/2023/0103,A10017603114-0123,"",sent,""
1,20293,in_invoice,S/FRA/2024/0596,AL 24000638,"",sent,""
1,10649,in_invoice,S/FRA/2023/0101,A10017681098-0223,"",sent,""
1,10650,in_invoice,S/FRA/2023/0100,A10017719737-0223,"",sent,""
1,10651,in_invoice,S/FRA/2023/0099,02/2023,"",sent,""
1,10652,in_invoice,S/FRA/2023/0092,02/2023,"",sent,""
1,10653,in_invoice,S/FRA/2023/0091,01/2023,"",sent,""
1,10654,in_invoice,S/FRA/2023/0090,2023000050,"",sent,""
1,10655,in_invoice,S/FRA/2023/0098,FD23-7435,"",sent,""
1,10658,in_invoice,S/FRA/2023/0181,F23-008774,"",sent_modified,""
1,10659,in_invoice,S/FRA/2023/0168,9,"",sent_modified,""
1,10660,in_invoice,S/FRA/2023/0130,01/2023,"",sent_modified,""
1,10661,in_invoice,S/FRA/2023/0129,1 000117,"",sent,""
1,10662,in_invoice,S/FRA/2023/0131,0001,"",sent,""
1,10664,in_invoice,S/FRA/2023/0128,0002/2023,"",sent,""
1,10665,in_invoice,S/FRA/2023/0127,AF/1756/02,"",sent,""
1,10879,in_invoice,S/FRA/2023/0141,FRO20230219946,"",sent,""
1,10939,in_invoice,S/FRA/2023/0153,2023 A 0000027,"",sent,""
1,10942,in_invoice,S/FRA/2023/0161,23003814,"",sent,""
1,11089,in_invoice,S/FRA/2023/0156,5860,"",sent,""
1,11090,in_invoice,S/FRA/2023/0170,A/22-0223,"",sent,""
1,11091,in_invoice,S/FRA/2023/0171,A/22-0233,"",sent,""
1,11093,in_invoice,S/FRA/2023/0155,123000544,"",sent,""
1,11094,in_invoice,S/FRA/2023/0167,UN-35/23,"",sent,""
1,11095,in_invoice,S/FRA/2023/0162,11,"",sent,""
1,11097,in_invoice,S/FRA/2023/0138,CIND/65012,"",sent,""
1,11099,in_invoice,S/FRA/2023/0256,T000102-4607,"",sent,""
1,11101,in_invoice,S/FRA/2023/0281,V2022034700900024803,"",sent,""
1,11102,in_invoice,S/FRA/2023/0282,34121/3,"",sent,""
1,11103,in_invoice,S/FRA/2023/0280,000114,"",sent,""
1,11104,in_invoice,S/FRA/2023/0179,20220423,"",sent,""
1,11105,in_invoice,S/FRA/2023/0140,176,"",sent,""
1,11106,in_invoice,S/FRA/2023/0144,2022/00200/00000339,"",sent,""
1,11107,in_invoice,S/FRA/2023/0150,09412001005,"",sent,""
1,11108,in_invoice,S/FRA/2023/0152,09412001070,"",sent,""
1,11109,in_invoice,S/FRA/2023/0159,112,"",sent,""
1,11110,in_invoice,S/FRA/2023/0166,95-198974,"",sent,""
1,11111,in_invoice,S/FRA/2023/0164,95-198976,"",sent,""
1,11112,in_invoice,S/FRA/2023/0175,7249775-A-3076,"",sent,""
1,11113,in_invoice,S/FRA/2023/0165,95-198973,"",sent,""
1,11114,in_invoice,S/FRA/2023/0274,22V80450100024176,"",sent,""
1,11115,in_invoice,S/FRA/2023/0169,4,"",sent,""
1,11116,in_invoice,S/FRA/2023/0172,2023-37,"",sent,""
1,11117,in_invoice,S/FRA/2023/0136,2,"",sent,""
1,11118,in_invoice,S/FRA/2023/0154,4/2023,"",sent,""
1,11122,in_invoice,S/FRA/2023/0163,15,"",sent,""
1,11123,in_invoice,S/FRA/2023/0160,127,"",sent,""
1,11124,in_invoice,S/FRA/2023/0173,274256,"",sent,""
1,11125,in_invoice,S/FRA/2023/0177,T/3394,"",sent,""
1,11132,in_invoice,S/FRA/2023/0137,040/305945,"",sent,""
1,11133,in_invoice,S/FRA/2023/0139,217,"",sent,""
1,11134,in_invoice,S/FRA/2023/0142,A/2737/2022,"",sent,""
1,11135,in_invoice,S/FRA/2023/0143,2022/00200/00000426,"",sent,""
1,11136,in_invoice,S/FRA/2023/0147,1 22 0005 0003818713,"",sent,""
1,11137,in_invoice,S/FRA/2023/0148,1 22 0005 0003831768,"",sent,""
1,11138,in_invoice,S/FRA/2023/0178,OVIE-230022,"",sent,""
1,11139,in_invoice,S/FRA/2023/0174,230117,"",sent_w_errors,2024 | El valor de ImporteTotal no coincide con el sumatorio de Bas
1,11140,in_invoice,S/FRA/2023/0149,1 22 0005 0003676766,"",sent,""
1,11141,in_invoice,S/FRA/2023/0145,1 22 0005 0003677013,"",sent,""
1,11143,in_invoice,S/FRA/2022/1131,0070/01/2022/0000089,"",sent,""
1,11144,in_invoice,S/FRA/2022/1132,0070/01/2022/0000088,"",sent,""
1,11145,in_invoice,S/FRA/2022/1133,09422007721,"",sent,""
1,11146,in_invoice,S/FRA/2022/1134,2022018823,"",sent,""
1,11147,in_invoice,S/FRA/2022/1135,A-V2022-00004701585,"",sent,""
1,11148,in_invoice,S/FRA/2023/0192,A-V2022-00004597862,"",sent,""
1,11149,in_invoice,S/FRA/2023/0254,3433-016-386286,"",sent,""
1,11150,in_invoice,S/FRA/2023/0191,138,"",sent,""
1,11151,in_invoice,S/FRA/2023/0194,38/22,"",sent,""
1,11152,in_invoice,S/FRA/2023/0196,95-200540,"",sent_modified,""
1,11153,in_invoice,S/FRA/2023/0195,95-200448,"",sent,""
1,11154,in_invoice,S/FRA/2023/0193,7249775-A-3182,"",sent,""
1,11155,in_invoice,S/FRA/2023/0252,000546,"",sent,""
1,11156,in_invoice,S/FRA/2023/0264,0187-01-22154484,"",sent,""
1,11157,in_invoice,S/FRA/2023/0253,T000102-15816,"",sent,""
1,11158,in_invoice,S/FRA/2023/0189,AST/DUP/209,"",sent,""
1,11159,in_invoice,S/FRA/2023/0190,1 000581,"",sent,""
1,11160,in_invoice,S/FRA/2023/0278,00 060521,"",sent,""
1,11161,in_invoice,S/FRA/2023/0261,132078,"",sent,""
1,11162,in_invoice,S/FRA/2023/0262,00818675,"",sent,""
1,11163,in_invoice,S/FRA/2023/0263,D-044392,"",sent,""
1,11164,in_invoice,S/FRA/2023/0260,000087,"",sent,""
1,11165,in_invoice,S/FRA/2023/0259,4480 017 288296,"",sent,""
1,11166,in_invoice,S/FRA/2023/0257,4480-014-157441,"",sent,""
1,11167,in_invoice,S/FRA/2023/0258,4480-016-095590,"",sent,""
1,11168,in_invoice,S/FRA/2023/0255,4480-017-286199,"",sent,""
1,11169,in_invoice,S/FRA/2023/0286,4480-014-155957,"",sent,""
1,11171,in_invoice,S/FRA/2023/0176,FV21413,FV21413,sent,""
1,23779,in_invoice,S/FRA/2025/0264,4004253302,"",sent,""
1,11261,in_invoice,S/FRA/2023/0202,FRO20230459424,"",sent,""
1,11262,in_invoice,S/FRA/2023/0198,23-0005,"",sent,""
1,11263,in_invoice,S/FRA/2023/0226,591/F,"",sent,""
1,11264,in_invoice,S/FRA/2023/0188,1/190315,NEXT,sent_modified,""
1,11265,in_invoice,S/FRA/2023/0187,F230048108,"",sent,""
1,11266,in_invoice,S/FRA/2023/0185,03/2023/03,"",sent,""
1,11267,in_invoice,S/FRA/2023/0232,000G002191,"",sent,""
1,23269,in_invoice,S/FRA/2025/0083,029,"",sent,""
1,11270,in_invoice,S/FRA/2023/0209,23/74,"",sent,""
1,11271,in_invoice,S/FRA/2023/0212,A2301058,"",sent,""
1,11272,in_invoice,S/FRA/2023/0197,0337/23,"",sent,""
1,11273,in_invoice,S/FRA/2023/0213,VF23-03-0095,"",sent,""
1,11364,in_invoice,S/FRA/2023/0208,E003/2022,"",sent,""
1,11365,in_invoice,S/FRA/2023/0211,2023000169,"",sent,""
1,11367,in_invoice,S/FRA/2023/0222,UN-56/23,"",sent,""
1,11368,in_invoice,S/FRA/2023/0223,A000031992,"",sent,""
1,11369,in_invoice,S/FRA/2023/0199,209/23,"",sent,""
1,11371,in_invoice,S/FRA/2023/0228,COF220000001987,"",sent,""
1,11372,in_invoice,S/FRA/2023/0231,1/22,"",sent,""
1,11373,in_invoice,S/FRA/2023/0206,09422008513,"",sent,""
1,11374,in_invoice,S/FRA/2023/0216,141,"",sent,""
1,11375,in_invoice,S/FRA/2023/0224,A/000092/22,"",sent,""
1,11376,in_invoice,S/FRA/2023/0251,05-12-2022,"",sent,""
1,11377,in_invoice,S/FRA/2023/0201,238,"",sent,""
1,11378,in_invoice,S/FRA/2023/0219,95-201952,"",sent,""
1,11379,in_invoice,S/FRA/2023/0205,0070/01/2022/0000093,"",sent,""
1,11380,in_invoice,S/FRA/2023/0269,29683,"",sent,""
1,11381,in_invoice,S/FRA/2023/0229,20220609,"",sent,""
1,11384,in_invoice,S/FRA/2023/0214,2022/015200/00000031,"",sent,""
1,11385,in_invoice,S/FRA/2023/0265,T000102-18013,"",sent,""
1,11386,in_invoice,S/FRA/2023/0266,132838,"",sent,""
1,11388,in_invoice,S/FRA/2023/0250,4480-015-014092,"",sent,""
1,11389,in_invoice,S/FRA/2023/0276,0187-02-22107727,"",sent,""
1,11390,in_invoice,S/FRA/2023/0268,T000103-20326,"",sent,""
1,11391,in_invoice,S/FRA/2023/0210,A-295,"",sent,""
1,11392,in_invoice,S/FRA/2023/0218,95-203605,"",sent,""
1,11393,in_invoice,S/FRA/2023/0217,95-203464,"",sent,""
1,11394,in_invoice,S/FRA/2023/0230,20230026,"",sent,""
1,11395,in_invoice,S/FRA/2023/0285,31488,"",sent,""
1,11396,in_invoice,S/FRA/2023/0283,000483,"",sent,""
1,11398,in_invoice,S/FRA/2023/0279,T000103-28726,"",sent,""
1,11399,in_invoice,S/FRA/2023/0203,A/2789/2023,"",sent,""
1,11400,in_invoice,S/FRA/2023/0284,0187-02-23007542,"",sent,""
1,11401,in_invoice,S/FRA/2023/0225,A/000095/23,"",sent,""
1,11402,in_invoice,S/FRA/2023/0221,95-203707,"",sent,""
1,11403,in_invoice,S/FRA/2023/0200,022,"",sent,""
1,11404,in_invoice,S/FRA/2023/0220,95-203733,"",sent,""
1,11405,in_invoice,S/FRA/2023/0272,A-V2023-00000262812,"",sent,""
1,11406,in_invoice,S/FRA/2023/0271,FVP0152115,"",sent,""
1,11407,in_invoice,S/FRA/2023/0207,09423001007,"",sent,""
1,11408,in_invoice,S/FRA/2023/0237,23242,"",sent,""
1,11409,in_invoice,S/FRA/2023/0215,0001/2023,"",sent,""
1,11410,in_invoice,S/FRA/2023/0275,AJ-29,"",sent,""
1,11411,in_invoice,S/FRA/2023/0273,N4687132221113000398,"",sent,""
1,26928,in_invoice,/,"","",not_sent,""
1,11418,in_invoice,S/FRA/2023/0242,008/1280,"",sent_modified,""
1,11419,in_invoice,S/FRA/2023/0243,94432623,"",sent,""
1,11420,in_invoice,S/FRA/2023/0246,TB-2023-F 2,"",sent,""
1,11421,in_invoice,S/FRA/2023/0245,TB-2023-F 10,"",sent,""
1,11429,in_invoice,S/FRA/2023/0375,18742201P0182978,"",sent,""
1,11430,in_invoice,S/FRA/2023/0241,2/2023,NEXT,sent,""
1,9038,in_invoice,S/FRA/2022/1077,F595452,"",sent,""
1,11455,in_invoice,S/FRA/2023/0377,18742201P0262147,"",sent,""
1,26930,in_invoice,/,"","",not_sent,""
1,26931,in_invoice,/,"","",not_sent,""
1,11456,in_invoice,S/FRA/2023/0376,18742201P0314329,"",sent,""
1,11462,in_invoice,S/FRA/2023/0239,82/EST,"",sent,""
1,23199,in_invoice,S/FRA/2025/0107,AL 25000113,"",sent,""
1,11469,in_invoice,S/FRA/2023/0234,T/498/2023,"",sent,""
1,26932,in_invoice,/,"","",not_sent,""
1,11470,in_invoice,S/FRA/2023/0238,FA 222313,"",sent,""
1,11471,in_invoice,S/FRA/2023/0240,290,"",sent_modified,""
1,11472,in_invoice,S/FRA/2023/0244,44.492,"",sent,""
1,11473,in_invoice,S/FRA/2023/0303,2023-62,"",sent,""
1,26933,in_invoice,/,"","",not_sent,""
1,11475,in_invoice,S/FRA/2023/0291,18742301P0070172,"",sent,""
1,11476,in_invoice,S/FRA/2023/0292,23/129,"",sent,""
1,11477,in_invoice,S/FRA/2023/0300,23/130,"",sent,""
1,11478,in_invoice,S/FRA/2023/0301,23/131,"",sent,""
1,11479,in_invoice,S/FRA/2023/0308,22/280,"",sent,""
1,11482,in_invoice,S/FRA/2023/0296,23/18,"",sent,""
1,11484,in_invoice,S/FRA/2023/0247,B00052823,"",sent,""
1,11563,in_invoice,S/FRA/2023/0309,FRO20230695372,"",sent,""
1,11564,in_invoice,S/FRA/2023/0311,FM23-522,"",sent,""
1,11565,in_invoice,S/FRA/2023/0314,1073/F,"",sent,""
1,11566,in_invoice,S/FRA/2023/0313,FA 230607,"",sent,""
1,11567,in_invoice,S/FRA/2023/0290,A-465,"",sent,""
1,11568,in_invoice,S/FRA/2023/0305,A2301844,"",sent,""
1,11569,in_invoice,S/FRA/2023/0304,000D001962,"",sent,""
1,11570,in_invoice,S/FRA/2023/0295,000G002475,"",sent,""
1,11571,in_invoice,S/FRA/2023/0294,000G002474,"",sent,""
1,11572,in_invoice,S/FRA/2023/0289,000D001961,"",sent,""
1,11573,in_invoice,S/FRA/2023/0288,F20230389,"",sent,""
1,11574,in_invoice,S/FRA/2023/0312,360-2023,"",sent,""
1,11575,in_invoice,S/FRA/2023/0293,VF23-04-0102,"",sent,""
1,11576,in_invoice,S/FRA/2023/0287,03/2023/04,"",sent,""
1,11577,in_invoice,S/FRA/2023/0315,A21056,"",sent,""
1,26934,in_invoice,/,"","",not_sent,""
1,11578,in_invoice,S/FRA/2023/0310,09423002195,"",sent,""
1,11582,in_invoice,S/FRA/2023/0302,A10017796554-0323,"",sent,""
1,11583,in_invoice,S/FRA/2023/0298,A10017757548-0323,"",sent,""
1,11584,in_invoice,S/FRA/2023/0299,312-KF23-3161,"",sent,""
1,11585,in_invoice,S/FRA/2023/0297,A10017866353-0423,"",sent,""
1,11586,in_invoice,S/FRA/2023/0307,A10017871023-0423,"",sent,""
1,11587,in_invoice,S/FRA/2023/0306,312-KF23-4573,"",sent,""
1,11594,in_invoice,S/FRA/2023/0316,OO/2023/001,"",sent,""
1,11595,in_invoice,S/FRA/2023/0317,OO/2023/002,"",sent,""
1,11597,in_invoice,S/FRA/2023/0318,OO/2023/003,"",sent,""
1,11599,in_invoice,S/FRA/2023/0319,OO/2023/004,"",sent,""
1,11601,in_invoice,S/FRA/2023/0320,018/2023,"",sent,""
1,11602,in_invoice,S/FRA/2023/0321,041/2023,"",sent,""
1,11603,in_invoice,S/FRA/2023/0322,078/2023,"",sent,""
1,11608,in_invoice,S/FRA/2023/0325,3/23,"",sent,""
1,11609,in_invoice,S/FRA/2023/0324,1490326,"",sent,""
1,11610,in_invoice,S/FRA/2023/0323,00003857,"",sent,""
1,11613,in_invoice,S/FRA/2023/0326,1180173215,NEXT,sent,""
1,11614,in_invoice,S/FRA/2023/0327,1180173216,NEXT,sent,""
1,11632,in_invoice,S/FRA/2023/0328,1230259746,"",sent,""
1,11633,in_invoice,S/FRA/2023/0329,1230259747,"",sent_modified,""
1,11634,in_invoice,S/FRA/2023/0330,1230259748,"",sent,""
1,11635,in_invoice,S/FRA/2023/0335,23.040.005,"",sent,""
1,24417,in_invoice,S/FRA/2025/0327,000D009013,"",sent,""
1,24124,in_invoice,S/FRA/2025/0292,21250127010429611,"",sent,""
1,11638,in_invoice,S/FRA/2023/0338,FD23-5200,"",sent,""
1,11641,in_invoice,S/FRA/2023/0349,A/23-0084,"",sent,""
1,11642,in_invoice,S/FRA/2023/0332,FRO20230881222,"",sent,""
1,11643,in_invoice,S/FRA/2023/0336,7/2023,"",sent,""
1,11644,in_invoice,S/FRA/2023/0337,FM23-783,"",sent,""
1,11645,in_invoice,S/FRA/2023/0345,500-2023,"",sent,""
1,11646,in_invoice,S/FRA/2023/0350,1.731/F,"",sent,""
1,11647,in_invoice,S/FRA/2023/0343,A-604,"",sent,""
1,11648,in_invoice,S/FRA/2023/0342,03/2023/05,"",sent,""
1,11649,in_invoice,S/FRA/2023/0344,A2302543,"",sent,""
1,11651,in_invoice,S/FRA/2023/0348,05/23,"",sent,""
1,11652,in_invoice,S/FRA/2023/0347,23-0008,"",sent,""
1,11653,in_invoice,S/FRA/2023/0379,18742301P0105327,"",sent,""
1,24130,in_invoice,S/FRA/2025/0286,21250320010331963,"",sent,""
1,11655,in_invoice,S/FRA/2023/0352,000D002164,"",sent,""
1,11656,in_invoice,S/FRA/2023/0351,000G002728,"",sent,""
1,11657,in_invoice,S/FRA/2023/0346,VF23-05-0112,"",sent,""
1,11658,in_invoice,S/FRA/2023/0341,0117/23,"",sent,""
1,24865,in_invoice,S/FRA/2025/0406,J252066337,"",sent,""
1,11660,in_invoice,S/FRA/2023/0378,18742301P0051570,"",sent,""
1,11661,in_invoice,S/FRA/2023/0353,OO/2023/005,"",sent,""
1,11663,in_invoice,S/FRA/2023/0354,101/2023,"",sent,""
1,11666,in_invoice,S/FRA/2023/0357,330001020230519000121,"",sent,""
1,21066,in_invoice,S/FRA/2024/0790,ES459WYABEY,"",sent,""
1,11668,in_invoice,S/FRA/2023/0356,AL 23000375,"",sent,""
1,11673,in_invoice,S/FRA/2023/0355,23-0009,"",sent,""
1,24541,in_invoice,S/FRA/2025/0372,21250527010372431,"",sent,""
1,11676,in_invoice,S/FRA/2023/0359,A-753,"",sent,""
1,11677,in_invoice,S/FRA/2023/0360,2.246/F,"",sent,""
1,11678,in_invoice,S/FRA/2023/0362,VF23-06-0111,"",sent,""
1,11682,in_invoice,S/FRA/2023/0363,FRO20231093675,"",sent,""
1,11685,in_invoice,S/FRA/2023/0364,Q230039568,"",sent,""
1,11686,in_invoice,S/FRA/2023/0365,A2303330,"",sent,""
1,11687,in_invoice,S/FRA/2023/0366,03/2023/06,"",sent,""
1,20294,in_invoice,S/FRA/2024/0614,AL 24000715,"",sent,""
1,11691,in_invoice,S/FRA/2023/0361,FM23-1045,"",sent,""
1,11692,in_invoice,S/FRA/2023/0369,713-2023,"",sent,""
1,11693,in_invoice,S/FRA/2023/0370,23/264,"",sent,""
1,11694,in_invoice,S/FRA/2023/0371,23/261,"",sent,""
1,11695,in_invoice,S/FRA/2023/0372,23/262,"",sent,""
1,11696,in_invoice,S/FRA/2023/0373,23/263,"",sent,""
1,12239,in_invoice,S/FRA/2023/0374,10/2023,"",sent,""
1,12250,in_invoice,S/FRA/2023/0380,1/2023,"",sent,""
1,12251,in_invoice,S/FRA/2023/0411,2023000514,"",sent,""
1,12252,in_invoice,S/FRA/2023/0383,112/2023,"",sent,""
1,12253,in_invoice,S/FRA/2023/0384,OO/2023/006,"",sent,""
1,12255,in_invoice,S/FRA/2023/0408,T/1065/2023,"",sent,""
1,24418,in_invoice,S/FRA/2025/0326,000G009143,"",sent,""
1,12256,in_invoice,S/FRA/2023/0407,A2303808,"",sent,""
1,12258,in_invoice,S/FRA/2023/0406,23-0013,"",sent,""
1,12265,in_invoice,S/FRA/2023/0405,VF23-07-0084,"",not_sent,3000 | Factura duplicada
1,12266,in_invoice,S/FRA/2023/0404,03/2023/07,"",not_sent,3000 | Factura duplicada
1,12267,in_invoice,S/FRA/2023/0416,B00052930,"",not_sent,3000 | Factura duplicada
1,12268,in_invoice,S/FRA/2023/0410,1129,"",sent,""
1,12269,in_invoice,S/FRA/2023/0403,23/234,"",not_sent,3000 | Factura duplicada
1,12271,in_invoice,S/FRA/2023/0401,263,"",sent_w_errors,2024 | El valor de ImporteTotal no coincide con el sumatorio de Bas
1,12272,in_invoice,S/FRA/2023/0386,OO/2023/007,"",sent,""
1,12274,in_invoice,S/FRA/2023/0387,22M-2023,"",sent,""
1,12275,in_invoice,S/FRA/2023/0409,30/23,"",sent,""
1,24291,in_invoice,S/FRA/2025/0367,TB-2025-F 42,"",sent,""
1,12277,in_invoice,S/FRA/2023/0399,000G003309,"",sent,""
1,12278,in_invoice,S/FRA/2023/0455,23257,"",not_sent,3000 | Factura duplicada
1,12279,in_invoice,S/FRA/2023/0398,3/2023,NEXT,sent,""
1,26939,in_invoice,/,"","",not_sent,""
1,12280,in_invoice,S/FRA/2023/0397,A-898,"",sent,""
1,12281,in_invoice,S/FRA/2023/0396,23/333,"",sent,""
1,12282,in_invoice,S/FRA/2023/0395,23/334,"",sent,""
1,12283,in_invoice,S/FRA/2023/0394,23/335,"",sent,""
1,12284,in_invoice,S/FRA/2023/0393,23/336,"",sent,""
1,12285,in_invoice,S/FRA/2023/0392,FRO20231302969,"",sent,""
1,12286,in_invoice,S/FRA/2023/0391,A2304076,"",sent,""
1,12287,in_invoice,S/FRA/2023/0390,FM23-1313,"",sent,""
1,12288,in_invoice,S/FRA/2023/0389,2.571/F,"",sent,""
1,12289,in_invoice,S/FRA/2023/0388,2023-140,"",sent,""
1,12290,in_invoice,S/FRA/2023/0454,M230000226,"",not_sent,3000 | Factura duplicada
1,12292,in_invoice,S/FRA/2023/0453,A230013025,"",not_sent,3000 | Factura duplicada
1,12293,in_invoice,S/FRA/2023/0452,Y230094546,"",not_sent,3000 | Factura duplicada
1,12294,in_invoice,S/FRA/2023/0412,128/2023,"",sent,""
1,12295,in_invoice,S/FRA/2023/0451,J230046313,"",not_sent,3000 | Factura duplicada
1,12296,in_invoice,S/FRA/2023/0450,A10017910806-0523,"",not_sent,3000 | Factura duplicada
1,12297,in_invoice,S/FRA/2023/0449,312-KF23-5738,"",not_sent,3000 | Factura duplicada
1,12298,in_invoice,S/FRA/2023/0448,A10017949120-0523,"",not_sent,3000 | Factura duplicada
1,12299,in_invoice,S/FRA/2023/0447,A10017985755-0623,"",not_sent,3000 | Factura duplicada
1,12300,in_invoice,S/FRA/2023/0446,312-KF23-7149,"",not_sent,3000 | Factura duplicada
1,12301,in_invoice,S/FRA/2023/0445,A10018025415-0623,"",not_sent,3000 | Factura duplicada
1,12302,in_invoice,S/FRA/2023/0417,114-2023,"",not_sent,3000 | Factura duplicada
1,12304,in_invoice,S/FRA/2023/0418,0/230500,"",not_sent,3000 | Factura duplicada
1,12306,in_invoice,S/FRA/2023/0444,3584,"",not_sent,3000 | Factura duplicada
1,12313,in_invoice,S/FRA/2023/0415,A 20230495,"",not_sent,3000 | Factura duplicada
1,12317,in_invoice,S/FRA/2023/0457,FV21581,NEXT,not_sent,3000 | Factura duplicada
1,12319,in_invoice,S/FRA/2023/0443,1180179606,NEXT,not_sent,3000 | Factura duplicada
1,12320,in_invoice,S/FRA/2023/0442,1574551,"",not_sent,3000 | Factura duplicada
1,12322,in_invoice,S/FRA/2023/0441,23010167,"",not_sent,3000 | Factura duplicada
1,12323,in_invoice,S/FRA/2023/0440,23/393,"",not_sent,3000 | Factura duplicada
1,12324,in_invoice,S/FRA/2023/0456,FV21584,NEXT,not_sent,3000 | Factura duplicada
1,12325,in_invoice,S/FRA/2023/0439,03/2023/08,"",sent,""
1,12326,in_invoice,S/FRA/2023/0413,136/2023,"",not_sent,3000 | Factura duplicada
1,12327,in_invoice,S/FRA/2023/0414,139/2023,NEXT,not_sent,3000 | Factura duplicada
1,12328,in_invoice,S/FRA/2023/0438,A-1036,"",sent,""
1,12329,in_invoice,S/FRA/2023/0437,1TSN230700391738,"",not_sent,1157 | El bloque DesgloseFactura debe tener informado al menos uno 
1,12330,in_invoice,S/FRA/2023/0436,000D002889,"",not_sent,3000 | Factura duplicada
1,12331,in_invoice,S/FRA/2023/0435,000D002890,"",not_sent,3000 | Factura duplicada
1,12332,in_invoice,S/FRA/2023/0434,000G003580,"",not_sent,3000 | Factura duplicada
1,12333,in_invoice,S/FRA/2023/0433,000D002891,"",not_sent,3000 | Factura duplicada
1,12334,in_invoice,S/FRA/2023/0432,FM23-1576,"",not_sent,3000 | Factura duplicada
1,12335,in_invoice,S/FRA/2023/0431,F23-039028,"",not_sent,3000 | Factura duplicada
1,12336,in_invoice,S/FRA/2023/0430,23249,"",sent,""
1,12337,in_invoice,S/FRA/2023/0429,18742301P0175157,"",not_sent,3000 | Factura duplicada
1,12338,in_invoice,S/FRA/2023/0428,FA 231770,"",not_sent,3000 | Factura duplicada
1,12339,in_invoice,S/FRA/2023/0427,330001020230710000273,"",not_sent,3000 | Factura duplicada
1,12340,in_invoice,S/FRA/2023/0426,A2305024,"",not_sent,3000 | Factura duplicada
1,12341,in_invoice,S/FRA/2023/0425,A2305152,"",not_sent,3000 | Factura duplicada
1,26943,in_invoice,/,"","",not_sent,""
1,12343,in_invoice,S/FRA/2023/0424,04/2023,"",not_sent,3000 | Factura duplicada
1,12344,in_invoice,S/FRA/2023/0423,3.147/F,"",not_sent,3000 | Factura duplicada
1,12354,in_invoice,S/FRA/2023/0420,FQ23/044286,"",sent,""
1,12362,in_invoice,S/FRA/2023/0422,VF23-08-0080,"",sent,""
1,12363,in_invoice,S/FRA/2023/0421,2023-197,"",not_sent,3000 | Factura duplicada
1,12367,in_invoice,S/FRA/2023/0463,D23 308,"",sent,""
1,12368,in_invoice,S/FRA/2023/0462,D23 309,"",sent,""
1,12370,in_invoice,S/FRA/2023/0461,FV21589,NEXT,sent,""
1,13182,in_invoice,S/FRA/2023/0460,FV21602,NEXT,sent,""
1,13183,in_invoice,S/FRA/2023/0459,FV21603,NEXT,sent,""
1,13204,in_invoice,S/FRA/2023/0537,A/FA00325,"",sent,""
1,13205,in_invoice,S/FRA/2023/0524,4/2023,NEXT,sent,""
1,13218,in_invoice,S/FRA/2023/0458,2300296,"",sent,""
1,13228,in_invoice,S/FRA/2023/0522,13/2023,"",sent,""
1,24866,in_invoice,S/FRA/2025/0405,J250055189,"",sent,""
1,21033,in_invoice,S/FRA/2024/0764,RS24 1431,"",sent,""
1,19401,in_invoice,S/FRA/2024/0422,ES43J15ABEY,"",sent,""
1,26944,in_invoice,/,"","",not_sent,""
1,13241,in_invoice,S/FRA/2023/0514,169*08/23,"",sent,""
1,13312,in_invoice,S/FRA/2023/0512,23/451,"",sent,""
1,13314,in_invoice,S/FRA/2023/0536,2023-219,"",sent,""
1,13332,in_invoice,S/FRA/2023/0511,000168,"",sent,""
1,26945,in_invoice,/,"","",not_sent,""
1,13333,in_invoice,S/FRA/2023/0510,23011774,"",sent,""
1,13345,in_invoice,S/FRA/2023/0509,FRO20231630289,"",sent,""
1,13346,in_invoice,S/FRA/2023/0532,2162124,"",sent_modified,""
1,13416,in_invoice,S/FRA/2023/0538,2023000830,"",sent,""
1,6369,in_invoice,S/FRA/2022/0390,BL7/2022/1/2838,"",sent,""
1,6415,in_invoice,S/FRA/2022/0352,F-65287782,"",sent,""
1,25247,in_invoice,S/FRA/2025/0475,A/477,"",sent,""
1,13550,in_invoice,S/FRA/2023/0535,138-2023,"",sent_modified,""
1,26946,in_invoice,/,"","",not_sent,""
1,13551,in_invoice,S/FRA/2023/0507,D23 360,"",sent,""
1,13552,in_invoice,S/FRA/2023/0533,00005034,"",sent,""
1,13553,in_invoice,S/FRA/2023/0506,F106-2023,"",sent,""
1,20295,in_invoice,S/FRA/2024/0615,AL 24000819,"",sent,""
1,13556,in_invoice,S/FRA/2023/0503,FA 231925,"",sent,""
1,13557,in_invoice,S/FRA/2023/0502,3536F23,"",sent,""
1,13558,in_invoice,S/FRA/2023/0501,FM23-1829,"",sent,""
1,13559,in_invoice,S/FRA/2023/0500,FM23-1911,"",sent,""
1,13560,in_invoice,S/FRA/2023/0499,3.642/F,"",sent,""
1,13561,in_invoice,S/FRA/2023/0498,A2305851,"",sent,""
1,13562,in_invoice,S/FRA/2023/0534,66/EST,"",sent_modified,""
1,13563,in_invoice,S/FRA/2023/0497,03/2023/09,"",sent,""
1,13564,in_invoice,S/FRA/2023/0496,23FCP00062,"",sent,""
1,13565,in_invoice,S/FRA/2023/0495,4TM00120009,"",sent,""
1,13568,in_invoice,S/FRA/2023/0493,23-0047,"",sent,""
1,13569,in_invoice,S/FRA/2023/0492,23-0048,"",sent,""
1,13571,in_invoice,S/FRA/2023/0531,9/2023,"",sent,""
1,13572,in_invoice,S/FRA/2023/0530,5/2023,"",sent,""
1,13573,in_invoice,S/FRA/2023/0529,62022,"",sent,""
1,20918,in_invoice,S/FRA/2024/0795,AL 24000922,"",sent,""
1,13575,in_invoice,S/FRA/2023/0490,5/2023,"",sent,""
1,13576,in_invoice,S/FRA/2023/0489,A-1139,"",sent,""
1,13577,in_invoice,S/FRA/2023/0528,2023-0031,"",sent,""
1,13578,in_invoice,S/FRA/2023/0488,VF23-09-0101,"",sent,""
1,13579,in_invoice,S/FRA/2023/0487,1028-2023,"",sent,""
1,13580,in_invoice,S/FRA/2023/0486,6/2023,"",sent,""
1,13581,in_invoice,S/FRA/2023/0527,440,"",sent,""
1,13582,in_invoice,S/FRA/2023/0526,5/2023,"",sent,""
1,13583,in_invoice,S/FRA/2023/0525,10/2023,"",sent,""
1,13610,in_invoice,S/FRA/2023/0485,A-580,"",sent,""
1,21463,in_invoice,S/FRA/2024/0888,AL 24000975,"",sent,""
1,13612,in_invoice,S/FRA/2023/0466,S/04-23,"",sent,""
1,13648,in_invoice,S/FRA/2023/0483,2023358,"",sent,""
1,13649,in_invoice,S/FRA/2023/0482,23-0056,"",sent,""
1,13650,in_invoice,S/FRA/2023/0481,23-0052,"",sent,""
1,427,in_invoice,S/FRA/2021/0260,21/18,"",not_sent,""
1,13651,in_invoice,S/FRA/2023/0480,23-0053,"",sent,""
1,13652,in_invoice,S/FRA/2023/0479,23-0055,"",sent,""
1,13653,in_invoice,S/FRA/2023/0478,150191,"",sent,""
1,13659,in_invoice,S/FRA/2023/0477,TB-2023-F62,"",sent,""
1,24776,in_invoice,S/FRA/2025/0393,2/2025,"",sent,""
1,13661,in_invoice,S/FRA/2023/0475,2023-008,"",sent,""
1,13662,in_invoice,S/FRA/2023/0474,6/2023,"",sent,""
1,13665,in_invoice,S/FRA/2023/0473,2023-150,"",sent,""
1,13667,in_invoice,S/FRA/2023/0472,F062-2023,"",sent,""
1,13697,in_invoice,S/FRA/2023/0471,16/23,"",sent,""
1,13698,in_invoice,S/FRA/2023/0470,125/2023,"",sent,""
1,13699,in_invoice,S/FRA/2023/0469,126/2023,"",sent,""
1,13700,in_invoice,S/FRA/2023/0464,AF/1829/01,"",sent,""
1,13701,in_invoice,S/FRA/2023/0465,AF/1830/01,"",sent,""
1,13717,in_invoice,S/FRA/2023/0468,5.027,"",sent,""
1,13719,in_invoice,S/FRA/2023/0467,005/2023,"",sent,""
1,13731,in_invoice,S/FRA/2023/0542,F23-003,"",sent,""
1,13750,in_invoice,S/FRA/2023/0544,02/2023,"",sent,""
1,13762,in_invoice,S/FRA/2023/0582,000G003993,"",sent,""
1,13763,in_invoice,S/FRA/2023/0580,000G003986,"",sent,""
1,13764,in_invoice,S/FRA/2023/0581,000G003985,"",sent,""
1,13765,in_invoice,S/FRA/2023/0584,000D003310,"",sent,""
1,13766,in_invoice,S/FRA/2023/0583,000D003302,"",sent,""
1,13767,in_invoice,S/FRA/2023/0556,FRO20231812377,"",sent,""
1,13773,in_invoice,S/FRA/2023/0561,23/550,"",sent,""
1,13774,in_invoice,S/FRA/2023/0562,23/551,"",sent,""
1,21459,in_invoice,S/FRA/2024/0892,000D007313,"",sent_modified,""
1,13775,in_invoice,S/FRA/2023/0560,23/549,"",sent,""
1,13776,in_invoice,S/FRA/2023/0543,RD/001/23,"",sent,""
1,13777,in_invoice,S/FRA/2023/0565,CF/0000061239-2022,"",sent,""
1,13778,in_invoice,S/FRA/2023/0564,CF/0000051733-2023,"",sent,""
1,13779,in_invoice,S/FRA/2023/0579,141-23,"",sent,""
1,13811,in_invoice,S/FRA/2023/0539,2023/1,"",sent,""
1,13837,in_invoice,S/FRA/2023/0540,2022P0000631,"",sent,""
1,13838,in_invoice,S/FRA/2023/0545,0002/2023,"",sent,""
1,13869,in_invoice,S/FRA/2023/0541,1/2023,"",sent,""
1,13920,in_invoice,S/FRA/2023/0576,4TM00120333,"",sent,""
1,13949,in_invoice,S/FRA/2023/0575,2023-265,"",sent,""
1,13950,in_invoice,S/FRA/2023/0574,145-2023,"",sent,""
1,13968,in_invoice,S/FRA/2023/0547,2196134,"",sent_modified,""
1,13985,in_invoice,S/FRA/2023/0557,09413600061,"",sent,""
1,14002,in_invoice,S/FRA/2023/0573,118/2023,"",sent,""
1,14003,in_invoice,S/FRA/2023/0550,18742301P0228708,"",sent,""
1,14004,in_invoice,S/FRA/2023/0567,A-1270,"",sent,""
1,14005,in_invoice,S/FRA/2023/0572,FO3/1793,"",sent,""
1,14006,in_invoice,S/FRA/2023/0551,FM23-2101,"",sent,""
1,14007,in_invoice,S/FRA/2023/0552,FM23-2183,"",sent,""
1,14009,in_invoice,S/FRA/2023/0577,3.921/F,"",sent,""
1,14010,in_invoice,S/FRA/2023/0558,FA 232208,"",sent,""
1,14011,in_invoice,S/FRA/2023/0559,03/2023/10,"",sent,""
1,14012,in_invoice,S/FRA/2023/0568,A2306576,"",sent,""
1,14013,in_invoice,S/FRA/2023/0569,1168-2023,"",sent,""
1,14014,in_invoice,S/FRA/2023/0548,000225,"",sent,""
1,14015,in_invoice,S/FRA/2023/0549,000226,"",sent,""
1,14017,in_invoice,S/FRA/2023/0570,VF23-10-0098,"",sent,""
1,14030,in_invoice,S/FRA/2023/0563,CF/0000077842-2020,"",sent,""
1,14033,in_invoice,S/FRA/2023/0571,23-0057,"",sent,""
1,14066,in_invoice,S/FRA/2023/0546,23013265,"",sent_modified,""
1,14068,in_invoice,S/FRA/2023/0555,F121-2023,"",sent,""
1,14071,in_invoice,S/FRA/2023/0585,OO/2023/008,"",sent,""
1,26819,in_invoice,/,"","",not_sent,""
1,14072,in_invoice,S/FRA/2023/0586,OO/2023/009,"",sent,""
1,14073,in_invoice,S/FRA/2023/0587,OO/2023/010,"",sent,""
1,24777,in_invoice,S/FRA/2025/0392,3/2025,"",sent,""
1,14107,in_invoice,S/FRA/2023/0647,08/2023,"",sent,""
1,23503,in_invoice,S/FRA/2025/0193,25/ 81,"",sent,""
1,14123,in_invoice,S/FRA/2023/0631,ES3JVHABEY,"",sent,""
1,14129,in_invoice,S/FRA/2023/0651,138/2023,"",sent,""
1,14131,in_invoice,S/FRA/2023/0650,139/2023,"",sent,""
1,14133,in_invoice,S/FRA/2023/0649,141/2023,"",sent,""
1,24601,in_invoice,S/FRA/2025/0374,1TSN250600378888,"",sent,""
1,14145,in_invoice,S/FRA/2023/0595,DE245EROAAEUI,NEXT,sent,""
1,14148,in_invoice,S/FRA/2023/0604,ES22HSI5AEUI,NEXT,sent,""
1,14149,in_invoice,S/FRA/2023/0609,ES22HS5KAEUI,NEXT,sent,""
1,14150,in_invoice,S/FRA/2023/0615,ES23DZ3FAEUI,"",sent,""
1,14175,in_invoice,S/FRA/2023/0648,188,"",sent_modified,""
1,14198,in_invoice,S/FRA/2023/0594,23/529,"",sent,""
1,8440,in_invoice,S/FRA/2022/0756,101,"",sent,""
1,14289,in_invoice,S/FRA/2023/0608,ES1PWMJAEUI,"",sent,""
1,8443,in_invoice,S/FRA/2022/0753,018-0008-044611,"",sent,""
1,9474,in_invoice,S/FRA/2023/0038,4TM00117053,"",sent,""
1,14324,in_invoice,S/FRA/2023/0589,AF/1892/01,"",sent,""
1,14326,in_invoice,S/FRA/2023/0590,AF/1894/01,"",sent,""
1,14327,in_invoice,S/FRA/2023/0591,AF/1895/01,"",sent,""
1,14329,in_invoice,S/FRA/2023/0592,AF/1896/01,"",sent,""
1,9288,in_invoice,S/FRA/2022/1128,F579919,"",sent,""
1,19570,in_invoice,S/FRA/2024/0445,ES43R9IABEY,"",sent,""
1,19568,in_invoice,S/FRA/2024/0444,ES43QO5ABEY,"",sent,""
1,19986,in_invoice,S/FRA/2024/0530,20240492,"",sent,""
1,15080,in_invoice,S/FRA/2023/0957,1230592531,"",sent,""
1,20962,in_invoice,S/FRA/2024/0769,155-24,"",sent,""
1,18185,in_invoice,S/FRA/2024/0248,INV249274675,"",sent,""
1,18342,in_invoice,S/FRA/2024/0272,2024 A 0000061,"",sent,""
1,20304,in_invoice,S/FRA/2024/0603,000002 TB 009105,"",sent,""
1,22017,in_invoice,S/FRA/2024/0985,145/2024,"",sent,""
1,22016,in_invoice,S/FRA/2024/0986,144/2024,"",sent,""
1,19415,in_invoice,S/FRA/2024/0424,ES43JCJABEY,"",sent,""
1,3293,in_invoice,S/FRA/2021/0719,21/33,"",sent,""
1,24502,in_invoice,S/FRA/2025/0356,22150,"",sent,""
1,24515,in_invoice,S/FRA/2025/0354,A250000098,"",sent,""
1,13549,in_invoice,S/FRA/2023/0508,F683297,"",sent,""
1,24516,in_invoice,S/FRA/2025/0353,2025012612,"",sent,""
1,24408,in_invoice,S/FRA/2025/0331,000152,"",sent,""
1,21934,in_invoice,S/FRA/2024/0976,23-2024,"",sent,""
1,19460,in_invoice,S/FRA/2024/0449,ES43LGNABEY,"",sent,""
1,26915,in_invoice,/,ES58CXUABEY,"",not_sent,""
1,20811,in_invoice,S/FRA/2024/0754,052-0010-R282657,FEDERICA,sent,""
1,20982,in_invoice,S/FRA/2024/0761,000271,"",sent,""
1,20983,in_invoice,S/FRA/2024/0759,000272,"",sent,""
1,19508,in_invoice,S/FRA/2024/0418,ES43NHOABEY,"",sent,""
1,20985,in_invoice,S/FRA/2024/0760,000274,"",sent,""
1,21383,in_invoice,S/FRA/2024/0846,18742401P0271632,"",sent,""
1,21912,in_invoice,S/FRA/2024/0965,D240033349,"",sent,""
1,21478,in_invoice,S/FRA/2024/0887,A2408396,"",sent,""
1,21913,in_invoice,S/FRA/2024/0964,D242063948,"",sent,""
1,9471,in_invoice,S/FRA/2023/0035,4TM00114813,"",sent,""
1,10604,in_invoice,S/FRA/2023/0121,4TM00117689,"",sent,""
1,3294,in_invoice,S/FRA/2021/0720,21/36,"",sent,""
1,21620,in_invoice,S/FRA/2024/0930,1TSN241200038893,"",sent,""
1,21367,in_invoice,S/FRA/2024/0842,N240068654,"",sent,""
1,20681,in_invoice,S/FRA/2024/0724,A2407422,"",sent,""
1,20079,in_invoice,S/FRA/2024/0562,A2406586,"",sent,""
1,21366,in_invoice,S/FRA/2024/0845,N242042775,"",sent,""
1,22389,in_invoice,S/FRA/2024/1042,312-KF24-13050,"",sent,""
1,22387,in_invoice,S/FRA/2024/1044,A10019276976-1124,"",sent,""
1,21068,in_invoice,S/FRA/2024/0789,1TSN241100073798,"",sent,""
1,20580,in_invoice,S/FRA/2024/0712,0242023452,"",sent_modified,""
1,21911,in_invoice,S/FRA/2024/0966,O240090988,"",sent,""
1,22392,in_invoice,S/FRA/2024/1039,312-KF24-14335,"",sent,""
1,3295,in_invoice,S/FRA/2021/0721,21/41,"",sent,""
1,6375,in_invoice,S/FRA/2022/0408,26,"",sent,""
1,23894,in_invoice,S/FRA/2025/0250,2099838,"",sent,""
1,5974,in_invoice,S/FRA/2022/0330,09411001162,"",sent,""
1,22077,in_invoice,S/FRA/2024/1021,21241122010360658,"",sent,""
1,11468,in_invoice,S/FRA/2023/0236,A/119,"",sent,""
1,22081,in_invoice,S/FRA/2024/1017,21241112010419334,"",sent,""
1,6389,in_invoice,S/FRA/2022/0362,1 21 0005 0005252397,"",sent,""
1,6391,in_invoice,S/FRA/2022/0361,A/14311,"",sent,""
1,6346,in_invoice,S/FRA/2022/0336,154-2021,"",sent,""
1,13685,in_invoice,S/FRA/2023/0578,F686321,"",sent,""
1,5890,in_invoice,S/FRA/2022/0275,95-187541,"",sent,""
1,16634,in_invoice,S/FRA/2024/0143,95-216121,"",sent,""
1,6368,in_invoice,S/FRA/2022/0406,BL7/2022/2/3066,"",sent,""
1,5875,in_invoice,S/FRA/2022/0258,09411000911,"",sent,""
1,5893,in_invoice,S/FRA/2022/0281,62/21,"",sent,""
1,5859,in_invoice,S/FRA/2022/0254,11-2600/00023,"",sent,""
1,8514,in_invoice,S/FRA/2022/0873,011G/281828,"",sent,""
1,5955,in_invoice,S/FRA/2022/0332,11-21-600-00042,"",sent,""
1,24287,in_invoice,S/FRA/2025/0345,25/11,"",sent,""
1,19618,in_invoice,S/FRA/2024/0452,AEU-INV-ES-2024-21709237,"",sent,""
1,16559,in_invoice,S/FRA/2024/0095,3529 R,"",sent,""
1,23200,in_invoice,S/FRA/2025/0106,AL 25000010,"",sent,""
1,18310,in_invoice,S/FRA/2024/0271,3553,"",sent,""
1,18303,in_invoice,S/FRA/2024/0270,3544 R,"",sent_modified,""
1,19459,in_invoice,S/FRA/2024/0415,ES43L16ABEY,"",sent,""
1,18442,in_invoice,S/FRA/2024/0306,INV-ES-158921351-2024-16,"",sent_modified,""
1,18294,in_invoice,S/FRA/2024/0269,L118844,"",sent,""
1,24517,in_invoice,S/FRA/2025/0352,040/333215,"",sent,""
1,16637,in_invoice,S/FRA/2024/0065,I513502F0000134,"",sent,""
1,18253,in_invoice,S/FRA/2024/0261,382-2024,"",sent,""
1,17970,in_invoice,S/FRA/2024/0253,1792310,"",sent,""
1,23170,in_invoice,S/FRA/2025/0147,F014-2025,"",sent,""
1,17498,in_invoice,S/FRA/2024/0215,2020/0327,"",sent,""
1,16361,in_invoice,S/FRA/2024/0128,09424000367,"",sent,""
1,14240,in_invoice,S/FRA/2023/0621,ES274GYAEUI,"",sent_modified,""
1,14143,in_invoice,S/FRA/2023/0612,ES224C0HAEUI,"",sent,""
1,14293,in_invoice,S/FRA/2023/0606,ES1L7ICAEUI,"",sent,""
1,465,in_invoice,S/FRA/2021/0298,2021/AES004523,"",not_sent,""
1,692,in_invoice,S/FRA/2021/0486,01-5260,"",sent,""
1,2322,in_invoice,S/FRA/2021/0573,4TM112592,"",sent,""
1,2323,in_invoice,S/FRA/2021/0572,4TM112481,"",sent,""
1,3236,in_invoice,S/FRA/2021/0670,4TM112984,"",sent,""
1,3590,in_invoice,S/FRA/2021/0789,FRO20220010071,"",sent,""
1,3687,in_invoice,S/FRA/2021/0807,A/140,"",sent,""
1,3916,in_invoice,S/FRA/2022/0040,09412000115,"",sent,""
1,3947,in_invoice,S/FRA/2022/0014,EC-0012019-2021,"",sent,""
1,4020,in_invoice,S/FRA/2022/0119,A9500/71280,"",sent_modified,""
1,5858,in_invoice,S/FRA/2022/0249,11-21-600/00022,"",sent,""
1,5861,in_invoice,S/FRA/2022/0250,0070/01/2021/0000026,"",sent,""
1,5862,in_invoice,S/FRA/2022/0252,0070/01/2021/0000027,"",sent,""
1,5863,in_invoice,S/FRA/2022/0253,232,"",sent,""
1,5865,in_invoice,S/FRA/2022/0271,000391,"",sent,""
1,5868,in_invoice,S/FRA/2022/0268,000106,"",sent,""
1,5869,in_invoice,S/FRA/2022/0256,95-186604,"",sent,""
1,5870,in_invoice,S/FRA/2022/0255,B/9597,"",sent,""
1,5873,in_invoice,S/FRA/2022/0259,19685,"",sent,""
1,5876,in_invoice,S/FRA/2022/0269,09411000962,"",sent,""
1,5877,in_invoice,S/FRA/2022/0260,F012021/000161,"",sent,""
1,5879,in_invoice,S/FRA/2022/0261,20210425,"",sent,""
1,5880,in_invoice,S/FRA/2022/0262,91,"",sent,""
1,5881,in_invoice,S/FRA/2022/0264,62,"",sent,""
1,5884,in_invoice,S/FRA/2022/0270,117,"",sent,""
1,5886,in_invoice,S/FRA/2022/0298,000319,"",sent,""
1,5888,in_invoice,S/FRA/2022/0285,000364,"",sent,""
1,5891,in_invoice,S/FRA/2022/0294,95-187951,"",sent,""
1,5895,in_invoice,S/FRA/2022/0279,A/2551/2021,"",sent,""
1,22755,in_invoice,S/FRA/2025/0039,97,"",sent,""
1,24518,in_invoice,S/FRA/2025/0351,09425003873,"",sent,""
1,3296,in_invoice,S/FRA/2021/0661,21/43,"",sent,""
1,23186,in_invoice,S/FRA/2025/0118,269/F,"",sent,""
1,18194,in_invoice,S/FRA/2024/0246,ES4XLOABEY,"",sent_modified,""
1,21883,in_invoice,S/FRA/2024/0968,05/2024,"",sent,""
1,19876,in_invoice,S/FRA/2024/0576,FA004675,"",sent,""
1,21848,in_invoice,S/FRA/2024/0956,D24 558,"",sent,""
1,21011,in_invoice,S/FRA/2024/0792,ES457HDABEY,"",sent,""
1,23836,in_invoice,S/FRA/2025/0349,00101/57742,"",sent,""
1,23550,in_invoice,S/FRA/2025/0216,2030/25,"",sent,""
1,24440,in_invoice,S/FRA/2025/0323,B2500016,"",sent,""
1,5897,in_invoice,S/FRA/2022/0301,09421006045,"",sent,""
1,5898,in_invoice,S/FRA/2022/0287,09421005799,"",sent,""
1,5899,in_invoice,S/FRA/2022/0293,09421005876,"",sent,""
1,5900,in_invoice,S/FRA/2022/0300,75,"",sent,""
1,5904,in_invoice,S/FRA/2022/0289,112237,"",sent,""
1,5907,in_invoice,S/FRA/2022/0427,101303789,"",sent,""
1,5908,in_invoice,S/FRA/2022/0272,FS-01-0461286,"",sent,""
1,5909,in_invoice,S/FRA/2022/0282,FS-01-0462751,"",sent,""
1,5910,in_invoice,S/FRA/2022/0277,FS-01-0462303,"",sent,""
1,5911,in_invoice,S/FRA/2022/0303,000450,"",sent,""
1,5913,in_invoice,S/FRA/2022/0290,000269,"",sent,""
1,16751,in_invoice,S/FRA/2024/0144,VF24-02-0106,"",sent,""
1,5914,in_invoice,S/FRA/2022/0305,000317,"",sent,""
1,5915,in_invoice,S/FRA/2022/0291,A189031/2021,"",sent,""
1,5916,in_invoice,S/FRA/2022/0326,52515,"",sent,""
1,5917,in_invoice,S/FRA/2022/0350,52617,"",sent,""
1,20324,in_invoice,S/FRA/2024/0632,4.849,"",sent,""
1,5925,in_invoice,S/FRA/2022/0340,000166,"",sent,""
1,5928,in_invoice,S/FRA/2022/0351,000402,"",sent,""
1,5929,in_invoice,S/FRA/2022/0425,000435,"",sent,""
1,5930,in_invoice,S/FRA/2022/0342,B/149145,"",sent,""
1,5947,in_invoice,S/FRA/2022/0302,175276,"",sent,""
1,5950,in_invoice,S/FRA/2022/0307,V.21 211018-27,"",sent,""
1,21054,in_invoice,S/FRA/2024/0791,VF24-11-0103,"",sent,""
1,24286,in_invoice,S/FRA/2025/0348,ES53OJYABEY,"",sent,""
1,21809,in_invoice,S/FRA/2024/0950,22/2024,"",sent,""
1,5952,in_invoice,S/FRA/2022/0312,000362,"",sent,""
1,16593,in_invoice,S/FRA/2024/0091,VF24-01-0360,"",sent,""
1,21452,in_invoice,S/FRA/2024/0899,2963703,"",sent,""
1,5953,in_invoice,S/FRA/2022/0357,000303,"",sent,""
1,5956,in_invoice,S/FRA/2022/0309,11-21-600-00037,"",sent,""
1,5958,in_invoice,S/FRA/2022/0349,B/9824,"",sent,""
1,17470,in_invoice,S/FRA/2024/0220,VF24-03-0101,"",sent,""
1,5959,in_invoice,S/FRA/2022/0375,12/2021,"",sent,""
1,5960,in_invoice,S/FRA/2022/0317, ,"",sent,""
1,5961,in_invoice,S/FRA/2022/0356,10/2019,"",sent,""
1,19674,in_invoice,S/FRA/2024/0463,VF24-09-0098,"",sent,""
1,5962,in_invoice,S/FRA/2022/0323,11-21-600/00040,"",sent,""
1,5965,in_invoice,S/FRA/2022/0316,040/293834,"",sent,""
1,5967,in_invoice,S/FRA/2022/0320,20210556,"",sent,""
1,19041,in_invoice,S/FRA/2024/0357,VF24-07-0094,"",sent,""
1,5970,in_invoice,S/FRA/2022/0322,00001TB168637,"",sent,""
1,18414,in_invoice,S/FRA/2024/0289,VF24-05-0089,"",sent,""
1,5971,in_invoice,S/FRA/2022/0318,1 21 0005 0004858163,"",sent,""
1,18252,in_invoice,S/FRA/2024/0262,VF24-04-0091,"",sent,""
1,5972,in_invoice,S/FRA/2022/0337,09421006755,"",sent,""
1,18745,in_invoice,S/FRA/2024/0315,VF24-06-0105,"",sent,""
1,5973,in_invoice,S/FRA/2022/0319,09421006552,"",sent,""
1,19322,in_invoice,S/FRA/2024/0425,VF24-08-0092,"",sent,""
1,5975,in_invoice,S/FRA/2022/0334,09421006697,"",sent,""
1,20426,in_invoice,S/FRA/2024/0685,VF24-10-0105,"",sent,""
1,5976,in_invoice,S/FRA/2022/0328,B/9789,"",sent,""
1,6341,in_invoice,S/FRA/2022/0325,I19-03/000041,"",sent,""
1,6342,in_invoice,S/FRA/2022/0335,95-189243,"",sent,""
1,6345,in_invoice,S/FRA/2022/0327,14,"",sent,""
1,6348,in_invoice,S/FRA/2022/0345,81,"",sent,""
1,24340,in_invoice,S/FRA/2025/0347,1TSN250500441277,"",sent,""
1,6349,in_invoice,S/FRA/2022/0343,156,"",sent,""
1,6350,in_invoice,S/FRA/2022/0359,68/21,"",sent,""
1,6351,in_invoice,S/FRA/2022/0360,A/000032/21,"",sent,""
1,23312,in_invoice,S/FRA/2025/0137,25/4,"",sent,""
1,21156,in_invoice,S/FRA/2024/0805,140-24,"",sent,""
1,21382,in_invoice,S/FRA/2024/0834,05/2024,"",sent,""
1,22477,in_invoice,S/FRA/2025/0022,1250004151,2024,sent,""
1,21479,in_invoice,S/FRA/2024/0886,001570,"",sent,""
1,18198,in_invoice,S/FRA/2024/0243,1.223/F,"",sent,""
1,18207,in_invoice,S/FRA/2024/0239,0001879768,"",sent,""
1,22176,in_invoice,S/FRA/2025/0013,01-2025,"",sent,""
1,20382,in_invoice,S/FRA/2024/0653,FMI/7090,"",sent,""
1,21161,in_invoice,S/FRA/2024/0839,ES45G11ABEY,"",sent,""
1,21083,in_invoice,S/FRA/2024/0787,0120/2024,"",sent,""
1,19879,in_invoice,S/FRA/2024/0664,22FG24,"",sent,""
1,21176,in_invoice,S/FRA/2024/0822,06/24,"",sent,""
1,24293,in_invoice,S/FRA/2025/0341,19-2025,"",sent,""
1,19375,in_invoice,S/FRA/2024/0431,F798428,"",sent,""
1,21306,in_invoice,S/FRA/2024/0844,129/2024,"",sent,""
1,18200,in_invoice,S/FRA/2024/0242,FRO20240620990,"",sent,""
1,21327,in_invoice,S/FRA/2024/0857,8.114,"",sent,""
1,22415,in_invoice,S/FRA/2024/1058,5.632/F,"",sent,""
1,21331,in_invoice,S/FRA/2024/0859,8.210,"",sent,""
1,21333,in_invoice,S/FRA/2024/0833,0199-2024,"",sent,""
1,21381,in_invoice,S/FRA/2024/0864,TB-2024-F 51,"",sent,""
1,21400,in_invoice,S/FRA/2024/0831,AF/3052/01,"",sent,""
1,21888,in_invoice,S/FRA/2024/0955,F181-2024,"",sent,""
1,17333,in_invoice,S/FRA/2024/0179,705/F,"",sent,""
1,21464,in_invoice,S/FRA/2024/0903,160737,"",sent,""
1,20987,in_invoice,S/FRA/2024/0793,ES4567ZABEY,"",sent,""
1,18208,in_invoice,S/FRA/2024/0238,00003406,"",sent,""
1,21597,in_invoice,S/FRA/2024/0868,013/24/25,"",sent,""
1,21110,in_invoice,S/FRA/2024/0777,ES45E3NABEY,"",sent,""
1,20336,in_invoice,S/FRA/2024/0634,000002 TB 011303,"",sent,""
1,24341,in_invoice,S/FRA/2025/0338,1NSN250500529570,"",sent,""
1,21669,in_invoice,S/FRA/2024/0935,5452,"",sent,""
1,21558,in_invoice,S/FRA/2024/0877,ES4604TABEY,"",sent,""
1,6353,in_invoice,S/FRA/2022/0394,C1132,"",sent,""
1,17367,in_invoice,S/FRA/2024/0205,330001020240226000134,"",sent,""
1,17224,in_invoice,S/FRA/2024/0192,R_39712_2008,"",sent,""
1,20446,in_invoice,S/FRA/2024/0743,13-2400077,"",sent,""
1,21000,in_invoice,S/FRA/2024/0763,13-2400087,"",sent,""
1,21486,in_invoice,S/FRA/2024/0902,F162-2024,"",sent,""
1,21310,in_invoice,S/FRA/2024/0849,025/2024,"",sent,""
1,21311,in_invoice,S/FRA/2024/0850,05/2024,"",sent,""
1,21312,in_invoice,S/FRA/2024/0855,008/2024,"",sent,""
1,21313,in_invoice,S/FRA/2024/0854,16/24,"",sent,""
1,21314,in_invoice,S/FRA/2024/0851,13/2024,"",sent,""
1,21326,in_invoice,S/FRA/2024/0856,9/24,"",sent,""
1,21332,in_invoice,S/FRA/2024/0837,1-013/2024,"",sent,""
1,21358,in_invoice,S/FRA/2024/0825,AF/3043/01,"",sent,""
1,21360,in_invoice,S/FRA/2024/0826,AF/3044/01,"",sent,""
1,21361,in_invoice,S/FRA/2024/0827,AF/3045/01,"",sent,""
1,21363,in_invoice,S/FRA/2024/0828,AF/3046/01,"",sent,""
1,21364,in_invoice,S/FRA/2024/0829,AF/3047/01,"",sent,""
1,21447,in_invoice,S/FRA/2024/0863,16,"",sent,""
1,3551,in_invoice,S/FRA/2022/0086,22/1,"",sent,""
1,21462,in_invoice,S/FRA/2024/0889,5/2024,"",sent,""
1,15953,in_invoice,S/FRA/2023/1061,46/2023,"",sent,""
1,17318,in_invoice,S/FRA/2024/0182,24/59,"",sent_modified,""
1,24895,in_invoice,S/FRA/2025/0404,A10019785566-0625,"",sent,""
1,17240,in_invoice,S/FRA/2024/0194,318249,"",sent,""
1,17227,in_invoice,S/FRA/2024/0191,3/2024,"",sent,""
1,17185,in_invoice,S/FRA/2024/0174,OE/2024/M0145,"",sent,""
1,21108,in_invoice,S/FRA/2024/0779,FM24-2486,"",sent,""
1,23904,in_invoice,S/FRA/2025/0271,A-537,"",sent,""
1,19783,in_invoice,S/FRA/2024/0495,F806563,"",sent,""
1,21732,in_invoice,S/FRA/2024/0945,ES46AU3ABEY,"",sent,""
1,21305,in_invoice,S/FRA/2024/0843,01 2024 FGL,"",sent,""
1,23083,in_invoice,S/FRA/2025/0047,1NSN250100547796,"",sent,""
1,21378,in_invoice,S/FRA/2024/0840,0201-2024,"",sent,""
1,19833,in_invoice,S/FRA/2024/0499,F809054,"",sent,""
1,6354,in_invoice,S/FRA/2022/0383,118719,"",sent,""
1,16616,in_invoice,S/FRA/2024/0086,FRO20240236830,"",sent,""
1,23875,in_invoice,S/FRA/2025/0254,T/493/2025,"",sent,""
1,20315,in_invoice,S/FRA/2024/0592,FMI/6024,"",sent,""
1,21153,in_invoice,S/FRA/2024/0808,41/2024,"",sent,""
1,21159,in_invoice,S/FRA/2024/0815,6.988,"",sent,""
1,24342,in_invoice,S/FRA/2025/0337,R-11275,"",sent,""
1,6357,in_invoice,S/FRA/2022/0407,09412000165,"",sent,""
1,20381,in_invoice,S/FRA/2024/0583,FMI/6371,"",sent_modified,""
1,21155,in_invoice,S/FRA/2024/0806,024182,"",sent,""
1,16041,in_invoice,S/FRA/2023/1096,BL7/2023/1/22876,"",sent,""
1,20600,in_invoice,S/FRA/2024/0716,35/2024,"",sent,""
1,20601,in_invoice,S/FRA/2024/0715,36/2024,"",sent,""
1,20213,in_invoice,S/FRA/2024/0581,C4/106929,"",sent,""
1,20960,in_invoice,S/FRA/2024/0768,11/2024,"",sent,""
1,20961,in_invoice,S/FRA/2024/0767,12/2024,"",sent,""
1,21134,in_invoice,S/FRA/2024/0773,2024-07,"",sent,""
1,6360,in_invoice,S/FRA/2022/0381,95-191204,"",sent,""
1,6361,in_invoice,S/FRA/2022/0384,95-191314,"",sent,""
1,6362,in_invoice,S/FRA/2022/0382,N4687131220113000163,"",sent,""
1,20109,in_invoice,S/FRA/2024/0747,FM24-2271,"",sent,""
1,20151,in_invoice,S/FRA/2024/0547,2835550,"",sent,""
1,6383,in_invoice,S/FRA/2022/0401,119230,"",sent,""
1,15825,in_invoice,S/FRA/2023/1017,02/2023,"",sent,""
1,15757,in_invoice,S/FRA/2023/1049,D23 520,"",sent,""
1,19791,in_invoice,S/FRA/2024/0486,15/24,"",sent,""
1,19832,in_invoice,S/FRA/2024/0494,0158-2024,"",sent,""
1,19838,in_invoice,S/FRA/2024/0490,78,"",sent,""
1,16009,in_invoice,S/FRA/2023/1067,BL7/2023/1/19810,"",sent,""
1,19881,in_invoice,S/FRA/2024/0574,03/2024,"",sent,""
1,19883,in_invoice,S/FRA/2024/0497,TB-2024-F 45,"",sent,""
1,19911,in_invoice,S/FRA/2024/0478,TB-2024-F6,"",sent,""
1,19936,in_invoice,S/FRA/2024/0522,6.207 A,"",sent,""
1,19953,in_invoice,S/FRA/2024/0512,84/EST,"",sent,""
1,19987,in_invoice,S/FRA/2024/0517,7/24,"",sent,""
1,19989,in_invoice,S/FRA/2024/0575,24-0026,"",sent,""
1,20021,in_invoice,S/FRA/2024/0538,24008CA,"",sent,""
1,20024,in_invoice,S/FRA/2024/0541,12,"",sent,""
1,20082,in_invoice,S/FRA/2024/0556,FM24-2202,"",sent,""
1,20083,in_invoice,S/FRA/2024/0542,87/2024,"",sent,""
1,20150,in_invoice,S/FRA/2024/0549,0174-2024,"",sent,""
1,20207,in_invoice,S/FRA/2024/0570,40/24,"",sent,""
1,24483,in_invoice,S/FRA/2025/0362,25/118,"",sent,""
1,20286,in_invoice,S/FRA/2024/0579,33,"",sent,""
1,20406,in_invoice,S/FRA/2024/0673,33/2024,"",sent,""
1,20441,in_invoice,S/FRA/2024/0687,19/2024,"",sent,""
1,20443,in_invoice,S/FRA/2024/0676,AF/3011/01,"",sent,""
1,20445,in_invoice,S/FRA/2024/0678,AF/1829/02,"",sent,""
1,20448,in_invoice,S/FRA/2024/0695,010/2024,"",sent,""
1,20449,in_invoice,S/FRA/2024/0696,5,"",sent,""
1,20450,in_invoice,S/FRA/2024/0688,2024-0050,"",sent,""
1,20461,in_invoice,S/FRA/2024/0680,008,"",sent,""
1,20462,in_invoice,S/FRA/2024/0681,P-164,"",sent,""
1,20463,in_invoice,S/FRA/2024/0679,P-166,"",sent,""
1,20464,in_invoice,S/FRA/2024/0682,P-165,"",sent,""
1,20465,in_invoice,S/FRA/2024/0690,P-167,"",sent,""
1,20477,in_invoice,S/FRA/2024/0683,P-168,"",sent,""
1,20502,in_invoice,S/FRA/2024/0710,1-2024,"",sent,""
1,20524,in_invoice,S/FRA/2024/0713,3,"",sent,""
1,20535,in_invoice,S/FRA/2024/0714,202409214,"",sent,""
1,20596,in_invoice,S/FRA/2024/0720,04/2024,"",sent,""
1,20597,in_invoice,S/FRA/2024/0719,10/2024,"",sent,""
1,20598,in_invoice,S/FRA/2024/0718,6,"",sent,""
1,20602,in_invoice,S/FRA/2024/0722,E/-18,"",sent,""
1,20686,in_invoice,S/FRA/2024/0751,04/2024,"",sent,""
1,15843,in_invoice,S/FRA/2023/1016,14,"",sent,""
1,6363,in_invoice,S/FRA/2022/0386,22/16108,"",sent,""
1,6364,in_invoice,S/FRA/2022/0393,2-22,"",sent,""
1,6367,in_invoice,S/FRA/2022/0392,FAC-1160,"",sent,""
1,6370,in_invoice,S/FRA/2022/0396,BL7/2022/2/2176,"",sent,""
1,6388,in_invoice,S/FRA/2022/0358,000127,"",sent,""
1,6390,in_invoice,S/FRA/2022/0363,0070/01/2021/0000037,"",sent,""
1,6394,in_invoice,S/FRA/2022/0366,95-189938,"",sent,""
1,6395,in_invoice,S/FRA/2022/0371,42114415,"",sent,""
1,6403,in_invoice,S/FRA/2022/0378,09421008058,"",sent,""
1,6404,in_invoice,S/FRA/2022/0333,98,"",sent,""
1,6406,in_invoice,S/FRA/2022/0367,011F/474,"",sent,""
1,6407,in_invoice,S/FRA/2022/0368,018-0012-996962,"",sent,""
1,6669,in_invoice,S/FRA/2022/0480,B/10265,"",sent,""
1,7710,in_invoice,S/FRA/2022/0626,852222,"",sent_modified,""
1,7713,in_invoice,S/FRA/2022/0628,AF/1605/01,"",sent,""
1,7778,in_invoice,S/FRA/2022/0717,20695,"",sent,""
1,8437,in_invoice,S/FRA/2022/0759,V/10002124/22,"",sent,""
1,8441,in_invoice,S/FRA/2022/0755,018-0007-042369,"",sent,""
1,8442,in_invoice,S/FRA/2022/0754,018-0007-043076,"",sent,""
1,8446,in_invoice,S/FRA/2022/0750,2022-0479,"",sent,""
1,8456,in_invoice,S/FRA/2022/0868,004/2022,"",sent,""
1,8513,in_invoice,S/FRA/2022/0874,011G/283905,"",sent,""
1,8515,in_invoice,S/FRA/2022/1130,4-2022,"",sent,""
1,9042,in_invoice,S/FRA/2022/0933,214045952380,"",sent,""
1,9153,in_invoice,S/FRA/2022/0983,008/713,"",sent,""
1,24356,in_invoice,S/FRA/2025/0334,3367162,"",sent,""
1,9252,in_invoice,S/FRA/2022/1017,20220600,"",sent,""
1,9254,in_invoice,S/FRA/2022/1015,5389,"",sent,""
1,9256,in_invoice,S/FRA/2022/1013,2022-OV-001,"",sent,""
1,9469,in_invoice,S/FRA/2023/0031,54203,"",sent,""
1,9472,in_invoice,S/FRA/2023/0036,4TM00116051,"",sent,""
1,9475,in_invoice,S/FRA/2023/0039,4TM00116549,"",sent,""
1,9476,in_invoice,S/FRA/2023/0034,4TM00116472,"",sent,""
1,9478,in_invoice,S/FRA/2023/0055,17294,"",sent,""
1,9492,in_invoice,S/FRA/2023/0041,CJ1/2023,"",sent,""
1,11098,in_invoice,S/FRA/2023/0151,09422005293,"",sent,""
1,11366,in_invoice,S/FRA/2023/0204,A/2797/2023,"",sent,""
1,11382,in_invoice,S/FRA/2023/0227,000010050,"",sent,""
1,24897,in_invoice,S/FRA/2025/0403,312-KF25-6536,"",sent,""
1,13528,in_invoice,S/FRA/2023/0554,67/23,"",sent_modified,""
1,14067,in_invoice,S/FRA/2023/0627,ES31ROLABEY,"",sent,""
1,14111,in_invoice,S/FRA/2023/0642,ES31LXNABEY,NEXT,sent,""
1,14112,in_invoice,S/FRA/2023/0633,ES31K9MABEY,"",sent,""
1,16632,in_invoice,S/FRA/2024/0069,000002-TN136983,"",sent,""
1,14113,in_invoice,S/FRA/2023/0630,ES31EQQABEY,"",sent,""
1,14115,in_invoice,S/FRA/2023/0638,ES318D8ABEY,NEXT,sent,""
1,14130,in_invoice,S/FRA/2023/0632,ES32EYXABEI,"",sent,""
1,23548,in_invoice,S/FRA/2025/0221,R2500024,"",sent,""
1,14136,in_invoice,S/FRA/2023/0588,ES3342WAEUI,"",sent,""
1,14137,in_invoice,S/FRA/2023/0607,ES3AAGNAEUI,"",sent,""
1,14138,in_invoice,S/FRA/2023/0620,ES3BY7UAEUI,"",sent,""
1,14141,in_invoice,S/FRA/2023/0619,ES21W8JXAEUI,"",sent,""
1,14146,in_invoice,S/FRA/2023/0601,ES23D9F4AEUI,"",sent_modified,""
1,14189,in_invoice,S/FRA/2023/0644,PL23O2C2AEUI,NEXT,sent,""
1,23888,in_invoice,S/FRA/2025/0253,1TSN250300447563,"",sent,""
1,14197,in_invoice,S/FRA/2023/0623,ES231YBFAEUI,"",sent,""
1,14199,in_invoice,S/FRA/2023/0616,ES231ZOZAEUI,"",sent,""
1,14208,in_invoice,S/FRA/2023/0622,ES2BUCFAEUI,"",sent_modified,""
1,24650,in_invoice,S/FRA/2025/0378,25/13,"",sent,""
1,14209,in_invoice,S/FRA/2023/0697,INV-PL-100046381-2022-8,"",not_sent,3000 | Factura duplicada
1,23282,in_invoice,S/FRA/2025/0070,VF25-01-0403,"",sent,""
1,14212,in_invoice,S/FRA/2023/0603,ES2268KGAEUI,"",sent_modified,""
1,14238,in_invoice,S/FRA/2023/0602,ES2HN11AEUI,"",sent_modified,""
1,14241,in_invoice,S/FRA/2023/0611,ES2CQKEAEUI,"",sent,""
1,14244,in_invoice,S/FRA/2023/0614,ES22WBDDAEU,"",sent,""
1,19740,in_invoice,S/FRA/2024/0477,0011-24,"",sent,""
1,23908,in_invoice,S/FRA/2025/0261,VF25-04-0103,"",sent,""
1,24642,in_invoice,S/FRA/2025/0386,A2503867,"",sent,""
1,14269,in_invoice,S/FRA/2023/0695,INV-ES-141502961-2021-238,"",not_sent,3000 | Factura duplicada
1,14282,in_invoice,S/FRA/2023/0613,ES1I0LDAEUI,"",sent_modified,""
1,14284,in_invoice,S/FRA/2023/0759,INV-ES-113736931-2021-383,"",not_sent,3000 | Factura duplicada
1,26807,in_invoice,S/FRA/2025/0778,187-2025,"",not_sent,""
1,14285,in_invoice,S/FRA/2023/0758,INV-FR-113736931-2021-29799,"",not_sent,3000 | Factura duplicada
1,14286,in_invoice,S/FRA/2023/0685,INV-ES-132325241-2021-4952,"",not_sent,3000 | Factura duplicada
1,14290,in_invoice,S/FRA/2023/0641,CZ19KC8AEUI,"",sent,""
1,14291,in_invoice,S/FRA/2023/0617,ES1JXY1AEUI,"",sent_modified,""
1,14292,in_invoice,S/FRA/2023/0624,ES1JZLIAEUI,"",sent,""
1,14294,in_invoice,S/FRA/2023/0598,ES1AID4AEUI,"",sent,""
1,14301,in_invoice,S/FRA/2023/0625,AEU-INV-IT-2021-1563904,NEXT,sent,""
1,14313,in_invoice,S/FRA/2023/0599,ES1108ZCAEUI,"",sent_modified,""
1,14316,in_invoice,S/FRA/2023/0696,INV-ES-141502961-2021-244,"",not_sent,3000 | Factura duplicada
1,25121,in_invoice,S/FRA/2025/0462,3.452/F,"",sent,""
1,14317,in_invoice,S/FRA/2023/0618,ES110JFNAEUI,"",sent,""
1,14319,in_invoice,S/FRA/2023/0596,ES119WYZAEUI,"",sent,""
1,14435,in_invoice,S/FRA/2023/0780,FRO20221569213,"",not_sent,3000 | Factura duplicada
1,14929,in_invoice,S/FRA/2023/1006,ES3265BABEY,"",sent,""
1,14930,in_invoice,S/FRA/2023/0941,ES3268XABEY,"",sent,""
1,14979,in_invoice,S/FRA/2023/0946,230009574,"",sent_modified,""
1,14988,in_invoice,S/FRA/2023/1005,ES327BGABEY,"",sent,""
1,16019,in_invoice,S/FRA/2023/1095,042298,"",sent,""
1,16116,in_invoice,S/FRA/2024/0130,613,"",sent,""
1,16362,in_invoice,S/FRA/2024/0127,FRO20240072146,"",sent,""
1,16536,in_invoice,S/FRA/2024/0118,24F0128,"",sent,""
1,16537,in_invoice,S/FRA/2024/0117,09984000005,"",sent,""
1,16538,in_invoice,S/FRA/2024/0116,09414000149,"",sent,""
1,16540,in_invoice,S/FRA/2024/0114,09984000004,"",sent,""
1,16541,in_invoice,S/FRA/2024/0113,C4/100065,"",sent,""
1,16542,in_invoice,S/FRA/2024/0112,FMI/71,"",sent,""
1,16543,in_invoice,S/FRA/2024/0111,44/0608,"",sent,""
1,16544,in_invoice,S/FRA/2024/0110,2024000011,"",sent,""
1,16545,in_invoice,S/FRA/2024/0109,2024000793,"",sent,""
1,16547,in_invoice,S/FRA/2024/0107,13,"",sent,""
1,16548,in_invoice,S/FRA/2024/0106,12,"",sent,""
1,16549,in_invoice,S/FRA/2024/0105,4,"",sent,""
1,16550,in_invoice,S/FRA/2024/0104,T000102-89855,"",sent,""
1,16551,in_invoice,S/FRA/2024/0103,3040737420000072,"",sent,""
1,16552,in_invoice,S/FRA/2024/0102,FO8145010000017,"",sent,""
1,16553,in_invoice,S/FRA/2024/0101,FO8145010000016,"",sent,""
1,16555,in_invoice,S/FRA/2024/0099,12383/10000004,"",sent,""
1,16556,in_invoice,S/FRA/2024/0098,T000102-89923,"",sent,""
1,16623,in_invoice,S/FRA/2024/0078,002-0001-905396,"",sent,""
1,16629,in_invoice,S/FRA/2024/0072,A/2915/2023,"",sent,""
1,16631,in_invoice,S/FRA/2024/0070,0070/01/2024/0000003,"",sent_modified,""
1,16633,in_invoice,S/FRA/2024/0068,01/2024,"",sent,""
1,16636,in_invoice,S/FRA/2024/0066,FQ24/003984,"",sent_modified,""
1,16638,in_invoice,S/FRA/2024/0064,5,"",sent,""
1,16639,in_invoice,S/FRA/2024/0063,09424000946,"",sent,""
1,16659,in_invoice,S/FRA/2024/0038,I-146,"",sent,""
1,16678,in_invoice,S/FRA/2024/0142,ESINV23000001444412,"",sent,""
1,17182,in_invoice,S/FRA/2024/0163,A/000147/24,"",sent,""
1,17183,in_invoice,S/FRA/2024/0162,09414000211,"",sent,""
1,17205,in_invoice,S/FRA/2024/0158,24A001,"",sent,""
1,17206,in_invoice,S/FRA/2024/0176,404-6474789-5761906,"",sent,""
1,17207,in_invoice,S/FRA/2024/0157,2304003,"",sent,""
1,17210,in_invoice,S/FRA/2024/0155,09984000006,"",sent,""
1,17213,in_invoice,S/FRA/2024/0152,20960/2024,"",sent,""
1,17214,in_invoice,S/FRA/2024/0173,FMI/10951,"",sent,""
1,17215,in_invoice,S/FRA/2024/0151,FMI/357,"",sent,""
1,17218,in_invoice,S/FRA/2024/0148,A9700 / 17 / 14752,"",sent,""
1,17222,in_invoice,S/FRA/2024/0146,2024000011,"",sent,""
1,17226,in_invoice,S/FRA/2024/0195,SH7202300097624,"",sent,""
1,3906,in_invoice,S/FRA/2022/0177,22/2,"",sent,""
1,17409,in_invoice,S/FRA/2024/0231,ORD_428_2021 / 0002340,"",sent,""
1,17410,in_invoice,S/FRA/2024/0230,9556235561,"",sent,""
1,17418,in_invoice,S/FRA/2024/0223,00904028499,"",sent,""
1,17503,in_invoice,S/FRA/2024/0212,210009845,"",sent,""
1,6374,in_invoice,S/FRA/2022/0404,000319,"",sent,""
1,23424,in_invoice,S/FRA/2025/0212,000049,"",sent,""
1,17501,in_invoice,S/FRA/2024/0214,000040,"",sent,""
1,19735,in_invoice,S/FRA/2024/0459,08/2024,"",sent,""
1,17502,in_invoice,S/FRA/2024/0213,000280,"",sent,""
1,19843,in_invoice,S/FRA/2024/0578,2223,"",sent,""
1,18297,in_invoice,S/FRA/2024/0283,2024.04.03,"",sent,""
1,20399,in_invoice,S/FRA/2024/0658,000002 TB 012765,"",sent,""
1,16532,in_invoice,S/FRA/2024/0132,24-008,"",sent,""
1,23439,in_invoice,S/FRA/2025/0152,I-10757,PROV 2024,sent,""
1,23485,in_invoice,S/FRA/2025/0202,62005,EJ 2024,sent,""
1,23941,in_invoice,S/FRA/2025/0303,25/186,"",sent,""
1,12369,in_invoice,S/FRA/2023/0874,VT5 2023034591,"",not_sent,3000 | Factura duplicada
1,5887,in_invoice,S/FRA/2022/0273,000349,"",sent,""
1,6356,in_invoice,S/FRA/2022/0405,000428,"",sent,""
1,17504,in_invoice,S/FRA/2024/0235,000008,"",sent,""
1,5866,in_invoice,S/FRA/2022/0251,000012,"",sent,""
1,17750,in_invoice,S/FRA/2024/0209,000430,"",sent,""
1,17718,in_invoice,S/FRA/2024/0211,000466,"",sent,""
1,20310,in_invoice,S/FRA/2024/0610,FMI/5678,"",sent,""
1,14205,in_invoice,S/FRA/2023/0754,INV-ES-149065261-2022-50,"",not_sent,3000 | Factura duplicada
1,21094,in_invoice,S/FRA/2024/0781,ES45CY1ABEY,"",sent,""
1,21109,in_invoice,S/FRA/2024/0778,ES45DINABEY,"",sent,""
1,21135,in_invoice,S/FRA/2024/0772,ES45F71ABEY,"",sent,""
1,21572,in_invoice,S/FRA/2024/0870,ES460TFABEY,"",sent,""
1,11669,in_invoice,S/FRA/2023/0382,2022-00871,"",sent,""
1,20296,in_invoice,S/FRA/2024/0606,000002 TB 008751,"",sent,""
1,19878,in_invoice,S/FRA/2024/0577,2228/F-1502,CTA ANALITICA 24030702,sent,""
1,20206,in_invoice,S/FRA/2024/0571,2024/066,ASIGNAR CTA ANALITICA,sent,""
1,3470,in_invoice,S/FRA/2021/0716,AF/1364/04,"",sent,""
1,3937,in_invoice,S/FRA/2022/0023,B/9259,"",sent,""
1,21687,in_invoice,S/FRA/2024/0904,ES4679RABEY,"",sent,""
1,21635,in_invoice,S/FRA/2024/0926,95-226388,"",sent,""
1,3941,in_invoice,S/FRA/2022/0020,693/F,"",sent,""
1,22078,in_invoice,S/FRA/2024/1020,21241202010338700,"",sent,""
1,22079,in_invoice,S/FRA/2024/1019,21241111010357343,"",sent,""
1,22080,in_invoice,S/FRA/2024/1018,21241111010357344,"",sent,""
1,22083,in_invoice,S/FRA/2024/1015,21241217010501548,"",sent,""
1,22084,in_invoice,S/FRA/2024/1014,21241230010807637,"",sent,""
1,22381,in_invoice,S/FRA/2024/1069,20240688,"",sent,""
1,22382,in_invoice,S/FRA/2024/1049,FC4312400368,"",sent,""
1,22383,in_invoice,S/FRA/2024/1048,A-V2024-00005888739,"",sent,""
1,22386,in_invoice,S/FRA/2024/1045,FAC-1611,"",sent,""
1,4069,in_invoice,S/FRA/2022/0185,81200,"",sent,""
1,22466,in_invoice,S/FRA/2025/0045,ES5CVSABEY,"",sent,""
1,21636,in_invoice,S/FRA/2024/0925,140766,"",sent,""
1,18343,in_invoice,S/FRA/2024/0282,FV21773,Mantenimiento Odoo,sent,""
1,18332,in_invoice,S/FRA/2024/0281,FV21804,Mantenimiento Odoo,sent,""
1,4258,in_invoice,S/FRA/2022/0235,FRO20220482607,"",sent,""
1,21674,in_invoice,S/FRA/2024/0907,T07621/24,"",sent,""
1,23161,in_invoice,S/FRA/2025/0131,1/2025,"",sent,""
1,23228,in_invoice,S/FRA/2025/0094,21250127010429610,"",sent,""
1,21910,in_invoice,S/FRA/2024/0967,S242008166,"",sent,""
1,13555,in_invoice,S/FRA/2023/0504,G230000203,"",sent,""
1,21673,in_invoice,S/FRA/2024/0908,CU189105,"",sent,""
1,22370,in_invoice,S/FRA/2025/0012,ES59MNABEY,"",sent,""
1,6632,in_invoice,S/FRA/2022/0460,FD22-20760,"",sent,""
1,21882,in_invoice,S/FRA/2024/0999,002/24,"",sent,""
1,23178,in_invoice,S/FRA/2025/0122,1/2025,"",sent,""
1,6875,in_invoice,S/FRA/2022/0526,N210087881,"",sent,""
1,22740,in_invoice,S/FRA/2025/0041,OVIE-240604,2024,sent,""
1,21881,in_invoice,S/FRA/2024/1000,17/2024,"",sent,""
1,6519,in_invoice,S/FRA/2022/0417,22/5,"",sent,""
1,6520,in_invoice,S/FRA/2022/0466,22/11,"",sent,""
1,22801,in_invoice,S/FRA/2025/0034,5-2025,"",sent,""
1,6643,in_invoice,S/FRA/2022/0477,22/14,"",sent,""
1,7777,in_invoice,S/FRA/2022/0718,OC22/392,"",sent,""
1,22129,in_invoice,S/FRA/2024/1024,1,"",sent,""
1,21448,in_invoice,S/FRA/2024/0862,67,"",sent,""
1,21634,in_invoice,S/FRA/2024/0927,95-226312,"",sent,""
1,22008,in_invoice,S/FRA/2024/0991,2400016,"",sent,""
1,60,in_invoice,S/FRA/2021/0034,4-21,"",not_sent,""
1,6843,in_invoice,S/FRA/2022/0534,22/17,"",sent,""
1,8506,in_invoice,S/FRA/2022/0804,N-402/20,"",sent,""
1,21315,in_invoice,S/FRA/2024/0867,2-2024,"",sent,""
1,21914,in_invoice,S/FRA/2024/0993,2024-158,"",sent,""
1,20375,in_invoice,S/FRA/2024/0644,3615,"",sent,""
1,21921,in_invoice,S/FRA/2024/0992,10/2024,"",sent,""
1,21789,in_invoice,S/FRA/2024/0944,18,"",sent,""
1,9177,in_invoice,S/FRA/2022/1008,22/005,"",sent,""
1,23045,in_invoice,S/FRA/2025/0031,E250000222,"",sent,""
1,11268,in_invoice,S/FRA/2023/0233,000D001714,"",sent,""
1,6890,in_invoice,S/FRA/2022/0584,22/19,"",sent_modified,""
1,15086,in_invoice,S/FRA/2023/0972,000D003818,"",sent,""
1,15081,in_invoice,S/FRA/2023/0969,000D003817,"",sent,""
1,22414,in_invoice,S/FRA/2024/1059,14,"",sent,""
1,11454,in_invoice,S/FRA/2023/0235,B/523,"",sent,""
1,8433,in_invoice,S/FRA/2022/0777,22/27,"",sent,""
1,22050,in_invoice,S/FRA/2025/0006,INV-077710,"",sent,""
1,21671,in_invoice,S/FRA/2024/0910,7.712,"",sent,""
1,11612,in_invoice,S/FRA/2023/0331,B/614,"",sent,""
1,11688,in_invoice,S/FRA/2023/0367,000G003004,"",sent,""
1,8900,in_invoice,S/FRA/2022/0859,22/31,"",sent,""
1,11689,in_invoice,S/FRA/2023/0368,000D002432,"",sent,""
1,8901,in_invoice,S/FRA/2022/0892,22/38,"",sent,""
1,9247,in_invoice,S/FRA/2022/1021,22/43,"",sent,""
1,12276,in_invoice,S/FRA/2023/0400,000D002683,"",sent,""
1,23225,in_invoice,S/FRA/2025/0096,21250121010384166,"",sent,""
1,11636,in_invoice,S/FRA/2023/0334,6276,"",sent,""
1,22558,in_invoice,S/FRA/2025/0024,00142025,"",sent,""
1,15079,in_invoice,S/FRA/2023/0971,000G004537,"",sent,""
1,11637,in_invoice,S/FRA/2023/0333,556,"",sent,""
1,11654,in_invoice,S/FRA/2023/0340,B/671,"",sent,""
1,23173,in_invoice,S/FRA/2025/0127,FRO20250214749,"",sent,""
1,23184,in_invoice,S/FRA/2025/0145,001/25,"",sent,""
1,22425,in_invoice,S/FRA/2025/0014,A-21,"",sent,""
1,22371,in_invoice,S/FRA/2025/0011,ES59TIABEY,"",sent,""
1,21154,in_invoice,S/FRA/2024/0807,7.711 A,"",sent,""
1,14346,in_invoice,S/FRA/2023/0736,S230071810,"",not_sent,3000 | Factura duplicada
1,23046,in_invoice,S/FRA/2025/0049,TB-2025-F 5,"",sent,""
1,21455,in_invoice,S/FRA/2024/0896,24/ 679,"",sent,""
1,13554,in_invoice,S/FRA/2023/0505,L230107425,"",sent,""
1,23190,in_invoice,S/FRA/2025/0115,FRO20250156189,"",sent,""
1,14437,in_invoice,S/FRA/2023/0806,O230011434,"",not_sent,3000 | Factura duplicada
1,8522,in_invoice,S/FRA/2022/0790,AF/0938/01,"",sent,""
1,9281,in_invoice,S/FRA/2022/1081,22/22,"",sent,""
1,23419,in_invoice,S/FRA/2025/0156,R31000941360,"",sent,""
1,11675,in_invoice,S/FRA/2023/0358,23252,"",sent,""
1,23497,in_invoice,S/FRA/2025/0200,250202,"",sent,""
1,22419,in_invoice,S/FRA/2024/1054,001742,"",sent,""
1,22074,in_invoice,S/FRA/2025/0005,ES53ORABEY,"",sent,""
1,23160,in_invoice,S/FRA/2025/0132,01/2025,"",sent,""
1,23174,in_invoice,S/FRA/2025/0126,0001/2025,"",sent,""
1,23425,in_invoice,S/FRA/2025/0211,20240720,"",sent,""
1,23352,in_invoice,S/FRA/2025/0178,702,"",sent,""
1,22045,in_invoice,S/FRA/2025/0001,24,"",sent,""
1,23458,in_invoice,S/FRA/2025/0210,OO202501,"",sent,""
1,23460,in_invoice,S/FRA/2025/0208,2/2025,"",sent,""
1,23461,in_invoice,S/FRA/2025/0207,3/2025,"",sent,""
1,12270,in_invoice,S/FRA/2023/0402,FA 231442,"",sent,""
1,23360,in_invoice,S/FRA/2025/0213,TB-2025-F 13,"",sent,""
1,20385,in_invoice,S/FRA/2024/0655,FMI/6844,"",sent,""
1,23351,in_invoice,S/FRA/2025/0187,#FA155696,"",sent,""
1,13227,in_invoice,S/FRA/2023/0523,20230258,"",sent,""
1,13234,in_invoice,S/FRA/2023/0521,23/1,"",sent,""
1,17211,in_invoice,S/FRA/2024/0154,H267237922,"",sent,""
1,17404,in_invoice,S/FRA/2024/0233,3275114824,"",sent_modified,""
1,13235,in_invoice,S/FRA/2023/0520,23/11,"",sent,""
1,13236,in_invoice,S/FRA/2023/0519,23/3,"",sent,""
1,13237,in_invoice,S/FRA/2023/0518,23/4,"",sent,""
1,13238,in_invoice,S/FRA/2023/0517,23/9,"",sent,""
1,23264,in_invoice,S/FRA/2025/0243,2025001478,"",sent,""
1,23267,in_invoice,S/FRA/2025/0085,3,"",sent,""
1,13239,in_invoice,S/FRA/2023/0516,23/10,"",sent,""
1,13240,in_invoice,S/FRA/2023/0515,23/13,"",sent,""
1,14407,in_invoice,S/FRA/2023/0799,23/17,"",not_sent,3000 | Factura duplicada
1,16220,in_invoice,S/FRA/2023/1161,23/14,"",sent,""
1,16221,in_invoice,S/FRA/2023/1162,23/15,"",sent,""
1,16222,in_invoice,S/FRA/2023/1165,23/18,"",sent,""
1,16224,in_invoice,S/FRA/2024/0141,24/1,"",sent,""
1,20386,in_invoice,S/FRA/2024/0588,24/5,"",sent,""
1,20387,in_invoice,S/FRA/2024/0582,24/9,"",sent,""
1,20388,in_invoice,S/FRA/2024/0586,24/11,"",sent,""
1,20389,in_invoice,S/FRA/2024/0584,24/17,"",sent,""
1,20390,in_invoice,S/FRA/2024/0585,24/18,"",sent,""
1,23262,in_invoice,S/FRA/2025/0088,2025000900,"",sent,""
1,23266,in_invoice,S/FRA/2025/0086,ITAF0000001386,"",sent,""
1,23268,in_invoice,S/FRA/2025/0084,FAV000000052025,"",sent,""
1,20392,in_invoice,S/FRA/2024/0590,24/19,"",sent,""
1,20393,in_invoice,S/FRA/2024/0587,24/26,"",sent,""
1,20394,in_invoice,S/FRA/2024/0589,24/28,"",sent,""
1,112,in_invoice,S/FRA/2021/0088,1HSN210200406194,"",not_sent,""
1,116,in_invoice,S/FRA/2021/0092,1HSN210200099721,"",not_sent,""
1,332,in_invoice,S/FRA/2021/0250,1HSN210600473090,"",not_sent,""
1,555,in_invoice,S/FRA/2021/0385,1HSN210800547132,"",sent,""
1,556,in_invoice,S/FRA/2021/0384,1HSN210800403945,"",sent,""
1,2489,in_invoice,S/FRA/2021/0593,1HSN211000363466,"",sent,""
1,21136,in_invoice,S/FRA/2024/0802,24/29,"",sent,""
1,25620,in_invoice,S/FRA/2025/0528,22161,"",sent,""
1,21137,in_invoice,S/FRA/2024/0801,24/30,"",sent,""
1,22179,in_invoice,S/FRA/2024/1025,24/36,"",sent,""
1,23197,in_invoice,S/FRA/2025/0109,2/2025,"",sent,""
1,22500,in_invoice,S/FRA/2025/0044,S/01-25,"",sent,""
1,118,in_invoice,S/FRA/2021/0093,1NSN210200118758,"",not_sent,""
1,127,in_invoice,S/FRA/2021/0115,1NSN210300463863,"",not_sent,""
1,2490,in_invoice,S/FRA/2021/0592,1HSN211000231303,"",sent,""
1,2491,in_invoice,S/FRA/2021/0603,1HSN210800068521,"",sent,""
1,4267,in_invoice,S/FRA/2022/0168,1HSN211100576139,"",sent,""
1,4268,in_invoice,S/FRA/2022/0181,1HSN220200018816,"",sent,""
1,4269,in_invoice,S/FRA/2022/0172,1HSN220100387121,"",sent,""
1,4270,in_invoice,S/FRA/2022/0169,1HSN211200038116,"",sent,""
1,6636,in_invoice,S/FRA/2022/0462,1HSN220300398523,"",sent,""
1,6638,in_invoice,S/FRA/2022/0465,1HSN220400015707,"",sent,""
1,6848,in_invoice,S/FRA/2022/0530,1HSN220500403312,"",sent,""
1,6849,in_invoice,S/FRA/2022/0532,1HSN220500489517,"",sent,""
1,9046,in_invoice,S/FRA/2022/0929,1HSN221000057655,"",sent,""
1,9047,in_invoice,S/FRA/2022/0928,1HSN220900180333,"",sent,""
1,9048,in_invoice,S/FRA/2022/0927,1HSN220901108847,"",sent,""
1,9049,in_invoice,S/FRA/2022/0926,1HSN220900338557,"",sent_modified,""
1,10635,in_invoice,S/FRA/2023/0112,1HSN221100521518,"",sent,""
1,10636,in_invoice,S/FRA/2023/0111,1HSN230200295323,"",sent,""
1,10637,in_invoice,S/FRA/2023/0110,1HSN221100401387,"",sent,""
1,10638,in_invoice,S/FRA/2023/0109,1HSN230100324844,"",sent,""
1,14349,in_invoice,S/FRA/2023/0739,1HSN230900327708,"",not_sent,3000 | Factura duplicada
1,14350,in_invoice,S/FRA/2023/0740,1HSN230700346487,"",not_sent,3000 | Factura duplicada
1,14352,in_invoice,S/FRA/2023/0741,HSN230500402126,"",not_sent,3000 | Factura duplicada
1,14359,in_invoice,S/FRA/2023/0737,1HSN230900419777,"",not_sent,3000 | Factura duplicada
1,14382,in_invoice,S/FRA/2023/0745,1HSN230700447805,"",not_sent,3000 | Factura duplicada
1,14383,in_invoice,S/FRA/2023/0746,1HSN230500482673,"",not_sent,3000 | Factura duplicada
1,14386,in_invoice,S/FRA/2023/0744,1HSN230300518935,"",not_sent,3000 | Factura duplicada
1,15236,in_invoice,S/FRA/2023/1000,1HSN231100390582,"",sent,""
1,15237,in_invoice,S/FRA/2023/0999,1HSN231100341268,"",sent,""
1,16619,in_invoice,S/FRA/2024/0083,1HSN240100270525,"",sent_modified,""
1,16620,in_invoice,S/FRA/2024/0082,1HSN240100395555,"",sent_modified,""
1,18291,in_invoice,S/FRA/2024/0278,1HSN240300324908,"",sent_modified,""
1,18293,in_invoice,S/FRA/2024/0279,1HSN240300373151,"",sent_modified,""
1,18998,in_invoice,S/FRA/2024/0368,1HSN240500294588,"",sent_modified,""
1,19000,in_invoice,S/FRA/2024/0366,1HSN240600047510,"",sent_modified,""
1,23561,in_invoice,S/FRA/2025/0215,25/02,"",sent,""
1,19372,in_invoice,S/FRA/2024/0429,1HSN240700328905,"",sent,""
1,19373,in_invoice,S/FRA/2024/0430,1HSN240800034069,"",sent,""
1,20152,in_invoice,S/FRA/2024/0544,1HSN240900285401,"",sent,""
1,22397,in_invoice,S/FRA/2024/1068,1HSN241000087917,"",sent,""
1,22399,in_invoice,S/FRA/2024/1036,1NSN241200072023,"",sent,""
1,22400,in_invoice,S/FRA/2024/1035,1NSN241200389668,"",sent,""
1,23459,in_invoice,S/FRA/2025/0209,1/2025,"",sent,""
1,13772,in_invoice,S/FRA/2023/0566,CF/0000046964-2023,"",sent,""
1,23469,in_invoice,S/FRA/2025/0204,F252093569,"",sent,""
1,23296,in_invoice,S/FRA/2025/0065,2025/001,"",sent,""
1,23297,in_invoice,S/FRA/2025/0064,2025/002,"",sent,""
1,23501,in_invoice,S/FRA/2025/0195,000G008561,"",sent,""
1,23317,in_invoice,S/FRA/2025/0058,2025-ENERO-001,"",sent,""
1,3953,in_invoice,S/FRA/2022/0094, ,"",sent,""
1,5867,in_invoice,S/FRA/2022/0411, ,"",sent_modified,""
1,6681,in_invoice,S/FRA/2022/0496,0960470063159,"",sent,""
1,11088,in_invoice,S/FRA/2023/0157,O781880106074,"",sent,""
1,17187,in_invoice,S/FRA/2024/0161,0781880106074,"",sent_modified,""
1,18545,in_invoice,S/FRA/2024/0294,0960470063159,"",sent,""
1,23274,in_invoice,S/FRA/2025/0078,3095222,"",sent,""
1,23043,in_invoice,S/FRA/2025/0189,FV21438,2024,sent,""
1,23198,in_invoice,S/FRA/2025/0108,0001/2025,"",sent,""
1,23182,in_invoice,S/FRA/2025/0121,000D007834,"",sent,""
1,23222,in_invoice,S/FRA/2025/0099,21250114010430374,"",sent,""
1,23342,in_invoice,S/FRA/2025/0185,2025001356,"",sent,""
1,23349,in_invoice,S/FRA/2025/0180,7,"",sent,""
1,23183,in_invoice,S/FRA/2025/0120,000G008332,"",sent,""
1,23347,in_invoice,S/FRA/2025/0188,202400060,"",sent,""
1,23343,in_invoice,S/FRA/2025/0184,A-V2025-00000196834,"",sent,""
1,23346,in_invoice,S/FRA/2025/0182,58/2024,"",sent,""
1,23372,in_invoice,S/FRA/2025/0172,INP001038400000000078,"",sent,""
1,23258,in_invoice,S/FRA/2025/0092,250012,"",sent,""
1,23504,in_invoice,S/FRA/2025/0192,1TSN250300014553,"",sent,""
1,23226,in_invoice,S/FRA/2025/0095,21250123010329196,"",sent,""
1,23344,in_invoice,S/FRA/2025/0183,A-V2025-00000214145,"",sent,""
1,23350,in_invoice,S/FRA/2025/0179,002-154313,"",sent,""
1,23219,in_invoice,S/FRA/2025/0102,21250108010441154,"",sent,""
1,23353,in_invoice,S/FRA/2025/0177,1629FAC,"",sent,""
1,23348,in_invoice,S/FRA/2025/0181,404-9764273-7464355,"",sent,""
1,23221,in_invoice,S/FRA/2025/0100,21250109010378239,"",sent,""
1,22394,in_invoice,S/FRA/2025/0009,A10019464143-0125,"",sent,""
1,23223,in_invoice,S/FRA/2025/0098,21250116010480108,"",sent,""
1,23224,in_invoice,S/FRA/2025/0097,21250117010390594,"",sent,""
1,22531,in_invoice,S/FRA/2025/0150,C-520,"",sent,""
1,23499,in_invoice,S/FRA/2025/0197,FRO20250387727,"",sent,""
1,22499,in_invoice,S/FRA/2025/0020,53,"",sent,""
1,23500,in_invoice,S/FRA/2025/0196,A2500994,"",sent,""
1,22497,in_invoice,S/FRA/2025/0017,406 A,"",sent,""
1,23038,in_invoice,S/FRA/2025/0050,8,"",sent,""
1,23369,in_invoice,S/FRA/2025/0175,025.002,"",sent,""
1,22496,in_invoice,S/FRA/2025/0018,G 04-25,"",sent,""
1,23377,in_invoice,S/FRA/2025/0168,672,"",sent,""
1,23498,in_invoice,S/FRA/2025/0198,3162526,"",sent,""
1,22197,in_invoice,S/FRA/2025/0002,2,2024,sent,""
1,23370,in_invoice,S/FRA/2025/0174,I-2024-010861,"",sent,""
1,22449,in_invoice,S/FRA/2025/0046,ES5BC5ABEY,"",sent,""
1,23130,in_invoice,S/FRA/2025/0025,05/2025,"",sent,""
1,23371,in_invoice,S/FRA/2025/0173,I-2024-010862,"",sent,""
1,23374,in_invoice,S/FRA/2025/0170,402-8296793-4357120,"",sent,""
1,23414,in_invoice,S/FRA/2025/0161,R31000855899,"",sent,""
1,22448,in_invoice,S/FRA/2025/0149,07/2025/01,"",sent,""
1,23373,in_invoice,S/FRA/2025/0171,INP014038400000000093,"",sent,""
1,23376,in_invoice,S/FRA/2025/0169,02.0711.2025.F.000001,"",sent,""
1,22465,in_invoice,S/FRA/2025/0023,250031,"",sent,""
1,23378,in_invoice,S/FRA/2025/0167,24-0224-S1,"",sent,""
1,23413,in_invoice,S/FRA/2025/0162,R31000840743,"",sent,""
1,27189,in_invoice,/,"","",not_sent,""
1,22498,in_invoice,S/FRA/2025/0021,291,"",sent,""
1,23417,in_invoice,S/FRA/2025/0158,R31000910929,"",sent,""
1,23410,in_invoice,S/FRA/2025/0165,R31000794276,"",sent,""
1,24603,in_invoice,S/FRA/2025/0370,A-1024,"",sent,""
1,23412,in_invoice,S/FRA/2025/0163,R31000824472,"",sent,""
1,23411,in_invoice,S/FRA/2025/0164,R31000808223,"",sent,""
1,23416,in_invoice,S/FRA/2025/0159,R31000889060,"",sent,""
1,23128,in_invoice,S/FRA/2025/0027,03/2025,"",sent,""
1,23175,in_invoice,S/FRA/2025/0125,2025-12,"",sent,""
1,23415,in_invoice,S/FRA/2025/0160,R31000872464,"",sent,""
1,23418,in_invoice,S/FRA/2025/0157,R31000924146,"",sent,""
1,23127,in_invoice,S/FRA/2025/0028,02/2025,"",sent,""
1,21541,in_invoice,S/FRA/2025/0019,268/E,2024,sent,""
1,21458,in_invoice,S/FRA/2024/0893,FM24-2820,"",sent,""
1,27097,in_invoice,S/FRA/2025/0807,AF/3421/01,"",not_sent,""
1,21457,in_invoice,S/FRA/2024/0894,FM24-2752,"",sent,""
1,22408,in_invoice,S/FRA/2024/1062,24/844,"",sent,""
1,20313,in_invoice,S/FRA/2024/0609,FMI/5845,"",sent,""
1,23420,in_invoice,S/FRA/2025/0155,R31000958072,"",sent,""
1,22420,in_invoice,S/FRA/2024/1030,1760-2024,"",sent,""
1,22798,in_invoice,S/FRA/2025/0151,A2402942,2024,sent,""
1,23158,in_invoice,S/FRA/2025/0148,ES5S4ZABEY,"",sent,""
1,23423,in_invoice,S/FRA/2025/0153,05022025,"",sent,""
1,23189,in_invoice,S/FRA/2025/0146,B/2610,"",sent,""
1,23202,in_invoice,S/FRA/2025/0142,25/346,"",sent,""
1,22417,in_invoice,S/FRA/2024/1056,FM24-3086,"",sent,""
1,23192,in_invoice,S/FRA/2025/0144,D25 043,"",sent,""
1,22416,in_invoice,S/FRA/2024/1057,FM24-3020,"",sent_modified,""
1,22426,in_invoice,S/FRA/2024/1027,FRO20250006891,"",sent_modified,""
1,23162,in_invoice,S/FRA/2025/0130,2025-0001,"",sent,""
1,23176,in_invoice,S/FRA/2025/0124,2025-13,"",sent,""
1,22739,in_invoice,S/FRA/2025/0042,OVIE-240648,"",sent,""
1,23214,in_invoice,S/FRA/2025/0141,1,"",sent,""
1,23172,in_invoice,S/FRA/2025/0128,01/2025,"",sent,""
1,14167,in_invoice,S/FRA/2023/0767,20230463,"",not_sent,3000 | Factura duplicada
1,23333,in_invoice,S/FRA/2025/0057,2024001312,"",sent,""
1,14171,in_invoice,S/FRA/2023/0766,20230471,"",not_sent,3000 | Factura duplicada
1,23328,in_invoice,S/FRA/2025/0135,1TSN250200214707,"",sent,""
1,20680,in_invoice,S/FRA/2024/0725,62,"",sent,""
1,23191,in_invoice,S/FRA/2025/0114,709 A,"",sent,""
1,14172,in_invoice,S/FRA/2023/0764,A/11,"",not_sent,3000 | Factura duplicada
1,14174,in_invoice,S/FRA/2023/0735,A-V2023-00004103408,"",not_sent,3000 | Factura duplicada
1,22409,in_invoice,S/FRA/2024/1061,24/845,"",sent,""
1,14177,in_invoice,S/FRA/2023/0666,30/23,"",not_sent,3000 | Factura duplicada
1,21965,in_invoice,S/FRA/2024/0974,FO4/2261,"",sent,""
1,20300,in_invoice,S/FRA/2024/0595,A 240393,"",sent,""
1,14178,in_invoice,S/FRA/2023/0769,20230493,"",not_sent,3000 | Factura duplicada
1,20377,in_invoice,S/FRA/2024/0649,2024063779,"",sent,""
1,21082,in_invoice,S/FRA/2024/0788,000D006948,"",sent_modified,""
1,20378,in_invoice,S/FRA/2024/0650,66862,"",sent,""
1,20301,in_invoice,S/FRA/2024/0604,000002 TB 008878,"",sent,""
1,14186,in_invoice,S/FRA/2023/0716,INV-ES-1358597665-2023-5,"",not_sent,3000 | Factura duplicada
1,14190,in_invoice,S/FRA/2023/0698,INV-ES-100046381-2022-421,"",not_sent,3000 | Factura duplicada
1,14192,in_invoice,S/FRA/2023/0691,INV-ES-169291761-2022-68,"",not_sent,3000 | Factura duplicada
1,14193,in_invoice,S/FRA/2023/0752,INV-ES-132325241-2022-2473,"",not_sent,3000 | Factura duplicada
1,14194,in_invoice,S/FRA/2023/0706,INV-ES-144348211-2022-32051,"",not_sent,3000 | Factura duplicada
1,20674,in_invoice,S/FRA/2024/0731,002-0010-095721,"",sent,""
1,20210,in_invoice,S/FRA/2024/0666,C4/106771,"",sent,""
1,20704,in_invoice,S/FRA/2024/0797,FRO20241848771,"",sent,""
1,23193,in_invoice,S/FRA/2025/0113,1-2025,"",sent,""
1,14203,in_invoice,S/FRA/2023/0762,INV-ES-863703575-2022-612,"",not_sent,3000 | Factura duplicada
1,14204,in_invoice,S/FRA/2023/0725,INV-ES-1374853015-2022-74,"",not_sent,3000 | Factura duplicada
1,19702,in_invoice,S/FRA/2024/0465,79,"",sent,""
1,14207,in_invoice,S/FRA/2023/0757,INV-ES-825432945-2022-2672,"",not_sent,3000 | Factura duplicada
1,20198,in_invoice,S/FRA/2024/0745,24/323,"",sent,""
1,20153,in_invoice,S/FRA/2024/0545,ES44J0HABEY,"",sent,""
1,21919,in_invoice,S/FRA/2024/0977,ES46GNIABEY,"",sent,""
1,14210,in_invoice,S/FRA/2023/0692,INV-FR-1553285465-2022-6,"",not_sent,3000 | Factura duplicada
1,14239,in_invoice,S/FRA/2023/0688,INV-ES-1154066865-2022-23,"",not_sent,3000 | Factura duplicada
1,21085,in_invoice,S/FRA/2024/0785,000D006950,"",sent,""
1,21456,in_invoice,S/FRA/2024/0895,24/ 680,"",sent,""
1,14242,in_invoice,S/FRA/2023/0763,INV-DE-1621908995-2022-84,"",not_sent,3000 | Factura duplicada
1,21891,in_invoice,S/FRA/2024/0957,198/2024,"",sent,""
1,14243,in_invoice,S/FRA/2023/0694,INV-ES-496348575-2022-3891,"",not_sent,3000 | Factura duplicada
1,20369,in_invoice,S/FRA/2024/0641,C4/110545,"",sent,""
1,27023,in_invoice,S/FRA/2025/0808,AF/3413/01,"",not_sent,""
1,21915,in_invoice,S/FRA/2024/0963,2024001230,"",sent,""
1,14245,in_invoice,S/FRA/2023/0708,INV-DE-1302236705-2022-578,"",not_sent,3000 | Factura duplicada
1,23194,in_invoice,S/FRA/2025/0112,2025-001,"",sent,""
1,14246,in_invoice,S/FRA/2023/0731,INV-ES-1006322305-2022-145,"",not_sent,3000 | Factura duplicada
1,21916,in_invoice,S/FRA/2024/0962,2024001229,"",sent,""
1,21001,in_invoice,S/FRA/2024/0933,FA 242490,"",sent,""
1,22759,in_invoice,S/FRA/2025/0038,2024001231,"",sent,""
1,23215,in_invoice,S/FRA/2025/0105,D3/2025,"",sent,""
1,23275,in_invoice,S/FRA/2025/0077,2504,"",sent,""
1,23313,in_invoice,S/FRA/2025/0060,1,"",sent,""
1,14247,in_invoice,S/FRA/2023/0645,PL2541YKAEUI,"",sent,""
1,14248,in_invoice,S/FRA/2023/0710,INV-PL-156038211-2022-342,"",not_sent,3000 | Factura duplicada
1,21454,in_invoice,S/FRA/2024/0897,24/ 678,"",sent,""
1,20211,in_invoice,S/FRA/2024/0667,A 240383,"",sent,""
1,14249,in_invoice,S/FRA/2023/0718,INV-ES-759425445-2022-148,"",not_sent,3000 | Factura duplicada
1,14250,in_invoice,S/FRA/2023/0755,INV-ES-149065261-2022-54,"",not_sent,3000 | Factura duplicada
1,14252,in_invoice,S/FRA/2023/0707,INV-ES-1629590085-2022-4,"",not_sent,3000 | Factura duplicada
1,23195,in_invoice,S/FRA/2025/0111,2/2025,"",sent,""
1,14253,in_invoice,S/FRA/2023/0700,INV-DE-396694085-2022-507,"",not_sent,3000 | Factura duplicada
1,22178,in_invoice,S/FRA/2024/1026,024.079,"",sent,""
1,23276,in_invoice,S/FRA/2025/0076,2503,"",sent,""
1,23294,in_invoice,S/FRA/2025/0067,2025/1,"",sent,""
1,14254,in_invoice,S/FRA/2023/0689,INV-DE-786379855-2022-262,"",not_sent,3000 | Factura duplicada
1,22009,in_invoice,S/FRA/2024/0990,11-2024,"",sent,""
1,23278,in_invoice,S/FRA/2025/0074,2,"",sent,""
1,23299,in_invoice,S/FRA/2025/0062,40,"",sent,""
1,21890,in_invoice,S/FRA/2024/0954,0222-2024,"",sent,""
1,23217,in_invoice,S/FRA/2025/0104,25-0001,"",sent,""
1,23218,in_invoice,S/FRA/2025/0103,1,"",sent,""
1,23270,in_invoice,S/FRA/2025/0082,04-2025,"",sent,""
1,23257,in_invoice,S/FRA/2025/0093,1/25,"",sent,""
1,23293,in_invoice,S/FRA/2025/0068,D5/2025,"",sent,""
1,14255,in_invoice,S/FRA/2023/0730,INV-DE-1360058655-2022-87,"",not_sent,3000 | Factura duplicada
1,23295,in_invoice,S/FRA/2025/0066,FA25/55,"",sent,""
1,23272,in_invoice,S/FRA/2025/0080,032,"",sent,""
1,23273,in_invoice,S/FRA/2025/0079,00430000010770,"",sent,""
1,23315,in_invoice,S/FRA/2025/0059,01/2025,"",sent,""
1,14256,in_invoice,S/FRA/2023/0711,INV-PL-156038211-2022-341,"",not_sent,3000 | Factura duplicada
1,23277,in_invoice,S/FRA/2025/0075,2505,"",sent,""
1,23298,in_invoice,S/FRA/2025/0063,TRK-25-0094,"",sent,""
1,20314,in_invoice,S/FRA/2024/0613,A 240488,"",sent,""
1,23300,in_invoice,S/FRA/2025/0061,41,"",sent,""
1,20809,in_invoice,S/FRA/2024/0756,1963404,"",sent_modified,""
1,14259,in_invoice,S/FRA/2023/0722,INV-PL-387194815-2022-1548,"",not_sent,3000 | Factura duplicada
1,14260,in_invoice,S/FRA/2023/0724,INV-ES-1150084045-2022-1267,"",not_sent,3000 | Factura duplicada
1,14261,in_invoice,S/FRA/2023/0720,INV-ES-160588101-2022-686,"",not_sent,3000 | Factura duplicada
1,23357,in_invoice,S/FRA/2025/0056,A10019502227-0225,"",sent,""
1,23795,in_invoice,S/FRA/2025/0265,0410002473,"",sent,""
1,23362,in_invoice,S/FRA/2025/0054,OVIE-250040,"",sent,""
1,16424,in_invoice,S/FRA/2024/0044,24/287,"",sent,""
1,16422,in_invoice,S/FRA/2024/0122,24/285,"",sent,""
1,21086,in_invoice,S/FRA/2024/0784,000D006951,"",sent,""
1,20703,in_invoice,S/FRA/2024/0755,NN-24-35833,"",sent,""
1,20984,in_invoice,S/FRA/2024/0762,000273,"",sent,""
1,20212,in_invoice,S/FRA/2024/0668,A 240386,"",sent,""
1,20557,in_invoice,S/FRA/2024/0706,1155,"",sent,""
1,14264,in_invoice,S/FRA/2023/0719,INV-ES-759425445-2022-149,"",not_sent,3000 | Factura duplicada
1,14265,in_invoice,S/FRA/2023/0726,RE202240101390,"",not_sent,3000 | Factura duplicada
1,20373,in_invoice,S/FRA/2024/0645,3559,"",sent,""
1,20654,in_invoice,S/FRA/2024/0741,ES45285ABEY,"",sent,""
1,14267,in_invoice,S/FRA/2023/0713,INV-ES-1381218625-2021-238,"",not_sent,3000 | Factura duplicada
1,20368,in_invoice,S/FRA/2024/0640,240008800,"",sent,""
1,14268,in_invoice,S/FRA/2023/0714,INV-ES-1381218625-2021-239,"",not_sent,3000 | Factura duplicada
1,20745,in_invoice,S/FRA/2024/0796,1370-2024,"",sent,""
1,14283,in_invoice,S/FRA/2023/0761,INV-ES-113736931-2021-382,"",not_sent,3000 | Factura duplicada
1,14295,in_invoice,S/FRA/2023/0687,INV-ES-132325241-2021-1586,"",not_sent,3000 | Factura duplicada
1,23259,in_invoice,S/FRA/2025/0091,A/000202/24,"",sent,""
1,21088,in_invoice,S/FRA/2024/0782,000G007543,"",sent,""
1,21087,in_invoice,S/FRA/2024/0783,000G007542,"",sent,""
1,14296,in_invoice,S/FRA/2023/0686,INV-ES-132325241-2021-216,"",not_sent,3000 | Factura duplicada
1,14297,in_invoice,S/FRA/2023/0729,INV-ES-695505325-2021-916,"",not_sent,3000 | Factura duplicada
1,21121,in_invoice,S/FRA/2024/0776,4.401/F,"",sent,""
1,14298,in_invoice,S/FRA/2023/0721,INV-ES-781652505-2021-399,"",not_sent,3000 | Factura duplicada
1,14299,in_invoice,S/FRA/2023/0727,INV-ES-1358135535-2021-110,"",not_sent,3000 | Factura duplicada
1,14300,in_invoice,S/FRA/2023/0684,INV-IT-144348211-2021-5891,"",not_sent,3000 | Factura duplicada
1,22412,in_invoice,S/FRA/2024/1031,FO4/1892,"",sent,""
1,14312,in_invoice,S/FRA/2023/0715,INV-IT-1520469535-2021-328,"",not_sent,3000 | Factura duplicada
1,14315,in_invoice,S/FRA/2023/0728,INV-FR-158081161-2021-547879,"",not_sent,3000 | Factura duplicada
1,20372,in_invoice,S/FRA/2024/0642,C4/109733,"",sent,""
1,21152,in_invoice,S/FRA/2024/0811,2024001048,"",sent,""
1,20337,in_invoice,S/FRA/2024/0630,C4/110286,"",sent,""
1,20371,in_invoice,S/FRA/2024/0631,C4/109326,"",sent,""
1,20370,in_invoice,S/FRA/2024/0643,C4/109612,"",sent,""
1,21668,in_invoice,S/FRA/2024/0912,8839/24,"",sent,""
1,14318,in_invoice,S/FRA/2023/0699,INV-ES-400346245-2022-557,"",not_sent,3000 | Factura duplicada
1,21935,in_invoice,S/FRA/2024/1022,682591,"",sent,""
1,21955,in_invoice,S/FRA/2024/0970,024.076,"",sent,""
1,20556,in_invoice,S/FRA/2024/0702,F146-2024,"",sent,""
1,20339,in_invoice,S/FRA/2024/0636,09414001292,"",sent,""
1,20374,in_invoice,S/FRA/2024/0646,3616,"",sent,""
1,21633,in_invoice,S/FRA/2024/0928,09424007615,"",sent,""
1,21790,in_invoice,S/FRA/2024/0952,0212-2024,"",sent,""
1,14320,in_invoice,S/FRA/2023/0712,INV-ES-404257235-2021-290,"",not_sent,3000 | Factura duplicada
1,14322,in_invoice,S/FRA/2023/0717,INV-DE-403643395-2022-75,"",not_sent,3000 | Factura duplicada
1,14328,in_invoice,S/FRA/2023/0760,INV-ES-113736931-2022-39,"",not_sent,3000 | Factura duplicada
1,22413,in_invoice,S/FRA/2024/1060,24/0540,"",sent,""
1,14411,in_invoice,S/FRA/2023/0784,FV/2023/14094,WZ13348 GBOARCIEA,not_sent,3000 | Factura duplicada
1,21808,in_invoice,S/FRA/2024/0951,34/2024,"",sent,""
1,20326,in_invoice,S/FRA/2024/0623,FAC-1562,"",sent,""
1,20340,in_invoice,S/FRA/2024/0637,20240543,"",sent,""
1,21632,in_invoice,S/FRA/2024/0929,20240620,"",sent,""
1,14637,in_invoice,S/FRA/2023/0833,0052498612,"",not_sent,3000 | Factura duplicada
1,14638,in_invoice,S/FRA/2023/0839,77337/1,"",not_sent,3000 | Factura duplicada
1,21380,in_invoice,S/FRA/2024/0865,TB-2024-F 49,"",sent,""
1,14639,in_invoice,S/FRA/2023/0838,90003191,"",not_sent,3000 | Factura duplicada
1,14640,in_invoice,S/FRA/2023/0818,233/544,"",not_sent,3000 | Factura duplicada
1,14642,in_invoice,S/FRA/2023/0817,1 23 0005 0003612583,"",not_sent,3000 | Factura duplicada
1,20410,in_invoice,S/FRA/2024/0812,6.996 A,"",sent,""
1,19288,in_invoice,S/FRA/2024/0398,2024/10,"",sent,""
1,14644,in_invoice,S/FRA/2023/0832,A-V2023-00004580057,"",not_sent,3000 | Factura duplicada
1,14645,in_invoice,S/FRA/2023/0831,FAV000001692022,"",not_sent,3000 | Factura duplicada
1,14646,in_invoice,S/FRA/2023/0835,0014,"",not_sent,1117 | Error en el bloque de la Contraparte. El NIF no esta identif
1,14958,in_invoice,S/FRA/2023/0903,2023019441,"",sent,""
1,20558,in_invoice,S/FRA/2024/0703,16/24,"",sent,""
1,20623,in_invoice,S/FRA/2024/1010,TV-010869,"",sent,""
1,21686,in_invoice,S/FRA/2024/0905,1188,"",sent,""
1,14960,in_invoice,S/FRA/2023/0900,2023018459,"",sent,""
1,14961,in_invoice,S/FRA/2023/0902,2023018691,"",sent,""
1,21647,in_invoice,S/FRA/2024/0916,ES464EBABEY,"",sent,""
1,21631,in_invoice,S/FRA/2024/1007,INV/2024/09252,INV/2024/09252,sent,""
1,21537,in_invoice,S/FRA/2024/0901,E/-19,"",sent,""
1,14962,in_invoice,S/FRA/2023/0923,0001TB204464,"",sent,""
1,21648,in_invoice,S/FRA/2024/0915,2024-O01,"",sent,""
1,21722,in_invoice,S/FRA/2024/0969,111/EST,"",sent,""
1,20536,in_invoice,S/FRA/2024/0704,024.060,"",sent,""
1,14963,in_invoice,S/FRA/2023/0897,FAC-1420,"",sent,""
1,21178,in_invoice,S/FRA/2024/0838,003.11.2024,"",sent,""
1,21557,in_invoice,S/FRA/2024/0878,ES45ZORABEY,"",sent,""
1,14965,in_invoice,S/FRA/2023/0901,2023019630,"",sent,""
1,21218,in_invoice,S/FRA/2024/0820,18/2024,"",sent,""
1,14966,in_invoice,S/FRA/2023/1009,00001/18738,"",sent,""
1,20447,in_invoice,S/FRA/2024/0698,D24 439,"",sent,""
1,14967,in_invoice,S/FRA/2023/0931,101761E12,"",sent,""
1,21728,in_invoice,S/FRA/2024/0978,00006985,"",sent,""
1,14968,in_invoice,S/FRA/2023/0920,A-V2023-00005149586,"",sent,""
1,9188,in_invoice,S/FRA/2022/0988,AF/1724/02,"",sent,""
1,14972,in_invoice,S/FRA/2023/1066,53,"",sent,""
1,14973,in_invoice,S/FRA/2023/0938,FAV000001752022,"",sent,""
1,14976,in_invoice,S/FRA/2023/0951,011F/1373,"",sent,""
1,14977,in_invoice,S/FRA/2023/0943,F000101-114,"",sent,""
1,14980,in_invoice,S/FRA/2023/0958,5757048,"",sent,""
1,22177,in_invoice,S/FRA/2024/1023,FA24/654,"",sent,""
1,14982,in_invoice,S/FRA/2023/0965,A83656,"",sent,""
1,14983,in_invoice,S/FRA/2023/0964,A85395,"",sent,""
1,21540,in_invoice,S/FRA/2024/0871,162 * 12 / 24,"",sent,""
1,21150,in_invoice,S/FRA/2024/0798,240150,"",sent_modified,""
1,20383,in_invoice,S/FRA/2024/0656,FMI/6514,"",sent,""
1,15003,in_invoice,S/FRA/2023/1007,1/2023,"",sent,""
1,21379,in_invoice,S/FRA/2024/0866,TB-2024-F 48,"",sent,""
1,21731,in_invoice,S/FRA/2024/0946,0001,"",sent,""
1,20341,in_invoice,S/FRA/2024/0638,240008844,"",sent,""
1,21675,in_invoice,S/FRA/2024/0934,24-0046,"",sent,""
1,20230,in_invoice,S/FRA/2024/0671,ES44M3LABEY,"",sent_modified,""
1,20504,in_invoice,S/FRA/2024/0700,2024 A 0000201,"",sent,""
1,20986,in_invoice,S/FRA/2024/0794,ES4567YABEY,"",sent,""
1,16017,in_invoice,S/FRA/2023/1075,70774738,"",sent,""
1,18856,in_invoice,S/FRA/2024/0318,98/2024,"",sent,""
1,16020,in_invoice,S/FRA/2023/1065,0-2023-FC-881,"",sent,""
1,20673,in_invoice,S/FRA/2024/0732,2024019231,"",sent,""
1,20384,in_invoice,S/FRA/2024/0654,FMI/7099,"",sent,""
1,20333,in_invoice,S/FRA/2024/0624,11-24/00688,"",sent,""
1,20312,in_invoice,S/FRA/2024/0593,240027293,"",sent,""
1,20309,in_invoice,S/FRA/2024/0594,A 240458,"",sent,""
1,16021,in_invoice,S/FRA/2023/1073,233/858,"",sent,""
1,20425,in_invoice,S/FRA/2024/0744,00005742,"",sent,""
1,21192,in_invoice,S/FRA/2024/0814,ES45HYIABEY,"",sent,""
1,21538,in_invoice,S/FRA/2024/0873,B/2458,"",sent_modified,""
1,16022,in_invoice,S/FRA/2023/1080,A 23002305,"",sent,""
1,16023,in_invoice,S/FRA/2023/1078,24536,"",sent,""
1,20342,in_invoice,S/FRA/2024/0639,240008767,"",sent,""
1,16025,in_invoice,S/FRA/2023/1085,A 404,"",sent,""
1,20318,in_invoice,S/FRA/2024/0580,65175,"",sent,""
1,16027,in_invoice,S/FRA/2023/1097,233/915,"",sent,""
1,16028,in_invoice,S/FRA/2023/1102,233/930,"",sent,""
1,21519,in_invoice,S/FRA/2024/0874,ES45XUHABEY,"",sent,""
1,20332,in_invoice,S/FRA/2024/0625,11-24/00687,"",sent,""
1,22384,in_invoice,S/FRA/2024/1047,79,"",sent,""
1,16029,in_invoice,S/FRA/2023/1105,233/936,"",sent,""
1,16031,in_invoice,S/FRA/2023/1076,OVD0201/2023/TK028583,"",sent,""
1,20297,in_invoice,S/FRA/2024/0620,259,"",sent_modified,""
1,16032,in_invoice,S/FRA/2023/1079,2023021467,"",sent,""
1,16033,in_invoice,S/FRA/2023/1084,A-V2023-00005377969,"",sent,""
1,16035,in_invoice,S/FRA/2023/1083,I513504F0000262,"",sent,""
1,16037,in_invoice,S/FRA/2023/1086,98/23,"",sent,""
1,16040,in_invoice,S/FRA/2023/1089,20230635,"",sent,""
1,16042,in_invoice,S/FRA/2023/1098,2023/00200/00000340,"",sent,""
1,16045,in_invoice,S/FRA/2023/1100,0070/02/2023/0000046,"",sent,""
1,16046,in_invoice,S/FRA/2023/1107,A-V2023-00005585938,"",sent,""
1,20675,in_invoice,S/FRA/2024/0730,A/ 3062 /2024,"",sent,""
1,16048,in_invoice,S/FRA/2023/1104,002-02-002132,"",sent,""
1,20338,in_invoice,S/FRA/2024/0635,A 240499,"",sent,""
1,16049,in_invoice,S/FRA/2023/1110,A/000136/23,"",sent,""
1,20330,in_invoice,S/FRA/2024/0627,145285,"",sent,""
1,20306,in_invoice,S/FRA/2024/0602,A 240408,"",sent,""
1,20317,in_invoice,S/FRA/2024/0608,A 240494,"",sent,""
1,16052,in_invoice,S/FRA/2023/1118,A-V2023-00005687515,"",sent,""
1,20380,in_invoice,S/FRA/2024/0652,FMI/6430,"",sent,""
1,17406,in_invoice,S/FRA/2024/0222,FA#2020/19126901,"",sent,""
1,17407,in_invoice,S/FRA/2024/0221,2020/19127034,"",sent,""
1,17408,in_invoice,S/FRA/2024/0232,ESINV20000001239930,"",sent,""
1,27051,in_invoice,S/FRA/2025/0810,25F-202-000545,"",not_sent,""
1,17411,in_invoice,S/FRA/2024/0229,13698607,"",sent,""
1,17412,in_invoice,S/FRA/2024/0228,11-220338,"",sent,""
1,17413,in_invoice,S/FRA/2024/0227,1 22 0005 0003645013,"",sent,""
1,20327,in_invoice,S/FRA/2024/0622,BL7/2024/2/19197,"",sent,""
1,17415,in_invoice,S/FRA/2024/0225,1 23 0005 0003308099,"",sent,""
1,20398,in_invoice,S/FRA/2024/0660,000002 TB 012222,"",sent,""
1,20331,in_invoice,S/FRA/2024/0626,2024017459,"",sent,""
1,13242,in_invoice,S/FRA/2023/0513,23-0042,"",sent,""
1,20328,in_invoice,S/FRA/2024/0621,2024/00200/00000232,"",sent,""
1,11665,in_invoice,S/FRA/2023/0381,OVIE-230108,"",sent_modified,""
1,14142,in_invoice,S/FRA/2023/0605,ES224DDBAEUI,NEXT,sent,""
1,8266,in_invoice,S/FRA/2022/0787,N-579/22,"",sent,""
1,20208,in_invoice,S/FRA/2024/0628,000002 TB 008525,"",sent,""
1,12254,in_invoice,S/FRA/2023/0385,2370007402,"",sent,""
1,19031,in_invoice,S/FRA/2024/1070,4049,"",not_sent,""
1,20395,in_invoice,S/FRA/2024/0657,000002 TB 011683,"",sent,""
1,21887,in_invoice,S/FRA/2024/0996,04/2024,"",sent,""
1,20325,in_invoice,S/FRA/2024/0633,240008988,"",sent,""
1,20277,in_invoice,S/FRA/2024/0569,2024/010,"",sent,""
1,20299,in_invoice,S/FRA/2024/0605,000002 TB 008791,"",sent,""
1,20391,in_invoice,S/FRA/2024/0648,000002 TB 011439,"",sent,""
1,20335,in_invoice,S/FRA/2024/0629,000002 TB 012850,"",sent,""
1,20305,in_invoice,S/FRA/2024/0607,FMI/5086,"",sent,""
1,18339,in_invoice,S/FRA/2024/0276,9/2023,"",sent,""
1,14202,in_invoice,S/FRA/2023/0756,INV-ES-139756521-2022-2343,NEXT,not_sent,3000 | Factura duplicada
1,23682,in_invoice,S/FRA/2025/0225,F250008,"",sent,""
1,19877,in_invoice,S/FRA/2024/0663,FA004485,"",sent_modified,""
1,20379,in_invoice,S/FRA/2024/0651,FMI/6886,"",sent,""
1,20003,in_invoice,S/FRA/2024/0617,CF/0000044696-2024,"",sent,""
1,27027,in_invoice,S/FRA/2025/0779,AF/3416/01,"",not_sent,""
1,13566,in_invoice,S/FRA/2023/0494,23-0027,NEXT,sent_modified,""
1,18279,in_invoice,S/FRA/2024/0266,23ES00331130028785,"",sent_w_errors,2024 | El valor de ImporteTotal no coincide con el sumatorio de Bas
1,19937,in_invoice,S/FRA/2024/0670,ES448VDABEY,"",sent,""
1,20676,in_invoice,S/FRA/2024/0729,12383/100000033,"",sent,""
1,10941,in_invoice,S/FRA/2023/0132,ES3823ABEY,NEXT,sent_modified,""
1,19982,in_invoice,S/FRA/2024/0513,121-2024,"",sent,""
1,27052,in_invoice,S/FRA/2025/0812,2025-008,"",not_sent,""
1,21275,in_invoice,S/FRA/2024/1008,8D330CF5-0002,"",sent,""
1,14196,in_invoice,S/FRA/2023/0693,FR21TEBJ8AEUI,NEXT,not_sent,3000 | Factura duplicada
1,14187,in_invoice,S/FRA/2023/0690,INV-ES-142999071-2023-2072,NEXT,not_sent,3000 | Factura duplicada
1,14262,in_invoice,S/FRA/2023/0732,INV-ES-308816695-2022-1222,NEXT,not_sent,3000 | Factura duplicada
1,19909,in_invoice,S/FRA/2024/0504,ES447JZABEY,"",sent,""
1,20655,in_invoice,S/FRA/2024/0740,49486,"",sent,""
1,22411,in_invoice,S/FRA/2024/1032,4241100088,"",sent,""
1,19910,in_invoice,S/FRA/2024/0501,ES447LQABEY,"",sent,""
1,14164,in_invoice,S/FRA/2023/0709,INV-PL-1405939325-2023-105,NEXT,not_sent,3000 | Factura duplicada
1,19932,in_invoice,S/FRA/2024/0669,2,"",sent,""
1,14119,in_invoice,S/FRA/2023/0637,ES31CFXABEY,NEXT,sent_modified,""
1,20657,in_invoice,S/FRA/2024/0738,4240900076,"",sent,""
1,14163,in_invoice,S/FRA/2023/0771,INV-DE-148773751-2023-860,NEXT,not_sent,3000 | Factura duplicada
1,20656,in_invoice,S/FRA/2024/0739,49487,"",sent,""
1,14166,in_invoice,S/FRA/2023/0703,INV-DE-1857833635-2023-434,NEXT,not_sent,3000 | Factura duplicada
1,19912,in_invoice,S/FRA/2024/0475,3243,"",sent,""
1,20407,in_invoice,S/FRA/2024/0672,6.446 A,"",sent,""
1,19855,in_invoice,S/FRA/2024/0506,FAO241834,"",sent,""
1,14185,in_invoice,S/FRA/2023/0705,INV-DE-131965521-2023-4606,NEXT,not_sent,3000 | Factura duplicada
1,19856,in_invoice,S/FRA/2024/0498,D24 388,"",sent,""
1,14184,in_invoice,S/FRA/2023/0702,INV-DE-1637405095-2023-757,NEXT,not_sent,3000 | Factura duplicada
1,14122,in_invoice,S/FRA/2023/0610,ES3ZU7EAEUI,NEXT,sent,""
1,14134,in_invoice,S/FRA/2023/0639,ES32ETDABEI,NEXT,sent_modified,""
1,19857,in_invoice,S/FRA/2024/0502,ES443RUABEY,"",sent,""
1,19966,in_invoice,S/FRA/2024/0525,57,"",sent,""
1,19935,in_invoice,S/FRA/2024/0519,6.338 A,"",sent,""
1,14114,in_invoice,S/FRA/2023/0634,ES31BOUABEY,NEXT,sent_modified,""
1,20459,in_invoice,S/FRA/2024/0697,93,"",sent,""
1,14116,in_invoice,S/FRA/2023/0636,ES31CQ6ABEY,NEXT,sent_modified,""
1,19965,in_invoice,S/FRA/2024/0526,A/000182/24,"",sent,""
1,19963,in_invoice,S/FRA/2024/0529,A-V2024-00004306292,"",sent,""
1,14118,in_invoice,S/FRA/2023/0629,ES31DPQABEY,NEXT,sent_modified,""
1,19429,in_invoice,S/FRA/2024/0423,24400984,"",sent,""
1,20321,in_invoice,S/FRA/2024/0618,FV24_00062,"",sent,""
1,20424,in_invoice,S/FRA/2024/0684,240137,"",sent_modified,""
1,19983,in_invoice,S/FRA/2024/0514,A/24-0176,"",sent,""
1,19981,in_invoice,S/FRA/2024/0521,018-0009-214799,"",sent,""
1,19864,in_invoice,S/FRA/2024/0483,75798/F-4921,"",sent,""
1,20670,in_invoice,S/FRA/2024/0735,A-V2024-00004632141,"",sent,""
1,20671,in_invoice,S/FRA/2024/0734,A-V2024-00004715683,"",sent,""
1,19964,in_invoice,S/FRA/2024/0528,108,"",sent,""
1,19959,in_invoice,S/FRA/2024/0533,184,"",sent,""
1,23568,in_invoice,S/FRA/2025/0214,025033,"",sent,""
1,23361,in_invoice,S/FRA/2025/0176,250201,"",sent,""
1,23572,in_invoice,S/FRA/2025/0227,404 A,"",sent,""
1,23573,in_invoice,S/FRA/2025/0226,405 A,"",sent,""
1,19960,in_invoice,S/FRA/2024/0532,186,"",sent,""
1,19962,in_invoice,S/FRA/2024/0531,09424006275,"",sent,""
1,19737,in_invoice,S/FRA/2024/0484,07/05/2024,"",sent,""
1,25682,in_invoice,S/FRA/2025/0518,AF/3325/01,"",sent,""
1,22385,in_invoice,S/FRA/2024/1046,A/3088/2024,"",sent,""
1,19961,in_invoice,S/FRA/2024/0527,A/ 3044/2024,"",sent,""
1,23793,in_invoice,S/FRA/2025/0232,ES522QJABEY,"",sent,""
1,19742,in_invoice,S/FRA/2024/0458,533,"",sent,""
1,19842,in_invoice,S/FRA/2024/0489,2477,"",sent,""
1,23783,in_invoice,S/FRA/2025/0235,AL 25000196,"",sent,""
1,19741,in_invoice,S/FRA/2024/0460,2023000946,"",sent,""
1,21637,in_invoice,S/FRA/2024/0924,263,"",sent,""
1,19958,in_invoice,S/FRA/2024/0534,185,"",sent,""
1,23781,in_invoice,S/FRA/2025/0237,A10019609840-0325,"",sent,""
1,16690,in_invoice,S/FRA/2024/0053,D24 047,"",sent,""
1,4077,in_invoice,S/FRA/2022/0109,FRO20211880170,"",sent,""
1,21918,in_invoice,S/FRA/2024/0960,18742401P0316858,"",sent,""
1,19736,in_invoice,S/FRA/2024/0457,2024/0378,"",sent,""
1,23782,in_invoice,S/FRA/2025/0236,312-KF25-2543,"",sent,""
1,19743,in_invoice,S/FRA/2024/0454,1136,"",sent,""
1,23421,in_invoice,S/FRA/2025/0154,A/25-0033,"",sent,""
1,19863,in_invoice,S/FRA/2024/0482,75363/F-4902,"",sent,""
1,19739,in_invoice,S/FRA/2024/0453,A2/2023/013,"",sent,""
1,19839,in_invoice,S/FRA/2024/0492,F-5063,"",sent,""
1,23505,in_invoice,S/FRA/2025/0191,628/F,"",sent,""
1,23507,in_invoice,S/FRA/2025/0223,B00054973,"",sent,""
1,19055,in_invoice,S/FRA/2024/0371,000D005543,"",sent,""
1,23466,in_invoice,S/FRA/2025/0206,N-133/25,EJ 2024,sent,""
1,23506,in_invoice,S/FRA/2025/0190,FM25-301,"",sent,""
1,23534,in_invoice,S/FRA/2025/0218,FO5/361,"",sent,""
1,23549,in_invoice,S/FRA/2025/0217,2025000205,"",sent,""
1,22428,in_invoice,S/FRA/2024/1052,000380,"",sent,""
1,22429,in_invoice,S/FRA/2024/1051,000381,"",sent,""
1,22427,in_invoice,S/FRA/2024/1053,000379,"",sent,""
1,19056,in_invoice,S/FRA/2024/0354,000G006362,"",sent,""
1,23188,in_invoice,S/FRA/2025/0116,000021,"",sent,""
1,2563,in_invoice,S/FRA/2021/0525,FV21035,NEXT,sent,""
1,9212,in_invoice,S/FRA/2022/1057,FV21371,FV21371: FV21371,sent,""
1,26059,in_invoice,S/FRA/2025/0662,6957,"",not_sent,""
1,11260,in_invoice,S/FRA/2023/0186,FV21411,FV21411,sent,""
1,22130,in_invoice,S/FRA/2025/0003,FV22083,Mantenimiento Odoo,sent,""
1,18664,in_invoice,S/FRA/2024/0337,000G006050,"",sent,""
1,18665,in_invoice,S/FRA/2024/0336,000G006054,"",sent,""
1,18663,in_invoice,S/FRA/2024/0338,000D005262,"",sent,""
1,18531,in_invoice,S/FRA/2024/0296,000D004946,"",sent,""
1,18532,in_invoice,S/FRA/2024/0295,000G005739,"",sent,""
1,17334,in_invoice,S/FRA/2024/0178,000D004461,"",sent,""
1,18195,in_invoice,S/FRA/2024/0245,000D004697,"",sent,""
1,17335,in_invoice,S/FRA/2024/0177,000G005213,"",sent,""
1,26062,in_invoice,S/FRA/2025/0663,5316,"",not_sent,""
1,16688,in_invoice,S/FRA/2024/0055,F010-2024,"",sent,""
1,25918,in_invoice,S/FRA/2025/0572,FA252400,"",sent,""
1,24288,in_invoice,S/FRA/2025/0344,25/12,"",sent,""
1,27021,in_invoice,S/FRA/2025/0815,18742501P0283585,"",not_sent,""
1,23496,in_invoice,S/FRA/2025/0201,0781880106074,"",sent,""
1,24602,in_invoice,S/FRA/2025/0373,25/241,"",sent,""
1,24899,in_invoice,S/FRA/2025/0401,A10019889170-0725,"",sent,""
1,24847,in_invoice,S/FRA/2025/0412,1NSN250700215837,"",sent,""
1,26211,in_invoice,S/FRA/2025/0703,00005481,"",sent,""
1,24862,in_invoice,S/FRA/2025/0409,18742501P0155879,"",sent,""
1,24979,in_invoice,S/FRA/2025/0418,2025/041,"",sent,""
1,26936,in_invoice,S/FRA/2025/0816,312-KF25-11586,"",not_sent,""
1,24926,in_invoice,S/FRA/2025/0420,F250338283,"",sent,""
1,25007,in_invoice,S/FRA/2025/0431,FM25-1704,"",sent,""
1,25008,in_invoice,S/FRA/2025/0430,AL 25000655,"",sent,""
1,24925,in_invoice,S/FRA/2025/0419,F250338261,"",sent,""
1,26942,in_invoice,S/FRA/2025/0817,21250919010318383,"",not_sent,""
1,24954,in_invoice,S/FRA/2025/0415,06/25,"",sent,""
1,24898,in_invoice,S/FRA/2025/0402,A10019855625-0725,"",sent,""
1,24928,in_invoice,S/FRA/2025/0422,F250338284,"",sent,""
1,24927,in_invoice,S/FRA/2025/0421,F250338262,"",sent,""
1,26710,in_invoice,S/FRA/2025/0818,04/2025,"",not_sent,""
1,24900,in_invoice,S/FRA/2025/0400,312-KF25-7055,"",sent,""
1,24781,in_invoice,S/FRA/2025/0390,250121,"",sent,""
1,24969,in_invoice,S/FRA/2025/0432,18742501P0168346,"",sent,""
1,25875,in_invoice,S/FRA/2025/0564,251348,"",sent,""
1,24938,in_invoice,S/FRA/2025/0434,2.207/F,"",sent,""
1,25271,in_invoice,S/FRA/2025/0484,F250144,"",sent,""
1,26207,in_invoice,S/FRA/2025/0660,7575A,"",sent,""
1,24936,in_invoice,S/FRA/2025/0423,L252085151,"",sent,""
1,26596,in_invoice,/,FA252491,"",not_sent,""
1,26229,in_invoice,S/FRA/2025/0589,06/25,"",sent,""
1,25562,in_invoice,S/FRA/2025/0525,6.681A,"",sent,""
1,26648,in_invoice,S/FRA/2025/0762,2858,"",not_sent,""
1,26937,in_invoice,S/FRA/2025/0819,312-KF25-12380,"",not_sent,""
1,25712,in_invoice,S/FRA/2025/0534,F/25580,"",sent,""
1,25164,in_invoice,S/FRA/2025/0459,AL 25000487,"",sent,""
1,26335,in_invoice,S/FRA/2025/0602,24/2025,"",sent,""
1,25168,in_invoice,S/FRA/2025/0455,A/FA00518,"",sent,""
1,25760,in_invoice,S/FRA/2025/0537,13/2025,"",sent,""
1,25075,in_invoice,S/FRA/2025/0453,33.2025,"",sent,""
1,26061,in_invoice,S/FRA/2025/0639,4407,"",not_sent,""
1,25838,in_invoice,S/FRA/2025/0582,8D330CF5-0003,"",sent,""
1,18842,in_invoice,S/FRA/2024/0389,8494878941,"",sent,""
1,26385,in_invoice,S/FRA/2025/0626,5/2025,"",sent,""
1,26450,in_invoice,S/FRA/2025/0735,112/2025,"",not_sent,""
1,26453,in_invoice,S/FRA/2025/0774,002,"",not_sent,""
1,26489,in_invoice,S/FRA/2025/0730,22170,"",not_sent,""
1,26617,in_invoice,S/FRA/2025/0752,2025000964,"",not_sent,""
1,24485,in_invoice,S/FRA/2025/0360,125003467,"",sent,""
1,26691,in_invoice,S/FRA/2025/0755,15,"",not_sent,""
1,26719,in_invoice,S/FRA/2025/0768,20/2025,"",not_sent,""
1,26252,in_invoice,S/FRA/2025/0722,A-V2025-00004097363,"",sent,""
1,26720,in_invoice,S/FRA/2025/0767,199/02,"",not_sent,""
1,26390,in_invoice,S/FRA/2025/0611,AF/3383/01,"",sent,""
1,25052,in_invoice,S/FRA/2025/0424,22157,"",sent,""
1,27003,in_invoice,S/FRA/2025/0820,FR-24/2025/08380,"",not_sent,""
1,26255,in_invoice,S/FRA/2025/0721,11-25-600/00045,"",sent,""
1,24849,in_invoice,S/FRA/2025/0398,250132,"",sent,""
1,26851,in_invoice,/,"","",not_sent,""
1,26852,in_invoice,/,"","",not_sent,""
1,24745,in_invoice,S/FRA/2025/0437,INV/2025/03/01747,M21031824409111,sent,""
1,16703,in_invoice,S/FRA/2024/0027,AF/2014/01,"",sent,""
1,24780,in_invoice,S/FRA/2025/0397,16/2025,"",sent,""
1,24775,in_invoice,S/FRA/2025/0394,2025000591,"",sent,""
1,26516,in_invoice,S/FRA/2025/0719,35009,"",sent,""
1,24848,in_invoice,S/FRA/2025/0411,1NSN250700059582,"",sent,""
1,19784,in_invoice,S/FRA/2024/0472,06/2024,"",sent,""
1,24980,in_invoice,S/FRA/2025/0417,2025/042,"",sent,""
1,24767,in_invoice,S/FRA/2025/0413,FRO20251052966,"",sent,""
1,26257,in_invoice,S/FRA/2025/0718,A-V2025-00004186003,"",sent,""
1,24911,in_invoice,S/FRA/2025/0416,025,"",sent,""
1,25165,in_invoice,S/FRA/2025/0458,18742501P0047089,"",sent,""
1,25130,in_invoice,S/FRA/2025/0461,028,"",sent,""
1,24896,in_invoice,S/FRA/2025/0414,A10019818987-0625,"",sent,""
1,26259,in_invoice,S/FRA/2025/0717,00001TB236632,"",sent,""
1,24864,in_invoice,S/FRA/2025/0407,Y250099288,"",sent,""
1,22760,in_invoice,S/FRA/2025/0037,7/2025,2024,sent,""
1,24624,in_invoice,S/FRA/2025/0389,FM25-1401,"",sent,""
1,24649,in_invoice,S/FRA/2025/0379,AL 25000372,"",sent,""
1,24640,in_invoice,S/FRA/2025/0388,FV22263,Mantenimiento Odoo,sent,""
1,24647,in_invoice,S/FRA/2025/0381,AL 25000559,"",sent,""
1,24641,in_invoice,S/FRA/2025/0387,FN-25-01728,"",sent,""
1,100,in_invoice,S/FRA/2021/0076,001,"",not_sent,""
1,515,in_invoice,S/FRA/2021/0412,007,"",sent,""
1,26266,in_invoice,S/FRA/2025/0715,269,"",sent,""
1,24652,in_invoice,S/FRA/2025/0377,3437954,"",sent,""
1,24757,in_invoice,S/FRA/2025/0376,2025-22,"",sent,""
1,24243,in_invoice,S/FRA/2025/0368,0960470063159,"",sent,""
1,24419,in_invoice,S/FRA/2025/0366,33500000/33503551,"",sent,""
1,616,in_invoice,S/FRA/2021/0461,008,"",sent,""
1,26262,in_invoice,S/FRA/2025/0714,0070/02/2025/0000027,"",sent,""
1,24648,in_invoice,S/FRA/2025/0380,AL 25000330,"",sent,""
1,2341,in_invoice,S/FRA/2021/0570,009,"",sent,""
1,26941,in_invoice,S/FRA/2025/0822,21250912010377170,"",not_sent,""
1,26869,in_invoice,S/FRA/2025/0826,ES58B0QABEY,"",not_sent,""
1,24678,in_invoice,S/FRA/2025/0375,2645,"",sent,""
1,24779,in_invoice,S/FRA/2025/0391,11/2025,"",sent,""
1,3282,in_invoice,S/FRA/2021/0666,010,"",sent,""
1,7811,in_invoice,S/FRA/2022/0668,08,"",sent,""
1,8414,in_invoice,S/FRA/2022/0781,09,"",sent,""
1,9174,in_invoice,S/FRA/2022/0998,010,"",sent,""
1,22762,in_invoice,S/FRA/2025/0036,3/2025,2024,sent,""
1,26267,in_invoice,S/FRA/2025/0713,51,"",sent,""
1,24825,in_invoice,S/FRA/2025/0396,ES 25A-005,"",sent,""
1,10578,in_invoice,S/FRA/2023/0056,01,"",sent,""
1,14105,in_invoice,S/FRA/2023/0646,06/2023,"",sent,""
1,25377,in_invoice,S/FRA/2025/0487,ES55XCQABEY,"",sent,""
1,19522,in_invoice,S/FRA/2024/0406,2024-04,"",sent,""
1,14710,in_invoice,S/FRA/2023/0889,07/2023,"",sent,""
1,19353,in_invoice,S/FRA/2024/0408,61/2024,"",sent,""
1,14110,in_invoice,S/FRA/2023/0640,ES31GWKABEY,"",sent_modified,""
1,25078,in_invoice,S/FRA/2025/0445,2025000799,"",sent,""
1,15034,in_invoice,S/FRA/2023/0940,05/2023,"",sent,""
1,15387,in_invoice,S/FRA/2023/1042,08/2023,"",sent,""
1,26940,in_invoice,S/FRA/2025/0823,21250826010467664,"",not_sent,""
1,27046,in_invoice,S/FRA/2025/0821,1NSN251100658321,"",not_sent,""
1,26995,in_invoice,S/FRA/2025/0827,ES58HBQABEY,"",not_sent,""
1,16613,in_invoice,S/FRA/2024/0043,01/2024,"",sent,""
1,17132,in_invoice,S/FRA/2024/0160,02/2024,"",sent,""
1,20285,in_invoice,S/FRA/2024/0591,07/2024,"",sent,""
1,20599,in_invoice,S/FRA/2024/0717,08/2024,"",sent,""
1,21325,in_invoice,S/FRA/2024/0848,09/2024,"",sent,""
1,21813,in_invoice,S/FRA/2024/0941,10/2024,"",sent,""
1,22007,in_invoice,S/FRA/2024/0972,11/2024,"",sent,""
1,27047,in_invoice,S/FRA/2025/0824,ES58LPQABEY,"",not_sent,""
1,26515,in_invoice,S/FRA/2025/0673,09425006391,"",sent,""
1,26514,in_invoice,S/FRA/2025/0675,0070/02/2025/0000028,"",sent,""
1,26935,in_invoice,S/FRA/2025/0825,A10020166419-1125,"",not_sent,""
1,25577,in_invoice,S/FRA/2025/0538,A10019959204-0825,"",sent,""
1,26253,in_invoice,S/FRA/2025/0687,22C80450100000496,"",sent,""
1,26513,in_invoice,S/FRA/2025/0685,250008562,"",sent,""
1,26363,in_invoice,S/FRA/2025/0712,18742501P0137082,"",sent,""
1,26341,in_invoice,S/FRA/2025/0690,B/3403,"",sent,""
1,26563,in_invoice,S/FRA/2025/0702,11/001,"",not_sent,""
1,26486,in_invoice,S/FRA/2025/0710,00430000011317,"",sent,""
1,27048,in_invoice,S/FRA/2025/0828,1TSN251100355296,"",not_sent,""
1,25192,in_invoice,S/FRA/2025/0474,2025-27,"",sent,""
1,25193,in_invoice,S/FRA/2025/0473,22160,"",sent,""
1,25194,in_invoice,S/FRA/2025/0454,2025000820,"",sent,""
1,26484,in_invoice,S/FRA/2025/0709,A-V2025-00004966325,"",sent,""
1,24644,in_invoice,S/FRA/2025/0384,000D009283,"",sent,""
1,26481,in_invoice,S/FRA/2025/0708,A-V2025-00004966476,"",sent,""
1,26581,in_invoice,S/FRA/2025/0701,B/3444,"",not_sent,""
1,26060,in_invoice,S/FRA/2025/0669,18844,"",not_sent,""
1,25198,in_invoice,S/FRA/2025/0468,08/25,"",sent,""
1,26482,in_invoice,S/FRA/2025/0707,A-V2025-00004966428,"",sent,""
1,25195,in_invoice,S/FRA/2025/0471,ES55MRRABEY,"",sent,""
1,25199,in_invoice,S/FRA/2025/0467,2025-05,"",sent,""
1,517,in_invoice,S/FRA/2021/0410,OO2021-1,"",sent,""
1,630,in_invoice,S/FRA/2021/0453,OO2021-2,"",sent,""
1,791,in_invoice,S/FRA/2021/0585,OO2021-3,"",sent,""
1,26447,in_invoice,S/FRA/2025/0775,A/570,"",not_sent,""
1,3046,in_invoice,S/FRA/2021/0686,OO2021-4,"",sent,""
1,3887,in_invoice,S/FRA/2022/0200,OO2022-01,"",sent,""
1,7789,in_invoice,S/FRA/2022/0676,OO2022-02,"",sent,""
1,8255,in_invoice,S/FRA/2022/0788,OO2022-03,"",sent,""
1,8948,in_invoice,S/FRA/2022/0901,OO2022-05,"",sent,""
1,9084,in_invoice,S/FRA/2022/0954,OO2022-04,"",sent,""
1,9231,in_invoice,S/FRA/2022/1037,OO2022-06,"",sent,""
1,10367,in_invoice,S/FRA/2023/0011,OO2023-01,"",sent,""
1,13660,in_invoice,S/FRA/2023/0476,OO2023-02,"",sent,""
1,14220,in_invoice,S/FRA/2023/0593,OO2023-03,"",sent,""
1,14869,in_invoice,S/FRA/2023/0887,OO2023-04,"",sent,""
1,15820,in_invoice,S/FRA/2023/1021,OO2023-05,"",sent,""
1,16504,in_invoice,S/FRA/2024/0121,OO2024-01,"",sent,""
1,19913,in_invoice,S/FRA/2024/0476,OO2024-02,"",sent,""
1,20958,in_invoice,S/FRA/2024/0753,OO2024-03,"",sent,""
1,20959,in_invoice,S/FRA/2024/0752,OO2024-04,"",sent,""
1,21513,in_invoice,S/FRA/2024/0881,OO202405,"",sent,""
1,21795,in_invoice,S/FRA/2024/0943,OO202406,"",sent_modified,""
1,25079,in_invoice,S/FRA/2025/0444,FV/2025/0724,"",sent,""
1,26485,in_invoice,S/FRA/2025/0711,F000101-1484,"",sent,""
1,26264,in_invoice,S/FRA/2025/0716,A/3216/2025,"",sent,""
1,25801,in_invoice,S/FRA/2025/0706,FV22354,Mantenimiento Odoo,sent,""
1,26263,in_invoice,S/FRA/2025/0720,FC5392500064,"",sent,""
1,25861,in_invoice,S/FRA/2025/0705,9747/25,"",sent,""
1,25220,in_invoice,S/FRA/2025/0465,11/2025,"",sent,""
1,26664,in_invoice,S/FRA/2025/0729,251514,"",not_sent,""
1,25408,in_invoice,S/FRA/2025/0489,AEU-INV-ES-2025-26057235,"",sent,""
1,25272,in_invoice,S/FRA/2025/0485,F250145,"",sent,""
1,26487,in_invoice,S/FRA/2025/0704,509,"",sent,""
1,25355,in_invoice,S/FRA/2025/0496,A2505395,"",sent,""
1,25260,in_invoice,S/FRA/2025/0503,25101,"",sent,""
1,25235,in_invoice,S/FRA/2025/0483,ES55PIEABEY,"",sent,""
1,25245,in_invoice,S/FRA/2025/0482,G252098399,"",sent,""
1,25261,in_invoice,S/FRA/2025/0479,ES55R5CABEY,"",sent,""
1,25246,in_invoice,S/FRA/2025/0481,G250088229,"",sent,""
1,25236,in_invoice,S/FRA/2025/0478,ES55PICABEY,"",sent,""
1,25283,in_invoice,S/FRA/2025/0477,R-11413,"",sent,""
1,25197,in_invoice,S/FRA/2025/0469,ES55N2GABEY,"",sent,""
1,25196,in_invoice,S/FRA/2025/0470,ES55MRQABEY,"",sent,""
1,25212,in_invoice,S/FRA/2025/0466,ES55NMSABEY,"",sent,""
1,25063,in_invoice,S/FRA/2025/0448,ES55EZ2ABEY,"",sent,""
1,25092,in_invoice,S/FRA/2025/0440,ES55H7CABEY,"",sent,""
1,25119,in_invoice,S/FRA/2025/0443,ES55IRJABEY,"",sent,""
1,26254,in_invoice,S/FRA/2025/0700,1202,"",sent,""
1,25238,in_invoice,S/FRA/2025/0463,14/2025,"",sent,""
1,25096,in_invoice,S/FRA/2025/0439,ES55EHZABEY,"",sent,""
1,24955,in_invoice,S/FRA/2025/0451,1TSN250700387990,"",sent,""
1,25041,in_invoice,S/FRA/2025/0450,A2504996,"",sent,""
1,25080,in_invoice,S/FRA/2025/0441,2025/046,"",sent,""
1,25032,in_invoice,S/FRA/2025/0428,FRO20251222063,"",sent,""
1,25118,in_invoice,S/FRA/2025/0438,25-2025,"",sent,""
1,25077,in_invoice,S/FRA/2025/0446,A000032771,"",sent,""
1,25120,in_invoice,S/FRA/2025/0442,21250714010352857,"",sent,""
1,24937,in_invoice,S/FRA/2025/0435,1NSN250700576009,"",sent,""
1,26256,in_invoice,S/FRA/2025/0699,11-25-600/00044,"",sent,""
1,24935,in_invoice,S/FRA/2025/0436,L250034778,"",sent,""
1,24968,in_invoice,S/FRA/2025/0433,2.791/F,"",sent,""
1,25017,in_invoice,S/FRA/2025/0429,E2025-00321,"",sent,""
1,25033,in_invoice,S/FRA/2025/0427,1NSN250800059523,"",sent,""
1,25237,in_invoice,S/FRA/2025/0464,13/2025,"",sent,""
1,25034,in_invoice,S/FRA/2025/0426,A2701,"",sent,""
1,26269,in_invoice,S/FRA/2025/0698,09425006390,"",sent,""
1,26661,in_invoice,S/FRA/2025/0728,1367,"",not_sent,""
1,25837,in_invoice,S/FRA/2025/0697,FA252212,"",sent,""
1,24643,in_invoice,S/FRA/2025/0385,000D009282,"",sent,""
1,25808,in_invoice,S/FRA/2025/0541,FRO20251394724,"",sent,""
1,24645,in_invoice,S/FRA/2025/0383,000G009351,"",sent,""
1,25358,in_invoice,S/FRA/2025/0696,FM25-2057,"",sent,""
1,26265,in_invoice,S/FRA/2025/0695,268,"",sent,""
1,26261,in_invoice,S/FRA/2025/0694,05/25,"",sent,""
1,26258,in_invoice,S/FRA/2025/0693,373-OC15,"",sent,""
1,26251,in_invoice,S/FRA/2025/0692,20250526,"",sent,""
1,26493,in_invoice,S/FRA/2025/0689,78,"",sent,""
1,24646,in_invoice,S/FRA/2025/0382,000G009352,"",sent,""
1,26319,in_invoice,S/FRA/2025/0593,1,"",sent,""
1,25191,in_invoice,S/FRA/2025/0472,41/E,"",sent,""
1,25783,in_invoice,S/FRA/2025/0575,00002896,"",sent,""
1,25131,in_invoice,S/FRA/2025/0460,4,"",sent,""
1,26494,in_invoice,S/FRA/2025/0688,81,"",sent,""
1,26260,in_invoice,S/FRA/2025/0686,95-237448,"",sent,""
1,26522,in_invoice,S/FRA/2025/0684,59,"",sent,""
1,84,in_invoice,S/FRA/2021/0061,H2248/0001,"",not_sent,""
1,24939,in_invoice,S/FRA/2025/0452,25/306,"",sent,""
1,26512,in_invoice,S/FRA/2025/0683,2025557,"",sent,""
1,24442,in_invoice,S/FRA/2025/0321,0410004845,"",sent,""
1,25745,in_invoice,S/FRA/2025/0587,1TSN250900408640,"",sent,""
1,26511,in_invoice,S/FRA/2025/0682,250007912,"",sent,""
1,25949,in_invoice,S/FRA/2025/0600,09/25,"",sent,""
1,25221,in_invoice,S/FRA/2025/0540,ES550B9ABEY,"",sent,""
1,25240,in_invoice,S/FRA/2025/0524,9D72/2/2025/11,"",sent,""
1,25241,in_invoice,S/FRA/2025/0527,1015/2025,"",sent,""
1,26520,in_invoice,S/FRA/2025/0681,512,"",sent,""
1,26518,in_invoice,S/FRA/2025/0680,09425006578,"",sent,""
1,25635,in_invoice,S/FRA/2025/0519,09415600053,"",sent,""
1,25452,in_invoice,S/FRA/2025/0522,B00055419,"",sent,""
1,25578,in_invoice,S/FRA/2025/0536,312-KF25-8339,"",sent,""
1,25711,in_invoice,S/FRA/2025/0539,D25 402,"",sent,""
1,26523,in_invoice,S/FRA/2025/0679,A/3228/2025,"",sent,""
1,25423,in_invoice,S/FRA/2025/0510,ES561VDABEY,"",sent,""
1,25576,in_invoice,S/FRA/2025/0535,A10019925534-0825,"",sent,""
1,26519,in_invoice,S/FRA/2025/0678,09425006773,"",sent,""
1,25551,in_invoice,S/FRA/2025/0513,2025001,"",sent,""
1,26521,in_invoice,S/FRA/2025/0677,A-V2025-00005129629,"",sent,""
1,25323,in_invoice,S/FRA/2025/0521,00002573,"",sent,""
1,25473,in_invoice,S/FRA/2025/0500,FV/2025/0835,"",sent,""
1,25492,in_invoice,S/FRA/2025/0512,S/05-25,"",sent,""
1,25409,in_invoice,S/FRA/2025/0505,ES560NQABEY,"",sent,""
1,25458,in_invoice,S/FRA/2025/0509,ES5655QABEY,"",sent,""
1,25591,in_invoice,S/FRA/2025/0516,F973107,"",sent,""
1,25472,in_invoice,S/FRA/2025/0515,000244,"",sent,""
1,25496,in_invoice,S/FRA/2025/0514,202502,"",sent,""
1,25579,in_invoice,S/FRA/2025/0523,19/2025,"",sent,""
1,26517,in_invoice,S/FRA/2025/0674,12500050003439688,"",sent,""
1,26268,in_invoice,S/FRA/2025/0672,09425006156,"",sent,""
1,25363,in_invoice,S/FRA/2025/0490,FRO20251331266,"",sent,""
1,25393,in_invoice,S/FRA/2025/0491,2752,"",sent,""
1,26021,in_invoice,S/FRA/2025/0666,9194,"",sent,""
1,25362,in_invoice,S/FRA/2025/0494,125004950,"",sent,""
1,25357,in_invoice,S/FRA/2025/0504,29/2025,"",sent,""
1,26592,in_invoice,S/FRA/2025/0725,8/2025,"",sent,""
1,25304,in_invoice,S/FRA/2025/0486,ES55TEJABEY,"",sent,""
1,25334,in_invoice,S/FRA/2025/0492,000G009597,"",sent,""
1,25621,in_invoice,S/FRA/2025/0533,ES56DZHABEY,"",sent,""
1,26206,in_invoice,S/FRA/2025/0671,AN-25-04972,"",sent,""
1,25683,in_invoice,S/FRA/2025/0530,04/2025,"",sent,""
1,25335,in_invoice,S/FRA/2025/0497,ES515QPFABEI,"",sent,""
1,25333,in_invoice,S/FRA/2025/0498,000D009602,"",sent,""
1,26593,in_invoice,S/FRA/2025/0723,28/2025,"",sent,""
1,26466,in_invoice,S/FRA/2025/0670,09425006898,"",sent,""
1,25239,in_invoice,S/FRA/2025/0531,05210/1357,"",sent,""
1,25557,in_invoice,S/FRA/2025/0506,146-2025,"",sent,""
1,26042,in_invoice,S/FRA/2025/0667,C4/109088,"",sent,""
1,26582,in_invoice,S/FRA/2025/0744,AN-25-24434,"",not_sent,""
1,25515,in_invoice,S/FRA/2025/0507,1NSN250900213772,"",sent,""
1,26594,in_invoice,S/FRA/2025/0724,39/2025,"",sent,""
1,25561,in_invoice,S/FRA/2025/0526,6.682A,"",sent,""
1,25364,in_invoice,S/FRA/2025/0502,02 2025 CRM,"",sent,""
1,24415,in_invoice,S/FRA/2025/0329,F0025-0382,"",sent,""
1,26370,in_invoice,S/FRA/2025/0665,025-010,"",sent,""
1,25365,in_invoice,S/FRA/2025/0501,CVA 05 2025,"",sent,""
1,25730,in_invoice,S/FRA/2025/0549,FPR 32/25,"",sent,""
1,24338,in_invoice,S/FRA/2025/0340,21/2025,"",sent,""
1,26050,in_invoice,S/FRA/2025/0664,FV/2025/0684,"",sent,""
1,25359,in_invoice,S/FRA/2025/0493,FM25-1999,"",sent,""
1,25407,in_invoice,S/FRA/2025/0520,2025000877,"",sent,""
1,25673,in_invoice,S/FRA/2025/0529,005/2025,"",sent,""
1,25695,in_invoice,S/FRA/2025/0557,15/25,"",sent,""
1,25710,in_invoice,S/FRA/2025/0558,15/2025,"",sent,""
1,25727,in_invoice,S/FRA/2025/0547,00001,"",sent,""
1,25729,in_invoice,S/FRA/2025/0548,21/2025,"",sent,""
1,27103,in_invoice,/,"","",not_sent,""
1,25269,in_invoice,S/FRA/2025/0480,9/2025,"",sent,""
1,27104,in_invoice,/,"","",not_sent,""
1,26045,in_invoice,S/FRA/2025/0661,FMI/6640,"",sent,""
1,26020,in_invoice,S/FRA/2025/0659,9176,"",sent,""
1,27024,in_invoice,S/FRA/2025/0791,192-2025,"",not_sent,""
1,26022,in_invoice,S/FRA/2025/0658,16,"",sent,""
1,27107,in_invoice,/,"","",not_sent,""
1,26364,in_invoice,S/FRA/2025/0657,18742501P0194085,"",sent,""
1,26027,in_invoice,S/FRA/2025/0656,3266,"",sent,""
1,25892,in_invoice,S/FRA/2025/0650,M 326 VMC 25,"",sent,""
1,26038,in_invoice,S/FRA/2025/0655,3518,"",sent,""
1,26044,in_invoice,S/FRA/2025/0652,FM/6229,"",sent,""
1,27108,in_invoice,/,"","",not_sent,""
1,26039,in_invoice,S/FRA/2025/0654,3445,"",sent,""
1,26043,in_invoice,S/FRA/2025/0653,C4/109551,"",sent,""
1,27109,in_invoice,/,"","",not_sent,""
1,25893,in_invoice,S/FRA/2025/0651,M 12 POR 25,"",sent,""
1,25895,in_invoice,S/FRA/2025/0649,PE012592,"",sent,""
1,25897,in_invoice,S/FRA/2025/0648,ES500TQIPSOEZS,"",sent,""
1,25896,in_invoice,S/FRA/2025/0647,AMLOESES25-2905,"",sent,""
1,25898,in_invoice,S/FRA/2025/0646,20250543,"",sent,""
1,25899,in_invoice,S/FRA/2025/0645,2025055573,"",sent,""
1,25901,in_invoice,S/FRA/2025/0644,T000101-350002,"",sent,""
1,25900,in_invoice,S/FRA/2025/0643,T000102-161812,"",sent,""
1,25902,in_invoice,S/FRA/2025/0642,T000101-355721,"",sent,""
1,25903,in_invoice,S/FRA/2025/0641,T000101-356489,"",sent,""
1,26320,in_invoice,S/FRA/2025/0638,2025/003,"",sent,""
1,26233,in_invoice,S/FRA/2025/0637,N-576/25,"",sent,""
1,26321,in_invoice,S/FRA/2025/0636,2524,"",sent,""
1,26905,in_invoice,/,000D010174,"",not_sent,""
1,26612,in_invoice,S/FRA/2025/0727,13-2500100,"",not_sent,""
1,26613,in_invoice,S/FRA/2025/0726,B00055658,"",not_sent,""
1,26365,in_invoice,S/FRA/2025/0632,2247821,"",sent,""
1,26366,in_invoice,S/FRA/2025/0631,001/25,"",sent,""
1,26369,in_invoice,S/FRA/2025/0630,05/2025,"",sent,""
1,26367,in_invoice,S/FRA/2025/0629,004-25,"",sent,""
1,26012,in_invoice,S/FRA/2025/0619,58,"",sent,""
1,26376,in_invoice,S/FRA/2025/0628,4,"",sent,""
1,26386,in_invoice,S/FRA/2025/0625,AEL051,"",sent,""
1,26019,in_invoice,S/FRA/2025/0623,000038,"",sent,""
1,26017,in_invoice,S/FRA/2025/0624,F02-9,"",sent,""
1,26015,in_invoice,S/FRA/2025/0622,09015012179,"",sent,""
1,26616,in_invoice,S/FRA/2025/0753,2025000965,"",not_sent,""
1,26389,in_invoice,S/FRA/2025/0616,25/372,"",sent,""
1,26011,in_invoice,S/FRA/2025/0621,F-5974,"",sent,""
1,26387,in_invoice,S/FRA/2025/0620,TB-2025-F 70,"",sent,""
1,26013,in_invoice,S/FRA/2025/0618,256929,"",sent,""
1,26717,in_invoice,S/FRA/2025/0769,20,"",not_sent,""
1,26014,in_invoice,S/FRA/2025/0617,09015011287,"",sent,""
1,26016,in_invoice,S/FRA/2025/0614,157,"",sent,""
1,26388,in_invoice,S/FRA/2025/0615,UN-222/25,"",sent,""
1,26018,in_invoice,S/FRA/2025/0613,000084,"",sent,""
1,25692,in_invoice,S/FRA/2025/0612,TB-2025-F 63,"",sent,""
1,24863,in_invoice,S/FRA/2025/0408,Y252051154,"",sent,""
1,26230,in_invoice,S/FRA/2025/0607,02 2025 FGL,"",sent,""
1,26338,in_invoice,S/FRA/2025/0610,AF/3375/01,"",sent,""
1,26483,in_invoice,S/FRA/2025/0691,A-V2025-00004966370,"",sent,""
1,26189,in_invoice,S/FRA/2025/0606,2,"",sent,""
1,26210,in_invoice,S/FRA/2025/0604,OO_202503,"",sent,""
1,26311,in_invoice,S/FRA/2025/0603,05/2025,"",sent,""
1,25956,in_invoice,S/FRA/2025/0594,33/2025,"",sent,""
1,26284,in_invoice,S/FRA/2025/0596,B/3397,"",sent,""
1,26332,in_invoice,S/FRA/2025/0599,2025-163,"",sent,""
1,26331,in_invoice,S/FRA/2025/0598,2025-162,"",sent,""
1,26227,in_invoice,S/FRA/2025/0591,03,"",sent_w_errors,2024 | El valor de ImporteTotal no coincide con el sumatorio de Bas
1,25761,in_invoice,S/FRA/2025/0580,F983081,"",sent,""
1,25889,in_invoice,S/FRA/2025/0563,14,"",sent,""
1,26322,in_invoice,S/FRA/2025/0597,22169,"",sent,""
1,25948,in_invoice,S/FRA/2025/0590,7.128A,"",sent,""
1,25360,in_invoice,S/FRA/2025/0588,3.882/F,"",sent,""
1,25799,in_invoice,S/FRA/2025/0581,FM25-2316,"",sent,""
1,26118,in_invoice,S/FRA/2025/0585,166-2025,"",sent,""
1,26903,in_invoice,S/FRA/2025/0794,000D010172,"",not_sent,""
1,26904,in_invoice,/,000D010173,"",not_sent,""
1,25840,in_invoice,S/FRA/2025/0584,1182-2025,"",sent,""
1,25731,in_invoice,S/FRA/2025/0565,01612025,"",sent,""
1,25762,in_invoice,S/FRA/2025/0583,250118,"",sent,""
1,24901,in_invoice,S/FRA/2025/0399,25/19,"",sent,""
1,25862,in_invoice,S/FRA/2025/0579,A2802,"",sent,""
1,25392,in_invoice,S/FRA/2025/0577,FA252006,"",sent,""
1,25906,in_invoice,S/FRA/2025/0578,VF25-10-0105,"",sent,""
1,25916,in_invoice,S/FRA/2025/0576,ES56UUSABEY,"",sent,""
1,25784,in_invoice,S/FRA/2025/0574,F05/1827,"",sent,""
1,25744,in_invoice,S/FRA/2025/0573,A-1500,"",sent,""
1,25798,in_invoice,S/FRA/2025/0571,4.247/F,"",sent,""
1,25328,in_invoice,S/FRA/2025/0569,FO5/1631,"",sent,""
1,25678,in_invoice,S/FRA/2025/0570,ES56JM4ABEY,"",sent,""
1,25891,in_invoice,S/FRA/2025/0561,25235,"",sent,""
1,26451,in_invoice,S/FRA/2025/0732,113/2025,"",not_sent,""
1,25056,in_invoice,S/FRA/2025/0449,1NSN250800091311,"",sent,""
1,26448,in_invoice,S/FRA/2025/0733,110/2025,"",not_sent,""
1,25874,in_invoice,S/FRA/2025/0560,213/25,"",sent,""
1,25076,in_invoice,S/FRA/2025/0447,1NSN250800210678,"",sent,""
1,25915,in_invoice,S/FRA/2025/0562,FRO20251540467,"",sent,""
1,25166,in_invoice,S/FRA/2025/0457,18742501P0103533,"",sent,""
1,25888,in_invoice,S/FRA/2025/0559,113-2025,"",sent,""
1,25301,in_invoice,S/FRA/2025/0499,18742501P0209432,"",sent,""
1,25802,in_invoice,S/FRA/2025/0544,A/000241/25,"",sent,""
1,25167,in_invoice,S/FRA/2025/0456,18742501P0155534,"",sent,""
1,26449,in_invoice,S/FRA/2025/0737,111/2025,"",not_sent,""
1,27205,in_invoice,/,0473000818,"",not_sent,""
1,27208,in_invoice,/,0473000822,"",not_sent,""
1,24861,in_invoice,S/FRA/2025/0410,VF25-07-0098,"",sent,""
1,25809,in_invoice,S/FRA/2025/0555,F151-2025,"",sent,""
1,25039,in_invoice,S/FRA/2025/0425,R2500072,"",sent,""
1,25806,in_invoice,S/FRA/2025/0554,ES56R5OABEY,"",sent,""
1,25800,in_invoice,S/FRA/2025/0552,FM25-2376,"",sent,""
1,25361,in_invoice,S/FRA/2025/0488,1TSN250800381321,"",sent,""
1,26340,in_invoice,S/FRA/2025/0608,AF/3376/01,"",sent,""
1,25356,in_invoice,S/FRA/2025/0495,1NSN250800662084,"",sent,""
1,25516,in_invoice,S/FRA/2025/0508,1NSN250900085200,"",sent,""
1,26452,in_invoice,S/FRA/2025/0736,114/2025,"",not_sent,""
1,24339,in_invoice,S/FRA/2025/0339,18742501P0117612,"",sent,""
1,24484,in_invoice,S/FRA/2025/0361,F922519,"",sent,""
1,26996,in_invoice,S/FRA/2025/0813,F_A8,"",not_sent,""
1,27204,in_invoice,/,0473000819,"",not_sent,""
1,25444,in_invoice,S/FRA/2025/0511,F20251264,"",sent,""
1,25823,in_invoice,S/FRA/2025/0551,R-11472,"",sent,""
1,25807,in_invoice,S/FRA/2025/0542,FRO20251483294,"",sent,""
1,25822,in_invoice,S/FRA/2025/0550,ES56TP2ABEY,"",sent,""
1,25728,in_invoice,S/FRA/2025/0546,18742501P0227079,"",sent,""
1,25282,in_invoice,S/FRA/2025/0476,F965872,"",sent,""
1,25803,in_invoice,S/FRA/2025/0545,3587F25,"",sent,""
1,26312,in_invoice,S/FRA/2025/0635,11/2025,"",sent_w_errors,2024 | El valor de ImporteTotal no coincide con el sumatorio de Bas
1,2993,in_invoice,S/FRA/2021/0543,H2248/0002,"",sent,""
1,7822,in_invoice,S/FRA/2022/0653,2022/003,"",sent,""
1,9037,in_invoice,S/FRA/2022/0902,2022/004,"",sent,""
1,25787,in_invoice,S/FRA/2025/0543,25/411,"",sent,""
1,27131,in_invoice,S/FRA/2025/0836,12025/139503,"",not_sent,""
1,27206,in_invoice,/,0473000816,"",not_sent,""
1,27207,in_invoice,/,0473000821,"",not_sent,""
1,27100,in_invoice,S/FRA/2025/0839,8/2025,"",not_sent,""
1,27190,in_invoice,/,AF/3424/01,"",not_sent,""
1,25825,in_invoice,S/FRA/2025/0553,F-LHA-338,"",sent,""
1,25804,in_invoice,S/FRA/2025/0532,AF/3328/02,"",sent,""
1,26231,in_invoice,S/FRA/2025/0640,10/2025,"",sent_w_errors,2024 | El valor de ImporteTotal no coincide con el sumatorio de Bas
1,26893,in_invoice,S/FRA/2025/0803,126/2025,"",not_sent,""
1,26997,in_invoice,/,36/2025/11,"",not_sent,""
1,26333,in_invoice,S/FRA/2025/0668,FPR 18/25,"",sent,""
1,686,in_invoice,S/FRA/2021/0441,AF/1398/01,"",sent,""
1,11579,in_invoice,S/FRA/2023/0249,AF/1398/02,"",sent,""
1,27073,in_invoice,S/FRA/2025/0838,0225,"",not_sent,""
1,27101,in_invoice,S/FRA/2025/0840,AN362,"",not_sent,""
1,27102,in_invoice,S/FRA/2025/0841,19/2025,"",not_sent,""
1,26595,in_invoice,S/FRA/2025/0759,A2507096,"",not_sent,""
1,26334,in_invoice,S/FRA/2025/0601,F8988,"",sent,""
1,26337,in_invoice,S/FRA/2025/0609,AF/1003/01,"",not_sent,""
1,26964,in_invoice,S/FRA/2025/0796,8.779A,"",not_sent,""
1,27110,in_invoice,S/FRA/2025/0842,FPR 1/25,"",not_sent,""
1,27133,in_invoice,S/FRA/2025/0835,12025/344547,"",not_sent,""
1,26962,in_invoice,S/FRA/2025/0805,34/2025,"",not_sent,""
1,27132,in_invoice,S/FRA/2025/0833,12025/285382,"",not_sent,""
1,26965,in_invoice,S/FRA/2025/0797,06/2025,"",not_sent,""
1,26963,in_invoice,S/FRA/2025/0806,8.778A,"",not_sent,""
1,27125,in_invoice,/,041,"",not_sent,""
1,27203,in_invoice,/,47/2025,"",not_sent,""
1,27045,in_invoice,S/FRA/2025/0811,12/2025,"",not_sent,""
1,27049,in_invoice,S/FRA/2025/0814,F250080,"",not_sent,""
1,27096,in_invoice,S/FRA/2025/0837,02566,"",not_sent,""
1,27072,in_invoice,S/FRA/2025/0843,6,"",not_sent,""
1,27025,in_invoice,S/FRA/2025/0844,FPR 3/25,"",not_sent,""
1,27126,in_invoice,/,042,"",not_sent,""
1,27173,in_invoice,/,2025001270,"",not_sent,""
1,27127,in_invoice,/,219/02,"",not_sent,""
1,27128,in_invoice,/,17-2025,"",not_sent,""
1,27112,in_invoice,S/FRA/2025/0832,ES51R8FFABEI,"",not_sent,""
1,26865,in_invoice,S/FRA/2025/0798,25/22,"",not_sent,""
1,27115,in_invoice,/,30/11/25,"",not_sent,""
1,26938,in_invoice,/,FRO20251721437,"",not_sent,""
1,27129,in_invoice,/,8.986A,"",not_sent,""
1,27211,in_invoice,/,"","",not_sent,""
1,27130,in_invoice,/,9.067A,"",not_sent,""
1,26900,in_invoice,S/FRA/2025/0799,8.651A,"",not_sent,""
1,26901,in_invoice,S/FRA/2025/0800,8.650A,"",not_sent,""
1,27106,in_invoice,S/FRA/2025/0830,AL25001016,"",not_sent,""
1,27105,in_invoice,/,5.449/F,"",not_sent,""
1,27111,in_invoice,S/FRA/2025/0834,51.2025,"",not_sent,""
1,26368,in_invoice,S/FRA/2025/0627,4,"",sent,""
1,26535,in_invoice,S/FRA/2025/0750,FM25-2615,"",not_sent,""
1,26670,in_invoice,S/FRA/2025/0746,ES57ZCQABEY,"",not_sent,""
1,26725,in_invoice,S/FRA/2025/0747,0000748649,"",not_sent,""
1,26902,in_invoice,S/FRA/2025/0801,10078,"",not_sent,""
1,26645,in_invoice,S/FRA/2025/0742,25/0575,"",not_sent,""
1,27095,in_invoice,/,FO5/2224,"",not_sent,""
1,27099,in_invoice,/,FM25-2962,"",not_sent,""
1,27098,in_invoice,S/FRA/2025/0829,FM25-2901,"",not_sent,""
1,27071,in_invoice,S/FRA/2025/0831,ES58OLHABEY,"",not_sent,""
1,25810,in_invoice,S/FRA/2025/0556,A2506082,"",sent,""
1,26778,in_invoice,S/FRA/2025/0761,A2506082,"",not_sent,""
1,26488,in_invoice,S/FRA/2025/0734,8.167A,"",not_sent,""
1,26524,in_invoice,S/FRA/2025/0676,00003231,"",sent,""
1,26190,in_invoice,S/FRA/2025/0586,000271,"",sent,""
1,26721,in_invoice,S/FRA/2025/0738,AF/3406/01,"",not_sent,""
1,26191,in_invoice,S/FRA/2025/0566,000284,"",sent,""
1,26192,in_invoice,S/FRA/2025/0567,000285,"",sent,""
1,26193,in_invoice,S/FRA/2025/0568,000286,"",sent,""
1,26224,in_invoice,S/FRA/2025/0605,000283,"",sent,""
1,26346,in_invoice,S/FRA/2025/0633,D25 445,"",sent,""
1,26347,in_invoice,S/FRA/2025/0634,F161-2025,"",sent,""
1,26615,in_invoice,S/FRA/2025/0757,2025001091,"",not_sent,""
1,26809,in_invoice,S/FRA/2025/0784,1012,"",not_sent,""
1,27026,in_invoice,S/FRA/2025/0809,AF/3415/01,"",not_sent,""
1,27160,in_invoice,/,"","",not_sent,""
1,26866,in_invoice,/,05/2025,"",not_sent,""
1,16010,in_refund,RS/FRA/2023/0008,BL7/2023/2/24345,"",sent,""
1,26688,in_refund,/,80757012,"",not_sent,""
1,26689,in_refund,/,80757058,"",not_sent,""
1,23903,in_refund,RS/FRA/2025/0003,A-575,"",sent,""
1,91,in_refund,RS/FRA/2021/0004,AV-000094 DE A000028564,"",not_sent,""
1,291,in_refund,RS/FRA/2021/0005,5.369,"",not_sent,""
1,210,in_refund,RS/FRA/2021/0003,5.174,"",not_sent,""
1,160,in_refund,RS/FRA/2021/0006,P2/20,"",not_sent,""
1,23893,in_refund,/,ES517RXABEC,"",not_sent,""
1,23905,in_refund,/,ES518ERABEC,"",not_sent,""
1,23892,in_refund,/,ES517RVABEC,"",not_sent,""
1,31,in_refund,RS/FRA/2021/0001,74/00316129,"",not_sent,""
1,62,in_refund,RS/FRA/2021/0002,5090,"",not_sent,""
1,561,in_refund,RS/FRA/2021/0008,21/ABO 15,"",sent,""
1,605,in_refund,RS/FRA/2021/0007,21.035,"",sent,""
1,1609,in_refund,RS/FRA/2021/0013,A2105,"",sent,""
1,5860,in_refund,RS/FRA/2022/0002,0070/02/2021/0000020,"",sent,""
1,21849,in_refund,RS/FRA/2024/0009,ES42ZU1ABEC,"",sent,""
1,6707,in_refund,RS/FRA/2022/0004,VAB22-05-0034,"",sent,""
1,8308,in_refund,RS/FRA/2022/0005,22/ABO 18,"",sent,""
1,3084,in_refund,RS/FRA/2021/0015,A1/2021,"",sent,""
1,3088,in_refund,RS/FRA/2021/0014,001GR00045,"",sent,""
1,3127,in_refund,RS/FRA/2021/0012,R-H0663/0001,"",sent,""
1,4113,in_refund,RS/FRA/2022/0001,NOTA DE CRÉDITO 1,"",sent,""
1,6731,in_refund,RS/FRA/2022/0003,3170003416,"",sent,""
1,8949,in_refund,RS/FRA/2022/0006,R2698,"",sent,""
1,17336,in_refund,RS/FRA/2024/0002,000GR00366,"",sent,""
1,15968,in_refund,RS/FRA/2023/0007,0208-2023,"",sent,""
1,17219,in_refund,RS/FRA/2024/0004,D9700 / 19 / 5424,"",sent,""
1,11481,in_refund,RS/FRA/2023/0003,23/ABO 6,"",sent,""
1,11591,in_refund,RS/FRA/2023/0004,A1,"",sent,""
1,11628,in_refund,RS/FRA/2023/0005,R1,"",sent,""
1,23457,in_refund,RS/FRA/2025/0002,CNP001038400000001904,"",sent,""
1,16012,in_refund,RS/FRA/2024/0006,BL7/2023/1/22875,"",sent_modified,""
1,20810,in_refund,RS/FRA/2024/0008,052-0010-R282658,"",sent,""
1,11142,in_refund,RS/FRA/2022/0007,D2022189200200000843,"",sent,""
1,11383,in_refund,RS/FRA/2023/0002,2022/015200/00002320,"",sent,""
1,17397,in_refund,RS/FRA/2024/0003,R01/2024,"",sent_modified,""
1,11464,in_refund,RS/FRA/2023/0001,A1/2023 Factura de Abono,"",sent,""
1,17209,in_refund,RS/FRA/2024/0001,57892179191,"",sent,""
1,17220,in_refund,RS/FRA/2024/0005,D9700 / 11 / 5420,"",sent,""
1,18355,in_refund,RS/FRA/2024/0007,R/24000053,"",sent,""
1,11670,in_refund,RS/FRA/2023/0006,2023-00022,"",sent,""
1,22761,in_refund,RS/FRA/2025/0001,1/2025,"",sent,""
1,25040,in_refund,RS/FRA/2025/0004,ABF250070,"",sent,""
1,623,out_invoice,C/2021/0002,C2,C/2021/0002,not_sent,""
1,2591,out_invoice,C/2021/0007,C7,C/2021/0007,sent,""
1,11629,out_invoice,A/2023/0007,A07 A B007,A/2023/0007,not_sent,""
1,13853,out_invoice,A/2023/0009,"",A/2023/0009,not_sent,""
1,17184,out_invoice,T/2024/0001,"",T/2024/0001,sent,""
1,13257,out_invoice,C/2023/0010,"",C/2023/0010,sent,""
1,11622,out_invoice,A/2023/0006,A06 A B006,A/2023/0006,not_sent,"1329 | Cuando el tipo de factura es F2, la suma de las bases imponi"
1,3893,out_invoice,C/2022/0003,C3,C/2022/0003,sent,""
1,9041,out_invoice,C/2022/0007,C7,C/2022/0007,sent,""
1,13854,out_invoice,A/2023/0010,"",A/2023/0010,not_sent,""
1,10619,out_invoice,C/2023/0001,C1,C/2023/0001,sent,""
1,20489,out_invoice,C/2024/0015,"",C/2024/0015,sent,""
1,20488,out_invoice,J/2024/0035,"",J/2024/0035,sent,""
1,10370,out_invoice,T/2023/0002,T2,T/2023/0002,sent,""
1,15292,out_invoice,C/2023/0017,"",C/2023/0017,sent,""
1,15290,out_invoice,J/2023/0034,"",J/2023/0034,sent,""
1,16598,out_invoice,C/2024/0001,"",C/2024/0001,sent,""
1,9508,out_invoice,J/2023/0003,J3,J/2023/0003,sent,""
1,7733,out_invoice,J/2022/0012,J12,J/2022/0012,sent,""
1,9123,out_invoice,A/2022/0017,A17 A B017,A/2022/0017,not_sent,""
1,15106,out_invoice,J/2023/0029,"",J/2023/0029,sent,""
1,15105,out_invoice,J/2023/0028,"",J/2023/0028,sent,""
1,9102,out_invoice,C/2022/0008,C8,C/2022/0008,sent,""
1,3020,out_invoice,A/2021/0016,A11 A B011,A/2021/0011,not_sent,""
1,794,out_invoice,A/2021/0021,A05 A B005,A/2021/0005,not_sent,""
1,3419,out_invoice,A/2021/0025,A13 A B013,A/2021/0025,not_sent,""
1,792,out_invoice,A/2021/0019,A03 A B003,A/2021/0003,not_sent,""
1,3865,out_invoice,A/2021/0026,A14 A B014,A/2021/0026,not_sent,""
1,8239,out_invoice,A/2022/0008,A08 A B008,A/2022/0008,not_sent,"1329 | Cuando el tipo de factura es F2, la suma de las bases imponi"
1,621,out_invoice,A/2021/0018,A02 a B002,A/2021/0002,not_sent,""
1,3867,out_invoice,A/2021/0027,A15 A B015,A/2021/0027,not_sent,""
1,13718,out_invoice,J/2023/0020,"",J/2023/0020,sent_modified,""
1,21772,out_invoice,J/2024/0045,"",J/2024/0045,sent,""
1,19523,out_invoice,C/2024/0009,"",C/2024/0009,sent,""
1,15827,out_invoice,T/2023/0014,"",T/2023/0014,sent,""
1,15828,out_invoice,J/2023/0036,"",J/2023/0036,sent,""
1,13919,out_invoice,J/2023/0021,"",J/2023/0021,sent,""
1,19221,out_invoice,J/2024/0021,"",J/2024/0021,sent,""
1,12257,out_invoice,C/2023/0006,"",C/2023/0006,sent,""
1,15847,out_invoice,C/2023/0018,"",C/2023/0018,sent,""
1,14618,out_invoice,A/2023/0012,"",A/3111/0003,not_sent,""
1,22075,out_invoice,A/2024/0018,"",A/2024/0018,not_sent,""
1,9090,out_invoice,J/2022/0026,J26,J/2022/0026,sent,""
1,19289,out_invoice,J/2024/0027,"",J/2024/0027,sent,""
1,20184,out_invoice,J/2024/0032,"",J/2024/0032,sent,""
1,20460,out_invoice,J/2024/0033,"",J/2024/0033,sent,""
1,15120,out_invoice,C/2023/0016,"",C/2023/0016,sent,""
1,3043,out_invoice,J/2021/0019,J19,J/2021/0019,sent,""
1,9125,out_invoice,A/2022/0019,A19 A B019,A/2022/0019,not_sent,""
1,16574,out_invoice,J/2024/0008,"",J/2024/0008,sent,""
1,13254,out_invoice,C/2023/0009,"",C/2023/0009,sent,""
1,8885,out_invoice,A/2022/0011,A11 A B011,A/2022/0011,not_sent,""
1,15900,out_invoice,T/2023/0015,"",T/2023/0015,sent,""
1,21229,out_invoice,J/2024/0039,"",J/2024/0039,sent,""
1,799,out_invoice,C/2021/0006,C6,C/2021/0006,not_sent,""
1,3886,out_invoice,C/2022/0002,C2,C/2022/0002,sent,""
1,15006,out_invoice,J/2023/0027,"",J/2023/0027,sent,""
1,11592,out_invoice,C/2023/0003,C3,C/2023/0003,sent,""
1,19102,out_invoice,J/2024/0013,"",J/2024/0013,sent,""
1,14686,out_invoice,J/2023/0024,"",J/2023/0024,sent,""
1,11426,out_invoice,J/2023/0006,J6,J/2023/0006,sent,""
1,13918,out_invoice,C/2023/0014,"",C/2023/0014,sent,""
1,16404,out_invoice,J/2024/0005,"",J/2024/0005,sent,""
1,21556,out_invoice,A/2024/0015,"",A/2024/0015,not_sent,""
1,12366,out_invoice,J/2023/0012,"",J/2023/0012,sent,""
1,24878,out_invoice,C/2025/0008,"",C/2025/0008,sent_modified,""
1,10629,out_invoice,J/2023/0004,J4,J/2023/0004,sent,""
1,12263,out_invoice,T/2023/0008,"",T/2023/0008,sent,""
1,15209,out_invoice,A/2023/0017,"",A/3111/0008,not_sent,""
1,15207,out_invoice,A/2023/0015,"",A/3111/0006,not_sent,""
1,12273,out_invoice,J/2023/0009,"",J/2023/0009,sent,""
1,13289,out_invoice,J/2023/0015,"",J/2023/0015,sent,""
1,13664,out_invoice,J/2023/0019,"",J/2023/0019,sent,""
1,19905,out_invoice,J/2024/0030,"",J/2024/0030,sent,""
1,9217,out_invoice,A/2022/0020,A20 A B020,A/2022/0020,not_sent,""
1,15107,out_invoice,J/2023/0030,"",J/2023/0030,sent,""
1,12259,out_invoice,J/2023/0008,"",J/2023/0008,sent,""
1,13255,out_invoice,J/2023/0013,"",J/2023/0013,sent,""
1,13256,out_invoice,J/2023/0014,"",J/2023/0014,sent,""
1,14685,out_invoice,J/2023/0023,"",J/2023/0023,sent,""
1,15289,out_invoice,J/2023/0033,"",J/2023/0033,sent,""
1,15108,out_invoice,J/2023/0031,"",J/2023/0031,sent,""
1,11679,out_invoice,T/2023/0005,T5,T/2023/0005,sent,""
1,14706,out_invoice,J/2023/0025,"",J/2023/0025,sent,""
1,15850,out_invoice,J/2023/0037,"",J/2023/0037,sent,""
1,18777,out_invoice,C/2024/0005,"",C/2024/0005,sent,""
1,23367,out_invoice,T/2025/0001,"",T/2025/0001,sent,""
1,18210,out_invoice,C/2024/0003,"",C/2024/0003,sent_modified,""
1,6414,out_invoice,A/2022/0023,A04 A B004,A/2022/0004,not_sent,"1329 | Cuando el tipo de factura es F2, la suma de las bases imponi"
1,14940,out_invoice,T/2023/0013,"",T/2023/0013,sent,""
1,14549,out_invoice,T/2023/0011,"",T/2023/0011,sent,""
1,14939,out_invoice,T/2023/0012,"",T/2023/0012,sent,""
1,651,out_invoice,J/2021/0005,J5,J/2021/0004,not_sent,""
1,7734,out_invoice,J/2022/0013,J13,J/2022/0013,sent,""
1,12365,out_invoice,J/2023/0011,"",J/2023/0011,sent,""
1,11354,out_invoice,T/2023/0003,T3,T/2023/0003,sent,""
1,13663,out_invoice,J/2023/0018,"",J/2023/0018,sent,""
1,13908,out_invoice,C/2023/0013,"",C/2023/0013,sent,""
1,620,out_invoice,A/2021/0013,A01 A B001,A/2021/0001,not_sent,""
1,795,out_invoice,A/2021/0022,A06 A B006,A/2021/0006,not_sent,""
1,19203,out_invoice,J/2024/0019,"",J/2024/0019,sent,""
1,798,out_invoice,C/2021/0005,C5,C/2021/0005,not_sent,""
1,22533,out_invoice,C/2025/0001,"",C/2025/0001,sent,""
1,801,out_invoice,J/2021/0009,J9,J/2021/0008,not_sent,""
1,19489,out_invoice,C/2024/0007,"",C/2024/0007,sent,""
1,12291,out_invoice,T/2023/0009,"",T/2023/0009,sent,""
1,11474,out_invoice,T/2023/0004,T4,T/2023/0004,sent,""
1,3239,out_invoice,C/2021/0008,C8,C/2021/0008,not_sent,""
1,8917,out_invoice,J/2022/0022,J22,J/2022/0022,sent,""
1,20215,out_invoice,C/2024/0014,"",C/2024/0014,sent,""
1,20930,out_invoice,T/2024/0005,"",T/2024/0005,sent,""
1,624,out_invoice,C/2021/0003,C3,C/2021/0003,not_sent,""
1,622,out_invoice,C/2021/0001,C1,C/2021/0001,not_sent,""
1,625,out_invoice,C/2021/0004,C4,C/2021/0004,not_sent,""
1,648,out_invoice,J/2021/0001,J1,J/2021/0001,not_sent,""
1,649,out_invoice,J/2021/0002,J2,J/2021/0002,not_sent,""
1,650,out_invoice,J/2021/0004,J4,J/2021/0003,not_sent,""
1,653,out_invoice,J/2021/0006,J6,J/2021/0005,not_sent,""
1,654,out_invoice,J/2021/0007,J7,J/2021/0006,not_sent,""
1,655,out_invoice,J/2021/0008,J8,J/2021/0007,not_sent,""
1,656,out_invoice,T/2021/0001,T1,T/2021/0001,not_sent,""
1,657,out_invoice,T/2021/0002,T2,T/2021/0002,not_sent,""
1,658,out_invoice,T/2021/0003,T3,T/2021/0003,not_sent,""
1,659,out_invoice,T/2021/0004,T4,T/2021/0004,not_sent,""
1,660,out_invoice,T/2021/0005,T5,T/2021/0005,not_sent,""
1,797,out_invoice,A/2021/0024,A08 A B008,A/2021/0008,not_sent,""
1,793,out_invoice,A/2021/0020,A04 A B004,A/2021/0004,not_sent,""
1,804,out_invoice,J/2021/0012,J12,J/2021/0011,not_sent,""
1,805,out_invoice,J/2021/0013,J13,J/2021/0012,not_sent,""
1,806,out_invoice,T/2021/0006,T6,T/2021/0006,not_sent,""
1,807,out_invoice,T/2021/0007,T7,T/2021/0007,not_sent,""
1,808,out_invoice,J/2021/0003,J3,J/2021/0013,not_sent,""
1,810,out_invoice,J/2021/0015,J15,J/2021/0015,sent,""
1,23100,out_invoice,J/2025/0009,"",J/2025/0009,sent,""
1,8240,out_invoice,A/2022/0009,A09 A B009,A/2022/0009,not_sent,""
1,16082,out_invoice,A/2023/0019,"",A/3111/0010,not_sent,""
1,2335,out_invoice,J/2021/0016,J16,J/2021/0016,sent,""
1,13948,out_invoice,J/2023/0022,"",J/2023/0022,sent,""
1,21485,out_invoice,J/2024/0044,"",J/2024/0044,sent,""
1,2888,out_invoice,J/2021/0018,J18,J/2021/0018,sent,""
1,23865,out_invoice,C/2025/0006,"",C/2025/0006,not_sent,""
1,3018,out_invoice,A/2021/0014,A09 A B009,A/2021/0009,not_sent,"1329 | Cuando el tipo de factura es F2, la suma de las bases imponi"
1,3019,out_invoice,A/2021/0015,A10 A B010,A/2021/0010,not_sent,"1329 | Cuando el tipo de factura es F2, la suma de las bases imponi"
1,3021,out_invoice,A/2021/0017,A12 A B012,A/2021/0017,not_sent,""
1,3044,out_invoice,T/2021/0008,T8,T/2021/0008,sent,""
1,21241,out_invoice,J/2024/0040,"",J/2024/0040,sent,""
1,21069,out_invoice,J/2024/0038,"",J/2024/0038,sent,""
1,3550,out_invoice,T/2022/0001,T1,T/2021/0009,sent,""
1,3696,out_invoice,C/2022/0001,C1,C/2022/0001,sent,""
1,3697,out_invoice,J/2022/0001,J1,J/2022/0001,sent,""
1,3876,out_invoice,J/2022/0002,J2,J/2022/0002,sent,""
1,3877,out_invoice,J/2022/0003,J3,J/2022/0003,sent,""
1,3883,out_invoice,J/2022/0004,J4,J/2022/0004,sent,""
1,22146,out_invoice,J/2025/0004,"",J/2025/0004,sent,""
1,3894,out_invoice,T/2022/0002,T2,T/2022/0002,sent,""
1,3895,out_invoice,T/2022/0003,T3,T/2022/0003,sent,""
1,11360,out_invoice,A/2023/0002,A02 a B002,A/2023/0002,not_sent,""
1,3928,out_invoice,J/2022/0005,J5,J/2022/0005,sent,""
1,23133,out_invoice,A/2025/0002,"",A/2025/0002,not_sent,""
1,22763,out_invoice,C/2025/0003,"",C/2025/0003,sent,""
1,4099,out_invoice,T/2022/0004,T4,T/2022/0004,sent,""
1,8886,out_invoice,A/2022/0012,A12 A B012,A/2022/0012,not_sent,""
1,4273,out_invoice,A/2022/0001,A01 a B001,A/2022/0001,not_sent,""
1,4274,out_invoice,A/2022/0002,A02 a B002,A/2022/0002,not_sent,""
1,8890,out_invoice,A/2022/0014,A14 A B014,A/2022/0014,not_sent,""
1,4275,out_invoice,A/2022/0003,A03 A B003,A/2022/0003,not_sent,""
1,11684,out_invoice,T/2023/0007,T7,T/2023/0007,sent,""
1,9122,out_invoice,A/2022/0016,A16 A B016,A/2022/0016,not_sent,""
1,9121,out_invoice,A/2022/0015,A15 A B015,A/2022/0015,not_sent,""
1,9124,out_invoice,A/2022/0018,A18 A B018,A/2022/0018,not_sent,""
1,6419,out_invoice,A/2022/0006,A06 A B006,A/2022/0006,not_sent,""
1,6420,out_invoice,A/2022/0007,A07 A B007,A/2022/0007,not_sent,""
1,9218,out_invoice,A/2022/0021,A21 A B021,A/2022/0021,not_sent,""
1,6521,out_invoice,T/2022/0005,T5,T/2022/0005,sent,""
1,6654,out_invoice,T/2022/0006,T6,T/2022/0006,sent,""
1,6676,out_invoice,T/2022/0007,T7,T/2022/0007,sent,""
1,6418,out_invoice,A/2022/0005,A05 A B005,A/2022/0005,not_sent,""
1,809,out_invoice,J/2021/0014,J14,J/2021/0014,sent,""
1,6677,out_invoice,T/2022/0008,T8,T/2022/0008,sent,""
1,6733,out_invoice,T/2022/0009,T9,T/2022/0009,sent,""
1,6735,out_invoice,J/2022/0006,J6,J/2022/0006,sent,""
1,6736,out_invoice,J/2022/0007,J7,J/2022/0007,sent,""
1,6750,out_invoice,J/2022/0008,J8,J/2022/0008,sent,""
1,6751,out_invoice,T/2022/0010,T10,T/2022/0010,sent,""
1,6845,out_invoice,T/2022/0011,T11,T/2022/0011,sent,""
1,6846,out_invoice,T/2022/0012,T12,T/2022/0012,sent,""
1,13258,out_invoice,C/2023/0011,"",C/2023/0011,sent,""
1,7689,out_invoice,C/2022/0004,C4,C/2022/0004,sent,""
1,7726,out_invoice,C/2022/0006,C6,C/2022/0006,sent,""
1,7731,out_invoice,J/2022/0010,J10,J/2022/0010,sent,""
1,7732,out_invoice,J/2022/0011,J11,J/2022/0011,sent,""
1,7729,out_invoice,J/2022/0009,J9,J/2022/0009,sent,""
1,7746,out_invoice,J/2022/0015,J15,J/2022/0015,sent,""
1,7772,out_invoice,J/2022/0016,J16,J/2022/0016,sent,""
1,7782,out_invoice,J/2022/0017,J17,J/2022/0017,sent,""
1,8252,out_invoice,T/2022/0013,T13,T/2022/0013,sent,""
1,13330,out_invoice,J/2023/0016,"",J/2023/0016,sent,""
1,13253,out_invoice,T/2023/0010,"",T/2023/0010,sent,""
1,8292,out_invoice,J/2022/0019,J19,J/2022/0019,sent,""
1,8305,out_invoice,J/2022/0020,J20,J/2022/0020,sent,""
1,8489,out_invoice,T/2022/0014,T14,T/2022/0014,sent,""
1,8877,out_invoice,J/2022/0021,J21,J/2022/0021,sent,""
1,8887,out_invoice,A/2022/0013,A13 A B013,A/2022/0013,not_sent,""
1,8930,out_invoice,T/2022/0015,T15,T/2022/0015,sent,""
1,8955,out_invoice,J/2022/0023,J23,J/2022/0023,sent,""
1,9015,out_invoice,J/2022/0024,J24,J/2022/0024,sent,""
1,9016,out_invoice,J/2022/0025,J25,J/2022/0025,sent,""
1,802,out_invoice,J/2021/0010,J10,J/2021/0009,not_sent,""
1,13331,out_invoice,C/2023/0012,"",C/2023/0012,sent,""
1,11362,out_invoice,A/2023/0004,A04 A B004,A/2023/0004,not_sent,""
1,11363,out_invoice,A/2023/0005,A05 A B005,A/2023/0005,not_sent,""
1,11361,out_invoice,A/2023/0003,A03 A B003,A/2023/0003,not_sent,""
1,9140,out_invoice,T/2022/0016,T16,T/2022/0016,sent,""
1,796,out_invoice,A/2021/0023,A07 A B007,A/2021/0007,not_sent,""
1,803,out_invoice,J/2021/0011,J11,J/2021/0010,not_sent,""
1,11359,out_invoice,A/2023/0001,A01 a B001,A/2023/0001,not_sent,""
1,8241,out_invoice,A/2022/0010,A10 A B010,A/2022/0010,not_sent,""
1,8249,out_invoice,J/2022/0018,J18,J/2022/0018,sent,""
1,9168,out_invoice,J/2022/0027,J27,J/2022/0027,sent,""
1,9175,out_invoice,J/2022/0028,J28,J/2022/0028,sent,""
1,9219,out_invoice,A/2022/0022,A22 A B022,A/2022/0022,not_sent,""
1,9224,out_invoice,J/2023/0001,J1,J/2023/0001,sent,""
1,12312,out_invoice,C/2023/0007,"",C/2023/0007,sent,""
1,9262,out_invoice,T/2023/0001,T1,T/2022/0017,sent,""
1,9505,out_invoice,J/2023/0002,J2,J/2023/0002,sent,""
1,11680,out_invoice,T/2023/0006,T6,T/2023/0006,sent,""
1,11593,out_invoice,C/2023/0004,C4,C/2023/0004,sent,""
1,16062,out_invoice,J/2024/0001,"",J/2024/0001,sent,""
1,16189,out_invoice,J/2024/0002,"",J/2024/0002,sent,""
1,16238,out_invoice,J/2024/0003,"",J/2024/0003,sent,""
1,16408,out_invoice,J/2024/0006,"",J/2024/0006,sent,""
1,19490,out_invoice,C/2024/0008,"",C/2024/0008,sent,""
1,11370,out_invoice,C/2023/0002,C2,C/2023/0002,sent,""
1,11269,out_invoice,J/2023/0005,J5,J/2023/0005,sent,""
1,17340,out_invoice,J/2024/0009,"",J/2024/0009,sent,""
1,12321,out_invoice,C/2023/0008,"",C/2023/0008,sent,""
1,13852,out_invoice,A/2023/0008,"",A/2023/0008,not_sent,"1329 | Cuando el tipo de factura es F2, la suma de las bases imponi"
1,14617,out_invoice,A/2023/0011,"",A/2023/0011,not_sent,"1329 | Cuando el tipo de factura es F2, la suma de las bases imponi"
1,19600,out_invoice,J/2024/0029,"",J/2024/0029,sent,""
1,7735,out_invoice,J/2022/0014,J14,J/2022/0014,sent,""
1,14620,out_invoice,A/2023/0013,"",A/3111/0004,not_sent,""
1,16084,out_invoice,A/2023/0021,"",A/3111/0012,not_sent,""
1,15206,out_invoice,A/2023/0014,"",A/3111/0005,not_sent,"1329 | Cuando el tipo de factura es F2, la suma de las bases imponi"
1,19939,out_invoice,J/2024/0031,"",J/2024/0031,sent,""
1,2847,out_invoice,J/2021/0017,J17,J/2021/0017,sent,""
1,12364,out_invoice,J/2023/0010,"",J/2023/0010,sent,""
1,14997,out_invoice,J/2023/0026,"",J/2023/0026,sent,""
1,16083,out_invoice,A/2023/0020,"",A/3111/0011,not_sent,""
1,23834,out_invoice,C/2025/0005,"",C/2025/0005,sent,""
1,19938,out_invoice,C/2024/0012,"",C/2024/0012,sent,""
1,18199,out_invoice,J/2024/0010,"",J/2024/0010,sent,""
1,15208,out_invoice,A/2023/0016,"",A/3111/0007,not_sent,""
1,16081,out_invoice,A/2023/0018,"",A/3111/0009,not_sent,""
1,19199,out_invoice,J/2024/0016,"",J/2024/0016,sent,""
1,7703,out_invoice,C/2022/0005,C5,C/2022/0005,sent,""
1,22044,out_invoice,J/2025/0003,"",J/2025/0003,sent,""
1,22043,out_invoice,J/2025/0002,"",J/2025/0002,sent,""
1,22042,out_invoice,J/2025/0001,"",J/2025/0001,sent,""
1,22758,out_invoice,C/2025/0002,"",C/2025/0002,sent,""
1,25143,out_invoice,T/2025/0008,"",T/2025/0008,sent,""
1,21889,out_invoice,C/2024/0017,"",C/2024/0017,sent,""
1,20932,out_invoice,T/2024/0007,"",T/2024/0007,sent,""
1,24225,out_invoice,J/2025/0016,"",J/2025/0016,sent,""
1,25763,out_invoice,C/2025/0014,"",C/2025/0014,sent,""
1,11683,out_invoice,J/2023/0007,J7,J/2023/0007,sent,""
1,14547,out_invoice,C/2023/0015,"",C/2023/0015,sent,""
1,20626,out_invoice,C/2024/0016,"",C/2024/0016,sent,""
1,21034,out_invoice,J/2024/0037,"",J/2024/0037,sent,""
1,24000,out_invoice,T/2025/0004,"",T/2025/0004,sent,""
1,20931,out_invoice,T/2024/0006,"",T/2024/0006,sent,""
1,24214,out_invoice,J/2025/0014,"",J/2025/0014,sent,""
1,23791,out_invoice,J/2025/0013,"",J/2025/0013,sent,""
1,13613,out_invoice,J/2023/0017,"",J/2023/0017,sent,""
1,24224,out_invoice,J/2025/0015,"",J/2025/0015,sent,""
1,24327,out_invoice,T/2025/0012,"",T/2025/0012,sent,""
1,25182,out_invoice,J/2025/0031,"",J/2025/0031,sent,""
1,18447,out_invoice,C/2024/0004,"",C/2024/0004,sent,""
1,25451,out_invoice,T/2025/0009,"",T/2025/0009,sent,""
1,23535,out_invoice,A/2025/0003,"",A/2025/0003,not_sent,""
1,17388,out_invoice,A/2024/0002,"",A/3111/0014,not_sent,""
1,20134,out_invoice,A/2024/0009,"",A/2024/0009,not_sent,""
1,18735,out_invoice,T/2024/0003,"",T/2024/0003,sent,""
1,24486,out_invoice,J/2025/0018,"",J/2025/0018,sent,""
1,24273,out_invoice,J/2025/0017,"",J/2025/0017,sent,""
1,23314,out_invoice,J/2025/0011,"",J/2025/0011,sent,""
1,23368,out_invoice,J/2025/0012,"",J/2025/0012,sent,""
1,23536,out_invoice,A/2025/0004,"",A/2025/0004,not_sent,""
1,17387,out_invoice,A/2024/0001,"",A/3111/0013,not_sent,""
1,22529,out_invoice,J/2025/0006,"",J/2025/0006,sent,""
1,17391,out_invoice,A/2024/0005,"",A/3111/0017,not_sent,""
1,17389,out_invoice,A/2024/0003,"",A/3111/0015,not_sent,""
1,17392,out_invoice,A/2024/0006,"",A/3111/0018,not_sent,""
1,21040,out_invoice,A/2024/0011,"",A/2024/0011,not_sent,""
1,21554,out_invoice,A/2024/0013,"",A/2024/0013,not_sent,""
1,21041,out_invoice,A/2024/0012,"",A/2024/0012,not_sent,""
1,19278,out_invoice,C/2024/0006,"",C/2024/0006,sent,""
1,22054,out_invoice,A/2024/0016,"",A/2024/0016,not_sent,""
1,21555,out_invoice,A/2024/0014,"",A/2024/0014,not_sent,""
1,21035,out_invoice,A/2024/0010,"",A/2024/0010,not_sent,""
1,22055,out_invoice,A/2024/0017,"",A/2024/0017,not_sent,""
1,15189,out_invoice,J/2023/0032,"",J/2023/0032,sent,""
1,20132,out_invoice,A/2024/0007,"",A/2024/0007,not_sent,"1329 | Cuando el tipo de factura es F2, la suma de las bases imponi"
1,25134,out_invoice,C/2025/0012,"",C/2025/0012,sent,""
1,24001,out_invoice,T/2025/0005,"",T/2025/0005,sent,""
1,23099,out_invoice,C/2025/0004,"",C/2025/0004,sent,""
1,19988,out_invoice,C/2024/0013,"",C/2024/0013,sent,""
1,17472,out_invoice,T/2024/0002,"",T/2024/0002,sent,""
1,21773,out_invoice,J/2024/0046,"",J/2024/0046,sent,""
1,21288,out_invoice,J/2024/0042,"",J/2024/0042,sent,""
1,19598,out_invoice,J/2024/0028,"",J/2024/0028,sent,""
1,21484,out_invoice,J/2024/0043,"",J/2024/0043,sent,""
1,21287,out_invoice,J/2024/0041,"",J/2024/0041,sent,""
1,20929,out_invoice,J/2024/0036,"",J/2024/0036,sent,""
1,19462,out_invoice,T/2024/0004,"",T/2024/0004,sent,""
1,16464,out_invoice,J/2024/0007,"",J/2024/0007,sent,""
1,11611,out_invoice,C/2023/0005,C5,C/2023/0005,sent_modified,""
1,22173,out_invoice,J/2025/0005,"",J/2025/0005,sent,""
1,22530,out_invoice,J/2025/0007,"",J/2025/0007,sent,""
1,23101,out_invoice,J/2025/0010,"",J/2025/0010,sent,""
1,23132,out_invoice,A/2025/0001,"",A/2025/0001,not_sent,""
1,20133,out_invoice,A/2024/0008,"",A/2024/0008,not_sent,"1329 | Cuando el tipo de factura es F2, la suma de las bases imponi"
1,19277,out_invoice,J/2024/0026,"",J/2024/0026,sent,""
1,19274,out_invoice,J/2024/0023,"",J/2024/0023,sent,""
1,18904,out_invoice,J/2024/0011,"",J/2024/0011,sent,""
1,19202,out_invoice,J/2024/0018,"",J/2024/0018,sent,""
1,19128,out_invoice,J/2024/0014,"",J/2024/0014,sent,""
1,23539,out_invoice,A/2025/0007,"",A/2025/0007,not_sent,""
1,19201,out_invoice,J/2024/0017,"",J/2024/0017,sent,""
1,19275,out_invoice,J/2024/0024,"",J/2024/0024,sent,""
1,19185,out_invoice,J/2024/0015,"",J/2024/0015,sent,""
1,19089,out_invoice,J/2024/0012,"",J/2024/0012,sent,""
1,23538,out_invoice,A/2025/0006,"",A/2025/0006,not_sent,""
1,19273,out_invoice,J/2024/0022,"",J/2024/0022,sent,""
1,23537,out_invoice,A/2025/0005,"",A/2025/0005,not_sent,""
1,19276,out_invoice,J/2024/0025,"",J/2024/0025,sent,""
1,26998,out_invoice,J/2025/0045,"",J/2025/0045,sent,""
1,25163,out_invoice,J/2025/0028,"",J/2025/0028,sent,""
1,19220,out_invoice,J/2024/0020,"",J/2024/0020,sent,""
1,20467,out_invoice,J/2024/0034,"",J/2024/0034,sent,""
1,17306,out_invoice,C/2024/0002,"",C/2024/0002,sent,""
1,24832,out_invoice,J/2025/0022,"",J/2025/0022,sent,""
1,19601,out_invoice,C/2024/0010,"",C/2024/0010,sent,""
1,23998,out_invoice,T/2025/0003,"",T/2025/0003,sent,""
1,25074,out_invoice,J/2025/0027,"",J/2025/0027,sent,""
1,25062,out_invoice,J/2025/0026,"",J/2025/0026,sent,""
1,25057,out_invoice,J/2025/0025,"",J/2025/0025,sent,""
1,24918,out_invoice,C/2025/0010,"",C/2025/0010,sent,""
1,15355,out_invoice,J/2023/0035,"",J/2023/0035,sent,""
1,24820,out_invoice,J/2025/0021,"",J/2025/0021,sent,""
1,24559,out_invoice,J/2025/0019,"",J/2025/0019,sent,""
1,16345,out_invoice,J/2024/0004,"",J/2024/0004,sent,""
1,24894,out_invoice,C/2025/0009,"",C/2025/0009,sent,""
1,26722,out_invoice,J/2025/0042,"",J/2025/0042,sent,""
1,24746,out_invoice,J/2025/0020,"",J/2025/0020,sent,""
1,24845,out_invoice,J/2025/0024,"",J/2025/0024,sent,""
1,25051,out_invoice,C/2025/0011,"",C/2025/0011,sent,""
1,19672,out_invoice,C/2024/0011,"",C/2024/0011,sent,""
1,25693,out_invoice,C/2025/0013,"",C/2025/0013,sent,""
1,24242,out_invoice,C/2025/0007,"",C/2025/0007,sent,""
1,26526,out_invoice,J/2025/0039,"",J/2025/0039,sent,""
1,23835,out_invoice,T/2025/0002,"",T/2025/0002,sent,""
1,24462,out_invoice,T/2025/0006,"",T/2025/0006,sent,""
1,23098,out_invoice,J/2025/0008,"",J/2025/0008,sent,""
1,26667,out_invoice,T/2025/0016,"",T/2025/0016,sent,""
1,26375,out_invoice,J/2025/0037,"",J/2025/0037,sent,""
1,26662,out_invoice,T/2025/0013,"",T/2025/0013,sent,""
1,25180,out_invoice,J/2025/0029,"",J/2025/0029,sent,""
1,25181,out_invoice,J/2025/0030,"",J/2025/0030,sent,""
1,24833,out_invoice,J/2025/0023,"",J/2025/0023,sent,""
1,17390,out_invoice,A/2024/0004,"",A/3111/0016,not_sent,""
1,25270,out_invoice,J/2025/0032,"",J/2025/0032,sent,""
1,25459,out_invoice,J/2025/0033,"",J/2025/0033,sent,""
1,25055,out_invoice,T/2025/0007,"",T/2025/0007,sent,""
1,25502,out_invoice,T/2025/0010,"",T/2025/0010,sent,""
1,26310,out_invoice,T/2025/0011,"",T/2025/0011,sent,""
1,26470,out_invoice,C/2025/0015,"",C/2025/0015,sent,""
1,26597,out_invoice,A/2025/0011,"",A/2025/0011,not_sent,""
1,25864,out_invoice,A/2025/0008,"",A/2025/0008,not_sent,"1329 | Cuando el tipo de factura es F2, la suma de las bases imponi"
1,25865,out_invoice,A/2025/0009,"",A/2025/0009,not_sent,"1329 | Cuando el tipo de factura es F2, la suma de las bases imponi"
1,26598,out_invoice,A/2025/0012,"",A/2025/0012,not_sent,""
1,26599,out_invoice,A/2025/0013,"",A/2025/0013,not_sent,""
1,26525,out_invoice,J/2025/0038,"",J/2025/0038,sent,""
1,26527,out_invoice,J/2025/0040,"",J/2025/0040,not_sent,1104 | Valor del campo ID incorrecto
1,25870,out_invoice,A/2025/0010,"",A/2025/0010,not_sent,"1329 | Cuando el tipo de factura es F2, la suma de las bases imponi"
1,26666,out_invoice,T/2025/0015,"",T/2025/0015,sent,""
1,26528,out_invoice,J/2025/0041,"",J/2025/0041,sent,""
1,26726,out_invoice,J/2025/0043,"",J/2025/0043,sent,""
1,26727,out_invoice,J/2025/0044,"",J/2025/0044,sent,""
1,26663,out_invoice,T/2025/0014,"",T/2025/0014,sent,""
1,26999,out_invoice,J/2025/0046,"",J/2025/0046,sent,""
1,26228,out_invoice,J/2025/0036,"",J/2025/0036,sent,""
1,26005,out_invoice,J/2025/0035,"",J/2025/0035,sent,""
1,25503,out_invoice,J/2025/0034,"",J/2025/0034,sent,""
1,27172,out_invoice,J/2025/0048,"",J/2025/0048,not_sent,""
1,27000,out_invoice,J/2025/0047,"",J/2025/0047,sent,""
1,6673,out_refund,RT/2022/0001,"Reversión de: T/2022/0006, Anulación factura por errores concepto","",sent,""
1,6674,out_refund,RT/2022/0002,"Reversión de: T/2022/0004, Anulación factura por errores concepto","",sent,""
1,25455,out_refund,RJ/2025/00001,"","",cancelled_modified,""
1,25694,out_refund,RC/2025/00001,"","",sent,""
1,25457,out_refund,RJ/2025/00001,"","",sent,""
1,26561,out_refund,RJ/2025/00002,"","",sent,""
